"Ticker","Date","LatestAvailableDate","HistoryBars","HistoryQuality","Price","ChangePct","Signal","ActiveSignals","SignalGroup","ActiveSignal","SniperLocation","LastActiveSignals","LastActiveDate","LastSniperLocation","SignalAgeLabel","AgeDays","Trend","TrendShort","TrendMedium","TrendLong","Structure","Regime","RisenScore","RisenInsideRolling","RisenRecentUpBreak","RisenVolSurge","Quadrant","AlphaStatus","RVol","VolPower","VolRegime","XRayBuyPowerPct","XRaySellPowerPct","RSI","ADX","PlusDI","MinusDI","EMA21","EMA50","EMA200","Volume","VolumeSMA20","Score","LogicNotes","Strategy","PortfolioCapital","Buy1","Buy2","Buy3","Buy4","Weight1","Weight2","Weight3","Weight4","Lot1","Lot2","Lot3","Lot4","TotalLots","TotalDeployed","CashLeft","AvgEntry","TheoreticalAvgEntry","StopLoss","TP1","TP2","TP2Fib","RiskBuy1Pct","RiskAvgPct","UpsideBuy1Pct","UpsideAvgPct","RewardRiskBuy1","RewardRiskAvg"
"HATM","2026-05-29","2026-05-29","561","FULL","336","15.862068965517242","SMART SNIPER","SMART SNIPER","reversal","TRUE","Demand Structure","SMART SNIPER","2026-05-29","Demand Structure","NEW","0","UPTREND","BULLISH","BULLISH","BULLISH","DEMAND STRUCTURE","EXPLOSIVE BULL","0","FALSE","TRUE","TRUE","LEADING","LEADING (Sniper)","2.51","2.51","VOLUME SURGE","92.31","7.69","64.69","23.64","31.44","20.53","303.14","310.79","312.15","50655900","20153120","5270","Supertrend bullish | RSI 64.7 > 50 | Volume valid 2.51x | Lolos anti-crash ADX | RISEN EXPLOSIVE BULL","Full Grid (1-2-3-4)","100000000","336","300","292","280","0.1","0.2","0.3","0.4","297","666","1027","1428","3418","99931600","68400","292.37","292.38","260","450","565","565","22.62","11.07","68.15","93.25","3.01","8.42"
"KJEN","2026-05-29","2026-05-29","561","FULL","212","34.177215189873415","SMART GAMMA","SMART GAMMA","momentum","TRUE","","SMART GAMMA","2026-05-29","","NEW","0","UPTREND","BULLISH","BULLISH","BULLISH","UPTREND PREMIUM","EXPLOSIVE BULL","0","FALSE","TRUE","TRUE","LEADING","LEADING (Gamma)","3.59","3.59","VOLUME SURGE","100","0","71.13","39","40","7.34","155.74","148.43","160.39","128951000","35880555","5220","Supertrend bullish | RSI 71.1 > 50 | Volume valid 3.59x | Lolos anti-crash ADX | RISEN EXPLOSIVE BULL","Full Grid (1-2-3-4)","100000000","212","158","145","127","0.1","0.2","0.3","0.4","471","1265","2068","3149","6953","99950500","49500","143.75","143.76","100","380","550","550","52.83","30.44","159.43","282.6","3.02","9.29"
"PPGL","2026-05-29","2026-05-29","561","FULL","250","6.837606837606838","SMART GAMMA","SMART GAMMA","momentum","TRUE","","SMART GAMMA","2026-05-29","","NEW","0","UPTREND","BULLISH","BULLISH","BULLISH","UPTREND PREMIUM","EXPLOSIVE BULL","0","FALSE","TRUE","TRUE","LEADING","LEADING (Gamma)","9.15","9.15","VOLUME SURGE","75","25","62.6","17.07","33.13","14.61","214.47","214","183.34","46321000","5063925","5220","Supertrend bullish | RSI 62.6 > 50 | Volume valid 9.15x | Lolos anti-crash ADX | RISEN EXPLOSIVE BULL","Full Grid (1-2-3-4)","100000000","250","214","206","193","0.1","0.2","0.3","0.4","400","934","1456","2072","4862","99970800","29200","205.62","205.62","174","364","478","478","30.4","15.38","91.2","132.47","3","8.62"
"DNET","2026-05-29","2026-05-29","561","FULL","10950","10.606060606060606","G ACC","G ACC","momentum","TRUE","","G ACC","2026-05-29","","NEW","0","UPTREND","BULLISH","BULLISH","BULLISH","UPTREND PREMIUM","EXPLOSIVE BULL","0","FALSE","TRUE","TRUE","LEADING","LEADING (Gamma)","4.79","4.79","VOLUME SURGE","98.28","1.72","87.77","25.34","34.86","6","9607.05","9382.76","9127.99","53800","11235","5170","Supertrend bullish | RSI 87.8 > 50 | Volume valid 4.79x | Lolos anti-crash ADX | RISEN EXPLOSIVE BULL","Full Grid (1-2-3-4)","100000000","10950","9600","9275","8825","0.1","0.2","0.3","0.4","9","20","32","45","106","98447500","1552500","9287.5","9290.52","8175","15125","19275","19275","25.34","11.98","76.03","107.54","3","8.98"
"MPMX","2026-05-29","2026-05-29","561","FULL","1135","4.128440366972478","G ACC","G ACC","momentum","TRUE","","G ACC","2026-05-29","","NEW","0","UPTREND","BULLISH","BULLISH","BULLISH","UPTREND PREMIUM","EXPLOSIVE BULL","0","FALSE","TRUE","TRUE","LEADING","LEADING (Gamma)","5.27","5.27","VOLUME SURGE","77.78","22.22","82.47","24.89","47","9.69","1022.36","1008.61","990.37","38363400","7278885","5170","Supertrend bullish | RSI 82.5 > 50 | Volume valid 5.27x | Lolos anti-crash ADX | RISEN EXPLOSIVE BULL","Full Grid (1-2-3-4)","100000000","1135","1055","1035","1010","0.1","0.2","0.3","0.4","88","189","289","396","962","99835000","165000","1037.79","1037.8","970","1385","1630","1630","14.54","6.53","43.61","57.07","3","8.74"
"AGAR","2026-05-29","2026-05-29","561","FULL","238","9.174311926605505","V-SHAPE","V-SHAPE","reversal","TRUE","","V-SHAPE","2026-05-29","","NEW","0","DOWNTREND","BULLISH","BEARISH","BEARISH","STRUCTURE + DISCOUNT","CRASH / SELL-OFF","35.84","TRUE","FALSE","TRUE","LEADING","LEADING (V-Shape)","4.03","4.03","VOLUME SURGE","60","40","50.26","38.38","28.02","11.07","236.79","239.45","244.43","1184100","293740","4970","Supertrend bearish | RSI 50.3 > 50 | Volume valid 4.03x | Lolos anti-crash ADX | RISEN CRASH / SELL-OFF","Full Grid (1-2-3-4)","100000000","238","220","216","210","0.1","0.2","0.3","0.4","420","909","1388","1904","4621","99958800","41200","216.31","216.31","196","302","364","364","17.65","9.39","52.94","68.27","3","7.27"
"ARTO","2026-05-29","2026-05-29","561","FULL","1180","3.056768558951965","V-SHAPE","V-SHAPE","reversal","TRUE","","V-SHAPE","2026-05-29","","NEW","0","DOWNTREND","BEARISH","BEARISH","BEARISH","STRUCTURE + DISCOUNT","CRASH / SELL-OFF","37.53","TRUE","FALSE","TRUE","LEADING","LEADING (V-Shape)","1.52","1.52","EXPANSION","100","0","41.27","15.06","18.68","27.28","1218.07","1333.67","1702.27","9262000","6102275","4950","Supertrend bearish | RSI 41.3 lemah | Volume valid 1.52x | Lolos anti-crash ADX | RISEN CRASH / SELL-OFF","Full Grid (1-2-3-4)","100000000","1180","1130","1120","1100","0.1","0.2","0.3","0.4","84","176","267","363","890","99634000","366000","1119.48","1119.53","1070","1475","1530","1530","9.32","4.42","29.66","36.67","3.18","8.3"
"AUTO","2026-05-29","2026-05-29","561","FULL","2530","1.2","V-SHAPE","V-SHAPE","reversal","TRUE","","V-SHAPE","2026-05-29","","NEW","0","DOWNTREND","BEARISH","BEARISH","BEARISH","STRUCTURE + DISCOUNT","CRASH / SELL-OFF","35","TRUE","FALSE","TRUE","LAGGING","LAGGARD (V-Shape)","2.69","2.69","VOLUME SURGE","100","0","41.3","23.16","12.68","24.77","2588.39","2622.36","2538.94","7566500","2816320","4870","Supertrend bearish | RSI 41.3 lemah | Volume valid 2.69x | Lolos anti-crash ADX | RISEN CRASH / SELL-OFF","Full Grid (1-2-3-4)","100000000","2530","2500","2490","2470","0.1","0.2","0.3","0.4","39","80","120","161","400","99514000","486000","2487.85","2487.87","2440","2670","2940","2940","3.56","1.92","16.21","18.17","4.56","9.45"
"MSKY","2026-05-29","2026-05-29","561","FULL","63","6.779661016949152","V-SHAPE","V-SHAPE","reversal","TRUE","","V-SHAPE","2026-05-29","","NEW","0","DOWNTREND","BEARISH","BEARISH","BEARISH","STRUCTURE + DISCOUNT","CRASH / SELL-OFF","17.2","TRUE","FALSE","TRUE","LAGGING","LAGGARD (V-Shape)","2.67","2.67","VOLUME SURGE","33.33","66.67","32.06","23.78","22.43","26.43","73.79","79.01","80.14","40775800","15285910","4870","Supertrend bearish | RSI 32.1 lemah | Volume valid 2.67x | Lolos anti-crash ADX | RISEN CRASH / SELL-OFF","Full Grid (1-2-3-4)","100000000","63","59","57","56","0.1","0.2","0.3","0.4","1587","3389","5263","7142","17381","99987500","12500","57.53","57.53","53","78","93","93","15.87","7.87","47.62","61.66","3","7.84"
"BINA","2026-05-29","2026-05-29","561","FULL","4390","10.85858585858586","SMART SNIPER","SMART SNIPER","reversal","TRUE","Demand Structure","SMART SNIPER","2026-05-29","Demand Structure","NEW","0","UPTREND","BULLISH","BULLISH","BULLISH","DEMAND STRUCTURE","SIDEWAYS","14.43","TRUE","FALSE","TRUE","LEADING","LEADING (Sniper)","4.36","4.36","VOLUME SURGE","100","0","64.93","24.98","35.07","10.73","4087.73","4209.84","4375.53","1328800","304880","4770","Supertrend bullish | RSI 64.9 > 50 | Volume valid 4.36x | Lolos anti-crash ADX | RISEN SIDEWAYS","Full Grid (1-2-3-4)","100000000","4390","4160","4110","4030","0.1","0.2","0.3","0.4","22","48","72","99","241","99115000","885000","4112.66","4113.46","3910","5100","5825","5825","10.93","4.93","32.69","41.64","2.99","8.45"
"MAPA","2026-05-29","2026-05-29","561","FULL","640","5.785123966942149","SMART SNIPER","SMART SNIPER","reversal","TRUE","Demand Structure","SMART SNIPER","2026-05-29","Demand Structure","NEW","0","UPTREND","BULLISH","BULLISH","BEARISH","DEMAND STRUCTURE","SIDEWAYS","35.04","TRUE","FALSE","TRUE","LEADING","LEADING (Sniper)","3.28","3.28","VOLUME SURGE","66.67","33.33","53.85","12.93","29.15","17.93","620.16","634.64","670.25","84674800","25813570","4770","Supertrend bullish | RSI 53.9 > 50 | Volume valid 3.28x | Lolos anti-crash ADX | RISEN SIDEWAYS","Full Grid (1-2-3-4)","100000000","640","605","595","585","0.1","0.2","0.3","0.4","156","330","504","683","1673","99892500","107500","597.09","597.09","565","755","865","865","11.72","5.37","35.16","44.87","3","8.35"
"PORT","2026-05-29","2026-05-29","561","FULL","930","3.3333333333333335","SMART SNIPER","SMART SNIPER","reversal","TRUE","Structure + Discount","SMART SNIPER","2026-05-29","Structure + Discount","NEW","0","UPTREND","BULLISH","BULLISH","BEARISH","STRUCTURE + DISCOUNT","SIDEWAYS","25.78","TRUE","FALSE","TRUE","LEADING","LEADING (Sniper)","3.44","3.44","VOLUME SURGE","92.86","7.14","54.34","56.95","37.55","9.38","908.67","919.13","975.2","104000","30225","4770","Supertrend bullish | RSI 54.3 > 50 | Volume valid 3.44x | Lolos anti-crash ADX | RISEN SIDEWAYS","Full Grid (1-2-3-4)","100000000","930","865","850","830","0.1","0.2","0.3","0.4","107","231","352","481","1171","99775500","224500","852.05","852.07","785","1150","1365","1365","15.59","7.87","46.77","60.2","3","7.65"
"JATI","2026-05-29","2026-05-29","561","FULL","108","8","SMART SNIPER","SMART SNIPER","reversal","TRUE","Structure + Discount","SMART SNIPER","2026-05-29","Structure + Discount","NEW","0","UPTREND","BULLISH","BULLISH","BEARISH","STRUCTURE + DISCOUNT","SIDEWAYS","78.18","TRUE","FALSE","FALSE","LEADING","LEADING (Sniper)","1.29","1.29","EXPANSION","85.71","14.29","57.82","10.35","25.72","17.09","103.35","106.92","113.71","9764500","7554790","4750","Supertrend bullish | RSI 57.8 > 50 | Volume valid 1.29x | Lolos anti-crash ADX | RISEN SIDEWAYS","Full Grid (1-2-3-4)","100000000","108","100","98","95","0.1","0.2","0.3","0.4","925","2000","3061","4210","10196","99982800","17200","98.06","98.06","91","134","159","159","15.74","7.2","47.22","62.14","3","8.63"
"MDIY","2026-05-29","2026-05-29","334","FULL","885","10.625","SMART SNIPER","SMART SNIPER","reversal","TRUE","Structure + Discount","SMART SNIPER","2026-05-29","Structure + Discount","NEW","0","UPTREND","BULLISH","BULLISH","BEARISH","STRUCTURE + DISCOUNT","SIDEWAYS","47.62","TRUE","FALSE","FALSE","LEADING","LEADING (Sniper)","1.21","1.21","EXPANSION","65.38","34.62","58.03","25.62","28.96","13.45","837.57","869.21","1030.52","936700","775555","4750","Supertrend bullish | RSI 58.0 > 50 | Volume valid 1.21x | Lolos anti-crash ADX | RISEN SIDEWAYS","Full Grid (1-2-3-4)","100000000","885","830","815","795","0.1","0.2","0.3","0.4","112","240","368","503","1223","99812500","187500","816.13","816.19","760","1075","1260","1260","14.12","6.88","42.37","54.39","3","7.91"
"ADMG","2026-05-29","2026-05-29","561","FULL","214","7.537688442211055","BETA BREAKOUT","BETA BREAKOUT","breakout","TRUE","","BETA BREAKOUT","2026-05-29","","NEW","0","UPTREND","BULLISH","BULLISH","BULLISH","DEMAND STRUCTURE","SIDEWAYS","44.9","TRUE","FALSE","TRUE","LEADING","LEADING (Beta)","4.36","4.36","VOLUME SURGE","55.56","44.44","60.3","14.56","28.21","15.29","201.84","203.92","181.86","2290700","525035","4520","Supertrend bullish | RSI 60.3 > 50 | Volume valid 4.36x | Lolos anti-crash ADX | RISEN SIDEWAYS","Full Grid (1-2-3-4)","100000000","214","199","195","190","0.1","0.2","0.3","0.4","467","1005","1538","2105","5115","99979300","20700","195.46","195.46","181","264","314","314","15.42","7.4","46.73","60.64","3.03","8.2"
"NCKL","2026-05-29","2026-05-29","561","FULL","890","5.325443786982249","V-SHAPE","V-SHAPE","reversal","TRUE","","V-SHAPE","2026-05-29","","NEW","0","DOWNTREND","BEARISH","BEARISH","BEARISH","STRUCTURE + DISCOUNT","NORMAL DOWNTREND","17.93","TRUE","FALSE","FALSE","IMPROVING","IMPROVING (V-Shape)","1.84","1.84","EXPANSION","36.36","63.64","38.68","28.32","16.94","27.23","970.55","1077.17","1098.91","144281500","78412080","4500","Supertrend bearish | RSI 38.7 lemah | Volume valid 1.84x | Lolos anti-crash ADX | RISEN NORMAL DOWNTREND","Full Grid (1-2-3-4)","100000000","890","835","820","800","0.1","0.2","0.3","0.4","112","239","365","500","1216","99854500","145500","821.17","821.2","760","1085","1280","1280","14.61","7.45","43.82","55.87","3","7.5"
"SGER","2026-05-29","2026-05-29","561","FULL","302","1.342281879194631","V-SHAPE","V-SHAPE","reversal","TRUE","","V-SHAPE","2026-05-29","","NEW","0","DOWNTREND","BEARISH","BEARISH","BEARISH","DOWNTREND DISCOUNT","NORMAL DOWNTREND","18.73","TRUE","FALSE","FALSE","IMPROVING","IMPROVING (V-Shape)","1.71","1.71","EXPANSION","40","60","33.89","26.88","15.63","28.73","343.11","381.97","424.71","5893700","3445300","4500","Supertrend bearish | RSI 33.9 lemah | Volume valid 1.71x | Lolos anti-crash ADX | RISEN NORMAL DOWNTREND","Full Grid (1-2-3-4)","100000000","302","296","294","292","0.1","0.2","0.3","0.4","331","675","1020","1369","3395","99939000","61000","294.37","294.37","284","338","350","350","5.96","3.52","15.89","18.9","2.67","5.36"
"ARKO","2026-05-29","2026-05-29","561","FULL","6125","3.8135593220338984","V-SHAPE","V-SHAPE","reversal","TRUE","","V-SHAPE","2026-05-29","","NEW","0","DOWNTREND","BEARISH","BEARISH","BULLISH","DEMAND STRUCTURE","NORMAL UPTREND","16.51","TRUE","TRUE","FALSE","LAGGING","LAGGARD (V-Shape)","1.7","1.7","EXPANSION","60.61","39.39","38.38","28.52","13.36","26.1","7499.88","7810.74","5721.1","6129900","3614810","4450","Supertrend bearish | RSI 38.4 lemah | Volume valid 1.7x | Lolos anti-crash ADX | RISEN NORMAL UPTREND","Full Grid (1-2-3-4)","100000000","6125","5575","5425","5250","0.1","0.2","0.3","0.4","16","35","55","76","182","99050000","950000","5442.31","5443.93","4800","8250","9350","9350","21.63","11.8","52.65","71.8","2.43","6.08"
"BUVA","2026-05-29","2026-05-29","561","FULL","760","24.59016393442623","V-SHAPE","V-SHAPE","reversal","TRUE","","V-SHAPE","2026-05-29","","NEW","0","DOWNTREND","BEARISH","BEARISH","BEARISH","STRUCTURE + DISCOUNT","NORMAL DOWNTREND","26.47","TRUE","FALSE","FALSE","LAGGING","LAGGARD (V-Shape)","1.47","1.47","EXPANSION","100","0","37.95","26.26","10.78","31.02","916.2","1045.8","949.75","326726000","221889255","4450","Supertrend bearish | RSI 38.0 lemah | Volume valid 1.47x | Lolos anti-crash ADX | RISEN NORMAL DOWNTREND","Full Grid (1-2-3-4)","100000000","760","680","660","630","0.1","0.2","0.3","0.4","131","294","454","634","1513","99854000","146000","659.97","660","570","1045","1330","1330","25","13.63","75","101.52","3","7.45"
"OMED","2026-05-29","2026-05-29","561","FULL","230","13.861386138613863","V-SHAPE","V-SHAPE","reversal","TRUE","","V-SHAPE","2026-05-29","","NEW","0","DOWNTREND","BEARISH","BEARISH","BULLISH","STRUCTURE + DISCOUNT","NORMAL UPTREND","21.19","TRUE","TRUE","FALSE","LAGGING","LAGGARD (V-Shape)","1.35","1.35","EXPANSION","100","0","39.81","27.81","10.95","26.43","252.4","256.85","226.37","44385800","32947225","4450","Supertrend bearish | RSI 39.8 lemah | Volume valid 1.35x | Lolos anti-crash ADX | RISEN NORMAL UPTREND","Full Grid (1-2-3-4)","100000000","230","216","212","208","0.1","0.2","0.3","0.4","434","925","1415","1923","4697","99958400","41600","212.81","212.82","198","278","326","326","13.91","6.96","41.74","53.19","3","7.64"
"CRAB","2026-05-29","2026-05-29","561","FULL","210","0.9615384615384616","EARLY SWEEP","EARLY SWEEP","reversal","TRUE","","EARLY SWEEP","2026-05-29","","NEW","0","DOWNTREND","BULLISH","BEARISH","BEARISH","STRUCTURE + DISCOUNT","SIDEWAYS","61.71","TRUE","FALSE","FALSE","LEADING","LEADING (Early)","1.06","1.06","NORMAL","100","0","49.26","16.55","16.81","18.68","208.97","217.75","241.5","1321500","1246510","4100","Supertrend bearish | RSI 49.3 lemah | Volume 1.06x | Lolos anti-crash ADX | RISEN SIDEWAYS","Full Grid (1-2-3-4)","100000000","212","208","208","206","0.1","0.2","0.3","0.4","471","961","1442","1941","4815","99952200","47800","207.59","207.59","202","244","248","248","4.72","2.69","16.98","19.47","3.6","7.24"
"MIRA","2026-05-29","2026-05-29","561","FULL","20","-4.761904761904762","EARLY SWEEP","EARLY SWEEP","reversal","TRUE","","EARLY SWEEP","2026-05-29","","NEW","0","UPTREND","BEARISH","BEARISH","BEARISH","UPTREND DISCOUNT","SIDEWAYS","48.62","TRUE","FALSE","FALSE","LEADING","LEADING (Early)","0.56","0.56","DRY / QUIET","100","0","43.31","16.62","24.71","33.77","21.19","23.38","28.03","2442700","4382190","4100","Supertrend bullish | RSI 43.3 lemah | Volume 0.56x | Lolos anti-crash ADX | RISEN SIDEWAYS","Full Grid (1-2-3-4)","100000000","25","24","23","23","0.1","0.2","0.3","0.4","4000","8333","13043","17391","42767","99997400","2600","23.38","23.38","22","36","39","39","12","5.91","56","66.8","4.67","11.3"
"SCNP","2026-05-29","2026-05-29","561","FULL","158","6.0402684563758395","EARLY SWEEP","EARLY SWEEP","reversal","TRUE","","EARLY SWEEP","2026-05-29","","NEW","0","DOWNTREND","BEARISH","BEARISH","BEARISH","STRUCTURE + DISCOUNT","NORMAL DOWNTREND","15.13","TRUE","FALSE","FALSE","LEADING","LEADING (Early)","1.29","1.29","EXPANSION","80","20","44.66","28.55","27.01","14.67","160.47","167.51","170.95","2443100","1891400","4100","Supertrend bearish | RSI 44.7 lemah | Volume valid 1.29x | Lolos anti-crash ADX | RISEN NORMAL DOWNTREND","Full Grid (1-2-3-4)","100000000","224","195","188","178","0.1","0.2","0.3","0.4","446","1025","1595","2247","5313","99960500","39500","188.14","188.15","161","318","414","414","28.13","14.43","84.82","120.05","3.02","8.32"
"CITY","2026-05-29","2026-05-29","561","FULL","162","-2.4096385542168677","EARLY SWEEP","EARLY SWEEP","reversal","TRUE","","EARLY SWEEP","2026-05-29","","NEW","0","DOWNTREND","BEARISH","BEARISH","BEARISH","STRUCTURE + DISCOUNT","SIDEWAYS","53.94","TRUE","FALSE","FALSE","LAGGING","LAGGARD (Early)","0.17","0.17","DRY / QUIET","72.22","27.78","39.35","22.71","23.25","21.93","184.47","195.11","190.96","684000","3909145","4000","Supertrend bearish | RSI 39.4 lemah | Volume 0.17x | Lolos anti-crash ADX | RISEN SIDEWAYS","Full Grid (1-2-3-4)","100000000","210","194","190","184","0.1","0.2","0.3","0.4","476","1030","1578","2173","5257","99943200","56800","190.11","190.11","172","268","324","324","18.1","9.53","54.29","70.42","3","7.39"
"ENZO","2026-05-29","2026-05-29","561","FULL","73","4.285714285714286","EARLY SWEEP","EARLY SWEEP","reversal","TRUE","","EARLY SWEEP","2026-05-29","","NEW","0","DOWNTREND","BEARISH","BEARISH","BULLISH","DEMAND STRUCTURE","NORMAL UPTREND","25","TRUE","TRUE","FALSE","LAGGING","LAGGARD (Early)","0.12","0.12","DRY / QUIET","100","0","44.57","23.85","19.6","23.95","79.75","77.66","63.3","15777000","133703535","4000","Supertrend bearish | RSI 44.6 lemah | Volume 0.12x | Lolos anti-crash ADX | RISEN NORMAL UPTREND","Full Grid (1-2-3-4)","100000000","97","76","70","63","0.1","0.2","0.3","0.4","1030","2631","4285","6349","14295","99980300","19700","69.94","69.94","52","165","232","232","46.39","25.65","139.18","231.71","3","9.03"
"STRK","2026-05-29","2026-05-29","561","FULL","87","4.819277108433735","EARLY SWEEP","EARLY SWEEP","reversal","TRUE","","EARLY SWEEP","2026-05-29","","NEW","0","DOWNTREND","BEARISH","BEARISH","BEARISH","STRUCTURE + DISCOUNT","NORMAL DOWNTREND","44.7","TRUE","FALSE","FALSE","LAGGING","LAGGARD (Early)","0.83","0.83","NORMAL","100","0","35.53","21.09","20.22","18.26","100","113.54","136.59","2860800","3446675","4000","Supertrend bearish | RSI 35.5 lemah | Volume 0.83x | Lolos anti-crash ADX | RISEN NORMAL DOWNTREND","Full Grid (1-2-3-4)","100000000","118","104","101","96","0.1","0.2","0.3","0.4","847","1923","2970","4166","9906","99984400","15600","100.93","100.93","88","163","208","208","25.42","12.81","76.27","106.08","3","8.28"
"TMPO","2026-05-29","2026-05-29","561","FULL","107","0.9433962264150944","EARLY SWEEP","EARLY SWEEP","reversal","TRUE","","EARLY SWEEP","2026-05-29","","NEW","0","DOWNTREND","BEARISH","BEARISH","BEARISH","STRUCTURE + DISCOUNT","NORMAL DOWNTREND","44.79","TRUE","FALSE","FALSE","LAGGING","LAGGARD (Early)","0.9","0.9","NORMAL","63.64","36.36","29.82","21.29","20.9","21.56","118.71","126.71","143.72","5775400","6402955","4000","Supertrend bearish | RSI 29.8 lemah | Volume 0.9x | Lolos anti-crash ADX | RISEN NORMAL DOWNTREND","Full Grid (1-2-3-4)","100000000","132","122","119","115","0.1","0.2","0.3","0.4","757","1639","2521","3478","8395","99985100","14900","119.1","119.1","109","167","202","202","17.42","8.48","53.03","69.6","3.04","8.21"
"AWAN","2026-05-29","2026-05-29","561","FULL","165","3.125","HOLD","-","passive","FALSE","","SMART SNIPER","2026-05-26","Structure + Discount","3d","3","UPTREND","BULLISH","BULLISH","BEARISH","UPTREND DISCOUNT","EXPLOSIVE BULL","10.41","TRUE","TRUE","TRUE","LEADING","LEADING (Passive)","2.62","2.62","VOLUME SURGE","100","0","63.62","16.2","23.1","18.46","149.49","155.33","199.88","3018600","1151545","1614","Supertrend bullish | RSI 63.6 > 50 | Volume valid 2.62x | Lolos anti-crash ADX | RISEN EXPLOSIVE BULL","Full Grid (1-2-3-4)","100000000","160","140","135","128","0.1","0.2","0.3","0.4","625","1428","2222","3125","7400","99989000","11000","135.12","135.12","117","224","290","290","26.88","13.41","81.25","114.62","3.02","8.55"
"BRPT","2026-05-29","2026-05-29","561","FULL","1940","24.758842443729904","AVOID","-","passive","FALSE","","V-SHAPE","2026-05-26","","3d","3","DOWNTREND","BULLISH","BEARISH","BEARISH","STRUCTURE + DISCOUNT","EXPLOSIVE BULL","9.78","TRUE","TRUE","TRUE","LEADING","LEADING (Passive)","2.5","2.5","VOLUME SURGE","100","0","51.45","16.98","21.54","21.83","1870.08","1949.75","2235.35","1103135500","441866950","1614","Supertrend bearish | RSI 51.5 > 50 | Volume valid 2.5x | Lolos anti-crash ADX | RISEN EXPLOSIVE BULL","Full Grid (1-2-3-4)","100000000","1555","1510","1495","1480","0.1","0.2","0.3","0.4","64","132","200","270","666","99744000","256000","1497.66","1497.68","1415","1765","1975","1975","9","5.52","27.01","31.87","3","5.77"
"OMRE","2026-05-29","2026-05-29","561","FULL","1040","24.550898203592812","HOLD","-","passive","FALSE","","SMART GAMMA","2026-05-06","","23d","23","UPTREND","BULLISH","BULLISH","BULLISH","UPTREND PREMIUM","EXPLOSIVE BULL","0","FALSE","TRUE","TRUE","LEADING","LEADING (Passive)","10.56","10.56","VOLUME SURGE","100","0","64.14","12.99","51.75","27.2","867.07","827.29","646.56","212900","20155","1574","Supertrend bullish | RSI 64.1 > 50 | Volume valid 10.56x | Lolos anti-crash ADX | RISEN EXPLOSIVE BULL","Full Grid (1-2-3-4)","100000000","940","710","655","580","0.1","0.2","0.3","0.4","106","281","458","689","1534","99876000","124000","651.08","651.15","466","1650","2360","2360","50.43","28.43","151.06","262.47","3","9.23"
"JTPE","2026-05-29","2026-05-29","561","FULL","645","4.878048780487805","AVOID","-","passive","FALSE","","SMART GAMMA","2026-04-24","","35d","35","DOWNTREND","BULLISH","BULLISH","BULLISH","DEMAND STRUCTURE","EXPLOSIVE BULL","36.66","TRUE","TRUE","TRUE","LEADING","LEADING (Passive)","1.84","1.84","EXPANSION","100","0","57.83","11.66","19.08","13.98","622.51","612.09","499.79","3667300","1997145","1530","Supertrend bearish | RSI 57.8 > 50 | Volume valid 1.84x | Lolos anti-crash ADX | RISEN EXPLOSIVE BULL","Full Grid (1-2-3-4)","100000000","680","610","595","570","0.1","0.2","0.3","0.4","147","327","504","701","1679","99888000","112000","594.93","594.93","535","900","1115","1115","21.32","10.07","63.97","87.42","3","8.68"
"SOFA","2026-05-29","2026-05-29","561","FULL","400","-1.477832512315271","HOLD","-","passive","FALSE","","V-SHAPE","2026-05-25","","4d","4","UPTREND","BULLISH","BEARISH","BULLISH","DEMAND STRUCTURE","CRASH / SELL-OFF","42.17","TRUE","FALSE","TRUE","LEADING","LEADING (Passive)","2.59","2.59","VOLUME SURGE","4.17","95.83","50.33","24.36","26.82","25.02","390.52","417.03","336.03","13434200","5193565","1512","Supertrend bullish | RSI 50.3 > 50 | Volume valid 2.59x | Lolos anti-crash ADX | RISEN CRASH / SELL-OFF","Full Grid (1-2-3-4)","100000000","370","332","322","308","0.1","0.2","0.3","0.4","270","602","931","1298","3101","99933000","67000","322.26","322.26","284","500","515","515","23.24","11.87","39.19","59.81","1.69","5.04"
"JSMR","2026-05-29","2026-05-29","561","FULL","3010","1.3468013468013467","AVOID","-","passive","FALSE","","EARLY SWEEP","2026-05-20","","9d","9","DOWNTREND","BEARISH","BEARISH","BEARISH","STRUCTURE + DISCOUNT","CRASH / SELL-OFF","54.83","TRUE","FALSE","TRUE","LEADING","LEADING (Passive)","2.23","2.23","VOLUME SURGE","66.67","33.33","45.17","26.53","12.92","20.77","3030.51","3141.03","3466.3","8463200","3789415","1502","Supertrend bearish | RSI 45.2 lemah | Volume valid 2.23x | Lolos anti-crash ADX | RISEN CRASH / SELL-OFF","Full Grid (1-2-3-4)","100000000","3450","3390","3380","3360","0.1","0.2","0.3","0.4","28","58","88","119","293","99050000","950000","3380.55","3380.8","3320","3650","4020","4020","3.77","1.79","16.52","18.92","4.38","10.56"
"ARTA","2026-05-29","2026-05-29","561","FULL","2330","-6.800000000000001","HOLD","-","passive","FALSE","","EARLY SWEEP","2026-05-13","","16d","16","UPTREND","BEARISH","BEARISH","BEARISH","STRUCTURE + DISCOUNT","CRASH / SELL-OFF","37.35","TRUE","FALSE","TRUE","LEADING","LEADING (Passive)","3.56","3.56","VOLUME SURGE","20.27","79.73","45.09","33.37","43.47","11.91","2423.61","2606.5","2772.34","44000","12375","1488","Supertrend bullish | RSI 45.1 lemah | Volume valid 3.56x | Lolos anti-crash ADX | RISEN CRASH / SELL-OFF","Full Grid (1-2-3-4)","100000000","3450","2950","2830","2660","0.1","0.2","0.3","0.4","28","67","106","150","351","99323000","677000","2829.72","2831.54","2370","5075","6700","6700","31.3","16.25","94.2","136.77","3.01","8.42"
"CPIN","2026-05-29","2026-05-29","561","FULL","4270","-4.6875","HOLD","-","passive","FALSE","","V-SHAPE","2026-05-13","","16d","16","UPTREND","BULLISH","BULLISH","BEARISH","DEMAND STRUCTURE","CRASH / SELL-OFF","19.75","TRUE","FALSE","TRUE","LEADING","LEADING (Passive)","7.66","7.66","VOLUME SURGE","10.53","89.47","52.22","16.96","27.7","20.08","4224.4","4215.96","4421.57","67473100","8803835","1488","Supertrend bullish | RSI 52.2 > 50 | Volume valid 7.66x | Lolos anti-crash ADX | RISEN CRASH / SELL-OFF","Full Grid (1-2-3-4)","100000000","4160","4060","4040","4000","0.1","0.2","0.3","0.4","24","49","74","100","247","99774000","226000","4039.43","4039.47","3930","4540","4640","4640","5.53","2.71","11.54","14.87","2.09","5.49"
"FILM","2026-05-29","2026-05-29","561","FULL","2150","-14.682539682539684","HOLD","-","passive","FALSE","","EARLY SWEEP","2026-05-22","","7d","7","UPTREND","BEARISH","BEARISH","BEARISH","STRUCTURE + DISCOUNT","CRASH / SELL-OFF","51.7","TRUE","FALSE","TRUE","LEADING","LEADING (Passive)","1.89","1.89","EXPANSION","0","100","40.28","22.66","24.14","29.87","2440.84","3461.98","5372.58","10412500","5500405","1486","Supertrend bullish | RSI 40.3 lemah | Volume valid 1.89x | Lolos anti-crash ADX | RISEN CRASH / SELL-OFF","Full Grid (1-2-3-4)","100000000","14500","10875","10025","8800","0.1","0.2","0.3","0.4","6","18","29","45","98","96947500","3052500","9892.6","9933.73","7025","25725","36925","36925","51.55","28.99","154.66","273.26","3","9.43"
"TAMA","2026-05-29","2026-05-29","561","FULL","197","-12.831858407079647","HOLD","-","passive","FALSE","","SMART GAMMA","2026-05-11","","18d","18","UPTREND","BEARISH","BULLISH","BULLISH","UPTREND PREMIUM","EXPLOSIVE BULL","1.83","TRUE","TRUE","TRUE","WEAKENING","WEAKENING (Passive)","3.46","3.46","VOLUME SURGE","6.9","93.1","51.27","38.75","39.85","26.8","199.48","168.14","93.58","15345500","4431610","1484","Supertrend bullish | RSI 51.3 > 50 | Volume valid 3.46x | Lolos anti-crash ADX | RISEN EXPLOSIVE BULL","Full Grid (1-2-3-4)","100000000","236","178","164","145","0.1","0.2","0.3","0.4","423","1123","1829","2758","6133","99958800","41200","162.99","162.99","117","414","595","595","50.42","28.21","152.12","265.06","3.02","9.39"
"PTRO","2026-05-29","2026-05-29","561","FULL","4670","24.86631016042781","HOLD","-","passive","FALSE","","V-SHAPE","2026-05-05","","24d","24","UPTREND","NEUTRAL","BEARISH","BEARISH","UPTREND DISCOUNT","CRASH / SELL-OFF","3.12","TRUE","FALSE","TRUE","LEADING","LEADING (Passive)","2.22","2.22","VOLUME SURGE","100","0","48.23","24.92","20.52","27.78","4675.98","5329.54","6527.84","244997800","110489020","1472","Supertrend bullish | RSI 48.2 lemah | Volume valid 2.22x | Lolos anti-crash ADX | RISEN CRASH / SELL-OFF","Full Grid (1-2-3-4)","100000000","5900","5350","5225","5050","0.1","0.2","0.3","0.4","16","37","57","79","189","98912500","1087500","5233.47","5236.79","4700","7700","9500","9500","20.34","10.19","61.02","81.52","3","8"
"RBMS","2026-05-29","2026-05-29","561","FULL","64","-8.571428571428571","HOLD","-","passive","FALSE","","SMART GAMMA","2026-05-05","","24d","24","UPTREND","BEARISH","BULLISH","BULLISH","DEMAND STRUCTURE","EXPLOSIVE BULL","16.61","TRUE","TRUE","TRUE","WEAKENING","WEAKENING (Passive)","13.91","13.91","VOLUME SURGE","0","100","47.02","27.66","34.72","23.53","68.17","61.97","47.83","504254500","36249280","1472","Supertrend bullish | RSI 47.0 lemah | Volume valid 13.91x | Lolos anti-crash ADX | RISEN EXPLOSIVE BULL","Full Grid (1-2-3-4)","100000000","77","59","55","49","0.1","0.2","0.3","0.4","1298","3389","5454","8163","18304","99985400","14600","54.62","54.63","40","133","188","188","48.05","26.77","144.16","244.17","3","9.12"
"TFCO","2026-05-29","2026-05-29","561","FULL","600","-7.6923076923076925","HOLD","-","passive","FALSE","","EARLY SWEEP","2026-04-21","","38d","38","UPTREND","BEARISH","BEARISH","BEARISH","UPTREND DISCOUNT","CRASH / SELL-OFF","19.14","TRUE","FALSE","TRUE","LEADING","LEADING (Passive)","2.35","2.35","VOLUME SURGE","0","100","38.68","30.59","31.4","55.44","657.24","710.02","666.78","2400","1020","1444","Supertrend bullish | RSI 38.7 lemah | Volume valid 2.35x | Crash filter aktif | RISEN CRASH / SELL-OFF","","","","","","","","","","","","","","","","","","","","","","","","","","","","",""
"EPAC","2026-05-29","2026-05-29","561","FULL","71","-6.578947368421052","HOLD","-","passive","FALSE","","G ACC","2026-04-20","","39d","39","UPTREND","BEARISH","BULLISH","BULLISH","DEMAND STRUCTURE","EXPLOSIVE BULL","24.04","TRUE","TRUE","TRUE","WEAKENING","WEAKENING (Passive)","2.82","2.82","VOLUME SURGE","15.38","84.62","49.7","15.45","32.62","37.96","72.63","65.18","43.67","48125000","17058755","1442","Supertrend bullish | RSI 49.7 lemah | Volume valid 2.82x | Lolos anti-crash ADX | RISEN EXPLOSIVE BULL","Full Grid (1-2-3-4)","100000000","70","52","47","41","0.1","0.2","0.3","0.4","1428","3846","6382","9756","21412","99990200","9800","46.7","46.7","32","127","184","184","54.29","31.47","162.86","294.02","3","9.34"
"MGNA","2026-05-29","2026-05-29","561","FULL","101","-14.40677966101695","AVOID","-","passive","FALSE","","V-SHAPE","2026-05-07","","22d","22","DOWNTREND","BEARISH","BEARISH","BEARISH","STRUCTURE + DISCOUNT","CRASH / SELL-OFF","0","TRUE","FALSE","TRUE","IMPROVING","IMPROVING (Passive)","3.63","3.63","VOLUME SURGE","0","100","30.65","38.57","18.91","20.67","135.46","160.5","138.41","13449900","3708705","1426","Supertrend bearish | RSI 30.6 lemah | Volume valid 3.63x | Crash filter aktif | RISEN CRASH / SELL-OFF","Full Grid (1-2-3-4)","100000000","170","166","164","163","0.1","0.2","0.3","0.4","588","1204","1829","2453","6074","99961900","38100","164.57","164.57","159","187","198","198","6.47","3.39","16.47","20.31","2.55","6"
"ASII","2026-05-29","2026-05-29","561","FULL","5000","-2.4390243902439024","AVOID","-","passive","FALSE","","V-SHAPE","2026-05-25","","4d","4","DOWNTREND","BEARISH","BEARISH","BEARISH","DOWNTREND DISCOUNT","CRASH / SELL-OFF","0","FALSE","FALSE","TRUE","LAGGING","LAGGARD (Passive)","7.46","7.46","VOLUME SURGE","50","50","31.44","17.86","11.36","35.68","5748.69","6001.55","6010.83","482523700","64690765","1412","Supertrend bearish | RSI 31.4 lemah | Volume valid 7.46x | Lolos anti-crash ADX | RISEN CRASH / SELL-OFF","Full Grid (1-2-3-4)","100000000","5600","5450","5425","5375","0.1","0.2","0.3","0.4","17","36","55","74","182","98752500","1247500","5425.96","5426.74","5250","6125","6750","6750","6.25","3.24","20.54","24.4","3.29","7.52"
"BRMS","2026-05-29","2026-05-29","561","FULL","595","-1.6528925619834711","AVOID","-","passive","FALSE","","V-SHAPE","2026-05-22","","7d","7","DOWNTREND","BEARISH","BEARISH","BEARISH","STRUCTURE + DISCOUNT","CRASH / SELL-OFF","6.41","TRUE","FALSE","TRUE","LAGGING","LAGGARD (Passive)","2.85","2.85","VOLUME SURGE","0","100","32.11","29.33","9.22","30.44","708.58","788.82","806.58","835401000","293363280","1406","Supertrend bearish | RSI 32.1 lemah | Volume valid 2.85x | Lolos anti-crash ADX | RISEN CRASH / SELL-OFF","Full Grid (1-2-3-4)","100000000","630","565","550","530","0.1","0.2","0.3","0.4","158","353","545","754","1810","99835500","164500","551.58","551.61","486","845","1060","1060","22.86","11.89","68.25","92.18","2.99","7.75"
"INKP","2026-05-29","2026-05-29","561","FULL","7675","-1.2861736334405145","AVOID","-","passive","FALSE","","EARLY SWEEP","2026-05-22","","7d","7","DOWNTREND","BEARISH","BEARISH","BEARISH","STRUCTURE + DISCOUNT","CRASH / SELL-OFF","23.91","TRUE","FALSE","TRUE","LAGGING","LAGGARD (Passive)","2.72","2.72","VOLUME SURGE","41.18","58.82","23.9","32.9","7.2","29.48","8683.2","9162.42","8640.95","28436700","10452340","1406","Supertrend bearish | RSI 23.9 lemah | Volume valid 2.72x | Crash filter aktif | RISEN CRASH / SELL-OFF","Full Grid (1-2-3-4)","100000000","9750","9650","9600","9575","0.1","0.2","0.3","0.4","10","20","31","41","102","98067500","1932500","9614.46","9614.71","9450","10200","11225","11225","3.08","1.71","15.13","16.75","4.92","9.79"
"PRAY","2026-05-29","2026-05-29","561","FULL","720","2.857142857142857","AVOID","-","passive","FALSE","","EARLY SWEEP","2026-05-22","","7d","7","DOWNTREND","BEARISH","BEARISH","BEARISH","STRUCTURE + DISCOUNT","CRASH / SELL-OFF","35","TRUE","FALSE","TRUE","WEAKENING","WEAKENING (Passive)","5.91","5.91","VOLUME SURGE","90.91","9.09","44.61","33.92","18.17","23.85","734.1","746.34","750.02","215200","36390","1406","Supertrend bearish | RSI 44.6 lemah | Volume valid 5.91x | Crash filter aktif | RISEN CRASH / SELL-OFF","Full Grid (1-2-3-4)","100000000","880","825","810","795","0.1","0.2","0.3","0.4","113","242","370","503","1228","99867500","132500","813.25","813.29","760","1060","1240","1240","13.64","6.55","40.91","52.47","3","8.01"
"RAJA","2026-05-29","2026-05-29","561","FULL","3740","16.149068322981368","AVOID","-","passive","FALSE","","V-SHAPE","2026-05-22","","7d","7","DOWNTREND","BEARISH","BEARISH","BEARISH","STRUCTURE + DISCOUNT","CRASH / SELL-OFF","0","TRUE","FALSE","TRUE","LAGGING","LAGGARD (Passive)","2.79","2.79","VOLUME SURGE","73.61","26.39","46.28","21.61","18.99","27.74","3872.75","4141.96","4188.58","81414800","29211990","1406","Supertrend bearish | RSI 46.3 lemah | Volume valid 2.79x | Lolos anti-crash ADX | RISEN CRASH / SELL-OFF","Full Grid (1-2-3-4)","100000000","3420","3120","3040","2940","0.1","0.2","0.3","0.4","29","64","98","136","327","99662000","338000","3047.77","3048.03","2730","4460","5500","5500","20.18","10.43","60.82","80.46","3.01","7.72"
"CTRA","2026-05-29","2026-05-29","561","FULL","645","-1.5267175572519083","AVOID","-","passive","FALSE","","EARLY SWEEP","2026-05-20","","9d","9","DOWNTREND","BEARISH","BEARISH","BEARISH","DOWNTREND DISCOUNT","CRASH / SELL-OFF","0","FALSE","FALSE","TRUE","WEAKENING","WEAKENING (Passive)","3.12","3.12","VOLUME SURGE","40","60","35.55","19.77","11.26","23.81","679.39","709.54","820.68","35909400","11493355","1402","Supertrend bearish | RSI 35.5 lemah | Volume valid 3.12x | Lolos anti-crash ADX | RISEN CRASH / SELL-OFF","Full Grid (1-2-3-4)","100000000","940","895","880","865","0.1","0.2","0.3","0.4","106","223","340","462","1131","99805500","194500","882.45","882.47","840","1090","1240","1240","10.64","4.81","31.91","40.52","3","8.42"
"BBCA","2026-05-29","2026-05-29","561","FULL","5700","-4.602510460251046","AVOID","-","passive","FALSE","","EARLY SWEEP","2026-05-18","","11d","11","DOWNTREND","BEARISH","BEARISH","BEARISH","DOWNTREND DISCOUNT","CRASH / SELL-OFF","0","FALSE","FALSE","TRUE","WEAKENING","WEAKENING (Passive)","4.21","4.21","VOLUME SURGE","0","100","33.58","18.36","21.37","28.84","6070.57","6392.22","7449.07","1015296600","240944760","1398","Supertrend bearish | RSI 33.6 lemah | Volume valid 4.21x | Lolos anti-crash ADX | RISEN CRASH / SELL-OFF","Full Grid (1-2-3-4)","100000000","7200","6800","6700","6550","0.1","0.2","0.3","0.4","13","29","44","61","147","98515000","1485000","6701.7","6704.86","6325","8700","8750","8750","12.15","5.62","21.53","30.56","1.77","5.44"
"ADHI","2026-05-29","2026-05-29","561","FULL","168","-6.145251396648044","AVOID","-","passive","FALSE","","EARLY SWEEP","2026-05-22","","7d","7","DOWNTREND","BEARISH","BEARISH","BEARISH","DOWNTREND DISCOUNT","CRASH / SELL-OFF","0","FALSE","FALSE","TRUE","LAGGING","LAGGARD (Passive)","1.25","1.25","EXPANSION","0","100","33.03","20.61","23.34","33.61","187.46","197.69","229.27","21503000","17168485","1386","Supertrend bearish | RSI 33.0 lemah | Volume valid 1.25x | Lolos anti-crash ADX | RISEN CRASH / SELL-OFF","Full Grid (1-2-3-4)","100000000","242","240","240","238","0.1","0.2","0.3","0.4","413","833","1250","1680","4176","99970600","29400","239.39","239.39","236","252","278","278","2.48","1.42","14.88","16.13","6","11.38"
"TOWR","2026-05-29","2026-05-29","561","FULL","380","-2.564102564102564","AVOID","-","passive","FALSE","","EARLY SWEEP","2026-05-12","","17d","17","DOWNTREND","BEARISH","BEARISH","BEARISH","DOWNTREND DISCOUNT","CRASH / SELL-OFF","0","FALSE","FALSE","TRUE","LAGGING","LAGGARD (Passive)","3.26","3.26","VOLUME SURGE","0","100","16.27","42.98","5.81","37.71","439.7","469.5","531.94","105380800","32326135","1386","Supertrend bearish | RSI 16.3 lemah | Volume valid 3.26x | Crash filter aktif | RISEN CRASH / SELL-OFF","Full Grid (1-2-3-4)","100000000","505","494","490","486","0.1","0.2","0.3","0.4","198","404","612","823","2037","99942400","57600","490.64","490.64","480","545","600","600","4.95","2.17","18.81","22.29","3.8","10.28"
"SSMS","2026-05-29","2026-05-29","561","FULL","700","-4.761904761904762","AVOID","-","passive","FALSE","","SMART SNIPER","2026-05-11","Discount Only","18d","18","DOWNTREND","BEARISH","BEARISH","BEARISH","DOWNTREND DISCOUNT","CRASH / SELL-OFF","0","FALSE","FALSE","TRUE","LAGGING","LAGGARD (Passive)","7.41","7.41","VOLUME SURGE","7.69","92.31","15.11","42.11","5.27","49.42","1093.38","1262.22","1434.4","85908800","11593265","1384","Supertrend bearish | RSI 15.1 lemah | Volume valid 7.41x | Crash filter aktif | RISEN CRASH / SELL-OFF","Full Grid (1-2-3-4)","100000000","1430","1355","1335","1310","0.1","0.2","0.3","0.4","69","147","224","305","745","99644500","355500","1337.51","1337.62","1265","1680","1925","1925","11.54","5.42","34.62","43.92","3","8.1"
"PWON","2026-05-29","2026-05-29","561","FULL","290","-0.684931506849315","AVOID","-","passive","FALSE","","EARLY SWEEP","2026-05-07","","22d","22","DOWNTREND","BEARISH","BEARISH","BEARISH","STRUCTURE + DISCOUNT","CRASH / SELL-OFF","0","TRUE","FALSE","TRUE","LAGGING","LAGGARD (Passive)","2.65","2.65","VOLUME SURGE","60","40","26.89","34.44","10.63","30.26","310.22","326.25","353.74","133621000","50480935","1376","Supertrend bearish | RSI 26.9 lemah | Volume valid 2.65x | Crash filter aktif | RISEN CRASH / SELL-OFF","Full Grid (1-2-3-4)","100000000","352","348","348","346","0.1","0.2","0.3","0.4","284","574","862","1156","2876","99967200","32800","347.59","347.59","342","372","380","380","2.84","1.61","7.95","9.32","2.8","5.8"
"INTP","2026-05-29","2026-05-29","561","FULL","4900","-1.8036072144288577","AVOID","-","passive","FALSE","","EARLY SWEEP","2026-03-16","","74d","74","DOWNTREND","BEARISH","BEARISH","BEARISH","STRUCTURE + DISCOUNT","CRASH / SELL-OFF","49.19","TRUE","FALSE","TRUE","LEADING","LEADING (Passive)","3.65","3.65","VOLUME SURGE","0","100","40.7","18.74","19.81","21.74","5048.07","5333.79","5972.51","7926000","2172870","1372","Supertrend bearish | RSI 40.7 lemah | Volume valid 3.65x | Lolos anti-crash ADX | RISEN CRASH / SELL-OFF","Full Grid (1-2-3-4)","100000000","7475","6750","6575","6325","0.1","0.2","0.3","0.4","13","29","45","63","150","98727500","1272500","6581.83","6584.32","5950","9775","12050","12050","20.4","9.6","61.2","83.08","3","8.65"
"TPIA","2026-05-29","2026-05-29","561","FULL","1785","-6.052631578947368","AVOID","-","passive","FALSE","","V-SHAPE","2026-05-05","","24d","24","DOWNTREND","BEARISH","BEARISH","BEARISH","STRUCTURE + DISCOUNT","CRASH / SELL-OFF","0","TRUE","FALSE","TRUE","LAGGING","LAGGARD (Passive)","11.24","11.24","VOLUME SURGE","3.66","96.34","21.84","33.19","13.96","47.15","3770.84","4808.92","6450.53","2269668000","201854210","1372","Supertrend bearish | RSI 21.8 lemah | Volume valid 11.24x | Crash filter aktif | RISEN CRASH / SELL-OFF","Full Grid (1-2-3-4)","100000000","6075","5525","5400","5225","0.1","0.2","0.3","0.4","16","36","55","76","183","99020000","980000","5410.93","5412.12","4890","7850","9625","9625","19.51","9.63","58.44","77.88","3","8.09"
"AMRT","2026-05-29","2026-05-29","561","FULL","1150","-3.361344537815126","AVOID","-","passive","FALSE","","V-SHAPE","2026-05-04","","25d","25","DOWNTREND","BEARISH","BEARISH","BEARISH","DOWNTREND DISCOUNT","CRASH / SELL-OFF","7.6","TRUE","FALSE","TRUE","LAGGING","LAGGARD (Passive)","9.98","9.98","VOLUME SURGE","36","64","27.52","19.57","11.94","35.06","1383.94","1470.78","1817.05","1514215600","151655565","1370","Supertrend bearish | RSI 27.5 lemah | Volume valid 9.98x | Lolos anti-crash ADX | RISEN CRASH / SELL-OFF","Full Grid (1-2-3-4)","100000000","1425","1365","1350","1330","0.1","0.2","0.3","0.4","70","146","222","300","738","99774000","226000","1351.95","1351.95","1290","1630","1830","1830","9.47","4.58","28.42","35.36","3","7.72"
"DSNG","2026-05-29","2026-05-29","561","FULL","1190","-0.8333333333333334","AVOID","-","passive","FALSE","","SMART GAMMA","2026-04-29","","30d","30","DOWNTREND","BEARISH","BEARISH","BEARISH","STRUCTURE + DISCOUNT","CRASH / SELL-OFF","2.43","TRUE","FALSE","TRUE","LAGGING","LAGGARD (Passive)","2.84","2.84","VOLUME SURGE","0","100","24.54","37.83","8.28","36.2","1462.57","1533.18","1461.58","47660400","16779190","1360","Supertrend bearish | RSI 24.5 lemah | Volume valid 2.84x | Crash filter aktif | RISEN CRASH / SELL-OFF","Full Grid (1-2-3-4)","100000000","1850","1570","1500","1405","0.1","0.2","0.3","0.4","54","127","200","284","665","99831000","169000","1501.22","1501.19","1270","2720","3590","3590","31.35","15.4","94.05","139.14","3","9.03"
"SIDO","2026-05-29","2026-05-29","561","FULL","384","-4.9504950495049505","AVOID","-","passive","FALSE","","SMART SNIPER","2026-04-29","Structure + Discount","30d","30","DOWNTREND","BEARISH","BEARISH","BEARISH","STRUCTURE + DISCOUNT","CRASH / SELL-OFF","0","TRUE","FALSE","TRUE","LAGGING","LAGGARD (Passive)","4.68","4.68","VOLUME SURGE","0","100","20.74","53.32","4.84","42.6","441.44","475.64","519.35","179238700","38307975","1360","Supertrend bearish | RSI 20.7 lemah | Volume valid 4.68x | Crash filter aktif | RISEN CRASH / SELL-OFF","Full Grid (1-2-3-4)","100000000","515","505","505","500","0.1","0.2","0.3","0.4","194","396","594","800","1984","99986000","14000","503.96","503.96","494","545","550","550","4.08","1.98","6.8","9.14","1.67","4.62"
"UNVR","2026-05-29","2026-05-29","561","FULL","1710","-2.840909090909091","HOLD","-","passive","FALSE","","V-SHAPE","2026-04-29","","30d","30","UPTREND","BEARISH","BEARISH","BEARISH","STRUCTURE + DISCOUNT","CRASH / SELL-OFF","22.71","TRUE","FALSE","TRUE","WEAKENING","WEAKENING (Passive)","4","4","VOLUME SURGE","57.78","42.22","43.8","13.9","18.67","32.94","1756.23","1843.07","2014.69","133617900","33408985","1360","Supertrend bullish | RSI 43.8 lemah | Volume valid 4x | Lolos anti-crash ADX | RISEN CRASH / SELL-OFF","Full Grid (1-2-3-4)","100000000","1575","1530","1520","1505","0.1","0.2","0.3","0.4","63","130","197","265","655","99639000","361000","1521.21","1521.24","1470","1735","1910","1910","6.67","3.37","21.27","25.56","3.19","7.59"
"AALI","2026-05-29","2026-05-29","561","FULL","6475","-1.520912547528517","AVOID","-","passive","FALSE","","SMART GAMMA","2026-04-27","","32d","32","DOWNTREND","BEARISH","BEARISH","BEARISH","STRUCTURE + DISCOUNT","CRASH / SELL-OFF","0","TRUE","FALSE","TRUE","LAGGING","LAGGARD (Passive)","4.26","4.26","VOLUME SURGE","0","100","26.33","38.94","11.43","29.87","7307.78","7563.16","7401.12","15509100","3644855","1356","Supertrend bearish | RSI 26.3 lemah | Volume valid 4.26x | Crash filter aktif | RISEN CRASH / SELL-OFF","Full Grid (1-2-3-4)","100000000","8350","7725","7575","7375","0.1","0.2","0.3","0.4","11","25","39","54","129","97865000","2135000","7586.43","7592.6","7050","10300","12250","12250","15.57","7.07","46.71","61.47","3","8.69"
"AKRA","2026-05-29","2026-05-29","561","FULL","1235","-4.263565891472868","AVOID","-","passive","FALSE","","SMART GAMMA","2026-04-27","","32d","32","DOWNTREND","BEARISH","BEARISH","BEARISH","DOWNTREND DISCOUNT","CRASH / SELL-OFF","0","FALSE","FALSE","TRUE","LAGGING","LAGGARD (Passive)","4.91","4.91","VOLUME SURGE","0","100","27.82","32.04","7.62","28.37","1405.24","1401.65","1317.71","105641900","21507060","1356","Supertrend bearish | RSI 27.8 lemah | Volume valid 4.91x | Crash filter aktif | RISEN CRASH / SELL-OFF","Full Grid (1-2-3-4)","100000000","1560","1390","1345","1290","0.1","0.2","0.3","0.4","64","143","223","310","740","99844500","155500","1349.25","1349.32","1205","2090","2630","2630","22.76","10.69","68.59","94.92","3.01","8.88"
"BLOG","2026-05-29","2026-05-29","212","IPO / SHORT","344","-1.7142857142857144","AVOID","-","passive","FALSE","","V-SHAPE","2026-04-27","","32d","32","DOWNTREND","BEARISH","BEARISH","BEARISH","DOWNTREND DISCOUNT","CRASH / SELL-OFF","7.22","TRUE","FALSE","TRUE","LAGGING","LAGGARD (Passive)","3.38","3.38","VOLUME SURGE","50","50","22.11","40.01","5.01","25.27","377.8","388.91","413.69","4242800","1256075","1356","Supertrend bearish | RSI 22.1 lemah | Volume valid 3.38x | Crash filter aktif | RISEN CRASH / SELL-OFF","Full Grid (1-2-3-4)","100000000","400","392","390","388","0.1","0.2","0.3","0.4","250","510","769","1030","2559","99947000","53000","390.57","390.57","382","428","470","470","4.5","2.19","17.5","20.34","3.89","9.27"
"BSDE","2026-05-29","2026-05-29","561","FULL","630","-5.263157894736842","AVOID","-","passive","FALSE","","V-SHAPE","2026-04-27","","32d","32","DOWNTREND","BEARISH","BEARISH","BEARISH","DOWNTREND DISCOUNT","CRASH / SELL-OFF","0","FALSE","FALSE","TRUE","LAGGING","LAGGARD (Passive)","6.09","6.09","VOLUME SURGE","10","90","24.6","35.51","8.44","33.42","723.24","763.52","859.77","97711300","16041025","1356","Supertrend bearish | RSI 24.6 lemah | Volume valid 6.09x | Crash filter aktif | RISEN CRASH / SELL-OFF","Full Grid (1-2-3-4)","100000000","795","755","745","730","0.1","0.2","0.3","0.4","125","264","402","547","1338","99749500","250500","745.51","745.54","710","925","1050","1050","10.69","4.76","32.08","40.84","3","8.57"
"MTDL","2026-05-29","2026-05-29","561","FULL","535","-0.9259259259259258","AVOID","-","passive","FALSE","","SMART SNIPER + V-SHAPE","2026-04-27","Demand Structure","32d","32","DOWNTREND","BEARISH","BEARISH","BEARISH","DOWNTREND DISCOUNT","CRASH / SELL-OFF","24.17","TRUE","FALSE","TRUE","WEAKENING","WEAKENING (Passive)","2.6","2.6","VOLUME SURGE","25","75","36.9","17.82","8.46","14.48","559.4","567.88","579.02","7994200","3079535","1356","Supertrend bearish | RSI 36.9 lemah | Volume valid 2.6x | Lolos anti-crash ADX | RISEN CRASH / SELL-OFF","Full Grid (1-2-3-4)","100000000","590","560","555","545","0.1","0.2","0.3","0.4","169","357","540","733","1799","99881500","118500","555.21","555.21","525","690","785","785","11.02","5.44","33.05","41.39","3","7.61"
"APIC","2026-05-29","2026-05-29","561","FULL","980","-14.782608695652174","AVOID","-","passive","FALSE","","BETA BREAKOUT","2026-04-21","","38d","38","DOWNTREND","BEARISH","BEARISH","BEARISH","DOWNTREND DISCOUNT","CRASH / SELL-OFF","0","FALSE","FALSE","TRUE","LAGGING","LAGGARD (Passive)","9.07","9.07","VOLUME SURGE","0","100","35.98","21.15","18.87","30.77","1455.37","1446.77","1334.87","62515500","6889500","1344","Supertrend bearish | RSI 36.0 lemah | Volume valid 9.07x | Lolos anti-crash ADX | RISEN CRASH / SELL-OFF","Full Grid (1-2-3-4)","100000000","1500","1275","1220","1145","0.1","0.2","0.3","0.4","66","156","245","349","816","99640500","359500","1221.08","1221.34","1025","2210","2930","2930","31.67","16.06","95.33","139.95","3.01","8.72"
"WIIM","2026-05-29","2026-05-29","561","FULL","1625","-7.670454545454546","AVOID","-","passive","FALSE","","BETA BREAKOUT","2026-04-28","","31d","31","DOWNTREND","BEARISH","BEARISH","BULLISH","DOWNTREND PREMIUM","CRASH / SELL-OFF","0","FALSE","FALSE","TRUE","LAGGING","LAGGARD (Passive)","1.72","1.72","EXPANSION","16.13","83.87","35.03","17.75","15.08","29.96","1804.11","1830.44","1577.56","6685300","3881130","1338","Supertrend bearish | RSI 35.0 lemah | Volume valid 1.72x | Lolos anti-crash ADX | RISEN CRASH / SELL-OFF","Full Grid (1-2-3-4)","100000000","1840","1740","1715","1685","0.1","0.2","0.3","0.4","54","114","174","237","579","99547500","452500","1719.3","1719.38","1625","2160","2490","2490","11.68","5.48","35.33","44.83","3.02","8.17"
"SMGR","2026-05-29","2026-05-29","561","FULL","1690","-4.788732394366197","AVOID","-","passive","FALSE","","V-SHAPE","2026-04-10","","49d","49","DOWNTREND","BEARISH","BEARISH","BEARISH","DOWNTREND DISCOUNT","CRASH / SELL-OFF","0","FALSE","FALSE","TRUE","LAGGING","LAGGARD (Passive)","2.36","2.36","VOLUME SURGE","0","100","23.55","37.89","10.78","38.79","1975.64","2202.34","2576.29","33018200","13990090","1322","Supertrend bearish | RSI 23.6 lemah | Volume valid 2.36x | Crash filter aktif | RISEN CRASH / SELL-OFF","Full Grid (1-2-3-4)","100000000","2410","2390","2380","2370","0.1","0.2","0.3","0.4","41","83","126","168","418","99522000","478000","2380.91","2380.94","2340","2670","2700","2700","2.9","1.72","12.03","13.4","4.14","7.8"
"BFIN","2026-05-29","2026-05-29","561","FULL","690","-2.127659574468085","AVOID","-","passive","FALSE","","SMART GAMMA","2026-04-16","","43d","43","DOWNTREND","BEARISH","BEARISH","BEARISH","STRUCTURE + DISCOUNT","CRASH / SELL-OFF","32.9","TRUE","FALSE","TRUE","LAGGING","LAGGARD (Passive)","1.86","1.86","EXPANSION","0","100","37.98","21.47","16.41","22.23","753.4","755.28","768.9","68129400","36576565","1314","Supertrend bearish | RSI 38.0 lemah | Volume valid 1.86x | Lolos anti-crash ADX | RISEN CRASH / SELL-OFF","Full Grid (1-2-3-4)","100000000","905","780","745","705","0.1","0.2","0.3","0.4","110","256","402","567","1335","99845500","154500","747.91","747.96","645","1295","1685","1685","28.73","13.76","86.19","125.3","3","9.11"
"TPMA","2026-05-29","2026-05-29","561","FULL","488","-1.6129032258064515","AVOID","-","passive","FALSE","","V-SHAPE","2026-04-15","","44d","44","DOWNTREND","BEARISH","BEARISH","BEARISH","STRUCTURE + DISCOUNT","CRASH / SELL-OFF","0","TRUE","FALSE","TRUE","LAGGING","LAGGARD (Passive)","1.83","1.83","EXPANSION","0","100","22.78","50.51","6.36","31.02","530.3","557.41","583.23","19480800","10618530","1312","Supertrend bearish | RSI 22.8 lemah | Volume valid 1.83x | Crash filter aktif | RISEN CRASH / SELL-OFF","Full Grid (1-2-3-4)","100000000","595","590","590","585","0.1","0.2","0.3","0.4","168","338","508","683","1697","99865500","134500","588.48","588.48","580","620","680","680","2.52","1.44","14.29","15.55","5.67","10.79"
"AMMN","2026-05-29","2026-05-29","561","FULL","3300","6.109324758842444","AVOID","-","passive","FALSE","","V-SHAPE","2026-02-27","","91d","91","DOWNTREND","BEARISH","BEARISH","BEARISH","STRUCTURE + DISCOUNT","CRASH / SELL-OFF","0","TRUE","FALSE","TRUE","IMPROVING","IMPROVING (Passive)","8.11","8.11","VOLUME SURGE","64.52","35.48","32.98","44.62","11.76","33.71","3929.19","4790.04","6355.52","1203841500","148524500","1288","Supertrend bearish | RSI 33.0 lemah | Volume valid 8.11x | Crash filter aktif | RISEN CRASH / SELL-OFF","Full Grid (1-2-3-4)","100000000","7650","7400","7325","7225","0.1","0.2","0.3","0.4","13","27","40","55","135","98962500","1037500","7330.56","7330.42","7050","8550","9450","9450","7.84","3.83","23.53","28.91","3","7.55"
"CBUT","2026-05-29","2026-05-29","561","FULL","605","-1.6260162601626018","AVOID","-","passive","FALSE","","SMART SNIPER + V-SHAPE","2026-03-09","Structure + Discount","81d","81","DOWNTREND","BEARISH","BEARISH","BEARISH","STRUCTURE + DISCOUNT","CRASH / SELL-OFF","12.84","TRUE","FALSE","TRUE","LAGGING","LAGGARD (Passive)","2.85","2.85","VOLUME SURGE","94.12","5.88","29.76","27.68","14.35","26.09","743.87","824.16","1044.49","226700","79450","1258","Supertrend bearish | RSI 29.8 lemah | Volume valid 2.85x | Lolos anti-crash ADX | RISEN CRASH / SELL-OFF","Full Grid (1-2-3-4)","100000000","1025","945","925","895","0.1","0.2","0.3","0.4","97","211","324","446","1078","99769000","231000","925.5","925.54","850","1290","1550","1550","17.07","8.16","51.22","67.48","3","8.27"
"CUAN","2026-05-29","2026-05-29","561","FULL","630","24.752475247524753","AVOID","-","passive","FALSE","","SMART SNIPER","2026-02-11","Structure + Discount","107d","107","DOWNTREND","BEARISH","BEARISH","BEARISH","DOWNTREND DISCOUNT","CRASH / SELL-OFF","13.18","TRUE","FALSE","TRUE","IMPROVING","IMPROVING (Passive)","3.6","3.6","VOLUME SURGE","100","0","31.2","46.2","13.71","39.54","867.6","1138.88","2569.94","1886303300","524231640","1256","Supertrend bearish | RSI 31.2 lemah | Volume valid 3.6x | Crash filter aktif | RISEN CRASH / SELL-OFF","Full Grid (1-2-3-4)","100000000","1925","1630","1555","1455","0.1","0.2","0.3","0.4","51","122","192","274","639","99426500","573500","1555.97","1556.45","1295","2870","3820","3820","32.73","16.77","98.44","145.51","3.01","8.68"
"HEAL","2026-05-29","2026-05-29","561","FULL","945","-4.545454545454546","AVOID","-","passive","FALSE","","EARLY SWEEP","2026-03-05","","85d","85","DOWNTREND","BEARISH","BEARISH","BEARISH","DOWNTREND DISCOUNT","CRASH / SELL-OFF","0","FALSE","FALSE","TRUE","LAGGING","LAGGARD (Passive)","4.29","4.29","VOLUME SURGE","0","100","20.73","34.24","10.51","30.73","1040.51","1134.78","1318.03","51733500","12052435","1250","Supertrend bearish | RSI 20.7 lemah | Volume valid 4.29x | Crash filter aktif | RISEN CRASH / SELL-OFF","Full Grid (1-2-3-4)","100000000","1465","1400","1385","1365","0.1","0.2","0.3","0.4","68","142","216","293","719","99752500","247500","1387.38","1387.42","1325","1675","1885","1885","9.56","4.5","28.67","35.87","3","7.98"
"TKIM","2026-05-29","2026-05-29","561","FULL","5575","-0.4464285714285714","AVOID","-","passive","FALSE","","G ACC","2026-02-26","","92d","92","DOWNTREND","BEARISH","BEARISH","BEARISH","STRUCTURE + DISCOUNT","CRASH / SELL-OFF","18.76","TRUE","FALSE","TRUE","LAGGING","LAGGARD (Passive)","5.59","5.59","VOLUME SURGE","0","100","15.32","40.65","7.6","37.11","7308.44","7980.03","7634.78","32945000","5895215","1236","Supertrend bearish | RSI 15.3 lemah | Volume valid 5.59x | Crash filter aktif | RISEN CRASH / SELL-OFF","Full Grid (1-2-3-4)","100000000","10975","8725","8175","7425","0.1","0.2","0.3","0.4","9","22","36","53","120","97855000","2145000","8154.58","8156.37","6350","17925","24850","24850","42.14","22.13","126.42","204.74","3","9.25"
"KLBF","2026-05-29","2026-05-29","561","FULL","770","-3.1446540880503147","AVOID","-","passive","FALSE","","V-SHAPE","2026-02-25","","93d","93","DOWNTREND","BEARISH","BEARISH","BEARISH","DOWNTREND DISCOUNT","CRASH / SELL-OFF","0","FALSE","FALSE","TRUE","LAGGING","LAGGARD (Passive)","2.23","2.23","VOLUME SURGE","16.67","83.33","25.3","33.56","11.97","33.45","851.5","918.96","1108.55","152486900","68489365","1234","Supertrend bearish | RSI 25.3 lemah | Volume valid 2.23x | Crash filter aktif | RISEN CRASH / SELL-OFF","Full Grid (1-2-3-4)","100000000","1115","1095","1085","1080","0.1","0.2","0.3","0.4","89","182","276","370","917","99758500","241500","1087.88","1087.9","1065","1190","1230","1230","4.48","2.1","10.31","13.06","2.3","6.21"
"BBRI","2026-05-29","2026-05-29","561","FULL","2950","-3.908794788273615","AVOID","-","passive","FALSE","","V-SHAPE","2026-01-29","","120d","120","DOWNTREND","BEARISH","BEARISH","BEARISH","DOWNTREND DISCOUNT","CRASH / SELL-OFF","0","FALSE","FALSE","TRUE","WEAKENING","WEAKENING (Passive)","3.93","3.93","VOLUME SURGE","0","100","36.83","22.3","24.35","33.53","3127.92","3277.46","3649.87","1074193100","273648405","1180","Supertrend bearish | RSI 36.8 lemah | Volume valid 3.93x | Lolos anti-crash ADX | RISEN CRASH / SELL-OFF","Full Grid (1-2-3-4)","100000000","3780","3540","3480","3390","0.1","0.2","0.3","0.4","26","56","86","117","285","99243000","757000","3482.21","3482.46","3270","4550","5300","5300","13.49","6.09","40.21","52.2","2.98","8.57"
"BUKA","2026-05-29","2026-05-29","561","FULL","122","-3.937007874015748","AVOID","-","passive","FALSE","","V-SHAPE","2026-01-22","","127d","127","DOWNTREND","BEARISH","BEARISH","BEARISH","STRUCTURE + DISCOUNT","CRASH / SELL-OFF","12.33","TRUE","FALSE","TRUE","LAGGING","LAGGARD (Passive)","2.47","2.47","VOLUME SURGE","0","100","25.79","33.02","8.86","32.23","138.01","144.09","150.3","251842700","101757605","1166","Supertrend bearish | RSI 25.8 lemah | Volume valid 2.47x | Crash filter aktif | RISEN CRASH / SELL-OFF","Full Grid (1-2-3-4)","100000000","160","158","157","156","0.1","0.2","0.3","0.4","625","1265","1910","2564","6364","99972400","27600","157.09","157.09","154","169","172","172","3.75","1.97","7.5","9.49","2","4.82"
"MIKA","2026-05-29","2026-05-29","561","FULL","1620","-1.8181818181818181","AVOID","-","passive","FALSE","","EARLY SWEEP","2026-01-21","","128d","128","DOWNTREND","BEARISH","BEARISH","BEARISH","DOWNTREND DISCOUNT","CRASH / SELL-OFF","0","FALSE","FALSE","TRUE","LAGGING","LAGGARD (Passive)","9.01","9.01","VOLUME SURGE","0","100","23.1","46.45","9.32","29.71","1818.77","1971.04","2262.09","95925700","10644755","1164","Supertrend bearish | RSI 23.1 lemah | Volume valid 9.01x | Crash filter aktif | RISEN CRASH / SELL-OFF","Full Grid (1-2-3-4)","100000000","2660","2390","2320","2230","0.1","0.2","0.3","0.4","37","83","129","179","428","99524000","476000","2325.33","2325.81","2090","3520","4370","4370","21.43","10.12","64.29","87.93","3","8.69"
"BBNI","2026-05-29","2026-05-29","561","FULL","3700","-3.6458333333333335","HOLD","-","passive","FALSE","","BETA BREAKOUT","2026-01-15","","134d","134","UPTREND","BEARISH","BEARISH","BEARISH","STRUCTURE + DISCOUNT","CRASH / SELL-OFF","0","FALSE","FALSE","TRUE","WEAKENING","WEAKENING (Passive)","3.46","3.46","VOLUME SURGE","0","100","42.34","14.7","19.35","23.35","3820.1","3908.02","4176.77","160254100","46355330","1152","Supertrend bullish | RSI 42.3 lemah | Volume valid 3.46x | Lolos anti-crash ADX | RISEN CRASH / SELL-OFF","Full Grid (1-2-3-4)","100000000","4540","4360","4320","4260","0.1","0.2","0.3","0.4","22","45","69","93","229","99034000","966000","4324.63","4324.53","4160","5100","5675","5675","8.37","3.81","25","31.23","2.99","8.2"
"BLES","2026-05-29","2026-05-29","450","FULL","134","-8.21917808219178","AVOID","-","passive","FALSE","","SMART SNIPER","2026-01-19","Structure + Discount","130d","130","DOWNTREND","BEARISH","BEARISH","BEARISH","DOWNTREND DISCOUNT","CRASH / SELL-OFF","0","FALSE","FALSE","TRUE","LAGGING","LAGGARD (Passive)","1.53","1.53","EXPANSION","5.88","94.12","25.49","24.28","13.71","28.89","152.46","153.33","162.87","3303500","2152390","1140","Supertrend bearish | RSI 25.5 lemah | Volume valid 1.53x | Lolos anti-crash ADX | RISEN CRASH / SELL-OFF","Full Grid (1-2-3-4)","100000000","172","165","163","160","0.1","0.2","0.3","0.4","581","1212","1840","2500","6133","99983200","16800","163.02","163.03","156","196","220","220","9.3","4.31","27.91","34.95","3","8.11"
"MIDI","2026-05-29","2026-05-29","561","FULL","274","-4.195804195804196","AVOID","-","passive","FALSE","","V-SHAPE","2026-01-09","","140d","140","DOWNTREND","BEARISH","BEARISH","BEARISH","DOWNTREND DISCOUNT","CRASH / SELL-OFF","0","FALSE","FALSE","TRUE","LAGGING","LAGGARD (Passive)","5.48","5.48","VOLUME SURGE","0","100","24.9","34.22","9.71","32.2","315.62","319.71","354.8","183422800","33493495","1140","Supertrend bearish | RSI 24.9 lemah | Volume valid 5.48x | Crash filter aktif | RISEN CRASH / SELL-OFF","Full Grid (1-2-3-4)","100000000","368","356","354","350","0.1","0.2","0.3","0.4","271","561","847","1142","2821","99898200","101800","354.12","354.13","342","408","414","414","7.07","3.42","12.5","16.91","1.77","4.94"
"CPRO","2026-05-29","2026-05-29","561","FULL","50","-3.8461538461538463","AVOID","-","passive","FALSE","","SMART GAMMA","2026-01-05","","144d","144","DOWNTREND","BEARISH","BEARISH","BEARISH","STRUCTURE + DISCOUNT","CRASH / SELL-OFF","41.48","TRUE","FALSE","TRUE","WEAKENING","WEAKENING (Passive)","2.55","2.55","VOLUME SURGE","0","100","33.57","22.67","13.79","20.81","54.16","56.43","58.82","260593700","102063170","1132","Supertrend bearish | RSI 33.6 lemah | Volume valid 2.55x | Lolos anti-crash ADX | RISEN CRASH / SELL-OFF","Full Grid (1-2-3-4)","100000000","86","73","70","66","0.1","0.2","0.3","0.4","1162","2739","4285","6060","14246","99978900","21100","70.18","70.18","59","127","167","167","31.4","15.93","94.19","137.96","3","8.66"
"PMUI","2026-05-29","2026-05-29","212","IPO / SHORT","72","-14.285714285714285","AVOID","-","passive","FALSE","","BETA BREAKOUT","2025-12-29","","151d","151","DOWNTREND","BEARISH","BEARISH","BEARISH","DOWNTREND DISCOUNT","CRASH / SELL-OFF","0","FALSE","FALSE","TRUE","LAGGING","LAGGARD (Passive)","7.07","7.07","VOLUME SURGE","0","100","25.85","27.53","23.64","31.49","93.44","101.96","124.47","31529000","4456840","1118","Supertrend bearish | RSI 25.9 lemah | Volume valid 7.07x | Lolos anti-crash ADX | RISEN CRASH / SELL-OFF","Full Grid (1-2-3-4)","100000000","155","139","135","129","0.1","0.2","0.3","0.4","645","1438","2222","3100","7405","99972700","27300","135.01","135.01","120","208","260","260","22.58","11.12","67.74","92.58","3","8.33"
"ASDM","2026-05-29","2026-05-29","561","FULL","515","1.9801980198019802","AVOID","-","passive","FALSE","","SMART GAMMA","2025-11-03","","207d","207","DOWNTREND","BEARISH","BEARISH","BEARISH","STRUCTURE + DISCOUNT","CRASH / SELL-OFF","7.5","TRUE","FALSE","TRUE","LEADING","LEADING (Passive)","3.75","3.75","VOLUME SURGE","11.11","88.89","38.05","44.07","31.97","19.09","530.69","566.93","581.59","429700","114620","1106","Supertrend bearish | RSI 38.0 lemah | Volume valid 3.75x | Lolos anti-crash ADX | RISEN CRASH / SELL-OFF","Full Grid (1-2-3-4)","100000000","600","555","545","530","0.1","0.2","0.3","0.4","166","360","550","754","1830","99877000","123000","545.78","545.79","505","745","885","885","15.83","7.47","47.5","62.15","3","8.32"
"CTBN","2026-05-29","2026-05-29","561","FULL","5850","0.8620689655172413","HOLD","-","passive","FALSE","","SMART SNIPER + V-SHAPE","2026-05-22","Structure + Discount","7d","7","UPTREND","BULLISH","BULLISH","BULLISH","UPTREND DISCOUNT","SIDEWAYS","0","FALSE","FALSE","TRUE","LEADING","LEADING (Passive)","2.58","2.58","VOLUME SURGE","100","0","55.52","12.59","25.72","28.72","5522.71","5640.76","5562.79","8400","3250","1106","Supertrend bullish | RSI 55.5 > 50 | Volume valid 2.58x | Lolos anti-crash ADX | RISEN SIDEWAYS","Full Grid (1-2-3-4)","100000000","5750","5150","5025","4820","0.1","0.2","0.3","0.4","17","38","59","82","196","98516500","1483500","5026.35","5027.27","4500","7625","9500","9500","21.74","10.47","65.22","89","3","8.5"
"STTP","2026-05-29","2026-05-29","561","FULL","10200","4.081632653061225","HOLD","-","passive","FALSE","","EARLY SWEEP","2026-05-21","","8d","8","UPTREND","BULLISH","BULLISH","BULLISH","UPTREND","SIDEWAYS","2.05","TRUE","FALSE","TRUE","LEADING","LEADING (Passive)","3.33","3.33","VOLUME SURGE","100","0","55.27","28.15","42.31","14.15","9844.69","9880.56","10164.3","3900","1170","1104","Supertrend bullish | RSI 55.3 > 50 | Volume valid 3.33x | Lolos anti-crash ADX | RISEN SIDEWAYS","Full Grid (1-2-3-4)","100000000","11225","10400","10200","9900","0.1","0.2","0.3","0.4","8","19","29","40","96","97920000","2080000","10200","10208.74","9500","13825","16400","16400","15.37","6.86","46.1","60.78","3","8.86"
"TLKM","2026-05-29","2026-05-29","561","FULL","3030","-1.9417475728155338","AVOID","-","passive","FALSE","","SMART SNIPER","2026-05-18","Structure + Discount","11d","11","DOWNTREND","BULLISH","BEARISH","BEARISH","STRUCTURE + DISCOUNT","SIDEWAYS","35","TRUE","FALSE","TRUE","LEADING","LEADING (Passive)","5.6","5.6","VOLUME SURGE","48.15","51.85","51.79","20.38","25.99","21.2","2996.3","3069.55","3173.48","835737700","149176830","1098","Supertrend bearish | RSI 51.8 > 50 | Volume valid 5.6x | Lolos anti-crash ADX | RISEN SIDEWAYS","Full Grid (1-2-3-4)","100000000","3080","2920","2880","2820","0.1","0.2","0.3","0.4","32","68","104","141","345","99426000","574000","2881.91","2882.08","2730","3610","4130","4130","11.36","5.27","34.09","43.31","3","8.22"
"UNTR","2026-05-29","2026-05-29","561","FULL","22925","-3.6764705882352944","AVOID","-","passive","FALSE","","BETA BREAKOUT","2025-12-19","","161d","161","DOWNTREND","BEARISH","BEARISH","BEARISH","DOWNTREND DISCOUNT","CRASH / SELL-OFF","0","FALSE","FALSE","TRUE","LAGGING","LAGGARD (Passive)","5.87","5.87","VOLUME SURGE","0","100","20.82","41.02","11.3","42.93","26662.82","28274.86","27813.17","28947500","4930345","1098","Supertrend bearish | RSI 20.8 lemah | Volume valid 5.87x | Crash filter aktif | RISEN CRASH / SELL-OFF","Full Grid (1-2-3-4)","100000000","29800","28825","28600","28275","0.1","0.2","0.3","0.4","3","6","10","14","33","94420000","5580000","28612.12","28628.35","27700","32950","36250","36250","7.05","3.19","21.64","26.69","3.07","8.37"
"BELI","2026-05-29","2026-05-29","561","FULL","338","-0.5882352941176471","AVOID","-","passive","FALSE","","V-SHAPE","2026-05-26","","3d","3","DOWNTREND","BEARISH","BEARISH","BEARISH","STRUCTURE + DISCOUNT","NORMAL DOWNTREND","46.51","TRUE","FALSE","FALSE","LEADING","LEADING (Passive)","0.08","0.08","DRY / QUIET","80","20","28.8","15.9","16.61","20.35","356.41","382.9","412.86","64700","811260","1094","Supertrend bearish | RSI 28.8 lemah | Volume 0.08x | Lolos anti-crash ADX | RISEN NORMAL DOWNTREND","Full Grid (1-2-3-4)","100000000","340","334","332","328","0.1","0.2","0.3","0.4","294","598","903","1219","3014","99932000","68000","331.56","331.56","324","376","378","378","4.71","2.28","11.18","14.01","2.38","6.14"
"BLTZ","2026-05-29","2026-05-29","561","FULL","2890","-0.6872852233676976","HOLD","-","passive","FALSE","","BETA BREAKOUT","2026-05-26","","3d","3","UPTREND","BULLISH","BULLISH","BULLISH","UPTREND PREMIUM","SIDEWAYS","12.1","TRUE","TRUE","FALSE","LEADING","LEADING (Passive)","1.78","1.78","EXPANSION","50","50","65.13","18.81","21.47","21.56","2691.49","2687.71","2567.33","400","225","1094","Supertrend bullish | RSI 65.1 > 50 | Volume valid 1.78x | Lolos anti-crash ADX | RISEN SIDEWAYS","Full Grid (1-2-3-4)","100000000","2910","2570","2480","2370","0.1","0.2","0.3","0.4","34","77","120","168","399","99259000","741000","2487.69","2488","2200","3980","5050","5050","24.4","11.56","73.54","103","3.01","8.91"
"GULA","2026-05-29","2026-05-29","561","FULL","545","9","HOLD","-","passive","FALSE","","G ACC","2026-05-26","","3d","3","UPTREND","BULLISH","BULLISH","BULLISH","UPTREND PREMIUM","NORMAL UPTREND","0","FALSE","TRUE","FALSE","LEADING","LEADING (Passive)","1.4","1.4","EXPANSION","91.38","8.62","84.33","30.82","47.73","10.03","420.17","383.1","354.82","58602500","41956780","1094","Supertrend bullish | RSI 84.3 > 50 | Volume valid 1.4x | Lolos anti-crash ADX | RISEN NORMAL UPTREND","Full Grid (1-2-3-4)","100000000","500","400","376","342","0.1","0.2","0.3","0.4","200","500","797","1169","2666","99947000","53000","374.89","374.89","292","810","1125","1125","41.6","22.11","125","200.08","3","9.05"
"INAI","2026-05-29","2026-05-29","561","FULL","170","0.591715976331361","AVOID","-","passive","FALSE","","V-SHAPE","2026-05-26","","3d","3","DOWNTREND","BEARISH","BEARISH","BEARISH","STRUCTURE + DISCOUNT","NORMAL DOWNTREND","58.93","TRUE","FALSE","FALSE","LEADING","LEADING (Passive)","0.18","0.18","DRY / QUIET","50","50","37.55","20.38","18.19","22.77","177.62","184.36","176.86","133400","753280","1094","Supertrend bearish | RSI 37.5 lemah | Volume 0.18x | Lolos anti-crash ADX | RISEN NORMAL DOWNTREND","Full Grid (1-2-3-4)","100000000","169","155","151","146","0.1","0.2","0.3","0.4","591","1290","1986","2739","6606","99960900","39100","151.32","151.32","137","218","266","266","18.93","9.46","57.4","75.79","3.03","8.01"
"INTA","2026-05-29","2026-05-29","561","FULL","74","-1.3333333333333335","AVOID","-","passive","FALSE","","V-SHAPE","2026-05-26","","3d","3","DOWNTREND","BEARISH","BEARISH","BULLISH","STRUCTURE + DISCOUNT","SIDEWAYS","60.88","TRUE","FALSE","FALSE","LEADING","LEADING (Passive)","0.6","0.6","DRY / QUIET","100","0","47.92","20.14","16.85","34.15","74.77","79.88","72.2","534400","893895","1094","Supertrend bearish | RSI 47.9 lemah | Volume 0.6x | Lolos anti-crash ADX | RISEN SIDEWAYS","Full Grid (1-2-3-4)","100000000","75","67","65","62","0.1","0.2","0.3","0.4","1333","2985","4615","6451","15384","99990700","9300","65","65","58","101","126","126","22.67","10.76","68","93.86","3","8.72"
"PTIS","2026-05-29","2026-05-29","561","FULL","298","-5.095541401273886","HOLD","-","passive","FALSE","","SMART SNIPER + V-SHAPE","2026-05-26","Structure + Discount","3d","3","UPTREND","BEARISH","BEARISH","BEARISH","STRUCTURE + DISCOUNT","SIDEWAYS","72.13","TRUE","FALSE","FALSE","LEADING","LEADING (Passive)","1.96","1.96","EXPANSION","28.57","71.43","47.99","17.18","18.54","17.81","301.14","304.36","327.57","101100","51615","1094","Supertrend bullish | RSI 48.0 lemah | Volume valid 1.96x | Lolos anti-crash ADX | RISEN SIDEWAYS","Full Grid (1-2-3-4)","100000000","314","294","288","280","0.1","0.2","0.3","0.4","318","680","1041","1428","3467","99942000","58000","288.27","288.27","268","384","452","452","14.65","7.03","43.95","56.8","3","8.08"
"RGAS","2026-05-29","2026-05-29","561","FULL","103","3","HOLD","-","passive","FALSE","","V-SHAPE","2026-05-26","","3d","3","UPTREND","BULLISH","BULLISH","BULLISH","UPTREND PREMIUM","SIDEWAYS","52.5","TRUE","FALSE","FALSE","LEADING","LEADING (Passive)","0.64","0.64","DRY / QUIET","60","40","60.68","30.76","26.66","12.24","96.03","94.13","98.6","8614900","13399790","1094","Supertrend bullish | RSI 60.7 > 50 | Volume 0.64x | Lolos anti-crash ADX | RISEN SIDEWAYS","Full Grid (1-2-3-4)","100000000","100","93","91","89","0.1","0.2","0.3","0.4","1000","2150","3296","4494","10940","99985200","14800","91.39","91.39","85","123","145","145","15","7","45","58.65","3","8.38"
"SATU","2026-05-29","2026-05-29","561","FULL","258","-2.272727272727273","HOLD","-","passive","FALSE","","BETA BREAKOUT","2026-05-26","","3d","3","UPTREND","BEARISH","BEARISH","BULLISH","DEMAND STRUCTURE","NORMAL DOWNTREND","35.87","TRUE","FALSE","FALSE","LEADING","LEADING (Passive)","0.84","0.84","NORMAL","0","100","46.1","22.48","17.86","22.82","260.11","260.76","250.93","927600","1103410","1094","Supertrend bullish | RSI 46.1 lemah | Volume 0.84x | Lolos anti-crash ADX | RISEN NORMAL DOWNTREND","Full Grid (1-2-3-4)","100000000","264","256","252","250","0.1","0.2","0.3","0.4","378","781","1190","1600","3949","99960800","39200","253.13","253.13","246","292","322","322","6.82","2.82","21.97","27.21","3.22","9.66"
"SDPC","2026-05-29","2026-05-29","561","FULL","188","-1.0526315789473684","AVOID","-","passive","FALSE","","V-SHAPE","2026-05-26","","3d","3","DOWNTREND","NEUTRAL","BEARISH","BULLISH","DEMAND STRUCTURE","SIDEWAYS","60","TRUE","FALSE","FALSE","LEADING","LEADING (Passive)","0.41","0.41","DRY / QUIET","77.78","22.22","49.51","20.85","12.6","21.29","187.84","188.71","169.68","124200","300905","1094","Supertrend bearish | RSI 49.5 lemah | Volume 0.41x | Lolos anti-crash ADX | RISEN SIDEWAYS","Full Grid (1-2-3-4)","100000000","190","180","178","174","0.1","0.2","0.3","0.4","526","1111","1685","2298","5620","99970200","29800","177.88","177.88","168","224","256","256","11.58","5.56","34.74","43.91","3","7.9"
"SIPD","2026-05-29","2026-05-29","561","FULL","850","-1.1627906976744187","AVOID","-","passive","FALSE","","EARLY SWEEP","2026-05-26","","3d","3","DOWNTREND","BEARISH","BEARISH","BEARISH","DOWNTREND DISCOUNT","SIDEWAYS","86.82","TRUE","TRUE","FALSE","LEADING","LEADING (Passive)","0.06","0.06","DRY / QUIET","0","100","41.38","15.26","16.79","17.78","895.74","980.84","990.38","1800","32635","1094","Supertrend bearish | RSI 41.4 lemah | Volume 0.06x | Lolos anti-crash ADX | RISEN SIDEWAYS","Full Grid (1-2-3-4)","100000000","980","955","945","935","0.1","0.2","0.3","0.4","102","209","317","427","1055","99836500","163500","946.32","946.31","905","1095","1205","1205","7.65","4.37","22.96","27.34","3","6.26"
"BKDP","2026-05-29","2026-05-29","561","FULL","125","0","HOLD","-","passive","FALSE","","BETA BREAKOUT","2026-05-25","","4d","4","UPTREND","BULLISH","BULLISH","BULLISH","UPTREND PREMIUM","NORMAL UPTREND","19.66","TRUE","TRUE","FALSE","LEADING","LEADING (Passive)","0","0","NO VOLUME","50","50","77.4","46.84","50.22","15.75","96.86","80.56","58.54","0","4901875","1092","Supertrend bullish | RSI 77.4 > 50 | Volume 0x | Lolos anti-crash ADX | RISEN NORMAL UPTREND","Full Grid (1-2-3-4)","100000000","114","78","70","57","0.1","0.2","0.3","0.4","877","2564","4285","7017","14743","99988900","11100","67.82","67.82","41","224","334","334","64.04","39.55","192.98","392.47","3.01","9.92"
"CAKK","2026-05-29","2026-05-29","561","FULL","153","-1.9230769230769231","AVOID","-","passive","FALSE","","EARLY SWEEP","2026-05-25","","4d","4","DOWNTREND","BEARISH","BEARISH","BEARISH","STRUCTURE + DISCOUNT","NORMAL DOWNTREND","41.49","TRUE","FALSE","FALSE","LEADING","LEADING (Passive)","0.11","0.11","DRY / QUIET","66.67","33.33","44.93","14.5","15.16","18.56","157.67","162.1","163.92","34300","319445","1092","Supertrend bearish | RSI 44.9 lemah | Volume 0.11x | Lolos anti-crash ADX | RISEN NORMAL DOWNTREND","Full Grid (1-2-3-4)","100000000","158","153","152","150","0.1","0.2","0.3","0.4","632","1307","1973","2666","6578","99962300","37700","151.96","151.97","147","175","193","193","6.96","3.27","22.15","27","3.18","8.27"
"CARS","2026-05-29","2026-05-29","561","FULL","92","1.098901098901099","HOLD","-","passive","FALSE","","SMART SNIPER","2026-05-25","Structure + Discount","4d","4","UPTREND","BULLISH","BEARISH","BEARISH","STRUCTURE + DISCOUNT","SIDEWAYS","20.13","TRUE","FALSE","FALSE","LEADING","LEADING (Passive)","0.52","0.52","DRY / QUIET","50","50","49.29","16.17","20.27","23.13","91.69","95.38","104.62","5199500","10066925","1092","Supertrend bullish | RSI 49.3 lemah | Volume 0.52x | Lolos anti-crash ADX | RISEN SIDEWAYS","Full Grid (1-2-3-4)","100000000","94","85","82","79","0.1","0.2","0.3","0.4","1063","2352","3658","5063","12136","99977500","22500","82.38","82.38","74","124","154","154","21.28","10.17","63.83","86.94","3","8.55"
"GRIA","2026-05-29","2026-05-29","561","FULL","138","-0.7194244604316548","HOLD","-","passive","FALSE","","SMART GAMMA","2026-05-25","","4d","4","UPTREND","BULLISH","BULLISH","BULLISH","UPTREND PREMIUM","NORMAL UPTREND","17.5","TRUE","TRUE","FALSE","LEADING","LEADING (Passive)","1","1","NORMAL","37.5","62.5","65.14","46.05","38.86","7.42","117.89","111.52","109.02","15956600","15929935","1092","Supertrend bullish | RSI 65.1 > 50 | Volume 1x | Lolos anti-crash ADX | RISEN NORMAL UPTREND","Full Grid (1-2-3-4)","100000000","156","123","115","104","0.1","0.2","0.3","0.4","641","1626","2608","3846","8721","99989800","10200","114.65","114.65","88","258","360","360","43.59","23.25","130.77","213.99","3","9.2"
"KREN","2026-05-29","2026-05-29","561","FULL","16","6.666666666666667","HOLD","-","passive","FALSE","","EARLY SWEEP","2026-05-25","","4d","4","UPTREND","BULLISH","BEARISH","BEARISH","STRUCTURE + DISCOUNT","NORMAL DOWNTREND","59.37","TRUE","FALSE","FALSE","LEADING","LEADING (Passive)","0.58","0.58","DRY / QUIET","100","0","50.76","25.73","27.64","26","15.69","16.64","17.26","13916700","23841325","1092","Supertrend bullish | RSI 50.8 > 50 | Volume 0.58x | Lolos anti-crash ADX | RISEN NORMAL DOWNTREND","Full Grid (1-2-3-4)","100000000","23","19","17","16","0.1","0.2","0.3","0.4","4347","10526","17647","25000","57520","99997400","2600","17.38","17.38","14","37","50","50","39.13","19.47","117.39","187.61","3","9.64"
"LAJU","2026-05-29","2026-05-29","561","FULL","69","-1.4285714285714286","HOLD","-","passive","FALSE","","SMART SNIPER","2026-05-25","Structure + Discount","4d","4","UPTREND","BEARISH","BEARISH","BEARISH","UPTREND DISCOUNT","NORMAL DOWNTREND","29","TRUE","FALSE","FALSE","LEADING","LEADING (Passive)","0.34","0.34","DRY / QUIET","66.67","33.33","42.87","20.11","25.46","25.97","74.54","78.42","74.61","10326700","30795410","1092","Supertrend bullish | RSI 42.9 lemah | Volume 0.34x | Lolos anti-crash ADX | RISEN NORMAL DOWNTREND","Full Grid (1-2-3-4)","100000000","77","66","63","59","0.1","0.2","0.3","0.4","1298","3030","4761","6779","15868","99983000","17000","63.01","63.01","53","113","149","149","31.17","15.89","93.51","136.47","3","8.59"
"MASB","2026-05-29","2026-05-29","561","FULL","3360","0.5988023952095809","HOLD","-","passive","FALSE","","SMART SNIPER","2026-05-25","Demand Structure","4d","4","UPTREND","BULLISH","BULLISH","BULLISH","DEMAND STRUCTURE","SIDEWAYS","0","FALSE","FALSE","FALSE","LEADING","LEADING (Passive)","1.32","1.32","EXPANSION","60","40","62.43","25.74","44.1","18.3","3273.46","3252.31","3265.09","11000","8350","1092","Supertrend bullish | RSI 62.4 > 50 | Volume valid 1.32x | Lolos anti-crash ADX | RISEN SIDEWAYS","Full Grid (1-2-3-4)","100000000","3350","3200","3160","3110","0.1","0.2","0.3","0.4","29","62","94","128","313","99067000","933000","3165.08","3165.51","3040","3820","4280","4280","9.25","3.95","27.76","35.23","3","8.91"
"MBSS","2026-05-29","2026-05-29","561","FULL","2460","0.40816326530612246","HOLD","-","passive","FALSE","","SMART GAMMA","2026-05-25","","4d","4","UPTREND","BULLISH","BULLISH","BULLISH","UPTREND","NORMAL UPTREND","44.43","TRUE","TRUE","FALSE","LEADING","LEADING (Passive)","0.67","0.67","DRY / QUIET","71.43","28.57","60.8","25.03","26.4","17.11","2230.53","2101.69","1838.19","3031300","4498560","1092","Supertrend bullish | RSI 60.8 > 50 | Volume 0.67x | Lolos anti-crash ADX | RISEN NORMAL UPTREND","Full Grid (1-2-3-4)","100000000","2480","2150","2070","1960","0.1","0.2","0.3","0.4","40","93","144","204","481","99707000","293000","2072.91","2073.16","1780","3530","4580","4580","28.23","14.13","84.68","120.95","3","8.56"
"SPMA","2026-05-29","2026-05-29","561","FULL","208","-0.9523809523809524","AVOID","-","passive","FALSE","","V-SHAPE","2026-05-25","","4d","4","DOWNTREND","BEARISH","BEARISH","BEARISH","STRUCTURE + DISCOUNT","SIDEWAYS","74.4","TRUE","FALSE","FALSE","LEADING","LEADING (Passive)","1.25","1.25","EXPANSION","25","75","46.29","16.72","16.67","15.86","210.05","215.38","247.01","583700","466750","1092","Supertrend bearish | RSI 46.3 lemah | Volume valid 1.25x | Lolos anti-crash ADX | RISEN SIDEWAYS","Full Grid (1-2-3-4)","100000000","212","208","206","204","0.1","0.2","0.3","0.4","471","961","1456","1960","4848","99951600","48400","206.17","206.17","200","230","232","232","5.66","2.99","9.43","12.53","1.67","4.19"
"ZYRX","2026-05-29","2026-05-29","561","FULL","136","0","AVOID","-","passive","FALSE","","V-SHAPE","2026-05-25","","4d","4","DOWNTREND","BEARISH","BEARISH","BEARISH","STRUCTURE + DISCOUNT","SIDEWAYS","73.76","TRUE","FALSE","FALSE","LEADING","LEADING (Passive)","0.81","0.81","NORMAL","62.5","37.5","41.61","22.22","14.53","24.44","139.24","143.92","148.59","556100","690385","1092","Supertrend bearish | RSI 41.6 lemah | Volume 0.81x | Lolos anti-crash ADX | RISEN SIDEWAYS","Full Grid (1-2-3-4)","100000000","137","132","131","129","0.1","0.2","0.3","0.4","729","1515","2290","3100","7634","99974300","25700","130.96","130.96","125","155","158","158","8.76","4.55","15.33","20.65","1.75","4.54"
"AMIN","2026-05-29","2026-05-29","561","FULL","266","4.724409448818897","AVOID","-","passive","FALSE","","EARLY SWEEP","2026-05-22","","7d","7","DOWNTREND","BULLISH","BULLISH","BULLISH","DEMAND STRUCTURE","NORMAL UPTREND","39.84","TRUE","TRUE","FALSE","LEADING","LEADING (Passive)","0.19","0.19","DRY / QUIET","100","0","57.34","20.93","24.51","26.88","249.71","248.6","235.23","89700","467320","1086","Supertrend bearish | RSI 57.3 > 50 | Volume 0.19x | Lolos anti-crash ADX | RISEN NORMAL UPTREND","Full Grid (1-2-3-4)","100000000","258","238","232","224","0.1","0.2","0.3","0.4","387","840","1293","1785","4305","99958200","41800","232.19","232.19","214","324","390","390","17.05","7.83","51.16","67.97","3","8.68"
"DGWG","2026-05-29","2026-05-29","321","FULL","334","-2.3391812865497075","AVOID","-","passive","FALSE","","EARLY SWEEP","2026-05-22","","7d","7","DOWNTREND","BEARISH","BEARISH","BEARISH","STRUCTURE + DISCOUNT","NORMAL DOWNTREND","61.75","TRUE","FALSE","FALSE","LEADING","LEADING (Passive)","1.1","1.1","NORMAL","0","100","38.62","17.58","15.72","25.38","354.97","371.19","387.66","11815700","10730695","1086","Supertrend bearish | RSI 38.6 lemah | Volume 1.1x | Lolos anti-crash ADX | RISEN NORMAL DOWNTREND","Full Grid (1-2-3-4)","100000000","468","392","374","348","0.1","0.2","0.3","0.4","213","510","802","1149","2674","99940400","59600","373.75","373.77","312","700","935","935","33.33","16.52","99.79","150.17","2.99","9.09"
"DOOH","2026-05-29","2026-05-29","561","FULL","143","5.9259259259259265","AVOID","-","passive","FALSE","","EARLY SWEEP","2026-05-22","","7d","7","DOWNTREND","BEARISH","BEARISH","BEARISH","STRUCTURE + DISCOUNT","NORMAL DOWNTREND","33.98","TRUE","FALSE","FALSE","LEADING","LEADING (Passive)","0.58","0.58","DRY / QUIET","53.33","46.67","44.84","24.9","15.99","21.64","151.14","159.35","167.84","30775500","53166435","1086","Supertrend bearish | RSI 44.8 lemah | Volume 0.58x | Lolos anti-crash ADX | RISEN NORMAL DOWNTREND","Full Grid (1-2-3-4)","100000000","157","136","131","124","0.1","0.2","0.3","0.4","636","1470","2290","3225","7621","99966200","33800","131.17","131.17","112","224","292","292","28.66","14.62","85.99","122.61","3","8.39"
"GEMA","2026-05-29","2026-05-29","561","FULL","85","-2.2988505747126435","AVOID","-","passive","FALSE","","EARLY SWEEP","2026-05-22","","7d","7","DOWNTREND","BEARISH","BEARISH","BEARISH","STRUCTURE + DISCOUNT","SIDEWAYS","80.06","TRUE","FALSE","FALSE","LEADING","LEADING (Passive)","0.39","0.39","DRY / QUIET","25","75","41.94","13.07","18.08","15.84","87.08","88.68","102.27","858300","2206695","1086","Supertrend bearish | RSI 41.9 lemah | Volume 0.39x | Lolos anti-crash ADX | RISEN SIDEWAYS","Full Grid (1-2-3-4)","100000000","89","87","87","86","0.1","0.2","0.3","0.4","1123","2298","3448","4651","11520","99983500","16500","86.79","86.79","84","97","98","98","5.62","3.22","10.11","12.91","1.8","4.02"
"HRTA","2026-05-29","2026-05-29","561","FULL","2490","5.063291139240507","AVOID","-","passive","FALSE","","V-SHAPE","2026-05-22","","7d","7","DOWNTREND","BEARISH","BEARISH","BULLISH","DOWNTREND PREMIUM","NORMAL UPTREND","36.9","TRUE","TRUE","FALSE","LEADING","LEADING (Passive)","0.89","0.89","NORMAL","100","0","47.92","26.07","19.05","29.39","2512.52","2553.08","1954.46","15106900","16888160","1086","Supertrend bearish | RSI 47.9 lemah | Volume 0.89x | Lolos anti-crash ADX | RISEN NORMAL UPTREND","Full Grid (1-2-3-4)","100000000","2330","2180","2140","2090","0.1","0.2","0.3","0.4","42","91","140","191","464","99503000","497000","2144.46","2144.84","1995","2830","3340","3340","14.38","6.97","43.35","55.75","3.01","8"
"IBFN","2026-05-29","2026-05-29","561","FULL","70","-5.405405405405405","HOLD","-","passive","FALSE","","V-SHAPE","2026-05-22","","7d","7","UPTREND","BEARISH","BEARISH","BEARISH","UPTREND DISCOUNT","NORMAL UPTREND","26.75","TRUE","TRUE","FALSE","LEADING","LEADING (Passive)","0.68","0.68","DRY / QUIET","0","100","44.97","25.75","24.46","43.78","74.5","83.11","79.47","517600","758565","1086","Supertrend bullish | RSI 45.0 lemah | Volume 0.68x | Lolos anti-crash ADX | RISEN NORMAL UPTREND","Full Grid (1-2-3-4)","100000000","62","57","56","54","0.1","0.2","0.3","0.4","1612","3508","5357","7407","17884","99987000","13000","55.91","55.91","51","79","90","90","17.74","8.78","45.16","60.98","2.55","6.95"
"ICBP","2026-05-29","2026-05-29","561","FULL","7100","3.272727272727273","HOLD","-","passive","FALSE","","EARLY SWEEP","2026-05-22","","7d","7","UPTREND","BULLISH","BEARISH","BEARISH","STRUCTURE + DISCOUNT","NORMAL DOWNTREND","56.2","TRUE","FALSE","FALSE","LEADING","LEADING (Passive)","0.94","0.94","NORMAL","100","0","53.7","21.19","19.01","18.23","6942.56","7155.85","8256.66","5779000","6136590","1086","Supertrend bullish | RSI 53.7 > 50 | Volume 0.94x | Lolos anti-crash ADX | RISEN NORMAL DOWNTREND","Full Grid (1-2-3-4)","100000000","8375","7800","7675","7475","0.1","0.2","0.3","0.4","11","25","39","53","128","98262500","1737500","7676.76","7681.61","7175","10175","11975","11975","14.33","6.54","42.99","55.99","3","8.57"
"MDKA","2026-05-29","2026-05-29","561","FULL","2590","-4.779411764705882","HOLD","-","passive","FALSE","","V-SHAPE","2026-05-22","","7d","7","UPTREND","BEARISH","BEARISH","BEARISH","STRUCTURE + DISCOUNT","NORMAL DOWNTREND","17.5","TRUE","FALSE","FALSE","LEADING","LEADING (Passive)","0.87","0.87","NORMAL","14.29","85.71","41.02","24.38","20.15","28.79","2840.24","3018.03","2772.38","109020800","125631035","1086","Supertrend bullish | RSI 41.0 lemah | Volume 0.87x | Lolos anti-crash ADX | RISEN NORMAL DOWNTREND","Full Grid (1-2-3-4)","100000000","2720","2440","2370","2270","0.1","0.2","0.3","0.4","36","81","126","176","419","99370000","630000","2371.6","2372.33","2100","3650","4580","4580","22.79","11.45","68.38","93.12","3","8.13"
"PSAB","2026-05-29","2026-05-29","561","FULL","476","1.7094017094017095","HOLD","-","passive","FALSE","","V-SHAPE","2026-05-22","","7d","7","UPTREND","BEARISH","BEARISH","BEARISH","STRUCTURE + DISCOUNT","NORMAL DOWNTREND","17.5","TRUE","FALSE","FALSE","LEADING","LEADING (Passive)","1.15","1.15","NORMAL","8.33","91.67","47.88","19.39","28.42","26.52","479.94","506.03","504.68","90810800","78995250","1086","Supertrend bullish | RSI 47.9 lemah | Volume 1.15x | Lolos anti-crash ADX | RISEN NORMAL DOWNTREND","Full Grid (1-2-3-4)","100000000","426","394","386","374","0.1","0.2","0.3","0.4","234","507","777","1069","2587","99917000","83000","386.23","386.24","352","535","650","650","17.37","8.86","52.58","68.29","3.03","7.71"
"PUDP","2026-05-29","2026-05-29","561","FULL","350","15.894039735099339","AVOID","-","passive","FALSE","","EARLY SWEEP","2026-05-22","","7d","7","DOWNTREND","BULLISH","BEARISH","BEARISH","STRUCTURE + DISCOUNT","SIDEWAYS","32.9","TRUE","FALSE","FALSE","LEADING","LEADING (Passive)","0.25","0.25","DRY / QUIET","100","0","56.12","14.91","20.72","22.05","325.86","351.44","450.3","166900","665065","1086","Supertrend bearish | RSI 56.1 > 50 | Volume 0.25x | Lolos anti-crash ADX | RISEN SIDEWAYS","Full Grid (1-2-3-4)","100000000","348","324","318","310","0.1","0.2","0.3","0.4","287","617","943","1290","3137","99955800","44200","318.64","318.64","294","430","510","510","15.52","7.73","46.55","60.06","3","7.77"
"RSCH","2026-05-29","2026-05-29","561","FULL","266","-1.4814814814814816","AVOID","-","passive","FALSE","","V-SHAPE","2026-05-22","","7d","7","DOWNTREND","BEARISH","BEARISH","BEARISH","STRUCTURE + DISCOUNT","NORMAL DOWNTREND","42.77","TRUE","FALSE","FALSE","LEADING","LEADING (Passive)","0.26","0.26","DRY / QUIET","0","100","42","10.66","14.34","13.45","277.91","305.91","354.17","6154700","23495010","1086","Supertrend bearish | RSI 42.0 lemah | Volume 0.26x | Lolos anti-crash ADX | RISEN NORMAL DOWNTREND","Full Grid (1-2-3-4)","100000000","260","254","252","250","0.1","0.2","0.3","0.4","384","787","1190","1600","3961","99961800","38200","252.37","252.37","244","284","312","312","6.15","3.31","20","23.63","3.25","7.13"
"SINI","2026-05-29","2026-05-29","561","FULL","12325","9.799554565701559","HOLD","-","passive","FALSE","","V-SHAPE","2026-05-22","","7d","7","UPTREND","BULLISH","BEARISH","BULLISH","UPTREND PREMIUM","NORMAL UPTREND","12.95","TRUE","TRUE","FALSE","LEADING","LEADING (Passive)","1.45","1.45","EXPANSION","100","0","50.73","23.16","37.4","40.05","11910.13","12640.02","10312.59","1743700","1206310","1086","Supertrend bullish | RSI 50.7 > 50 | Volume valid 1.45x | Lolos anti-crash ADX | RISEN NORMAL UPTREND","Full Grid (1-2-3-4)","100000000","9300","8775","8650","8475","0.1","0.2","0.3","0.4","10","22","34","47","113","97847500","2152500","8659.07","8663.68","8075","11150","12975","12975","13.17","6.75","39.52","49.84","3","7.39"
"TFAS","2026-05-29","2026-05-29","561","FULL","214","0","AVOID","-","passive","FALSE","","V-SHAPE","2026-05-22","","7d","7","DOWNTREND","BEARISH","BEARISH","BEARISH","STRUCTURE + DISCOUNT","SIDEWAYS","100","TRUE","FALSE","FALSE","LEADING","LEADING (Passive)","0.1","0.1","DRY / QUIET","66.67","33.33","45.56","19.64","17.74","12.57","216.95","222.33","219.93","33100","331815","1086","Supertrend bearish | RSI 45.6 lemah | Volume 0.1x | Lolos anti-crash ADX | RISEN SIDEWAYS","Full Grid (1-2-3-4)","100000000","212","206","204","202","0.1","0.2","0.3","0.4","471","970","1470","1980","4891","99951200","48800","204.36","204.36","196","236","256","256","7.55","4.09","20.75","25.27","2.75","6.18"
"TRIS","2026-05-29","2026-05-29","561","FULL","172","0.5847953216374269","AVOID","-","passive","FALSE","","V-SHAPE","2026-05-22","","7d","7","DOWNTREND","BEARISH","BEARISH","BEARISH","STRUCTURE + DISCOUNT","SIDEWAYS","61.2","TRUE","FALSE","FALSE","LEADING","LEADING (Passive)","0.16","0.16","DRY / QUIET","62.5","37.5","40.26","15.52","17.99","16.84","177.05","180.84","184.67","167800","1020110","1086","Supertrend bearish | RSI 40.3 lemah | Volume 0.16x | Lolos anti-crash ADX | RISEN SIDEWAYS","Full Grid (1-2-3-4)","100000000","170","166","165","164","0.1","0.2","0.3","0.4","588","1204","1818","2439","6049","99979000","21000","165.28","165.28","160","185","204","204","5.88","3.2","20","23.43","3.4","7.33"
"VINS","2026-05-29","2026-05-29","561","FULL","148","0","AVOID","-","passive","FALSE","","EARLY SWEEP","2026-05-22","","7d","7","DOWNTREND","BEARISH","BEARISH","BEARISH","STRUCTURE + DISCOUNT","NORMAL DOWNTREND","79.8","TRUE","FALSE","FALSE","LEADING","LEADING (Passive)","0.2","0.2","DRY / QUIET","0","100","40.91","15.72","15.89","19.92","155.84","163.55","159.59","76600","384510","1086","Supertrend bearish | RSI 40.9 lemah | Volume 0.2x | Lolos anti-crash ADX | RISEN NORMAL DOWNTREND","Full Grid (1-2-3-4)","100000000","232","188","178","163","0.1","0.2","0.3","0.4","431","1063","1685","2453","5632","99960500","39500","177.49","177.49","140","370","510","510","39.66","21.12","119.83","187.35","3.02","8.87"
"ALKA","2026-05-29","2026-05-29","561","FULL","550","14.107883817427386","AVOID","-","passive","FALSE","","V-SHAPE","2026-05-21","","8d","8","DOWNTREND","BEARISH","BEARISH","BULLISH","STRUCTURE + DISCOUNT","NORMAL DOWNTREND","44.62","TRUE","FALSE","FALSE","LEADING","LEADING (Passive)","1.35","1.35","EXPANSION","68.35","31.65","47.49","11.79","28.61","17.08","560.21","598.61","500.86","874200","648165","1084","Supertrend bearish | RSI 47.5 lemah | Volume valid 1.35x | Lolos anti-crash ADX | RISEN NORMAL DOWNTREND","Full Grid (1-2-3-4)","100000000","486","460","452","444","0.1","0.2","0.3","0.4","205","434","663","900","2202","99854600","145400","453.47","453.48","416","590","695","695","14.4","8.26","43","53.26","2.99","6.45"
"APLI","2026-05-29","2026-05-29","561","FULL","262","0","HOLD","-","passive","FALSE","","SMART SNIPER","2026-05-21","Structure + Discount","8d","8","UPTREND","BULLISH","BULLISH","BEARISH","UPTREND DISCOUNT","SIDEWAYS","51.85","TRUE","FALSE","FALSE","LEADING","LEADING (Passive)","0.4","0.4","DRY / QUIET","100","0","56.87","34.33","30.18","13.45","244.42","259.57","361.31","269100","667495","1084","Supertrend bullish | RSI 56.9 > 50 | Volume 0.4x | Lolos anti-crash ADX | RISEN SIDEWAYS","Full Grid (1-2-3-4)","100000000","272","236","228","216","0.1","0.2","0.3","0.4","367","847","1315","1851","4380","99935200","64800","228.16","228.17","193","390","424","424","29.04","15.41","55.88","85.83","1.92","5.57"
"BMAS","2026-05-29","2026-05-29","561","FULL","498","-0.4","HOLD","-","passive","FALSE","","SMART SNIPER","2026-05-21","Structure + Discount","8d","8","UPTREND","NEUTRAL","BEARISH","BEARISH","STRUCTURE + DISCOUNT","SIDEWAYS","43.29","TRUE","FALSE","FALSE","LEADING","LEADING (Passive)","0.59","0.59","DRY / QUIET","0","100","49.54","42.57","26.92","10.76","497.6","507.66","567.99","16200","27525","1084","Supertrend bullish | RSI 49.5 lemah | Volume 0.59x | Lolos anti-crash ADX | RISEN SIDEWAYS","Full Grid (1-2-3-4)","100000000","498","480","474","468","0.1","0.2","0.3","0.4","200","416","632","854","2102","99852000","148000","475.03","475.04","456","560","625","625","8.43","4.01","25.5","31.57","3.02","7.88"
"BOBA","2026-05-29","2026-05-29","561","FULL","300","20.967741935483872","HOLD","-","passive","FALSE","","BETA BREAKOUT","2026-05-21","","8d","8","UPTREND","BULLISH","BULLISH","BULLISH","UPTREND PREMIUM","NORMAL UPTREND","56.52","TRUE","TRUE","FALSE","LEADING","LEADING (Passive)","0.69","0.69","DRY / QUIET","84.38","15.63","57.06","30.96","34.69","18.45","263.35","234.22","198.35","5167700","7474120","1084","Supertrend bullish | RSI 57.1 > 50 | Volume 0.69x | Lolos anti-crash ADX | RISEN NORMAL UPTREND","Full Grid (1-2-3-4)","100000000","316","238","218","193","0.1","0.2","0.3","0.4","316","840","1376","2072","4604","99964000","36000","217.12","217.13","152","560","810","810","51.9","29.99","156.33","273.06","3.01","9.1"
"BPFI","2026-05-29","2026-05-29","561","FULL","268","1.5151515151515151","HOLD","-","passive","FALSE","","EARLY SWEEP","2026-05-21","","8d","8","UPTREND","BULLISH","BEARISH","BEARISH","STRUCTURE + DISCOUNT","SIDEWAYS","58.89","TRUE","FALSE","FALSE","LEADING","LEADING (Passive)","0.5","0.5","DRY / QUIET","85.71","14.29","49.68","20.28","24.79","16.88","267.3","272.8","298.2","124100","249435","1084","Supertrend bullish | RSI 49.7 lemah | Volume 0.5x | Lolos anti-crash ADX | RISEN SIDEWAYS","Full Grid (1-2-3-4)","100000000","358","304","290","272","0.1","0.2","0.3","0.4","279","657","1034","1470","3440","99931000","69000","290.5","290.5","244","530","700","700","31.84","16.01","95.53","140.97","3","8.81"
"HBAT","2026-05-29","2026-05-29","561","FULL","500","-0.9900990099009901","HOLD","-","passive","FALSE","","BETA BREAKOUT","2026-05-21","","8d","8","UPTREND","BULLISH","BULLISH","BULLISH","UPTREND PREMIUM","NORMAL UPTREND","35.61","TRUE","TRUE","FALSE","LEADING","LEADING (Passive)","0.88","0.88","NORMAL","74.58","25.42","64.81","23.96","26.73","15.23","443.12","412.54","307.82","2785500","3182025","1084","Supertrend bullish | RSI 64.8 > 50 | Volume 0.88x | Lolos anti-crash ADX | RISEN NORMAL UPTREND","Full Grid (1-2-3-4)","100000000","470","414","400","382","0.1","0.2","0.3","0.4","212","483","750","1047","2492","99955600","44400","401.11","401.13","350","650","830","830","25.53","12.74","76.6","106.93","3","8.39"
"VOKS","2026-05-29","2026-05-29","561","FULL","216","4.854368932038835","AVOID","-","passive","FALSE","","V-SHAPE","2026-05-21","","8d","8","DOWNTREND","BEARISH","BEARISH","BEARISH","STRUCTURE + DISCOUNT","SIDEWAYS","60","TRUE","FALSE","FALSE","LEADING","LEADING (Passive)","0.2","0.2","DRY / QUIET","55.56","44.44","49.06","43.17","30.56","7.48","216.76","220.13","232.3","85000","415865","1084","Supertrend bearish | RSI 49.1 lemah | Volume 0.2x | Lolos anti-crash ADX | RISEN SIDEWAYS","Full Grid (1-2-3-4)","100000000","220","212","210","208","0.1","0.2","0.3","0.4","454","943","1428","1923","4748","99966000","34000","210.54","210.54","200","250","280","280","9.09","5.01","27.27","32.99","3","6.59"
"ARKA","2026-05-29","2026-05-29","561","FULL","32","3.225806451612903","AVOID","-","passive","FALSE","","V-SHAPE","2026-05-20","","9d","9","DOWNTREND","BULLISH","NEUTRAL","BULLISH","STRUCTURE + DISCOUNT","SIDEWAYS","52.5","TRUE","FALSE","FALSE","LEADING","LEADING (Passive)","0.87","0.87","NORMAL","100","0","53.42","30.7","16.78","30.42","31.1","32.03","31.69","2389000","2744190","1082","Supertrend bearish | RSI 53.4 > 50 | Volume 0.87x | Crash filter aktif | RISEN SIDEWAYS","Full Grid (1-2-3-4)","100000000","32","31","31","30","0.1","0.2","0.3","0.4","3125","6451","9677","13333","32586","99995800","4200","30.69","30.69","30","35","39","39","6.25","2.24","21.88","27.09","3.5","12.11"
"HOKI","2026-05-29","2026-05-29","561","FULL","62","1.639344262295082","AVOID","-","passive","FALSE","","V-SHAPE","2026-05-20","","9d","9","DOWNTREND","BEARISH","BEARISH","BEARISH","STRUCTURE + DISCOUNT","NORMAL DOWNTREND","31.77","TRUE","FALSE","FALSE","LEADING","LEADING (Passive)","0.42","0.42","DRY / QUIET","100","0","39.59","21.69","11.51","21.78","63.92","66.54","76.5","7593200","18015375","1082","Supertrend bearish | RSI 39.6 lemah | Volume 0.42x | Lolos anti-crash ADX | RISEN NORMAL DOWNTREND","Full Grid (1-2-3-4)","100000000","63","62","61","61","0.1","0.2","0.3","0.4","1587","3225","4918","6557","16287","99990600","9400","61.39","61.39","59","71","73","73","6.35","3.9","15.87","18.91","2.5","4.85"
"IDPR","2026-05-29","2026-05-29","561","FULL","300","0","AVOID","-","passive","FALSE","","EARLY SWEEP","2026-05-20","","9d","9","DOWNTREND","NEUTRAL","NEUTRAL","BULLISH","STRUCTURE + DISCOUNT","SIDEWAYS","37.48","TRUE","FALSE","FALSE","LEADING","LEADING (Passive)","1.43","1.43","EXPANSION","0","100","48.5","21.38","14.58","20.94","300.53","300.27","287.14","93100","65210","1082","Supertrend bearish | RSI 48.5 lemah | Volume valid 1.43x | Lolos anti-crash ADX | RISEN SIDEWAYS","Full Grid (1-2-3-4)","100000000","302","284","278","272","0.1","0.2","0.3","0.4","331","704","1079","1470","3584","99970000","30000","278.93","278.93","262","362","422","422","13.25","6.07","39.74","51.29","3","8.45"
"IPCM","2026-05-29","2026-05-29","561","FULL","324","0","HOLD","-","passive","FALSE","","V-SHAPE","2026-05-20","","9d","9","UPTREND","BEARISH","BEARISH","BULLISH","STRUCTURE + DISCOUNT","SIDEWAYS","84.7","TRUE","FALSE","FALSE","LEADING","LEADING (Passive)","0.64","0.64","DRY / QUIET","33.33","66.67","47.04","17.32","16.44","15.25","325.33","328.19","321.37","645400","1003720","1082","Supertrend bullish | RSI 47.0 lemah | Volume 0.64x | Lolos anti-crash ADX | RISEN SIDEWAYS","Full Grid (1-2-3-4)","100000000","324","320","320","318","0.1","0.2","0.3","0.4","308","625","937","1257","3127","99935800","64200","319.59","319.59","314","344","348","348","3.09","1.75","7.41","8.89","2.4","5.08"
"PTPW","2026-05-29","2026-05-29","561","FULL","940","0.53475935828877","AVOID","-","passive","FALSE","","EARLY SWEEP","2026-05-20","","9d","9","DOWNTREND","BEARISH","BEARISH","BEARISH","STRUCTURE + DISCOUNT","NORMAL UPTREND","41.44","TRUE","TRUE","FALSE","LEADING","LEADING (Passive)","0.11","0.11","DRY / QUIET","50","50","44.2","13.94","29.5","28.55","945.46","957.18","959.51","11000","104190","1082","Supertrend bearish | RSI 44.2 lemah | Volume 0.11x | Lolos anti-crash ADX | RISEN NORMAL UPTREND","Full Grid (1-2-3-4)","100000000","1000","985","980","970","0.1","0.2","0.3","0.4","100","203","306","412","1021","99947500","52500","978.92","978.91","965","1055","1160","1160","3.5","1.42","16","18.5","4.57","13.01"
"SURE","2026-05-29","2026-05-29","561","FULL","2620","1.1583011583011582","HOLD","-","passive","FALSE","","BETA BREAKOUT + V-SHAPE","2026-05-20","","9d","9","UPTREND","BEARISH","BEARISH","BEARISH","UPTREND DISCOUNT","SIDEWAYS","44.09","TRUE","FALSE","FALSE","LEADING","LEADING (Passive)","0.03","0.03","DRY / QUIET","0","100","49.1","15.19","25.28","17.99","2631.75","2672.23","2688.88","400","14350","1082","Supertrend bullish | RSI 49.1 lemah | Volume 0.03x | Lolos anti-crash ADX | RISEN SIDEWAYS","Full Grid (1-2-3-4)","100000000","2960","2650","2570","2460","0.1","0.2","0.3","0.4","33","75","116","162","386","99307000","693000","2572.72","2573.42","2290","3970","4970","4970","22.64","10.99","67.91","93.18","3","8.48"
"BRIS","2026-05-29","2026-05-29","561","FULL","1980","2.5906735751295336","HOLD","-","passive","FALSE","","V-SHAPE","2026-05-19","","10d","10","UPTREND","BULLISH","NEUTRAL","BEARISH","UPTREND DISCOUNT","NORMAL DOWNTREND","48.79","TRUE","FALSE","FALSE","LEADING","LEADING (Passive)","1.25","1.25","EXPANSION","100","0","56.34","21.84","22.22","20.89","1882.68","1980.14","2272.83","35759700","28720500","1080","Supertrend bullish | RSI 56.3 > 50 | Volume valid 1.25x | Lolos anti-crash ADX | RISEN NORMAL DOWNTREND","Full Grid (1-2-3-4)","100000000","1770","1735","1725","1715","0.1","0.2","0.3","0.4","56","115","173","233","577","99666500","333500","1727.32","1727.35","1685","2190","2330","2330","4.8","2.45","31.64","34.89","6.59","14.24"
"EMTK","2026-05-29","2026-05-29","561","FULL","615","-6.106870229007633","AVOID","-","passive","FALSE","","G ACC","2025-12-10","","170d","170","DOWNTREND","BEARISH","BEARISH","BEARISH","DOWNTREND DISCOUNT","CRASH / SELL-OFF","0","FALSE","FALSE","TRUE","LAGGING","LAGGARD (Passive)","2.6","2.6","VOLUME SURGE","0","100","22.92","30.05","13.21","37.26","730.67","797.08","900.28","83031400","31951510","1080","Supertrend bearish | RSI 22.9 lemah | Volume valid 2.6x | Crash filter aktif | RISEN CRASH / SELL-OFF","Full Grid (1-2-3-4)","100000000","1420","1290","1255","1210","0.1","0.2","0.3","0.4","70","155","239","330","794","99859500","140500","1257.68","1257.73","1140","1840","2260","2260","19.72","9.36","59.15","79.7","3","8.52"
"KEJU","2026-05-29","2026-05-29","561","FULL","600","4.3478260869565215","HOLD","-","passive","FALSE","","SMART SNIPER + V-SHAPE","2026-05-19","Structure + Discount","10d","10","UPTREND","BULLISH","BULLISH","BEARISH","UPTREND DISCOUNT","NORMAL UPTREND","0","FALSE","TRUE","FALSE","LEADING","LEADING (Passive)","1.46","1.46","EXPANSION","100","0","66.58","15.4","19.61","12.34","560.29","560.34","635.19","513500","350615","1080","Supertrend bullish | RSI 66.6 > 50 | Volume valid 1.46x | Lolos anti-crash ADX | RISEN NORMAL UPTREND","Full Grid (1-2-3-4)","100000000","555","545","540","535","0.1","0.2","0.3","0.4","180","366","555","747","1848","99871500","128500","540.43","540.43","525","600","605","605","5.41","2.86","9.01","11.95","1.67","4.18"
"LUCK","2026-05-29","2026-05-29","561","FULL","112","1.8181818181818181","AVOID","-","passive","FALSE","","V-SHAPE","2026-05-19","","10d","10","DOWNTREND","BULLISH","BULLISH","BULLISH","STRUCTURE + DISCOUNT","SIDEWAYS","60.93","TRUE","FALSE","FALSE","LEADING","LEADING (Passive)","0.09","0.09","DRY / QUIET","66.67","33.33","51.58","28","21.34","13.43","110.7","110.26","105.21","2040500","21499805","1080","Supertrend bearish | RSI 51.6 > 50 | Volume 0.09x | Lolos anti-crash ADX | RISEN SIDEWAYS","Full Grid (1-2-3-4)","100000000","118","112","111","109","0.1","0.2","0.3","0.4","847","1785","2702","3669","9003","99970900","29100","111.04","111.04","104","139","160","160","11.86","6.34","35.59","44.09","3","6.95"
"SQMI","2026-05-29","2026-05-29","561","FULL","44","-6.382978723404255","AVOID","-","passive","FALSE","","EARLY SWEEP","2026-05-19","","10d","10","DOWNTREND","BEARISH","BEARISH","BEARISH","STRUCTURE + DISCOUNT","SIDEWAYS","22.25","TRUE","FALSE","FALSE","LEADING","LEADING (Passive)","1.37","1.37","EXPANSION","0","100","38.86","34.19","19.14","42.11","48.22","51.47","47.93","5788000","4216235","1080","Supertrend bearish | RSI 38.9 lemah | Volume valid 1.37x | Crash filter aktif | RISEN SIDEWAYS","Full Grid (1-2-3-4)","100000000","48","44","43","42","0.1","0.2","0.3","0.4","2083","4545","6976","9523","23127","99989800","10200","43.24","43.24","40","60","72","72","16.67","7.48","50","66.53","3","8.89"
"CANI","2026-05-29","2026-05-29","561","FULL","143","3.6231884057971016","AVOID","-","passive","FALSE","","EARLY SWEEP","2026-05-18","","11d","11","DOWNTREND","BEARISH","BEARISH","BULLISH","STRUCTURE + DISCOUNT","SIDEWAYS","70.52","TRUE","FALSE","FALSE","LEADING","LEADING (Passive)","0.1","0.1","DRY / QUIET","36.36","63.64","47.65","14.47","29.48","38.54","147.73","153.95","125.59","42600","423110","1078","Supertrend bearish | RSI 47.6 lemah | Volume 0.1x | Lolos anti-crash ADX | RISEN SIDEWAYS","Full Grid (1-2-3-4)","100000000","57","50","48","45","0.1","0.2","0.3","0.4","1754","4000","6250","8888","20892","99993800","6200","47.86","47.86","42","80","102","102","26.32","12.25","78.95","113.11","3","9.23"
"SCMA","2026-05-29","2026-05-29","561","FULL","226","-0.8771929824561403","AVOID","-","passive","FALSE","","EARLY SWEEP","2026-05-18","","11d","11","DOWNTREND","BEARISH","BEARISH","BEARISH","STRUCTURE + DISCOUNT","NORMAL DOWNTREND","67.52","TRUE","FALSE","FALSE","LEADING","LEADING (Passive)","0.58","0.58","DRY / QUIET","60","40","36.14","26.18","14.1","27.62","243.56","259.62","278.19","22628600","39068380","1078","Supertrend bearish | RSI 36.1 lemah | Volume 0.58x | Lolos anti-crash ADX | RISEN NORMAL DOWNTREND","Full Grid (1-2-3-4)","100000000","308","262","252","236","0.1","0.2","0.3","0.4","324","763","1190","1694","3971","99936200","63800","251.67","251.67","212","452","595","595","31.17","15.76","93.18","136.43","2.99","8.66"
"GUNA","2026-05-29","2026-05-29","449","FULL","182","-8.080808080808081","AVOID","-","passive","FALSE","","SMART GAMMA","2025-12-08","","172d","172","DOWNTREND","BEARISH","BEARISH","BEARISH","DOWNTREND DISCOUNT","CRASH / SELL-OFF","0","FALSE","FALSE","TRUE","LAGGING","LAGGARD (Passive)","6.11","6.11","VOLUME SURGE","0","100","30.25","25.57","9.46","21.8","206.16","217.78","245.76","4064100","665350","1076","Supertrend bearish | RSI 30.3 lemah | Volume valid 6.11x | Lolos anti-crash ADX | RISEN CRASH / SELL-OFF","Full Grid (1-2-3-4)","100000000","290","282","280","278","0.1","0.2","0.3","0.4","344","709","1071","1438","3562","99934200","65800","280.56","280.56","272","318","350","350","6.21","3.05","20.69","24.75","3.33","8.12"
"MTEL","2026-05-29","2026-05-29","561","FULL","520","4","AVOID","-","passive","FALSE","","V-SHAPE","2026-05-05","","24d","24","DOWNTREND","BULLISH","BEARISH","BEARISH","STRUCTURE + DISCOUNT","NORMAL DOWNTREND","0","FALSE","FALSE","TRUE","LEADING","LEADING (Passive)","2.35","2.35","VOLUME SURGE","100","0","54.98","20.76","15.46","14.7","511.95","521.92","559.53","25249900","10723815","1072","Supertrend bearish | RSI 55.0 > 50 | Volume valid 2.35x | Lolos anti-crash ADX | RISEN NORMAL DOWNTREND","Full Grid (1-2-3-4)","100000000","510","505","505","500","0.1","0.2","0.3","0.4","196","396","594","800","1986","99991000","9000","503.48","503.48","498","545","550","550","2.35","1.09","7.84","9.24","3.33","8.49"
"BANK","2026-05-29","2026-05-29","561","FULL","238","-14.388489208633093","AVOID","-","passive","FALSE","","SMART GAMMA","2025-12-04","","176d","176","DOWNTREND","BEARISH","BEARISH","BEARISH","DOWNTREND DISCOUNT","CRASH / SELL-OFF","0","FALSE","FALSE","TRUE","LAGGING","LAGGARD (Passive)","4.55","4.55","VOLUME SURGE","0","100","21.24","35.99","11.16","42.82","425.85","502.41","682.33","85290900","18755090","1068","Supertrend bearish | RSI 21.2 lemah | Volume valid 4.55x | Crash filter aktif | RISEN CRASH / SELL-OFF","Full Grid (1-2-3-4)","100000000","970","895","875","850","0.1","0.2","0.3","0.4","103","223","342","470","1138","99824500","175500","877.19","877.19","815","1205","1435","1435","15.98","7.09","47.94","63.59","3","8.97"
"KINO","2026-05-29","2026-05-29","561","FULL","1150","0","HOLD","-","passive","FALSE","","SMART SNIPER","2026-05-13","Structure + Discount","16d","16","UPTREND","BULLISH","NEUTRAL","BEARISH","UPTREND DISCOUNT","SIDEWAYS","100","TRUE","FALSE","FALSE","LEADING","LEADING (Passive)","0.24","0.24","DRY / QUIET","0","100","55.28","10.31","15.01","12.06","1128.93","1149.14","1195.36","6500","27590","1068","Supertrend bullish | RSI 55.3 > 50 | Volume 0.24x | Lolos anti-crash ADX | RISEN SIDEWAYS","Full Grid (1-2-3-4)","100000000","1155","1125","1115","1105","0.1","0.2","0.3","0.4","86","177","269","361","893","99729500","270500","1116.79","1116.81","1080","1270","1395","1395","6.49","3.29","20.78","24.91","3.2","7.56"
"MRAT","2026-05-29","2026-05-29","561","FULL","450","1.809954751131222","HOLD","-","passive","FALSE","","SMART GAMMA","2026-05-13","","16d","16","UPTREND","BULLISH","BULLISH","BULLISH","STRUCTURE + DISCOUNT","NORMAL UPTREND","93.1","TRUE","TRUE","FALSE","LEADING","LEADING (Passive)","1.04","1.04","NORMAL","100","0","61.43","16.58","22.1","21.74","431.26","430.8","405.31","404700","387435","1068","Supertrend bullish | RSI 61.4 > 50 | Volume 1.04x | Lolos anti-crash ADX | RISEN NORMAL UPTREND","Full Grid (1-2-3-4)","100000000","440","418","412","404","0.1","0.2","0.3","0.4","227","478","728","990","2423","99958000","42000","412.54","412.54","392","510","585","585","10.91","4.98","32.95","41.81","3.02","8.4"
"NASA","2026-05-29","2026-05-29","561","FULL","37","0","AVOID","-","passive","FALSE","","SMART SNIPER","2026-05-13","Structure + Discount","16d","16","DOWNTREND","BEARISH","BEARISH","BULLISH","STRUCTURE + DISCOUNT","SIDEWAYS","57.89","TRUE","FALSE","FALSE","LEADING","LEADING (Passive)","0.64","0.64","DRY / QUIET","100","0","47.69","15.98","28.25","38.34","37.45","38.17","35.42","794600","1245310","1068","Supertrend bearish | RSI 47.7 lemah | Volume 0.64x | Lolos anti-crash ADX | RISEN SIDEWAYS","Full Grid (1-2-3-4)","100000000","39","38","37","37","0.1","0.2","0.3","0.4","2564","5263","8108","10810","26745","99995600","4400","37.39","37.39","36","44","48","48","7.69","3.71","23.08","28.38","3","7.64"
"PGJO","2026-05-29","2026-05-29","561","FULL","885","8.588957055214724","HOLD","-","passive","FALSE","","SMART GAMMA","2026-05-13","","16d","16","UPTREND","BULLISH","BULLISH","BULLISH","UPTREND","SIDEWAYS","40.54","TRUE","FALSE","FALSE","LEADING","LEADING (Passive)","0.34","0.34","DRY / QUIET","100","0","58.95","25.45","45.56","26.31","803.73","787.93","797.09","124000","366945","1068","Supertrend bullish | RSI 59.0 > 50 | Volume 0.34x | Lolos anti-crash ADX | RISEN SIDEWAYS","Full Grid (1-2-3-4)","100000000","880","705","660","600","0.1","0.2","0.3","0.4","113","283","454","666","1516","99819500","180500","658.44","658.53","515","1430","1975","1975","41.48","21.78","124.43","199.95","3","9.18"
"TOTO","2026-05-29","2026-05-29","561","FULL","246","-2.380952380952381","AVOID","-","passive","FALSE","","EARLY SWEEP","2026-05-13","","16d","16","DOWNTREND","BEARISH","BEARISH","BEARISH","DOWNTREND DISCOUNT","NORMAL DOWNTREND","49.28","TRUE","FALSE","FALSE","LEADING","LEADING (Passive)","0.48","0.48","DRY / QUIET","0","100","35.23","33.5","11.41","21.05","256.47","263.63","262.49","748700","1558620","1068","Supertrend bearish | RSI 35.2 lemah | Volume 0.48x | Crash filter aktif | RISEN NORMAL DOWNTREND","Full Grid (1-2-3-4)","100000000","282","258","252","242","0.1","0.2","0.3","0.4","354","775","1190","1652","3971","99944200","55800","251.69","251.69","230","360","438","438","18.44","8.62","55.32","74.03","3","8.59"
"VRNA","2026-05-29","2026-05-29","561","FULL","82","3.79746835443038","HOLD","-","passive","FALSE","","SMART SNIPER + V-SHAPE","2026-05-13","Demand Structure","16d","16","UPTREND","BULLISH","BULLISH","BEARISH","STRUCTURE + DISCOUNT","SIDEWAYS","72.03","TRUE","FALSE","FALSE","LEADING","LEADING (Passive)","0.13","0.13","DRY / QUIET","66.67","33.33","56.18","30.19","19.65","10.15","79.86","79.86","82.21","97100","754030","1068","Supertrend bullish | RSI 56.2 > 50 | Volume 0.13x | Lolos anti-crash ADX | RISEN SIDEWAYS","Full Grid (1-2-3-4)","100000000","83","77","76","74","0.1","0.2","0.3","0.4","1204","2597","3947","5405","13153","99984300","15700","76.02","76.02","70","103","122","122","15.66","7.91","46.99","60.49","3","7.64"
"AMMS","2026-05-29","2026-05-29","561","FULL","376","-0.5291005291005291","AVOID","-","passive","FALSE","","V-SHAPE","2026-05-12","","17d","17","DOWNTREND","BEARISH","BEARISH","BULLISH","STRUCTURE + DISCOUNT","SIDEWAYS","81.39","TRUE","FALSE","FALSE","LEADING","LEADING (Passive)","0.32","0.32","DRY / QUIET","93.33","6.67","44.2","21.22","10.65","17.59","383.51","397.93","352.33","102800","318180","1066","Supertrend bearish | RSI 44.2 lemah | Volume 0.32x | Lolos anti-crash ADX | RISEN SIDEWAYS","Full Grid (1-2-3-4)","100000000","390","370","364","356","0.1","0.2","0.3","0.4","256","540","824","1123","2743","99936400","63600","364.33","364.34","342","462","466","466","12.31","6.13","19.49","27.91","1.58","4.55"
"INPP","2026-05-29","2026-05-29","561","FULL","790","-0.628930817610063","HOLD","-","passive","FALSE","","G ACC","2026-05-12","","17d","17","UPTREND","BULLISH","BULLISH","BULLISH","DEMAND STRUCTURE","SIDEWAYS","73.99","TRUE","FALSE","FALSE","LEADING","LEADING (Passive)","0.59","0.59","DRY / QUIET","87.5","12.5","51.09","70.82","5.15","42.55","788.33","785.5","781.57","10900","18515","1066","Supertrend bullish | RSI 51.1 > 50 | Volume 0.59x | Crash filter aktif | RISEN SIDEWAYS","Full Grid (1-2-3-4)","100000000","800","770","760","750","0.1","0.2","0.3","0.4","125","259","394","533","1311","99862000","138000","761.72","761.72","730","905","1010","1010","8.75","4.16","26.25","32.59","3","7.83"
"MAIN","2026-05-29","2026-05-29","561","FULL","830","-0.5988023952095809","AVOID","-","passive","FALSE","","EARLY SWEEP","2026-05-12","","17d","17","DOWNTREND","BEARISH","BEARISH","BULLISH","STRUCTURE + DISCOUNT","NORMAL UPTREND","80.93","TRUE","TRUE","FALSE","LEADING","LEADING (Passive)","0.26","0.26","DRY / QUIET","80","20","37.53","34.76","10.19","26.91","870.24","887","824","1218900","4704530","1066","Supertrend bearish | RSI 37.5 lemah | Volume 0.26x | Crash filter aktif | RISEN NORMAL UPTREND","Full Grid (1-2-3-4)","100000000","1010","840","800","745","0.1","0.2","0.3","0.4","99","238","375","536","1248","99923000","77000","800.67","800.63","660","1535","2060","2060","34.65","17.57","103.96","157.29","3","8.95"
"GJTL","2026-05-29","2026-05-29","561","FULL","1215","1.6736401673640167","HOLD","-","passive","FALSE","","G ACC","2026-05-11","","18d","18","UPTREND","BULLISH","BULLISH","BULLISH","DEMAND STRUCTURE","NORMAL UPTREND","52.16","TRUE","TRUE","FALSE","LEADING","LEADING (Passive)","0.86","0.86","NORMAL","80","20","56.99","22.32","20.81","16.84","1189.03","1159.1","1102.99","5556900","6457030","1064","Supertrend bullish | RSI 57.0 > 50 | Volume 0.86x | Lolos anti-crash ADX | RISEN NORMAL UPTREND","Full Grid (1-2-3-4)","100000000","1240","1120","1090","1050","0.1","0.2","0.3","0.4","80","178","275","380","913","99731000","269000","1092.34","1092.42","995","1610","1975","1975","19.76","8.91","59.27","80.8","3","9.07"
"HADE","2026-05-29","2026-05-29","561","FULL","17","6.25","HOLD","-","passive","FALSE","","EARLY SWEEP","2026-05-11","","18d","18","UPTREND","BEARISH","BEARISH","BEARISH","UPTREND DISCOUNT","NORMAL DOWNTREND","44.82","TRUE","FALSE","FALSE","LEADING","LEADING (Passive)","0.46","0.46","DRY / QUIET","50","50","44.93","31.76","33.64","44.37","17.22","19.73","21.48","1884700","4103570","1064","Supertrend bullish | RSI 44.9 lemah | Volume 0.46x | Crash filter aktif | RISEN NORMAL DOWNTREND","Full Grid (1-2-3-4)","100000000","26","25","24","24","0.1","0.2","0.3","0.4","3846","8000","12500","16666","41012","99998000","2000","24.38","24.38","23","45","48","48","11.54","5.67","84.62","96.86","7.33","17.08"
"MICE","2026-05-29","2026-05-29","561","FULL","505","0","AVOID","-","passive","FALSE","","EARLY SWEEP","2026-05-11","","18d","18","DOWNTREND","NEUTRAL","BEARISH","BEARISH","STRUCTURE + DISCOUNT","SIDEWAYS","74.45","TRUE","FALSE","FALSE","LEADING","LEADING (Passive)","0","0","NO VOLUME","50","50","49.79","45.55","29.61","13.11","504.16","511.56","525.5","0","34055","1064","Supertrend bearish | RSI 49.8 lemah | Volume 0x | Lolos anti-crash ADX | RISEN SIDEWAYS","Full Grid (1-2-3-4)","100000000","494","472","466","460","0.1","0.2","0.3","0.4","202","423","643","869","2137","99882200","117800","467.39","467.4","446","565","640","640","9.72","4.58","29.55","36.93","3.04","8.07"
"PBSA","2026-05-29","2026-05-29","561","FULL","870","8.074534161490684","AVOID","-","passive","FALSE","","V-SHAPE","2026-05-11","","18d","18","DOWNTREND","BEARISH","BEARISH","BEARISH","STRUCTURE + DISCOUNT","NORMAL DOWNTREND","32.73","TRUE","FALSE","FALSE","LEADING","LEADING (Passive)","0.71","0.71","DRY / QUIET","89.47","10.53","43.67","34.81","12.7","22.8","920.15","1073.66","1102.97","2592700","3653915","1064","Supertrend bearish | RSI 43.7 lemah | Volume 0.71x | Crash filter aktif | RISEN NORMAL DOWNTREND","Full Grid (1-2-3-4)","100000000","945","880","865","845","0.1","0.2","0.3","0.4","105","227","346","473","1151","99796000","204000","867.04","867.09","800","1165","1380","1380","15.34","7.73","46.03","59.16","3","7.65"
"SAGE","2026-05-29","2026-05-29","561","FULL","34","6.25","HOLD","-","passive","FALSE","","EARLY SWEEP","2026-05-11","","18d","18","UPTREND","BULLISH","BULLISH","BULLISH","STRUCTURE + DISCOUNT","SIDEWAYS","30.67","TRUE","FALSE","FALSE","LEADING","LEADING (Passive)","2","2","EXPANSION","66.67","33.33","59.24","18.61","39.55","19.03","31.12","31.74","30.99","8248800","4129045","1064","Supertrend bullish | RSI 59.2 > 50 | Volume valid 2x | Lolos anti-crash ADX | RISEN SIDEWAYS","Full Grid (1-2-3-4)","100000000","34","32","31","30","0.1","0.2","0.3","0.4","2941","6250","9677","13333","32201","99997100","2900","31.05","31.05","29","42","52","52","14.71","6.61","52.94","67.45","3.6","10.2"
"TRST","2026-05-29","2026-05-29","561","FULL","458","-0.43478260869565216","AVOID","-","passive","FALSE","","V-SHAPE","2026-05-11","","18d","18","DOWNTREND","BEARISH","BEARISH","BEARISH","DEMAND STRUCTURE","SIDEWAYS","50.31","TRUE","FALSE","FALSE","LEADING","LEADING (Passive)","0.21","0.21","DRY / QUIET","75","25","47.08","15.11","15.15","17.1","464.16","466.9","475.17","23200","109290","1064","Supertrend bearish | RSI 47.1 lemah | Volume 0.21x | Lolos anti-crash ADX | RISEN SIDEWAYS","Full Grid (1-2-3-4)","100000000","486","444","434","420","0.1","0.2","0.3","0.4","205","450","691","952","2298","99916400","83600","434.8","434.81","398","620","750","750","18.11","8.46","54.32","72.49","3","8.57"
"VTNY","2026-05-29","2026-05-29","561","FULL","62","0","AVOID","-","passive","FALSE","","V-SHAPE","2026-05-11","","18d","18","DOWNTREND","BEARISH","BEARISH","BEARISH","STRUCTURE + DISCOUNT","NORMAL DOWNTREND","29.88","TRUE","FALSE","FALSE","LEADING","LEADING (Passive)","0.93","0.93","NORMAL","62.5","37.5","40.13","17.49","15.89","25.12","65.81","70.06","90.48","17063400","18315725","1064","Supertrend bearish | RSI 40.1 lemah | Volume 0.93x | Lolos anti-crash ADX | RISEN NORMAL DOWNTREND","Full Grid (1-2-3-4)","100000000","73","65","63","60","0.1","0.2","0.3","0.4","1369","3076","4761","6666","15872","99978000","22000","62.99","62.99","56","99","124","124","23.29","11.1","69.86","96.86","3","8.73"
"BREN","2026-05-29","2026-05-29","561","FULL","3300","25","HOLD","-","passive","FALSE","","BETA BREAKOUT","2025-11-05","","205d","205","UPTREND","BEARISH","BEARISH","BEARISH","STRUCTURE + DISCOUNT","CRASH / SELL-OFF","10.43","TRUE","FALSE","TRUE","IMPROVING","IMPROVING (Passive)","7.9","7.9","VOLUME SURGE","50","50","39.49","48.12","19.14","33.23","3684.43","4918.74","7080.61","682365200","86403705","1060","Supertrend bullish | RSI 39.5 lemah | Volume valid 7.9x | Crash filter aktif | RISEN CRASH / SELL-OFF","Full Grid (1-2-3-4)","100000000","9750","8775","8550","8225","0.1","0.2","0.3","0.4","10","22","35","48","115","98460000","1540000","8561.74","8563.96","7700","12825","15900","15900","21.03","10.07","63.08","85.71","3","8.52"
"GHON","2026-05-29","2026-05-29","561","FULL","1805","0","AVOID","-","passive","FALSE","","G ACC","2026-04-28","","31d","31","DOWNTREND","BULLISH","BULLISH","BULLISH","DEMAND STRUCTURE","SIDEWAYS","34.91","TRUE","FALSE","TRUE","LEADING","LEADING (Passive)","4.41","4.41","VOLUME SURGE","87.5","12.5","52.26","24.13","13.71","22.71","1796.33","1791.85","1735.72","68000","15415","1058","Supertrend bearish | RSI 52.3 > 50 | Volume valid 4.41x | Lolos anti-crash ADX | RISEN SIDEWAYS","Full Grid (1-2-3-4)","100000000","1800","1755","1740","1725","0.1","0.2","0.3","0.4","55","113","172","231","571","99507000","493000","1742.68","1742.73","1695","1960","2160","2160","5.83","2.74","20","23.95","3.43","8.75"
"IFII","2026-05-29","2026-05-29","561","FULL","226","0.8928571428571428","AVOID","-","passive","FALSE","","V-SHAPE","2026-05-08","","21d","21","DOWNTREND","BULLISH","BEARISH","BEARISH","STRUCTURE + DISCOUNT","SIDEWAYS","48.18","TRUE","FALSE","FALSE","LEADING","LEADING (Passive)","1.13","1.13","NORMAL","75","25","52.11","29.68","21.54","8.87","224.16","226.52","229.87","251500","223485","1058","Supertrend bearish | RSI 52.1 > 50 | Volume 1.13x | Lolos anti-crash ADX | RISEN SIDEWAYS","Full Grid (1-2-3-4)","100000000","226","218","216","214","0.1","0.2","0.3","0.4","442","917","1388","1869","4616","99957200","42800","216.55","216.55","208","254","280","280","7.96","3.95","23.89","29.3","3","7.43"
"SAME","2026-05-29","2026-05-29","561","FULL","328","5.806451612903226","AVOID","-","passive","FALSE","","SMART SNIPER + V-SHAPE","2026-05-08","Demand Structure","21d","21","DOWNTREND","BEARISH","BEARISH","BEARISH","STRUCTURE + DISCOUNT","NORMAL DOWNTREND","25","TRUE","FALSE","FALSE","LEADING","LEADING (Passive)","1.31","1.31","EXPANSION","90","10","48.53","19.65","17.14","22.59","328.89","334.5","329.79","1507900","1148655","1058","Supertrend bearish | RSI 48.5 lemah | Volume valid 1.31x | Lolos anti-crash ADX | RISEN NORMAL DOWNTREND","Full Grid (1-2-3-4)","100000000","348","336","334","330","0.1","0.2","0.3","0.4","287","595","898","1212","2992","99968800","31200","334.12","334.12","322","388","426","426","7.47","3.63","22.41","27.5","3","7.58"
"LRNA","2026-05-29","2026-05-29","561","FULL","190","-3.5532994923857872","AVOID","-","passive","FALSE","","V-SHAPE","2026-05-07","","22d","22","DOWNTREND","BEARISH","BEARISH","BEARISH","STRUCTURE + DISCOUNT","NORMAL DOWNTREND","47.6","TRUE","FALSE","FALSE","LEADING","LEADING (Passive)","0.5","0.5","DRY / QUIET","40","60","43.8","37.08","29.93","13.29","196.2","202.91","200.1","667900","1349170","1056","Supertrend bearish | RSI 43.8 lemah | Volume 0.5x | Lolos anti-crash ADX | RISEN NORMAL DOWNTREND","Full Grid (1-2-3-4)","100000000","206","200","199","197","0.1","0.2","0.3","0.4","485","1000","1507","2030","5022","99971300","28700","199.07","199.07","192","228","250","250","6.8","3.55","21.36","25.59","3.14","7.21"
"PCAR","2026-05-29","2026-05-29","561","FULL","40","2.564102564102564","HOLD","-","passive","FALSE","","EARLY SWEEP","2026-05-07","","22d","22","UPTREND","BULLISH","BULLISH","NEUTRAL","UPTREND DISCOUNT","SIDEWAYS","0","FALSE","FALSE","FALSE","LEADING","LEADING (Passive)","0.91","0.91","NORMAL","0","100","59.84","16.71","42.85","18.18","37.28","38.33","39.93","2624500","2895220","1056","Supertrend bullish | RSI 59.8 > 50 | Volume 0.91x | Lolos anti-crash ADX | RISEN SIDEWAYS","Full Grid (1-2-3-4)","100000000","46","41","40","38","0.1","0.2","0.3","0.4","2173","4878","7500","10526","25077","99994400","5600","39.87","39.88","36","61","76","76","21.74","9.72","65.22","90.6","3","9.32"
"UNTD","2026-05-29","2026-05-29","537","FULL","76","0","AVOID","-","passive","FALSE","","EARLY SWEEP","2026-05-07","","22d","22","DOWNTREND","BEARISH","BEARISH","BEARISH","DOWNTREND DISCOUNT","NORMAL DOWNTREND","37.79","TRUE","FALSE","FALSE","LEADING","LEADING (Passive)","0.94","0.94","NORMAL","100","0","39.37","19.51","15.12","22.29","80.18","83.22","88.17","14419900","15338915","1056","Supertrend bearish | RSI 39.4 lemah | Volume 0.94x | Lolos anti-crash ADX | RISEN NORMAL DOWNTREND","Full Grid (1-2-3-4)","100000000","123","99","93","84","0.1","0.2","0.3","0.4","813","2020","3225","4761","10819","99982800","17200","92.41","92.41","72","200","276","276","41.46","22.09","124.39","198.66","3","8.99"
"BAJA","2026-05-29","2026-05-29","561","FULL","147","0.684931506849315","AVOID","-","passive","FALSE","","V-SHAPE","2026-05-06","","23d","23","DOWNTREND","BEARISH","BEARISH","BEARISH","STRUCTURE + DISCOUNT","NORMAL DOWNTREND","40.43","TRUE","FALSE","FALSE","LEADING","LEADING (Passive)","0.43","0.43","DRY / QUIET","44.44","55.56","45.81","19.93","19.63","18.73","150.12","152.79","147.72","2016300","4741765","1054","Supertrend bearish | RSI 45.8 lemah | Volume 0.43x | Lolos anti-crash ADX | RISEN NORMAL DOWNTREND","Full Grid (1-2-3-4)","100000000","162","158","156","155","0.1","0.2","0.3","0.4","617","1265","1923","2580","6385","99971200","28800","156.57","156.57","151","179","197","197","6.79","3.56","21.6","25.82","3.18","7.26"
"BJBR","2026-05-29","2026-05-29","561","FULL","765","-1.2903225806451613","AVOID","-","passive","FALSE","","G ACC","2026-05-06","","23d","23","DOWNTREND","BEARISH","BEARISH","BEARISH","STRUCTURE + DISCOUNT","NORMAL DOWNTREND","25","TRUE","FALSE","FALSE","LEADING","LEADING (Passive)","0.44","0.44","DRY / QUIET","0","100","32.29","38.38","16.93","31.48","801.9","817.04","822.76","4807400","10806520","1054","Supertrend bearish | RSI 32.3 lemah | Volume 0.44x | Crash filter aktif | RISEN NORMAL DOWNTREND","Full Grid (1-2-3-4)","100000000","885","835","825","805","0.1","0.2","0.3","0.4","112","239","363","496","1210","99744000","256000","824.33","824.37","780","1045","1200","1200","11.86","5.38","35.59","45.57","3","8.47"
"CAMP","2026-05-29","2026-05-29","561","FULL","189","0.5319148936170213","AVOID","-","passive","FALSE","","V-SHAPE","2026-05-06","","23d","23","DOWNTREND","BEARISH","BEARISH","BEARISH","DOWNTREND DISCOUNT","NORMAL DOWNTREND","25","TRUE","FALSE","FALSE","LEADING","LEADING (Passive)","0.31","0.31","DRY / QUIET","100","0","40.99","22.56","22.43","30.4","194.11","199.6","210.35","109100","349245","1054","Supertrend bearish | RSI 41.0 lemah | Volume 0.31x | Lolos anti-crash ADX | RISEN NORMAL DOWNTREND","Full Grid (1-2-3-4)","100000000","200","195","194","192","0.1","0.2","0.3","0.4","500","1025","1546","2083","5154","99973500","26500","193.97","193.97","189","216","238","238","5.5","2.56","19","22.7","3.45","8.85"
"CMRY","2026-05-29","2026-05-29","561","FULL","4830","9.772727272727273","HOLD","-","passive","FALSE","","SMART SNIPER","2026-05-06","Discount Only","23d","23","UPTREND","BULLISH","BULLISH","BEARISH","STRUCTURE + DISCOUNT","NORMAL UPTREND","31.19","TRUE","TRUE","FALSE","LEADING","LEADING (Passive)","1.16","1.16","NORMAL","100","0","57.81","17.23","17.27","21.74","4612.5","4682.08","4948.11","4229300","3653255","1054","Supertrend bullish | RSI 57.8 > 50 | Volume 1.16x | Lolos anti-crash ADX | RISEN NORMAL UPTREND","Full Grid (1-2-3-4)","100000000","4870","4540","4460","4340","0.1","0.2","0.3","0.4","20","44","67","92","223","99526000","474000","4463.05","4463.94","4160","5925","7000","7000","14.58","6.79","43.74","56.84","3","8.37"
"DIGI","2026-05-29","2026-05-29","561","FULL","36","0","HOLD","-","passive","FALSE","","G ACC","2026-05-06","","23d","23","UPTREND","BULLISH","BULLISH","BULLISH","UPTREND DISCOUNT","SIDEWAYS","25","TRUE","FALSE","FALSE","LEADING","LEADING (Passive)","0.19","0.19","DRY / QUIET","0","100","51.04","15.7","36.44","33.43","35.59","35.37","33.12","662700","3517400","1054","Supertrend bullish | RSI 51.0 > 50 | Volume 0.19x | Lolos anti-crash ADX | RISEN SIDEWAYS","Full Grid (1-2-3-4)","100000000","45","37","34","32","0.1","0.2","0.3","0.4","2222","5405","8823","12500","28950","99995700","4300","34.54","34.54","27","72","99","99","40","21.83","120","186.62","3","8.55"
"HRME","2026-05-29","2026-05-29","561","FULL","48","4.3478260869565215","HOLD","-","passive","FALSE","","SMART GAMMA","2026-05-06","","23d","23","UPTREND","BEARISH","BEARISH","BULLISH","UPTREND DISCOUNT","SIDEWAYS","25","TRUE","FALSE","FALSE","LEADING","LEADING (Passive)","0.82","0.82","NORMAL","0","100","49.14","18.98","40.07","38.17","48.44","48.44","44.54","4268900","5176860","1054","Supertrend bullish | RSI 49.1 lemah | Volume 0.82x | Lolos anti-crash ADX | RISEN SIDEWAYS","Full Grid (1-2-3-4)","100000000","60","51","48","45","0.1","0.2","0.3","0.4","1666","3921","6250","8888","20725","99989100","10900","48.25","48.25","41","89","117","117","31.67","15.02","95","142.51","3","9.49"
"KKES","2026-05-29","2026-05-29","561","FULL","46","9.523809523809524","HOLD","-","passive","FALSE","","BETA BREAKOUT","2026-05-06","","23d","23","UPTREND","BULLISH","BULLISH","BULLISH","UPTREND PREMIUM","NORMAL UPTREND","25","TRUE","TRUE","FALSE","LEADING","LEADING (Passive)","0.31","0.31","DRY / QUIET","100","0","58.3","25.04","41.38","30.69","41.36","38.46","34.13","2761900","8864645","1054","Supertrend bullish | RSI 58.3 > 50 | Volume 0.31x | Lolos anti-crash ADX | RISEN NORMAL UPTREND","Full Grid (1-2-3-4)","100000000","41","36","35","33","0.1","0.2","0.3","0.4","2439","5555","8571","12121","28686","99995700","4300","34.86","34.86","31","56","71","71","24.39","11.07","73.17","103.68","3","9.37"
"BNLI","2026-05-29","2026-05-29","561","FULL","3110","0.974025974025974","AVOID","-","passive","FALSE","","V-SHAPE","2026-05-05","","24d","24","DOWNTREND","BEARISH","BEARISH","BEARISH","STRUCTURE + DISCOUNT","NORMAL DOWNTREND","53.32","TRUE","FALSE","FALSE","LEADING","LEADING (Passive)","0.29","0.29","DRY / QUIET","52.63","47.37","47.15","19.92","16.51","22.62","3169.82","3320.03","3649.36","22300","77850","1052","Supertrend bearish | RSI 47.1 lemah | Volume 0.29x | Lolos anti-crash ADX | RISEN NORMAL DOWNTREND","Full Grid (1-2-3-4)","100000000","3400","3140","3070","2980","0.1","0.2","0.3","0.4","29","63","97","134","323","99353000","647000","3075.94","3076.41","2830","4260","5100","5100","16.76","8","50","65.8","2.98","8.23"
"INDO","2026-05-29","2026-05-29","561","FULL","161","2.547770700636943","AVOID","-","passive","FALSE","","EARLY SWEEP","2026-05-05","","24d","24","DOWNTREND","BULLISH","BEARISH","BEARISH","STRUCTURE + DISCOUNT","SIDEWAYS","99.74","TRUE","FALSE","FALSE","LEADING","LEADING (Passive)","0.84","0.84","NORMAL","71.43","28.57","49.52","16.41","20.69","19.67","158.74","178.93","220.66","44896500","53500350","1052","Supertrend bearish | RSI 49.5 lemah | Volume 0.84x | Lolos anti-crash ADX | RISEN SIDEWAYS","Full Grid (1-2-3-4)","100000000","500","418","398","370","0.1","0.2","0.3","0.4","200","478","753","1081","2512","99946800","53200","397.88","397.88","330","755","1010","1010","34","17.06","102","153.85","3","9.02"
"LPIN","2026-05-29","2026-05-29","561","FULL","402","-0.9852216748768473","AVOID","-","passive","FALSE","","G ACC","2026-05-05","","24d","24","DOWNTREND","BEARISH","BEARISH","BEARISH","STRUCTURE + DISCOUNT","NORMAL DOWNTREND","25","TRUE","FALSE","FALSE","LEADING","LEADING (Passive)","0.17","0.17","DRY / QUIET","20","80","35.94","36.92","16.54","37.33","424.8","438.01","434.73","162800","956525","1052","Supertrend bearish | RSI 35.9 lemah | Volume 0.17x | Crash filter aktif | RISEN NORMAL DOWNTREND","Full Grid (1-2-3-4)","100000000","486","460","454","446","0.1","0.2","0.3","0.4","205","434","660","896","2195","99852600","147400","454.91","454.92","432","565","650","650","11.11","5.04","33.74","42.89","3.04","8.52"
"RATU","2026-05-29","2026-05-29","324","FULL","5300","25","HOLD","-","passive","FALSE","","EARLY SWEEP","2026-05-05","","24d","24","UPTREND","BULLISH","BEARISH","BEARISH","STRUCTURE + DISCOUNT","SIDEWAYS","8.09","TRUE","FALSE","FALSE","LEADING","LEADING (Passive)","1.83","1.83","EXPANSION","100","0","48.8","27.43","18.62","26.69","5265.65","5786.1","6654.31","20441500","11150880","1052","Supertrend bullish | RSI 48.8 lemah | Volume valid 1.83x | Lolos anti-crash ADX | RISEN SIDEWAYS","Full Grid (1-2-3-4)","100000000","7075","5700","5350","4890","0.1","0.2","0.3","0.4","14","35","56","81","186","99424000","576000","5345.38","5344.84","4190","11400","15725","15725","40.78","21.61","122.26","194.18","3","8.98"
"TIFA","2026-05-29","2026-05-29","561","FULL","320","-0.6211180124223602","AVOID","-","passive","FALSE","","V-SHAPE","2026-05-05","","24d","24","DOWNTREND","BEARISH","BEARISH","BEARISH","STRUCTURE + DISCOUNT","SIDEWAYS","51.99","TRUE","FALSE","FALSE","LEADING","LEADING (Passive)","0.15","0.15","DRY / QUIET","69.23","30.77","42.58","32","24.95","16.17","330.93","346.76","425.32","15700","106015","1052","Supertrend bearish | RSI 42.6 lemah | Volume 0.15x | Lolos anti-crash ADX | RISEN SIDEWAYS","Full Grid (1-2-3-4)","100000000","358","344","340","336","0.1","0.2","0.3","0.4","279","581","882","1190","2932","99946600","53400","340.88","340.88","326","420","454","454","8.94","4.37","26.82","33.18","3","7.6"
"AMAG","2026-05-29","2026-05-29","561","FULL","398","1.015228426395939","AVOID","-","passive","FALSE","","V-SHAPE","2026-05-04","","25d","25","DOWNTREND","BEARISH","BEARISH","BEARISH","STRUCTURE + DISCOUNT","NORMAL DOWNTREND","40.37","TRUE","FALSE","FALSE","LEADING","LEADING (Passive)","0.05","0.05","DRY / QUIET","100","0","38.44","37.53","9.92","28.2","409.95","418.66","400.13","10600","229780","1050","Supertrend bearish | RSI 38.4 lemah | Volume 0.05x | Crash filter aktif | RISEN NORMAL DOWNTREND","Full Grid (1-2-3-4)","100000000","444","432","430","426","0.1","0.2","0.3","0.4","225","462","697","938","2322","99878200","121800","430.14","430.14","418","484","510","510","5.86","2.82","14.86","18.57","2.54","6.58"
"AMAN","2026-05-29","2026-05-29","561","FULL","256","0","AVOID","-","passive","FALSE","","V-SHAPE","2026-05-04","","25d","25","DOWNTREND","BEARISH","BEARISH","BULLISH","DEMAND STRUCTURE","SIDEWAYS","87.24","TRUE","FALSE","FALSE","LEADING","LEADING (Passive)","0.15","0.15","DRY / QUIET","71.43","28.57","41.39","15.55","15.09","19.46","266.14","273.52","223.59","334200","2240085","1050","Supertrend bearish | RSI 41.4 lemah | Volume 0.15x | Lolos anti-crash ADX | RISEN SIDEWAYS","Full Grid (1-2-3-4)","100000000","266","254","250","246","0.1","0.2","0.3","0.4","375","787","1200","1626","3988","99964400","35600","250.66","250.67","236","312","318","318","11.28","5.85","19.55","26.86","1.73","4.59"
"BINO","2026-05-29","2026-05-29","561","FULL","108","4.854368932038835","AVOID","-","passive","FALSE","","V-SHAPE","2026-05-04","","25d","25","DOWNTREND","BEARISH","BEARISH","BEARISH","STRUCTURE + DISCOUNT","NORMAL DOWNTREND","27.25","TRUE","FALSE","FALSE","LEADING","LEADING (Passive)","0.3","0.3","DRY / QUIET","80","20","35.3","37.78","8.49","23.79","113.44","119.14","127.01","366700","1224160","1050","Supertrend bearish | RSI 35.3 lemah | Volume 0.3x | Crash filter aktif | RISEN NORMAL DOWNTREND","Full Grid (1-2-3-4)","100000000","126","122","121","120","0.1","0.2","0.3","0.4","793","1639","2479","3333","8244","99979500","20500","121.28","121.28","117","140","154","154","7.14","3.53","22.22","26.98","3.11","7.65"
"BISI","2026-05-29","2026-05-29","561","FULL","740","1.36986301369863","AVOID","-","passive","FALSE","","V-SHAPE","2026-05-04","","25d","25","DOWNTREND","BEARISH","BEARISH","BEARISH","STRUCTURE + DISCOUNT","NORMAL DOWNTREND","38.97","TRUE","FALSE","FALSE","LEADING","LEADING (Passive)","0.11","0.11","DRY / QUIET","66.67","33.33","40.7","23.73","16.06","23.46","756.11","791.86","881.24","65900","586635","1050","Supertrend bearish | RSI 40.7 lemah | Volume 0.11x | Lolos anti-crash ADX | RISEN NORMAL DOWNTREND","Full Grid (1-2-3-4)","100000000","760","755","750","750","0.1","0.2","0.3","0.4","131","264","400","533","1328","99863000","137000","751.98","751.99","740","855","905","905","2.63","1.59","19.08","20.35","7.25","12.77"
"BOLT","2026-05-29","2026-05-29","561","FULL","805","1.257861635220126","AVOID","-","passive","FALSE","","EARLY SWEEP","2026-05-04","","25d","25","DOWNTREND","BEARISH","BEARISH","BEARISH","STRUCTURE + DISCOUNT","NORMAL DOWNTREND","25","TRUE","FALSE","FALSE","LEADING","LEADING (Passive)","0.21","0.21","DRY / QUIET","100","0","36.69","30.01","18.61","40.29","849.84","896.05","1002.93","12300","58945","1050","Supertrend bearish | RSI 36.7 lemah | Volume 0.21x | Crash filter aktif | RISEN NORMAL DOWNTREND","Full Grid (1-2-3-4)","100000000","1035","1020","1015","1005","0.1","0.2","0.3","0.4","96","196","295","398","985","99869500","130500","1013.9","1013.92","1000","1090","1200","1200","3.38","1.37","15.94","18.35","4.71","13.38"
"LTLS","2026-05-29","2026-05-29","561","FULL","770","-1.910828025477707","AVOID","-","passive","FALSE","","BETA BREAKOUT + V-SHAPE","2026-05-04","","25d","25","DOWNTREND","BEARISH","BEARISH","BEARISH","STRUCTURE + DISCOUNT","SIDEWAYS","26.28","TRUE","FALSE","FALSE","LEADING","LEADING (Passive)","0.4","0.4","DRY / QUIET","50","50","45.27","19.81","28.25","25.52","786.69","798.99","840.79","90300","223080","1050","Supertrend bearish | RSI 45.3 lemah | Volume 0.4x | Lolos anti-crash ADX | RISEN SIDEWAYS","Full Grid (1-2-3-4)","100000000","840","800","785","775","0.1","0.2","0.3","0.4","119","250","382","516","1267","99973000","27000","789.05","789.05","750","975","1110","1110","10.71","4.95","32.14","40.67","3","8.22"
"MINA","2026-05-29","2026-05-29","561","FULL","336","15.862068965517242","AVOID","-","passive","FALSE","","SMART GAMMA","2026-05-04","","25d","25","DOWNTREND","BULLISH","BULLISH","BULLISH","STRUCTURE + DISCOUNT","SIDEWAYS","27.06","TRUE","FALSE","FALSE","LEADING","LEADING (Passive)","1.62","1.62","EXPANSION","74.19","25.81","52.21","21.35","18.09","19.72","323.65","326.73","287.95","726337500","447554630","1050","Supertrend bearish | RSI 52.2 > 50 | Volume valid 1.62x | Lolos anti-crash ADX | RISEN SIDEWAYS","Full Grid (1-2-3-4)","100000000","382","302","284","256","0.1","0.2","0.3","0.4","261","662","1056","1562","3541","99940200","59800","282.24","282.26","216","630","880","880","43.46","23.47","130.37","211.79","3","9.02"
"KPIG","2026-05-29","2026-05-29","561","FULL","94","-2.083333333333333","AVOID","-","passive","FALSE","","V-SHAPE","2025-11-24","","186d","186","DOWNTREND","BEARISH","BEARISH","BEARISH","STRUCTURE + DISCOUNT","CRASH / SELL-OFF","36.46","TRUE","FALSE","TRUE","LAGGING","LAGGARD (Passive)","4.11","4.11","VOLUME SURGE","50","50","38.06","19.1","17.49","23.25","102.51","114.03","140.74","341118600","82977950","1048","Supertrend bearish | RSI 38.1 lemah | Volume valid 4.11x | Lolos anti-crash ADX | RISEN CRASH / SELL-OFF","Full Grid (1-2-3-4)","100000000","140","137","136","134","0.1","0.2","0.3","0.4","714","1459","2205","2985","7363","99971300","28700","135.78","135.78","132","152","167","167","5.71","2.78","19.29","23","3.38","8.27"
"NZIA","2026-05-29","2026-05-29","561","FULL","132","-3.64963503649635","AVOID","-","passive","FALSE","","V-SHAPE","2026-05-26","","3d","3","DOWNTREND","BEARISH","BEARISH","BEARISH","STRUCTURE + DISCOUNT","NORMAL UPTREND","38.68","TRUE","TRUE","FALSE","IMPROVING","IMPROVING (Passive)","0.7","0.7","DRY / QUIET","62.5","37.5","41.86","11.05","29.55","21.82","150.14","168.84","148.92","22406500","31870505","1044","Supertrend bearish | RSI 41.9 lemah | Volume 0.7x | Lolos anti-crash ADX | RISEN NORMAL UPTREND","Full Grid (1-2-3-4)","100000000","137","124","121","117","0.1","0.2","0.3","0.4","729","1612","2479","3418","8238","99962600","37400","121.34","121.34","107","182","228","228","21.9","11.82","66.42","87.9","3.03","7.44"
"CENT","2026-05-29","2026-05-29","561","FULL","81","-1.2195121951219512","AVOID","-","passive","FALSE","","V-SHAPE","2026-05-25","","4d","4","DOWNTREND","BEARISH","BEARISH","BEARISH","STRUCTURE + DISCOUNT","NORMAL DOWNTREND","25","TRUE","FALSE","FALSE","IMPROVING","IMPROVING (Passive)","0.44","0.44","DRY / QUIET","28.57","71.43","34.5","19.59","17.92","21.7","91.58","101.16","112.7","3163200","7200460","1042","Supertrend bearish | RSI 34.5 lemah | Volume 0.44x | Lolos anti-crash ADX | RISEN NORMAL DOWNTREND","Full Grid (1-2-3-4)","100000000","82","77","75","73","0.1","0.2","0.3","0.4","1219","2597","4000","5479","13295","99989400","10600","75.21","75.21","69","109","112","112","15.85","8.25","36.59","48.92","2.31","5.93"
"PANS","2026-05-29","2026-05-29","561","FULL","1735","0.2890173410404624","AVOID","-","passive","FALSE","","BETA BREAKOUT","2026-04-20","","39d","39","DOWNTREND","BULLISH","BULLISH","BULLISH","DEMAND STRUCTURE","SIDEWAYS","51","TRUE","FALSE","TRUE","LEADING","LEADING (Passive)","2.09","2.09","VOLUME SURGE","50","50","52.7","13.72","18.53","16.97","1730","1710.22","1599.29","299200","143245","1042","Supertrend bearish | RSI 52.7 > 50 | Volume valid 2.09x | Lolos anti-crash ADX | RISEN SIDEWAYS","Full Grid (1-2-3-4)","100000000","1755","1605","1565","1515","0.1","0.2","0.3","0.4","56","124","191","264","635","99617500","382500","1568.78","1569.09","1445","2220","2690","2690","17.66","7.89","53.28","71.47","3.02","9.06"
"RELF","2026-05-29","2026-05-29","561","FULL","37","0","AVOID","-","passive","FALSE","","SMART SNIPER","2026-04-30","Discount Only","29d","29","DOWNTREND","BEARISH","BEARISH","BEARISH","STRUCTURE + DISCOUNT","NORMAL DOWNTREND","29.37","TRUE","FALSE","FALSE","LEADING","LEADING (Passive)","0.68","0.68","DRY / QUIET","100","0","43.76","16.64","22.52","21.05","38.17","39.5","38.96","2937600","4327950","1042","Supertrend bearish | RSI 43.8 lemah | Volume 0.68x | Lolos anti-crash ADX | RISEN NORMAL DOWNTREND","Full Grid (1-2-3-4)","100000000","42","37","36","34","0.1","0.2","0.3","0.4","2380","5405","8333","11764","27882","99990900","9100","35.86","35.86","31","59","75","75","26.19","13.56","78.57","109.13","3","8.05"
"RONY","2026-05-29","2026-05-29","561","FULL","1240","0.4048582995951417","AVOID","-","passive","FALSE","","EARLY SWEEP","2026-05-25","","4d","4","DOWNTREND","BEARISH","BEARISH","BEARISH","STRUCTURE + DISCOUNT","SIDEWAYS","44.22","TRUE","FALSE","FALSE","IMPROVING","IMPROVING (Passive)","0.53","0.53","DRY / QUIET","57.69","42.31","40.07","21.28","30.24","14.72","1375.01","1719.42","2527.65","30600","58065","1042","Supertrend bearish | RSI 40.1 lemah | Volume 0.53x | Lolos anti-crash ADX | RISEN SIDEWAYS","Full Grid (1-2-3-4)","100000000","2590","2420","2370","2310","0.1","0.2","0.3","0.4","38","82","126","173","419","99511000","489000","2374.96","2375.31","2170","3270","3360","3360","16.22","8.63","29.73","41.48","1.83","4.81"
"YPAS","2026-05-29","2026-05-29","561","FULL","685","7.874015748031496","AVOID","-","passive","FALSE","","V-SHAPE","2026-05-25","","4d","4","DOWNTREND","BEARISH","BEARISH","BEARISH","STRUCTURE + DISCOUNT","NORMAL UPTREND","24.59","TRUE","TRUE","FALSE","IMPROVING","IMPROVING (Passive)","0.42","0.42","DRY / QUIET","86.67","13.33","34.22","22.85","21.91","27.44","926.09","1001.45","730.51","192400","461470","1042","Supertrend bearish | RSI 34.2 lemah | Volume 0.42x | Lolos anti-crash ADX | RISEN NORMAL UPTREND","Full Grid (1-2-3-4)","100000000","655","615","605","590","0.1","0.2","0.3","0.4","152","325","495","677","1649","99834000","166000","605.42","605.43","550","815","970","970","16.03","9.15","48.09","60.22","3","6.58"
"CLPI","2026-05-29","2026-05-29","561","FULL","1585","0","AVOID","-","passive","FALSE","","G ACC","2026-04-29","","30d","30","DOWNTREND","BEARISH","BEARISH","BULLISH","DEMAND STRUCTURE","SIDEWAYS","24.97","TRUE","FALSE","FALSE","LEADING","LEADING (Passive)","0.89","0.89","NORMAL","100","0","46.98","25.24","14.93","24.97","1594.32","1588.48","1466.67","122300","138015","1040","Supertrend bearish | RSI 47.0 lemah | Volume 0.89x | Lolos anti-crash ADX | RISEN SIDEWAYS","Full Grid (1-2-3-4)","100000000","1680","1595","1575","1545","0.1","0.2","0.3","0.4","59","125","190","258","632","99635500","364500","1576.51","1576.56","1505","1945","2210","2210","10.42","4.54","31.55","40.18","3.03","8.86"
"MREI","2026-05-29","2026-05-29","561","FULL","985","0","AVOID","-","passive","FALSE","","EARLY SWEEP","2026-04-29","","30d","30","DOWNTREND","BEARISH","BEARISH","BEARISH","STRUCTURE + DISCOUNT","SIDEWAYS","99.18","TRUE","FALSE","FALSE","LEADING","LEADING (Passive)","0.63","0.63","DRY / QUIET","100","0","40.92","27.24","10.56","19.69","1007.17","1029.12","1020.97","51400","81390","1040","Supertrend bearish | RSI 40.9 lemah | Volume 0.63x | Lolos anti-crash ADX | RISEN SIDEWAYS","Full Grid (1-2-3-4)","100000000","980","930","920","900","0.1","0.2","0.3","0.4","102","215","326","444","1087","99943000","57000","919.44","919.43","870","1145","1310","1310","11.22","5.38","33.67","42.48","3","7.9"
"ATIC","2026-05-29","2026-05-29","561","FULL","498","-0.4","AVOID","-","passive","FALSE","","EARLY SWEEP","2026-04-28","","31d","31","DOWNTREND","BEARISH","BEARISH","BEARISH","STRUCTURE + DISCOUNT","NORMAL DOWNTREND","60.52","TRUE","FALSE","FALSE","LEADING","LEADING (Passive)","0.15","0.15","DRY / QUIET","92.31","7.69","43.4","12.02","17.06","18.84","513.25","534.74","538.81","21200","137835","1038","Supertrend bearish | RSI 43.4 lemah | Volume 0.15x | Lolos anti-crash ADX | RISEN NORMAL DOWNTREND","Full Grid (1-2-3-4)","100000000","750","670","650","620","0.1","0.2","0.3","0.4","133","298","461","645","1537","99896000","104000","649.94","649.97","575","1015","1275","1275","23.33","11.53","70","96.17","3","8.34"
"BAPI","2026-05-29","2026-05-29","561","FULL","23","4.545454545454546","HOLD","-","passive","FALSE","","V-SHAPE","2026-04-28","","31d","31","UPTREND","BEARISH","BEARISH","BEARISH","STRUCTURE + DISCOUNT","NORMAL DOWNTREND","54.95","TRUE","FALSE","FALSE","LEADING","LEADING (Passive)","0.23","0.23","DRY / QUIET","100","0","43.23","38.92","19.14","46.88","23.78","26.64","26.43","1805800","7817990","1038","Supertrend bullish | RSI 43.2 lemah | Volume 0.23x | Crash filter aktif | RISEN NORMAL DOWNTREND","Full Grid (1-2-3-4)","100000000","30","28","27","26","0.1","0.2","0.3","0.4","3333","7142","11111","15384","36970","99994700","5300","27.05","27.05","25","38","45","45","16.67","7.57","50","66.37","3","8.77"
"BOGA","2026-05-29","2026-05-29","561","FULL","1340","4.6875","AVOID","-","passive","FALSE","","V-SHAPE","2026-04-28","","31d","31","DOWNTREND","BEARISH","BEARISH","BULLISH","DEMAND STRUCTURE","NORMAL DOWNTREND","20.66","TRUE","FALSE","FALSE","LEADING","LEADING (Passive)","0.03","0.03","DRY / QUIET","22.22","77.78","43.82","52.28","59.57","19.63","1365.15","1381.21","1115.1","36300","1404410","1038","Supertrend bearish | RSI 43.8 lemah | Volume 0.03x | Lolos anti-crash ADX | RISEN NORMAL DOWNTREND","Full Grid (1-2-3-4)","100000000","1445","1265","1220","1160","0.1","0.2","0.3","0.4","69","158","245","344","816","99751500","248500","1222.44","1222.44","1065","2020","2590","2590","26.3","12.88","79.24","111.87","3.01","8.69"
"GGRM","2026-05-29","2026-05-29","561","FULL","17000","7.936507936507936","HOLD","-","passive","FALSE","","BETA BREAKOUT","2026-04-28","","31d","31","UPTREND","BULLISH","BULLISH","BULLISH","UPTREND PREMIUM","NORMAL UPTREND","37.57","TRUE","TRUE","FALSE","LEADING","LEADING (Passive)","1.73","1.73","EXPANSION","100","0","61.9","34.88","32.54","12.64","16012.97","15565.28","14277.88","2597000","1497430","1038","Supertrend bullish | RSI 61.9 > 50 | Volume valid 1.73x | Lolos anti-crash ADX | RISEN NORMAL UPTREND","Full Grid (1-2-3-4)","100000000","16175","14875","14550","14100","0.1","0.2","0.3","0.4","6","13","20","28","67","97622500","2377500","14570.52","14574.05","13425","20300","24425","24425","17","7.86","51","67.63","3","8.6"
"AEGS","2026-05-29","2026-05-29","561","FULL","48","2.127659574468085","AVOID","-","passive","FALSE","","SMART SNIPER","2026-04-27","Structure + Discount","32d","32","DOWNTREND","BEARISH","BEARISH","BEARISH","STRUCTURE + DISCOUNT","SIDEWAYS","56.94","TRUE","FALSE","FALSE","LEADING","LEADING (Passive)","0.33","0.33","DRY / QUIET","50","50","45.11","26.11","13.76","23.59","49.13","52.06","55.01","1285800","3890835","1036","Supertrend bearish | RSI 45.1 lemah | Volume 0.33x | Lolos anti-crash ADX | RISEN SIDEWAYS","Full Grid (1-2-3-4)","100000000","55","48","46","43","0.1","0.2","0.3","0.4","1818","4166","6521","9302","21807","99991000","9000","45.85","45.85","39","79","103","103","29.09","14.95","87.27","124.63","3","8.34"
"PART","2026-05-29","2026-05-29","451","FULL","98","2.083333333333333","AVOID","-","passive","FALSE","","EARLY SWEEP","2026-05-22","","7d","7","DOWNTREND","BEARISH","BEARISH","BEARISH","STRUCTURE + DISCOUNT","NORMAL DOWNTREND","39.22","TRUE","FALSE","FALSE","IMPROVING","IMPROVING (Passive)","0.46","0.46","DRY / QUIET","37.5","62.5","39.47","16.34","17.96","24.55","107.83","116.74","120.68","7503400","16201380","1036","Supertrend bearish | RSI 39.5 lemah | Volume 0.46x | Lolos anti-crash ADX | RISEN NORMAL DOWNTREND","Full Grid (1-2-3-4)","100000000","180","139","129","116","0.1","0.2","0.3","0.4","555","1438","2325","3448","7766","99967500","32500","128.72","128.73","96","306","432","432","46.67","25.42","140","235.6","3","9.27"
"RDTX","2026-05-29","2026-05-29","561","FULL","16675","-1.0385756676557862","HOLD","-","passive","FALSE","","BETA BREAKOUT","2026-04-27","","32d","32","UPTREND","BULLISH","BULLISH","BULLISH","UPTREND PREMIUM","SIDEWAYS","25","TRUE","FALSE","FALSE","LEADING","LEADING (Passive)","0.49","0.49","DRY / QUIET","0","100","57.5","13.76","43.62","35.39","15891.89","15900.58","14558.63","500","1025","1036","Supertrend bullish | RSI 57.5 > 50 | Volume 0.49x | Lolos anti-crash ADX | RISEN SIDEWAYS","Full Grid (1-2-3-4)","100000000","16575","14300","13750","12975","0.1","0.2","0.3","0.4","6","13","21","30","70","96335000","3665000","13762.14","13761.61","11925","23550","30525","30525","28.05","13.35","84.16","121.8","3","9.12"
"SOCI","2026-05-29","2026-05-29","561","FULL","398","5.851063829787234","AVOID","-","passive","FALSE","","EARLY SWEEP","2026-05-22","","7d","7","DOWNTREND","BEARISH","BEARISH","BEARISH","STRUCTURE + DISCOUNT","NORMAL DOWNTREND","65","TRUE","FALSE","FALSE","IMPROVING","IMPROVING (Passive)","0.82","0.82","NORMAL","61.11","38.89","40.36","18.59","17.68","26.24","436.11","471.26","399.07","12841500","15585300","1036","Supertrend bearish | RSI 40.4 lemah | Volume 0.82x | Lolos anti-crash ADX | RISEN NORMAL DOWNTREND","Full Grid (1-2-3-4)","100000000","492","440","426","408","0.1","0.2","0.3","0.4","203","454","704","980","2341","99938000","62000","426.9","426.91","374","670","845","845","23.98","12.39","71.75","97.94","2.99","7.9"
"ENAK","2026-05-29","2026-05-29","561","FULL","300","7.142857142857142","AVOID","-","passive","FALSE","","V-SHAPE","2026-05-21","","8d","8","DOWNTREND","BEARISH","BEARISH","BEARISH","STRUCTURE + DISCOUNT","NORMAL DOWNTREND","22.18","TRUE","FALSE","FALSE","IMPROVING","IMPROVING (Passive)","0.37","0.37","DRY / QUIET","100","0","41.38","27.4","25","17.6","324.66","369.01","530.83","212900","577885","1034","Supertrend bearish | RSI 41.4 lemah | Volume 0.37x | Lolos anti-crash ADX | RISEN NORMAL DOWNTREND","Full Grid (1-2-3-4)","100000000","322","286","278","266","0.1","0.2","0.3","0.4","310","699","1079","1503","3591","99949400","50600","278.33","278.34","242","442","486","486","24.84","13.05","50.93","74.61","2.05","5.72"
"BEEF","2026-05-29","2026-05-29","561","FULL","168","1.2048192771084338","AVOID","-","passive","FALSE","","V-SHAPE","2026-05-20","","9d","9","DOWNTREND","BEARISH","BEARISH","BEARISH","STRUCTURE + DISCOUNT","NORMAL DOWNTREND","60.64","TRUE","FALSE","FALSE","IMPROVING","IMPROVING (Passive)","0.57","0.57","DRY / QUIET","60","40","37.35","23.89","13.56","21.69","185.22","227.16","315.92","14934200","26356950","1032","Supertrend bearish | RSI 37.4 lemah | Volume 0.57x | Lolos anti-crash ADX | RISEN NORMAL DOWNTREND","Full Grid (1-2-3-4)","100000000","169","160","158","155","0.1","0.2","0.3","0.4","591","1250","1898","2580","6319","99966300","33700","158.2","158.2","147","202","212","212","13.02","7.08","25.44","34.01","1.95","4.8"
"CNKO","2026-05-29","2026-05-29","561","FULL","45","2.272727272727273","AVOID","-","passive","FALSE","","EARLY SWEEP","2026-05-20","","9d","9","DOWNTREND","BEARISH","BEARISH","BEARISH","STRUCTURE + DISCOUNT","NORMAL DOWNTREND","33.02","TRUE","FALSE","FALSE","IMPROVING","IMPROVING (Passive)","0.26","0.26","DRY / QUIET","100","0","38.95","23.61","21.98","38.69","49.27","54.48","59.07","5109800","19475325","1032","Supertrend bearish | RSI 39.0 lemah | Volume 0.26x | Lolos anti-crash ADX | RISEN NORMAL DOWNTREND","Full Grid (1-2-3-4)","100000000","67","62","60","58","0.1","0.2","0.3","0.4","1492","3225","5000","6896","16613","99988200","11800","60.19","60.19","55","85","103","103","17.91","8.62","53.73","71.13","3","8.25"
"JMAS","2026-05-29","2026-05-29","561","FULL","282","6.015037593984962","HOLD","-","passive","FALSE","","SMART GAMMA","2026-04-15","","44d","44","UPTREND","BULLISH","BULLISH","BULLISH","DEMAND STRUCTURE","NORMAL UPTREND","22.14","TRUE","TRUE","FALSE","LEADING","LEADING (Passive)","2.03","2.03","VOLUME SURGE","100","0","59.84","22.05","25.66","21.85","258.79","245.07","204.63","7616800","3747915","1032","Supertrend bullish | RSI 59.8 > 50 | Volume valid 2.03x | Lolos anti-crash ADX | RISEN NORMAL UPTREND","Full Grid (1-2-3-4)","100000000","270","226","214","200","0.1","0.2","0.3","0.4","370","884","1401","2000","4655","99949800","50200","214.71","214.72","178","408","545","545","34.07","17.1","101.85","153.82","2.99","9"
"SMMT","2026-05-29","2026-05-29","561","FULL","1920","6.3711911357340725","AVOID","-","passive","FALSE","","G ACC","2026-04-24","","35d","35","DOWNTREND","BEARISH","BULLISH","BULLISH","DOWNTREND","NORMAL UPTREND","25","TRUE","TRUE","FALSE","LEADING","LEADING (Passive)","0.17","0.17","DRY / QUIET","56.76","43.24","50.39","37.97","34.05","23.46","1927.06","1789.19","1426.34","133900","794690","1030","Supertrend bearish | RSI 50.4 > 50 | Volume 0.17x | Lolos anti-crash ADX | RISEN NORMAL UPTREND","Full Grid (1-2-3-4)","100000000","2160","1645","1525","1350","0.1","0.2","0.3","0.4","46","121","196","296","659","99690500","309500","1512.75","1513.1","1105","3740","5325","5325","48.84","26.95","146.53","252.01","3","9.35"
"HGII","2026-05-29","2026-05-29","323","FULL","132","0","AVOID","-","passive","FALSE","","V-SHAPE","2026-04-23","","36d","36","DOWNTREND","BEARISH","BEARISH","BEARISH","STRUCTURE + DISCOUNT","NORMAL DOWNTREND","58.04","TRUE","FALSE","FALSE","LEADING","LEADING (Passive)","0.36","0.36","DRY / QUIET","100","0","41.15","16.3","14.3","18.52","134.77","138.97","152.2","519500","1426120","1028","Supertrend bearish | RSI 41.1 lemah | Volume 0.36x | Lolos anti-crash ADX | RISEN NORMAL DOWNTREND","Full Grid (1-2-3-4)","100000000","147","139","136","134","0.1","0.2","0.3","0.4","680","1438","2205","2985","7308","99971200","28800","136.8","136.8","129","174","202","202","12.24","5.7","37.41","47.66","3.06","8.36"
"ADCP","2026-05-29","2026-05-29","561","FULL","50","0","AVOID","-","passive","FALSE","","V-SHAPE","2026-04-22","","37d","37","DOWNTREND","BEARISH","BEARISH","BEARISH","STRUCTURE + DISCOUNT","SIDEWAYS","100","TRUE","FALSE","FALSE","LEADING","LEADING (Passive)","0","0","DRY / QUIET","50","50","43.91","53.38","30.18","8.34","50.41","51.31","53.16","78200","32211095","1026","Supertrend bearish | RSI 43.9 lemah | Volume 0x | Lolos anti-crash ADX | RISEN SIDEWAYS","Full Grid (1-2-3-4)","100000000","53","52","51","51","0.1","0.2","0.3","0.4","1886","3846","5882","7843","19457","99992500","7500","51.39","51.39","50","58","64","64","5.66","2.71","20.75","24.53","3.67","9.06"
"ATLA","2026-05-29","2026-05-29","500","FULL","50","0","AVOID","-","passive","FALSE","","EARLY SWEEP","2026-04-22","","37d","37","DOWNTREND","BEARISH","BEARISH","BEARISH","DOWNTREND DISCOUNT","SIDEWAYS","100","TRUE","FALSE","FALSE","LEADING","LEADING (Passive)","0.04","0.04","DRY / QUIET","50","50","40.75","28.27","21.01","12.35","51.1","52.4","57.09","3089200","83414700","1026","Supertrend bearish | RSI 40.8 lemah | Volume 0.04x | Lolos anti-crash ADX | RISEN SIDEWAYS","Full Grid (1-2-3-4)","100000000","53","52","51","51","0.1","0.2","0.3","0.4","1886","3846","5882","7843","19457","99992500","7500","51.39","51.39","50","58","61","61","5.66","2.71","15.09","18.7","2.67","6.9"
"MAXI","2026-05-29","2026-05-29","561","FULL","50","0","AVOID","-","passive","FALSE","","SMART SNIPER","2026-04-22","Structure + Discount","37d","37","DOWNTREND","BEARISH","BEARISH","BEARISH","STRUCTURE + DISCOUNT","SIDEWAYS","80.05","TRUE","FALSE","FALSE","LEADING","LEADING (Passive)","0","0","DRY / QUIET","50","50","45.72","27.13","30.33","20.19","50.67","51.07","52.12","125300","109013605","1026","Supertrend bearish | RSI 45.7 lemah | Volume 0x | Lolos anti-crash ADX | RISEN SIDEWAYS","Full Grid (1-2-3-4)","100000000","53","52","51","51","0.1","0.2","0.3","0.4","1886","3846","5882","7843","19457","99992500","7500","51.39","51.39","50","58","64","64","5.66","2.71","20.75","24.53","3.67","9.06"
"MCOR","2026-05-29","2026-05-29","561","FULL","69","0","AVOID","-","passive","FALSE","","SMART SNIPER","2026-04-22","Structure + Discount","37d","37","DOWNTREND","BEARISH","BEARISH","BEARISH","STRUCTURE + DISCOUNT","SIDEWAYS","76.4","TRUE","FALSE","FALSE","LEADING","LEADING (Passive)","0.68","0.68","DRY / QUIET","50","50","47.48","10.38","12.72","12.41","69.24","70.38","72.11","3204700","4728275","1026","Supertrend bearish | RSI 47.5 lemah | Volume 0.68x | Lolos anti-crash ADX | RISEN SIDEWAYS","Full Grid (1-2-3-4)","100000000","73","70","69","68","0.1","0.2","0.3","0.4","1369","2857","4347","5882","14455","99984600","15400","69.17","69.17","67","82","91","91","8.22","3.14","24.66","31.56","3","10.06"
"RSGK","2026-05-29","2026-05-29","561","FULL","980","1.5544041450777202","AVOID","-","passive","FALSE","","V-SHAPE","2026-05-07","","22d","22","DOWNTREND","BEARISH","BEARISH","BEARISH","DOWNTREND DISCOUNT","SIDEWAYS","0","TRUE","FALSE","TRUE","IMPROVING","IMPROVING (Passive)","7.6","7.6","VOLUME SURGE","2.17","97.83","41.27","20.04","39.3","21.63","1084.11","1126.15","1060.23","236900","31165","1026","Supertrend bearish | RSI 41.3 lemah | Volume valid 7.6x | Lolos anti-crash ADX | RISEN SIDEWAYS","Full Grid (1-2-3-4)","100000000","1265","1110","1070","1015","0.1","0.2","0.3","0.4","79","180","280","394","933","99924500","75500","1071","1071.01","940","1755","2240","2240","25.69","12.23","77.08","109.15","3","8.92"
"BBLD","2026-05-29","2026-05-29","561","FULL","635","-5.223880597014925","AVOID","-","passive","FALSE","","V-SHAPE","2026-04-21","","38d","38","DOWNTREND","BEARISH","BEARISH","BEARISH","STRUCTURE + DISCOUNT","NORMAL DOWNTREND","55.9","TRUE","FALSE","FALSE","LEADING","LEADING (Passive)","1.24","1.24","EXPANSION","0","100","42.07","17.4","26.36","11.95","656.59","708.8","794.81","63700","51450","1024","Supertrend bearish | RSI 42.1 lemah | Volume valid 1.24x | Lolos anti-crash ADX | RISEN NORMAL DOWNTREND","Full Grid (1-2-3-4)","100000000","705","680","670","660","0.1","0.2","0.3","0.4","141","294","447","606","1488","99877500","122500","671.22","671.24","640","805","900","900","9.22","4.65","27.66","34.08","3","7.33"
"BHAT","2026-05-29","2026-05-29","561","FULL","1010","24.691358024691358","HOLD","-","passive","FALSE","","SMART GAMMA","2025-11-12","","198d","198","UPTREND","BEARISH","BEARISH","BEARISH","UPTREND DISCOUNT","CRASH / SELL-OFF","0","TRUE","FALSE","TRUE","LAGGING","LAGGARD (Passive)","5.04","5.04","VOLUME SURGE","50","50","31.24","42.22","12.91","64.58","1222.73","1311.48","1180.85","10200","2025","1024","Supertrend bullish | RSI 31.2 lemah | Volume valid 5.04x | Crash filter aktif | RISEN CRASH / SELL-OFF","Full Grid (1-2-3-4)","100000000","1070","965","940","905","0.1","0.2","0.3","0.4","93","207","319","441","1060","99823000","177000","941.73","941.75","855","1395","1715","1715","20.09","9.21","60.28","82.11","3","8.92"
"EMAS","2026-05-29","2026-05-29","161","IPO / SHORT","7800","2.631578947368421","AVOID","-","passive","FALSE","","BETA BREAKOUT","2026-04-21","","38d","38","DOWNTREND","BEARISH","BEARISH","BULLISH","DOWNTREND PREMIUM","NORMAL UPTREND","17.5","TRUE","TRUE","FALSE","LEADING","LEADING (Passive)","0.98","0.98","NORMAL","54.55","45.45","48.01","31.36","18.36","27.31","7876.61","7972.45","6285.62","19942200","20281090","1024","Supertrend bearish | RSI 48.0 lemah | Volume 0.98x | Crash filter aktif | RISEN NORMAL UPTREND","Full Grid (1-2-3-4)","100000000","9350","8625","8450","8200","0.1","0.2","0.3","0.4","10","23","35","48","116","98122500","1877500","8458.84","8462.6","7775","11725","14075","14075","16.84","8.08","50.53","66.39","3","8.21"
"GOTO","2026-05-29","2026-05-29","561","FULL","50","0","AVOID","-","passive","FALSE","","SMART SNIPER","2026-04-21","Structure + Discount","38d","38","DOWNTREND","BEARISH","BEARISH","BEARISH","STRUCTURE + DISCOUNT","SIDEWAYS","96.78","TRUE","FALSE","FALSE","LEADING","LEADING (Passive)","0.67","0.67","DRY / QUIET","50","50","38.4","10.85","19.43","21.41","50.79","52.81","58.9","2654713100","3950678030","1024","Supertrend bearish | RSI 38.4 lemah | Volume 0.67x | Lolos anti-crash ADX | RISEN SIDEWAYS","Full Grid (1-2-3-4)","100000000","56","53","52","51","0.1","0.2","0.3","0.4","1785","3773","5769","7843","19170","99991000","9000","52.16","52.16","50","65","74","74","10.71","4.14","32.14","41.87","3","10.11"
"KMDS","2026-05-29","2026-05-29","561","FULL","560","0","AVOID","-","passive","FALSE","","V-SHAPE","2026-04-21","","38d","38","DOWNTREND","BEARISH","BEARISH","BEARISH","STRUCTURE + DISCOUNT","NORMAL DOWNTREND","60","TRUE","FALSE","FALSE","LEADING","LEADING (Passive)","0.54","0.54","DRY / QUIET","100","0","47.36","32.08","11.91","19.61","562.18","580.71","615.49","115000","213055","1024","Supertrend bearish | RSI 47.4 lemah | Volume 0.54x | Crash filter aktif | RISEN NORMAL DOWNTREND","Full Grid (1-2-3-4)","100000000","595","570","560","550","0.1","0.2","0.3","0.4","168","350","535","727","1780","99891000","109000","561.19","561.19","535","685","775","775","10.08","4.67","30.25","38.1","3","8.17"
"CDIA","2026-05-29","2026-05-29","213","IPO / SHORT","850","12.582781456953644","AVOID","-","passive","FALSE","","SMART SNIPER","2026-05-05","Structure + Discount","24d","24","DOWNTREND","BEARISH","BEARISH","BEARISH","STRUCTURE + DISCOUNT","SIDEWAYS","0","TRUE","FALSE","TRUE","IMPROVING","IMPROVING (Passive)","2.95","2.95","VOLUME SURGE","56.52","43.48","43.91","21.62","19.64","27.17","915.4","999.75","1150.61","382825700","129672930","1022","Supertrend bearish | RSI 43.9 lemah | Volume valid 2.95x | Lolos anti-crash ADX | RISEN SIDEWAYS","Full Grid (1-2-3-4)","100000000","1190","1075","1050","1010","0.1","0.2","0.3","0.4","84","186","285","396","951","99912000","88000","1050.6","1050.6","940","1565","1595","1595","21.01","10.53","34.03","51.82","1.62","4.92"
"PZZA","2026-05-29","2026-05-29","561","FULL","189","-1.0471204188481675","AVOID","-","passive","FALSE","","SMART SNIPER","2026-04-20","Structure + Discount","39d","39","DOWNTREND","BEARISH","BEARISH","BEARISH","STRUCTURE + DISCOUNT","SIDEWAYS","52.98","TRUE","FALSE","FALSE","LEADING","LEADING (Passive)","0.6","0.6","DRY / QUIET","40","60","35.4","26.98","10.91","22.14","195.87","201.28","207.59","917100","1518425","1022","Supertrend bearish | RSI 35.4 lemah | Volume 0.6x | Lolos anti-crash ADX | RISEN SIDEWAYS","Full Grid (1-2-3-4)","100000000","226","204","199","191","0.1","0.2","0.3","0.4","442","980","1507","2094","5023","99965900","34100","199.02","199.02","180","296","364","364","20.35","9.56","61.06","82.9","3","8.68"
"UNSP","2026-05-29","2026-05-29","561","FULL","316","6.756756756756757","HOLD","-","passive","FALSE","","SMART GAMMA","2026-04-20","","39d","39","UPTREND","BULLISH","BEARISH","BULLISH","UPTREND DISCOUNT","NORMAL UPTREND","20.84","TRUE","TRUE","FALSE","LEADING","LEADING (Passive)","0.86","0.86","NORMAL","92.31","7.69","48.72","27.96","22.49","46.09","315.02","330.18","276.59","1926800","2240225","1022","Supertrend bullish | RSI 48.7 lemah | Volume 0.86x | Lolos anti-crash ADX | RISEN NORMAL UPTREND","Full Grid (1-2-3-4)","100000000","410","326","304","276","0.1","0.2","0.3","0.4","243","613","986","1449","3291","99913600","86400","303.6","303.63","236","670","930","930","42.44","22.27","126.83","206.33","2.99","9.27"
"VIVA","2026-05-29","2026-05-29","561","FULL","40","5.263157894736842","AVOID","-","passive","FALSE","","SMART GAMMA","2026-04-20","","39d","39","DOWNTREND","BEARISH","BEARISH","BULLISH","DOWNTREND DISCOUNT","SIDEWAYS","25","TRUE","FALSE","FALSE","LEADING","LEADING (Passive)","0.17","0.17","DRY / QUIET","100","0","46.83","20.94","25.98","40.36","41.56","41.91","36.18","5922700","33884085","1022","Supertrend bearish | RSI 46.8 lemah | Volume 0.17x | Lolos anti-crash ADX | RISEN SIDEWAYS","Full Grid (1-2-3-4)","100000000","44","38","36","34","0.1","0.2","0.3","0.4","2272","5263","8333","11764","27632","99992600","7400","36.19","36.19","31","64","84","84","29.55","14.33","90.91","132.13","3.08","9.22"
"DSSA","2026-05-29","2026-05-29","561","FULL","492","13.88888888888889","AVOID","-","passive","FALSE","","BETA BREAKOUT","2025-10-16","","225d","225","DOWNTREND","BEARISH","BEARISH","BEARISH","DOWNTREND DISCOUNT","CRASH / SELL-OFF","75","TRUE","FALSE","TRUE","IMPROVING","IMPROVING (Passive)","7.84","7.84","VOLUME SURGE","100","0","13.53","77.48","6.59","62.34","4379.41","23276.96","61995.23","2928599100","373426230","1020","Supertrend bearish | RSI 13.5 lemah | Volume valid 7.84x | Crash filter aktif | RISEN CRASH / SELL-OFF","Full Grid (1-2-3-4)","100000000","115000","108500","106975","104775","0.1","0.2","0.3","0.4","0","1","2","3","6","63677500","36322500","106129.17","107123.94","101125","135825","156625","156625","12.07","4.72","36.2","47.58","3","10.09"
"FAST","2026-05-29","2026-05-29","561","FULL","248","0.8130081300813009","AVOID","-","passive","FALSE","","EARLY SWEEP","2026-05-13","","16d","16","DOWNTREND","BEARISH","BEARISH","BEARISH","STRUCTURE + DISCOUNT","NORMAL DOWNTREND","60.04","TRUE","FALSE","FALSE","IMPROVING","IMPROVING (Passive)","0.61","0.61","DRY / QUIET","17.65","82.35","34.2","30.46","17.58","25.78","271.81","314.55","405.26","1087500","1796330","1018","Supertrend bearish | RSI 34.2 lemah | Volume 0.61x | Crash filter aktif | RISEN NORMAL DOWNTREND","Full Grid (1-2-3-4)","100000000","288","282","280","278","0.1","0.2","0.3","0.4","347","709","1071","1438","3565","99951800","48200","280.37","280.37","272","350","362","362","5.56","2.99","25.69","29.12","4.63","9.75"
"HOPE","2026-05-29","2026-05-29","561","FULL","126","-1.5625","AVOID","-","passive","FALSE","","EARLY SWEEP","2026-05-13","","16d","16","DOWNTREND","BEARISH","BEARISH","BEARISH","STRUCTURE + DISCOUNT","NORMAL DOWNTREND","93.96","TRUE","FALSE","FALSE","IMPROVING","IMPROVING (Passive)","0.17","0.17","DRY / QUIET","40","60","32.77","15.89","18.02","29.45","157.88","191.47","179.84","6274400","37242830","1018","Supertrend bearish | RSI 32.8 lemah | Volume 0.17x | Lolos anti-crash ADX | RISEN NORMAL DOWNTREND","Full Grid (1-2-3-4)","100000000","314","248","232","208","0.1","0.2","0.3","0.4","318","806","1293","1923","4340","99970000","30000","230.35","230.36","175","525","730","730","44.27","24.03","132.48","216.92","2.99","9.03"
"ABBA","2026-05-29","2026-05-29","561","FULL","36","5.88235294117647","AVOID","-","passive","FALSE","","EARLY SWEEP","2026-05-12","","17d","17","DOWNTREND","BEARISH","BEARISH","BEARISH","DOWNTREND DISCOUNT","NORMAL DOWNTREND","9.47","TRUE","FALSE","FALSE","IMPROVING","IMPROVING (Passive)","1.09","1.09","NORMAL","50","50","42.18","28.34","20.03","42.3","38.39","41.49","45.66","681500","622695","1016","Supertrend bearish | RSI 42.2 lemah | Volume 1.09x | Lolos anti-crash ADX | RISEN NORMAL DOWNTREND","Full Grid (1-2-3-4)","100000000","45","43","43","42","0.1","0.2","0.3","0.4","2222","4651","6976","9523","23372","99991700","8300","42.78","42.78","41","51","57","57","8.89","4.17","26.67","33.23","3","7.98"
"DKFT","2026-05-29","2026-05-29","561","FULL","710","0","AVOID","-","passive","FALSE","","SMART GAMMA","2026-04-17","","42d","42","DOWNTREND","BEARISH","BEARISH","BULLISH","STRUCTURE + DISCOUNT","SIDEWAYS","30.67","TRUE","FALSE","FALSE","LEADING","LEADING (Passive)","0.16","0.16","DRY / QUIET","80","20","42.19","30.29","13.28","26.17","742.03","758.81","706.59","2208700","13936650","1016","Supertrend bearish | RSI 42.2 lemah | Volume 0.16x | Crash filter aktif | RISEN SIDEWAYS","Full Grid (1-2-3-4)","100000000","820","740","720","690","0.1","0.2","0.3","0.4","121","270","416","579","1386","99805000","195000","720.09","720.15","650","1075","1330","1330","20.73","9.73","62.2","84.7","3","8.7"
"LPPF","2026-05-29","2026-05-29","561","FULL","1600","0.628930817610063","AVOID","-","passive","FALSE","","SMART GAMMA","2026-04-17","","42d","42","DOWNTREND","BEARISH","BEARISH","BEARISH","STRUCTURE + DISCOUNT","NORMAL DOWNTREND","68.36","TRUE","FALSE","FALSE","LEADING","LEADING (Passive)","1.14","1.14","NORMAL","80","20","33.56","35.28","13.01","32.17","1654.42","1729.98","1743.53","2991500","2620300","1016","Supertrend bearish | RSI 33.6 lemah | Volume 1.14x | Crash filter aktif | RISEN NORMAL DOWNTREND","Full Grid (1-2-3-4)","100000000","1950","1875","1855","1830","0.1","0.2","0.3","0.4","51","106","161","218","536","99579500","420500","1857.83","1857.86","1790","2190","2430","2430","8.21","3.65","24.62","30.8","3","8.44"
"MTLA","2026-05-29","2026-05-29","561","FULL","510","0","AVOID","-","passive","FALSE","","V-SHAPE","2026-04-17","","42d","42","DOWNTREND","BEARISH","BEARISH","BEARISH","STRUCTURE + DISCOUNT","SIDEWAYS","82.5","TRUE","FALSE","TRUE","LEADING","LEADING (Passive)","1.09","1.09","NORMAL","0","100","40.64","24.86","10.52","22.24","519.38","536.38","514.49","44400","40685","1016","Supertrend bearish | RSI 40.6 lemah | Volume 1.09x | Lolos anti-crash ADX | RISEN SIDEWAYS","Full Grid (1-2-3-4)","100000000","590","565","555","545","0.1","0.2","0.3","0.4","169","353","540","733","1795","99834000","166000","556.18","556.19","525","690","785","785","11.02","5.61","33.05","41.14","3","7.34"
"DATA","2026-05-29","2026-05-29","486","FULL","1695","3.9877300613496933","AVOID","-","passive","FALSE","","EARLY SWEEP","2026-05-11","","18d","18","DOWNTREND","BEARISH","BEARISH","BEARISH","STRUCTURE + DISCOUNT","NORMAL DOWNTREND","84.11","TRUE","FALSE","FALSE","IMPROVING","IMPROVING (Passive)","0.26","0.26","DRY / QUIET","59.26","40.74","34.31","21.28","15.74","26.79","1926.17","2414.17","3103.06","741200","2847055","1014","Supertrend bearish | RSI 34.3 lemah | Volume 0.26x | Lolos anti-crash ADX | RISEN NORMAL DOWNTREND","Full Grid (1-2-3-4)","100000000","4570","4220","4140","4020","0.1","0.2","0.3","0.4","21","47","72","99","239","99037000","963000","4143.81","4145.22","3810","5700","6850","6850","16.63","8.06","49.89","65.31","3","8.11"
"OLIV","2026-05-29","2026-05-29","561","FULL","54","0","AVOID","-","passive","FALSE","","SMART SNIPER","2026-04-16","Structure + Discount","43d","43","DOWNTREND","BEARISH","BEARISH","BEARISH","STRUCTURE + DISCOUNT","SIDEWAYS","52.77","TRUE","FALSE","FALSE","LEADING","LEADING (Passive)","1.78","1.78","EXPANSION","80","20","44.96","15.65","14.57","18.63","55.39","57.1","61.34","7853700","4421580","1014","Supertrend bearish | RSI 45.0 lemah | Volume valid 1.78x | Lolos anti-crash ADX | RISEN SIDEWAYS","Full Grid (1-2-3-4)","100000000","61","54","52","49","0.1","0.2","0.3","0.4","1639","3703","5769","8163","19274","99991600","8400","51.88","51.88","45","85","109","109","26.23","13.26","78.69","110.1","3","8.3"
"PEVE","2026-05-29","2026-05-29","561","FULL","334","-5.113636363636364","AVOID","-","passive","FALSE","","V-SHAPE","2026-05-11","","18d","18","DOWNTREND","BEARISH","BEARISH","BEARISH","STRUCTURE + DISCOUNT","NORMAL DOWNTREND","32.72","TRUE","FALSE","FALSE","IMPROVING","IMPROVING (Passive)","0.06","0.06","DRY / QUIET","18.18","81.82","35.04","27.29","15.92","25.03","373.81","424.5","454.9","30700","533970","1014","Supertrend bearish | RSI 35.0 lemah | Volume 0.06x | Lolos anti-crash ADX | RISEN NORMAL DOWNTREND","Full Grid (1-2-3-4)","100000000","400","380","376","368","0.1","0.2","0.3","0.4","250","526","797","1086","2659","99920000","80000","375.78","375.78","354","500","530","530","11.5","5.8","32.5","41.04","2.83","7.08"
"SRAJ","2026-05-29","2026-05-29","561","FULL","13925","0","HOLD","-","passive","FALSE","","V-SHAPE","2026-04-16","","43d","43","UPTREND","BEARISH","BEARISH","BULLISH","UPTREND","NORMAL DOWNTREND","25","TRUE","FALSE","FALSE","LEADING","LEADING (Passive)","0.04","0.04","DRY / QUIET","50","50","44.91","29.77","26.68","43.6","14114.48","14590.37","12735.42","600","15290","1014","Supertrend bullish | RSI 44.9 lemah | Volume 0.04x | Lolos anti-crash ADX | RISEN NORMAL DOWNTREND","Full Grid (1-2-3-4)","100000000","15100","14100","13875","13525","0.1","0.2","0.3","0.4","6","14","21","29","70","97160000","2840000","13880","13888.23","13000","18250","21400","21400","13.91","6.34","41.72","54.18","3","8.55"
"WMPP","2026-05-29","2026-05-29","561","FULL","36","0","HOLD","-","passive","FALSE","","SMART GAMMA","2026-04-16","","43d","43","UPTREND","BEARISH","BULLISH","BULLISH","UPTREND PREMIUM","NORMAL UPTREND","21.56","TRUE","TRUE","FALSE","LEADING","LEADING (Passive)","0.58","0.58","DRY / QUIET","100","0","46.66","28.75","31.89","44.91","37.69","34.73","22.15","18229700","31321775","1014","Supertrend bullish | RSI 46.7 lemah | Volume 0.58x | Lolos anti-crash ADX | RISEN NORMAL UPTREND","Full Grid (1-2-3-4)","100000000","48","29","25","18","0.1","0.2","0.3","0.4","2083","6896","12000","22222","43201","99996400","3600","23.15","23.15","10","105","162","162","79.17","56.8","237.5","599.88","3","10.56"
"ANJT","2026-05-29","2026-05-29","561","FULL","1685","-0.2958579881656805","AVOID","-","passive","FALSE","","SMART SNIPER","2026-04-15","Structure + Discount","44d","44","DOWNTREND","BEARISH","BEARISH","BEARISH","STRUCTURE + DISCOUNT","NORMAL DOWNTREND","44.23","TRUE","FALSE","FALSE","LEADING","LEADING (Passive)","0.48","0.48","DRY / QUIET","80","20","46.74","29.82","15.77","21.69","1704.96","1701.24","1703.4","79300","164020","1012","Supertrend bearish | RSI 46.7 lemah | Volume 0.48x | Lolos anti-crash ADX | RISEN NORMAL DOWNTREND","Full Grid (1-2-3-4)","100000000","1740","1580","1540","1485","0.1","0.2","0.3","0.4","57","126","194","269","646","99648500","351500","1542.55","1542.69","1400","2250","2760","2760","19.54","9.24","58.62","78.92","3","8.54"
"BHIT","2026-05-29","2026-05-29","561","FULL","30","0","HOLD","-","passive","FALSE","","SMART SNIPER","2026-04-15","Structure + Discount","44d","44","UPTREND","BEARISH","BEARISH","BEARISH","UPTREND DISCOUNT","NORMAL DOWNTREND","39.94","TRUE","FALSE","FALSE","LEADING","LEADING (Passive)","0.71","0.71","DRY / QUIET","50","50","41.7","28.81","29.07","47.09","31.12","33.12","34.8","6203500","8687480","1012","Supertrend bullish | RSI 41.7 lemah | Volume 0.71x | Lolos anti-crash ADX | RISEN NORMAL DOWNTREND","Full Grid (1-2-3-4)","100000000","37","35","34","33","0.1","0.2","0.3","0.4","2702","5714","8823","12121","29360","99993900","6100","34.06","34.06","32","45","52","52","13.51","6.04","40.54","52.68","3","8.72"
"EKAD","2026-05-29","2026-05-29","561","FULL","172","0.5847953216374269","AVOID","-","passive","FALSE","","V-SHAPE","2026-04-15","","44d","44","DOWNTREND","BEARISH","BEARISH","BEARISH","STRUCTURE + DISCOUNT","NORMAL DOWNTREND","41.75","TRUE","FALSE","FALSE","LEADING","LEADING (Passive)","0.71","0.71","DRY / QUIET","27.27","72.73","42.24","29.84","21.1","21.3","174.4","178.14","185.28","163900","230085","1012","Supertrend bearish | RSI 42.2 lemah | Volume 0.71x | Lolos anti-crash ADX | RISEN NORMAL DOWNTREND","Full Grid (1-2-3-4)","100000000","180","179","178","178","0.1","0.2","0.3","0.4","555","1117","1685","2247","5604","99973900","26100","178.4","178.4","176","187","191","191","2.22","1.34","6.11","7.06","2.75","5.26"
"ELIT","2026-05-29","2026-05-29","561","FULL","188","1.6216216216216217","AVOID","-","passive","FALSE","","SMART SNIPER","2026-04-15","Discount Only","44d","44","DOWNTREND","BEARISH","BEARISH","BEARISH","STRUCTURE + DISCOUNT","NORMAL DOWNTREND","65","TRUE","FALSE","FALSE","LEADING","LEADING (Passive)","0.34","0.34","DRY / QUIET","0","100","39.69","15.41","15.06","22.4","195.6","206.4","205.48","1797900","5237115","1012","Supertrend bearish | RSI 39.7 lemah | Volume 0.34x | Lolos anti-crash ADX | RISEN NORMAL DOWNTREND","Full Grid (1-2-3-4)","100000000","228","204","198","190","0.1","0.2","0.3","0.4","438","980","1515","2105","5038","99970400","29600","198.43","198.44","177","304","382","382","22.37","10.8","67.54","92.51","3.02","8.56"
"ELPI","2026-05-29","2026-05-29","561","FULL","1755","3.2352941176470593","AVOID","-","passive","FALSE","","V-SHAPE","2026-04-15","","44d","44","DOWNTREND","BULLISH","BULLISH","BULLISH","DOWNTREND PREMIUM","NORMAL UPTREND","42.06","TRUE","TRUE","FALSE","LEADING","LEADING (Passive)","0.69","0.69","DRY / QUIET","80","20","52.28","14.98","30.15","26.94","1666.67","1670.3","1166.15","2033200","2928810","1012","Supertrend bearish | RSI 52.3 > 50 | Volume 0.69x | Lolos anti-crash ADX | RISEN NORMAL UPTREND","Full Grid (1-2-3-4)","100000000","1965","1515","1410","1260","0.1","0.2","0.3","0.4","50","132","212","317","711","99657000","343000","1401.65","1402.27","1025","3380","4790","4790","47.84","26.87","143.77","241.74","3.01","9"
"LMAX","2026-05-29","2026-05-29","561","FULL","115","-8.73015873015873","AVOID","-","passive","FALSE","","V-SHAPE","2026-05-25","","4d","4","DOWNTREND","BEARISH","BEARISH","BEARISH","STRUCTURE + DISCOUNT","NORMAL DOWNTREND","14.84","TRUE","FALSE","FALSE","LAGGING","LAGGARD (Passive)","2.07","2.07","VOLUME SURGE","0","100","33.98","22.73","19.05","26.24","140.64","150.78","127.12","1530500","739165","1012","Supertrend bearish | RSI 34.0 lemah | Volume valid 2.07x | Lolos anti-crash ADX | RISEN NORMAL DOWNTREND","Full Grid (1-2-3-4)","100000000","117","112","110","108","0.1","0.2","0.3","0.4","854","1785","2727","3703","9069","99973200","26800","110.24","110.24","103","138","141","141","11.97","6.56","20.51","27.91","1.71","4.25"
"SAFE","2026-05-29","2026-05-29","561","FULL","328","0.6134969325153374","AVOID","-","passive","FALSE","","V-SHAPE","2026-04-15","","44d","44","DOWNTREND","BEARISH","BEARISH","BULLISH","DEMAND STRUCTURE","NORMAL DOWNTREND","47.52","TRUE","FALSE","FALSE","LEADING","LEADING (Passive)","1.06","1.06","NORMAL","80","20","38.03","18.64","12.99","19.94","341.83","356.47","321.82","569900","535985","1012","Supertrend bearish | RSI 38.0 lemah | Volume 1.06x | Lolos anti-crash ADX | RISEN NORMAL DOWNTREND","Full Grid (1-2-3-4)","100000000","382","368","364","358","0.1","0.2","0.3","0.4","261","543","824","1117","2745","99934800","65200","364.06","364.07","348","434","484","484","8.9","4.41","26.7","32.94","3","7.47"
"TARA","2026-05-29","2026-05-29","561","FULL","30","-6.25","HOLD","-","passive","FALSE","","V-SHAPE","2026-04-15","","44d","44","UPTREND","BEARISH","BEARISH","BULLISH","STRUCTURE + DISCOUNT","SIDEWAYS","69.27","TRUE","TRUE","FALSE","LEADING","LEADING (Passive)","0.6","0.6","DRY / QUIET","0","100","46.11","9.47","35.26","38.82","30.9","31.73","29.23","638800","1068245","1012","Supertrend bullish | RSI 46.1 lemah | Volume 0.6x | Lolos anti-crash ADX | RISEN SIDEWAYS","Full Grid (1-2-3-4)","100000000","30","29","28","28","0.1","0.2","0.3","0.4","3333","6896","10714","14285","35228","99994600","5400","28.38","28.38","27","40","50","50","10","4.88","66.67","76.15","6.67","15.61"
"TAXI","2026-05-29","2026-05-29","561","FULL","16","0","HOLD","-","passive","FALSE","","SMART SNIPER","2026-04-15","Discount Only","44d","44","UPTREND","BEARISH","BEARISH","BEARISH","UPTREND DISCOUNT","SIDEWAYS","46.92","TRUE","FALSE","FALSE","LEADING","LEADING (Passive)","0.8","0.8","NORMAL","50","50","48.14","14.43","31.1","33.47","16.14","16.84","16.75","24265300","30266115","1012","Supertrend bullish | RSI 48.1 lemah | Volume 0.8x | Lolos anti-crash ADX | RISEN SIDEWAYS","Full Grid (1-2-3-4)","100000000","17","15","14","13","0.1","0.2","0.3","0.4","5882","13333","21428","30769","71412","99997800","2200","14","14","12","25","32","32","29.41","14.3","88.24","128.52","3","8.99"
"FITT","2026-05-29","2026-05-29","561","FULL","376","3.867403314917127","AVOID","-","passive","FALSE","","SMART SNIPER","2026-04-14","Discount Only","45d","45","DOWNTREND","BEARISH","BEARISH","BEARISH","DOWNTREND DISCOUNT","NORMAL DOWNTREND","69.08","TRUE","FALSE","FALSE","LEADING","LEADING (Passive)","0.26","0.26","DRY / QUIET","33.33","66.67","45.19","16.72","28.67","19.4","394.73","437","508.5","537500","2060780","1010","Supertrend bearish | RSI 45.2 lemah | Volume 0.26x | Lolos anti-crash ADX | RISEN NORMAL DOWNTREND","Full Grid (1-2-3-4)","100000000","464","346","316","276","0.1","0.2","0.3","0.4","215","578","949","1449","3191","99955600","44400","313.24","313.26","212","840","1220","1220","54.31","32.32","162.93","289.47","3","8.96"
"GMFI","2026-05-29","2026-05-29","561","FULL","53","0","AVOID","-","passive","FALSE","","SMART SNIPER","2026-04-14","Discount Only","45d","45","DOWNTREND","BEARISH","BEARISH","BEARISH","STRUCTURE + DISCOUNT","NORMAL DOWNTREND","53.65","TRUE","FALSE","FALSE","LEADING","LEADING (Passive)","0.88","0.88","NORMAL","50","50","36.51","20.55","16.22","23.37","57.09","61.27","69.28","51422200","58393620","1010","Supertrend bearish | RSI 36.5 lemah | Volume 0.88x | Lolos anti-crash ADX | RISEN NORMAL DOWNTREND","Full Grid (1-2-3-4)","100000000","70","62","59","57","0.1","0.2","0.3","0.4","1428","3225","5084","7017","16754","99983500","16500","59.68","59.68","52","97","124","124","25.71","12.86","77.14","107.78","3","8.38"
"REAL","2026-05-29","2026-05-29","561","FULL","51","2","AVOID","-","passive","FALSE","","SMART SNIPER","2026-04-14","Structure + Discount","45d","45","DOWNTREND","BEARISH","BEARISH","BEARISH","STRUCTURE + DISCOUNT","SIDEWAYS","91.07","TRUE","FALSE","FALSE","LEADING","LEADING (Passive)","0.45","0.45","DRY / QUIET","100","0","41.56","24.13","22.22","13.72","52.45","54.73","56.19","20104200","44575145","1010","Supertrend bearish | RSI 41.6 lemah | Volume 0.45x | Lolos anti-crash ADX | RISEN SIDEWAYS","Full Grid (1-2-3-4)","100000000","55","53","52","51","0.1","0.2","0.3","0.4","1818","3773","5769","7843","19203","99994000","6000","52.07","52.07","49","74","85","85","10.91","5.9","54.55","63.24","5","10.72"
"PNGO","2026-05-29","2026-05-29","561","FULL","3490","-1.13314447592068","AVOID","-","passive","FALSE","","BETA BREAKOUT","2026-04-13","","46d","46","DOWNTREND","BEARISH","BULLISH","BULLISH","STRUCTURE + DISCOUNT","NORMAL UPTREND","25","TRUE","TRUE","FALSE","LEADING","LEADING (Passive)","0.11","0.11","DRY / QUIET","55.56","44.44","50.19","21.18","20.18","15.99","3497.94","3422.66","3010.84","11300","99915","1008","Supertrend bearish | RSI 50.2 > 50 | Volume 0.11x | Lolos anti-crash ADX | RISEN NORMAL UPTREND","Full Grid (1-2-3-4)","100000000","3410","3210","3160","3100","0.1","0.2","0.3","0.4","29","62","94","129","314","99485000","515000","3168.31","3168.57","2980","4060","4700","4700","12.61","5.94","37.83","48.34","3","8.13"
"ANTM","2026-05-29","2026-05-29","561","FULL","2900","-2.027027027027027","AVOID","-","passive","FALSE","","V-SHAPE","2026-05-22","","7d","7","DOWNTREND","BEARISH","BEARISH","BEARISH","DOWNTREND DISCOUNT","SIDEWAYS","0","FALSE","FALSE","TRUE","LAGGING","LAGGARD (Passive)","2.21","2.21","VOLUME SURGE","18.18","81.82","29.15","34.61","8.11","30.84","3380.88","3609.33","3400.6","401683100","182137560","1006","Supertrend bearish | RSI 29.1 lemah | Volume valid 2.21x | Crash filter aktif | RISEN SIDEWAYS","Full Grid (1-2-3-4)","100000000","3090","3000","2980","2950","0.1","0.2","0.3","0.4","32","66","100","135","333","99313000","687000","2982.37","2982.46","2870","3420","3760","3760","7.12","3.77","21.68","26.07","3.05","6.92"
"SMBR","2026-05-29","2026-05-29","561","FULL","167","-2.3391812865497075","AVOID","-","passive","FALSE","","V-SHAPE","2026-05-07","","22d","22","DOWNTREND","BEARISH","BEARISH","BEARISH","STRUCTURE + DISCOUNT","NORMAL DOWNTREND","50.27","TRUE","FALSE","FALSE","IMPROVING","IMPROVING (Passive)","0.4","0.4","DRY / QUIET","20","80","27.19","44.47","11.58","35.37","189.87","212.12","248.1","2413000","6051220","1006","Supertrend bearish | RSI 27.2 lemah | Volume 0.4x | Crash filter aktif | RISEN NORMAL DOWNTREND","Full Grid (1-2-3-4)","100000000","202","200","200","199","0.1","0.2","0.3","0.4","495","1000","1500","2010","5005","99998000","2000","199.8","199.8","196","212","234","234","2.97","1.9","15.84","17.12","5.33","9.01"
"IKAN","2026-05-29","2026-05-29","561","FULL","83","-1.1904761904761905","AVOID","-","passive","FALSE","","SMART GAMMA","2026-05-06","","23d","23","DOWNTREND","BEARISH","BEARISH","BEARISH","STRUCTURE + DISCOUNT","NORMAL DOWNTREND","30.77","TRUE","FALSE","FALSE","IMPROVING","IMPROVING (Passive)","0.53","0.53","DRY / QUIET","60","40","38.38","17.23","30.92","18.07","90.37","95.54","101.68","9788600","18380785","1004","Supertrend bearish | RSI 38.4 lemah | Volume 0.53x | Lolos anti-crash ADX | RISEN NORMAL DOWNTREND","Full Grid (1-2-3-4)","100000000","106","92","89","84","0.1","0.2","0.3","0.4","943","2173","3370","4761","11247","99972800","27200","88.89","88.89","77","150","193","193","27.36","13.37","82.08","117.13","3","8.76"
"JRPT","2026-05-29","2026-05-29","561","FULL","1105","1.3761467889908259","HOLD","-","passive","FALSE","","SMART GAMMA","2026-04-10","","49d","49","UPTREND","BULLISH","BULLISH","BULLISH","UPTREND PREMIUM","SIDEWAYS","66.02","TRUE","FALSE","FALSE","LEADING","LEADING (Passive)","0.03","0.03","DRY / QUIET","100","0","57.33","27.76","18.02","18.36","1092.02","1092.57","992.28","5400","200085","1002","Supertrend bullish | RSI 57.3 > 50 | Volume 0.03x | Lolos anti-crash ADX | RISEN SIDEWAYS","Full Grid (1-2-3-4)","100000000","1110","1095","1090","1085","0.1","0.2","0.3","0.4","90","182","275","368","915","99822000","178000","1090.95","1090.95","1075","1165","1280","1280","3.15","1.46","15.32","17.33","4.86","11.85"
"KLIN","2026-05-29","2026-05-29","561","FULL","116","-2.5210084033613445","AVOID","-","passive","FALSE","","EARLY SWEEP","2026-05-05","","24d","24","DOWNTREND","BEARISH","BEARISH","BEARISH","STRUCTURE + DISCOUNT","NORMAL DOWNTREND","31.5","TRUE","FALSE","FALSE","IMPROVING","IMPROVING (Passive)","0.48","0.48","DRY / QUIET","55.56","44.44","34.38","25.94","10.92","25","131.27","143.98","156.31","53600","112420","1002","Supertrend bearish | RSI 34.4 lemah | Volume 0.48x | Lolos anti-crash ADX | RISEN NORMAL DOWNTREND","Full Grid (1-2-3-4)","100000000","168","150","145","139","0.1","0.2","0.3","0.4","595","1333","2068","2877","6873","99967300","32700","145.45","145.45","128","228","288","288","23.81","12","71.43","98.01","3","8.17"
"ADMR","2026-05-29","2026-05-29","561","FULL","1530","1.3245033112582782","AVOID","-","passive","FALSE","","V-SHAPE","2026-05-04","","25d","25","DOWNTREND","BEARISH","BEARISH","BEARISH","STRUCTURE + DISCOUNT","NORMAL DOWNTREND","24.5","TRUE","FALSE","FALSE","IMPROVING","IMPROVING (Passive)","1.1","1.1","NORMAL","3.45","96.55","37.85","24.64","21.54","30.69","1668.61","1771.03","1599.25","53508200","48761025","1000","Supertrend bearish | RSI 37.9 lemah | Volume 1.1x | Lolos anti-crash ADX | RISEN NORMAL DOWNTREND","Full Grid (1-2-3-4)","100000000","1910","1845","1830","1810","0.1","0.2","0.3","0.4","52","108","163","220","543","99507000","493000","1832.54","1832.56","1765","2130","2350","2350","7.59","3.69","23.04","28.24","3.03","7.66"
"ALII","2026-05-29","2026-05-29","537","FULL","835","-0.5952380952380952","AVOID","-","passive","FALSE","","SMART SNIPER","2026-04-09","Structure + Discount","50d","50","DOWNTREND","BEARISH","BEARISH","BULLISH","STRUCTURE + DISCOUNT","SIDEWAYS","30.48","TRUE","FALSE","FALSE","LEADING","LEADING (Passive)","0.25","0.25","DRY / QUIET","33.33","66.67","46.07","17.66","19.61","19.19","865.87","862.35","765.18","711200","2900530","1000","Supertrend bearish | RSI 46.1 lemah | Volume 0.25x | Lolos anti-crash ADX | RISEN SIDEWAYS","Full Grid (1-2-3-4)","100000000","840","735","705","670","0.1","0.2","0.3","0.4","119","272","425","597","1413","99949500","50500","707.36","707.36","610","1185","1530","1530","27.38","13.76","82.14","116.3","3","8.45"
"IBOS","2026-05-29","2026-05-29","561","FULL","93","9.411764705882353","AVOID","-","passive","FALSE","","V-SHAPE","2026-05-04","","25d","25","DOWNTREND","BEARISH","BEARISH","BEARISH","STRUCTURE + DISCOUNT","NORMAL DOWNTREND","33.12","TRUE","FALSE","FALSE","IMPROVING","IMPROVING (Passive)","0.52","0.52","DRY / QUIET","100","0","42.11","20.97","16.55","27.86","99.51","109.07","97.53","6382100","12360220","1000","Supertrend bearish | RSI 42.1 lemah | Volume 0.52x | Lolos anti-crash ADX | RISEN NORMAL DOWNTREND","Full Grid (1-2-3-4)","100000000","111","103","100","98","0.1","0.2","0.3","0.4","900","1941","3000","4081","9922","99976100","23900","100.76","100.76","92","140","168","168","17.12","8.7","51.35","66.73","3","7.67"
"AGRS","2026-05-29","2026-05-29","561","FULL","65","1.5625","AVOID","-","passive","FALSE","","V-SHAPE","2026-04-08","","51d","51","DOWNTREND","BEARISH","BEARISH","BEARISH","STRUCTURE + DISCOUNT","NORMAL DOWNTREND","29.79","TRUE","FALSE","FALSE","LEADING","LEADING (Passive)","0.36","0.36","DRY / QUIET","66.67","33.33","41.13","20.52","19.76","21.49","66.42","68.96","71.9","1868300","5247585","998","Supertrend bearish | RSI 41.1 lemah | Volume 0.36x | Lolos anti-crash ADX | RISEN NORMAL DOWNTREND","Full Grid (1-2-3-4)","100000000","70","68","68","67","0.1","0.2","0.3","0.4","1428","2941","4411","5970","14750","99988600","11400","67.79","67.79","65","78","86","86","7.14","4.11","22.86","26.86","3.2","6.53"
"PGAS","2026-05-29","2026-05-29","561","FULL","1825","-3.6939313984168867","AVOID","-","passive","FALSE","","EARLY SWEEP","2026-05-18","","11d","11","DOWNTREND","BEARISH","BEARISH","BEARISH","STRUCTURE + DISCOUNT","SIDEWAYS","69.5","TRUE","FALSE","TRUE","LAGGING","LAGGARD (Passive)","2.76","2.76","VOLUME SURGE","0","100","43.39","21.58","17.84","25.71","1866.1","1911.58","1870.87","74999600","27132395","998","Supertrend bearish | RSI 43.4 lemah | Volume valid 2.76x | Lolos anti-crash ADX | RISEN SIDEWAYS","Full Grid (1-2-3-4)","100000000","2040","1965","1945","1920","0.1","0.2","0.3","0.4","49","101","154","208","512","99731500","268500","1947.88","1947.89","1865","2300","2310","2310","8.58","4.25","13.24","18.59","1.54","4.37"
"PSSI","2026-05-29","2026-05-29","561","FULL","302","-2.5806451612903225","AVOID","-","passive","FALSE","","V-SHAPE","2026-04-08","","51d","51","DOWNTREND","BEARISH","BEARISH","BEARISH","STRUCTURE + DISCOUNT","NORMAL DOWNTREND","25","TRUE","FALSE","FALSE","LEADING","LEADING (Passive)","0.11","0.11","DRY / QUIET","54.55","45.45","35.65","25.13","17.99","37.18","321.49","334.84","352.37","22100","198545","998","Supertrend bearish | RSI 35.6 lemah | Volume 0.11x | Lolos anti-crash ADX | RISEN NORMAL DOWNTREND","Full Grid (1-2-3-4)","100000000","344","338","336","334","0.1","0.2","0.3","0.4","290","591","892","1197","2970","99902800","97200","336.37","336.37","330","366","402","402","4.07","1.89","16.86","19.51","4.14","10.3"
"TRIM","2026-05-29","2026-05-29","561","FULL","505","1.4056224899598393","AVOID","-","passive","FALSE","","SMART SNIPER","2026-04-08","Demand Structure","51d","51","DOWNTREND","BEARISH","BEARISH","BEARISH","STRUCTURE + DISCOUNT","NORMAL DOWNTREND","61.02","TRUE","FALSE","FALSE","LEADING","LEADING (Passive)","0.38","0.38","DRY / QUIET","58.33","41.67","40.44","20.43","13.31","20.55","528.89","548.91","535.45","120700","318570","998","Supertrend bearish | RSI 40.4 lemah | Volume 0.38x | Lolos anti-crash ADX | RISEN NORMAL DOWNTREND","Full Grid (1-2-3-4)","100000000","555","505","492","474","0.1","0.2","0.3","0.4","180","396","609","843","2028","99909000","91000","492.65","492.65","446","720","880","880","19.64","9.47","58.56","78.63","2.98","8.3"
"WIFI","2026-05-29","2026-05-29","561","FULL","2050","1.9900497512437811","AVOID","-","passive","FALSE","","SMART SNIPER","2026-04-08","Discount Only","51d","51","DOWNTREND","BEARISH","BEARISH","BEARISH","STRUCTURE + DISCOUNT","NORMAL DOWNTREND","4.69","TRUE","FALSE","FALSE","LEADING","LEADING (Passive)","1.89","1.89","EXPANSION","28.21","71.79","40.25","22.18","15.95","27.2","2175.85","2291.97","2490.47","38767300","20479080","998","Supertrend bearish | RSI 40.3 lemah | Volume valid 1.89x | Lolos anti-crash ADX | RISEN NORMAL DOWNTREND","Full Grid (1-2-3-4)","100000000","2310","2110","2060","1990","0.1","0.2","0.3","0.4","43","94","145","201","483","99636000","364000","2062.86","2063.08","1875","2960","3620","3620","18.83","9.11","56.71","75.48","3.01","8.29"
"RAAM","2026-05-29","2026-05-29","561","FULL","195","-1.015228426395939","AVOID","-","passive","FALSE","","SMART SNIPER","2026-04-07","Discount Only","52d","52","DOWNTREND","BEARISH","BEARISH","BEARISH","STRUCTURE + DISCOUNT","NORMAL DOWNTREND","33.14","TRUE","FALSE","FALSE","LEADING","LEADING (Passive)","0.21","0.21","DRY / QUIET","50","50","41.81","14.23","20.73","17.49","205.58","212.6","245.87","200900","953885","996","Supertrend bearish | RSI 41.8 lemah | Volume 0.21x | Lolos anti-crash ADX | RISEN NORMAL DOWNTREND","Full Grid (1-2-3-4)","100000000","238","196","185","171","0.1","0.2","0.3","0.4","420","1020","1621","2339","5400","99973400","26600","185.14","185.14","149","372","505","505","37.39","19.52","112.18","172.77","3","8.85"
"WIDI","2026-05-29","2026-05-29","561","FULL","28","0","AVOID","-","passive","FALSE","","SMART SNIPER","2026-04-07","Structure + Discount","52d","52","DOWNTREND","BEARISH","BEARISH","BEARISH","STRUCTURE + DISCOUNT","NORMAL DOWNTREND","36.38","TRUE","FALSE","FALSE","LEADING","LEADING (Passive)","0.41","0.41","DRY / QUIET","100","0","39","26.7","14.54","26.37","29.86","31.61","32.88","2190900","5353600","996","Supertrend bearish | RSI 39.0 lemah | Volume 0.41x | Lolos anti-crash ADX | RISEN NORMAL DOWNTREND","Full Grid (1-2-3-4)","100000000","33","31","31","30","0.1","0.2","0.3","0.4","3030","6451","9677","13333","32491","99994800","5200","30.78","30.78","28","44","49","49","15.15","9.02","48.48","59.21","3.2","6.56"
"BEER","2026-05-29","2026-05-29","561","FULL","83","-4.597701149425287","AVOID","-","passive","FALSE","","V-SHAPE","2026-05-26","","3d","3","DOWNTREND","BEARISH","BEARISH","BEARISH","DOWNTREND DISCOUNT","NORMAL DOWNTREND","43.61","TRUE","FALSE","FALSE","LAGGING","LAGGARD (Passive)","0.83","0.83","NORMAL","25","75","26.91","20","20.33","22.37","108.77","128.49","145.52","3890400","4710995","994","Supertrend bearish | RSI 26.9 lemah | Volume 0.83x | Lolos anti-crash ADX | RISEN NORMAL DOWNTREND","Full Grid (1-2-3-4)","100000000","87","85","84","83","0.1","0.2","0.3","0.4","1149","2352","3571","4819","11891","99982400","17600","84.08","84.08","79","99","101","101","9.2","6.04","16.09","20.12","1.75","3.33"
"CSAP","2026-05-29","2026-05-29","561","FULL","266","0","AVOID","-","passive","FALSE","","EARLY SWEEP","2026-05-26","","3d","3","DOWNTREND","BEARISH","BEARISH","BEARISH","STRUCTURE + DISCOUNT","NORMAL DOWNTREND","65","TRUE","FALSE","FALSE","WEAKENING","WEAKENING (Passive)","0.43","0.43","DRY / QUIET","0","100","35.44","38.7","35.79","27.1","278.9","286.79","309.65","19100","44840","994","Supertrend bearish | RSI 35.4 lemah | Volume 0.43x | Lolos anti-crash ADX | RISEN NORMAL DOWNTREND","Full Grid (1-2-3-4)","100000000","332","316","310","306","0.1","0.2","0.3","0.4","301","632","967","1307","3207","99935600","64400","311.62","311.62","294","390","446","446","11.45","5.65","34.34","43.12","3","7.63"
"INDR","2026-05-29","2026-05-29","561","FULL","2180","-3.111111111111111","AVOID","-","passive","FALSE","","V-SHAPE","2026-05-26","","3d","3","DOWNTREND","BEARISH","BEARISH","BEARISH","STRUCTURE + DISCOUNT","NORMAL DOWNTREND","34.49","TRUE","FALSE","FALSE","LAGGING","LAGGARD (Passive)","0.89","0.89","NORMAL","0","100","36.84","25.79","14.81","21.39","2394.04","2600.37","2775.52","85600","96225","994","Supertrend bearish | RSI 36.8 lemah | Volume 0.89x | Lolos anti-crash ADX | RISEN NORMAL DOWNTREND","Full Grid (1-2-3-4)","100000000","2250","2130","2100","2060","0.1","0.2","0.3","0.4","44","93","142","194","473","99493000","507000","2103.45","2103.61","1975","2660","3080","3080","12.22","6.11","36.89","46.43","3.02","7.6"
"UDNG","2026-05-29","2026-05-29","561","FULL","1310","9.623430962343097","AVOID","-","passive","FALSE","","EARLY SWEEP","2026-05-26","","3d","3","DOWNTREND","BULLISH","BEARISH","BEARISH","STRUCTURE + DISCOUNT","SIDEWAYS","55.81","TRUE","FALSE","FALSE","LAGGING","LAGGARD (Passive)","0.47","0.47","DRY / QUIET","100","0","54.29","19.79","30.26","21.64","1199.02","1416.04","1988.88","1024500","2203010","994","Supertrend bearish | RSI 54.3 > 50 | Volume 0.47x | Lolos anti-crash ADX | RISEN SIDEWAYS","Full Grid (1-2-3-4)","100000000","3560","3240","3160","3060","0.1","0.2","0.3","0.4","28","61","94","130","313","99216000","784000","3169.84","3169.83","2820","4670","5775","5775","20.79","11.04","62.22","82.19","2.99","7.45"
"BCAP","2026-05-29","2026-05-29","561","FULL","50","0","AVOID","-","passive","FALSE","","EARLY SWEEP","2026-05-25","","4d","4","DOWNTREND","BEARISH","BEARISH","BEARISH","DOWNTREND DISCOUNT","SIDEWAYS","90.36","TRUE","FALSE","FALSE","LAGGING","LAGGARD (Passive)","0.04","0.04","DRY / QUIET","50","50","42.65","37.76","17.52","7.74","51.01","52.03","55.65","940400","22376505","992","Supertrend bearish | RSI 42.6 lemah | Volume 0.04x | Lolos anti-crash ADX | RISEN SIDEWAYS","Full Grid (1-2-3-4)","100000000","59","55","54","53","0.1","0.2","0.3","0.4","1694","3636","5555","7547","18432","99988700","11300","54.25","54.25","51","71","83","83","13.56","5.99","40.68","53","3","8.85"
"BMBL","2026-05-29","2026-05-29","561","FULL","33","-2.941176470588235","AVOID","-","passive","FALSE","","EARLY SWEEP","2026-05-25","","4d","4","DOWNTREND","BEARISH","BEARISH","BEARISH","STRUCTURE + DISCOUNT","SIDEWAYS","75.84","TRUE","FALSE","FALSE","LAGGING","LAGGARD (Passive)","0.32","0.32","DRY / QUIET","50","50","40.55","20.91","16.47","20.98","35.11","37.61","40.86","1930600","5972950","992","Supertrend bearish | RSI 40.5 lemah | Volume 0.32x | Lolos anti-crash ADX | RISEN SIDEWAYS","Full Grid (1-2-3-4)","100000000","36","32","31","30","0.1","0.2","0.3","0.4","2777","6250","9677","13333","32037","99994900","5100","31.21","31.21","27","50","63","63","25","13.5","75","101.84","3","7.55"
"BMSR","2026-05-29","2026-05-29","561","FULL","296","-1.9867549668874174","HOLD","-","passive","FALSE","","V-SHAPE","2026-05-25","","4d","4","UPTREND","BEARISH","BEARISH","BEARISH","UPTREND DISCOUNT","NORMAL DOWNTREND","61.84","TRUE","FALSE","FALSE","LAGGING","LAGGARD (Passive)","1.3","1.3","EXPANSION","25","75","41.9","30.89","23.05","14.25","313.85","320.31","312.06","61500","47240","992","Supertrend bullish | RSI 41.9 lemah | Volume valid 1.3x | Lolos anti-crash ADX | RISEN NORMAL DOWNTREND","Full Grid (1-2-3-4)","100000000","318","300","296","290","0.1","0.2","0.3","0.4","314","666","1013","1379","3372","99941000","59000","296.38","296.39","278","378","438","438","12.58","6.2","37.74","47.78","3","7.7"
"BNBA","2026-05-29","2026-05-29","561","FULL","665","-3.6231884057971016","AVOID","-","passive","FALSE","","EARLY SWEEP","2026-05-25","","4d","4","DOWNTREND","BEARISH","BEARISH","BEARISH","DOWNTREND DISCOUNT","SIDEWAYS","46.17","TRUE","FALSE","FALSE","LAGGING","LAGGARD (Passive)","0.47","0.47","DRY / QUIET","30","70","37.46","20.46","14.27","26.08","725.43","742.98","750.49","261600","559205","992","Supertrend bearish | RSI 37.5 lemah | Volume 0.47x | Lolos anti-crash ADX | RISEN SIDEWAYS","Full Grid (1-2-3-4)","100000000","865","780","755","725","0.1","0.2","0.3","0.4","115","256","397","551","1319","99836500","163500","756.91","756.95","680","1145","1420","1420","21.39","10.16","64.16","87.6","3","8.62"
"DMMX","2026-05-29","2026-05-29","561","FULL","175","-2.2346368715083798","AVOID","-","passive","FALSE","","V-SHAPE","2026-05-25","","4d","4","DOWNTREND","BEARISH","BEARISH","BEARISH","STRUCTURE + DISCOUNT","NORMAL DOWNTREND","29.73","TRUE","FALSE","FALSE","LAGGING","LAGGARD (Passive)","0.46","0.46","DRY / QUIET","0","100","24.14","13.3","18.58","20.21","200.48","221.26","288.57","206400","447310","992","Supertrend bearish | RSI 24.1 lemah | Volume 0.46x | Lolos anti-crash ADX | RISEN NORMAL DOWNTREND","Full Grid (1-2-3-4)","100000000","178","174","173","172","0.1","0.2","0.3","0.4","561","1149","1734","2325","5769","99966600","33400","173.28","173.28","167","204","212","212","6.18","3.63","19.1","22.34","3.09","6.16"
"EAST","2026-05-29","2026-05-29","561","FULL","89","0","AVOID","-","passive","FALSE","","EARLY SWEEP","2026-05-25","","4d","4","DOWNTREND","BEARISH","BEARISH","BEARISH","STRUCTURE + DISCOUNT","NORMAL DOWNTREND","47.6","TRUE","FALSE","FALSE","LAGGING","LAGGARD (Passive)","0.31","0.31","DRY / QUIET","50","50","42.99","21.48","9.92","14.33","90.25","91.19","94.72","889100","2836775","992","Supertrend bearish | RSI 43.0 lemah | Volume 0.31x | Lolos anti-crash ADX | RISEN NORMAL DOWNTREND","Full Grid (1-2-3-4)","100000000","94","92","91","90","0.1","0.2","0.3","0.4","1063","2173","3296","4444","10976","99973400","26600","91.08","91.08","89","102","112","112","5.32","2.29","19.15","22.96","3.6","10.04"
"HEXA","2026-05-29","2026-05-29","561","FULL","4380","-0.6802721088435374","HOLD","-","passive","FALSE","","BETA BREAKOUT","2026-05-25","","4d","4","UPTREND","BEARISH","BEARISH","BEARISH","DEMAND STRUCTURE","SIDEWAYS","36.66","TRUE","FALSE","FALSE","LAGGING","LAGGARD (Passive)","1.02","1.02","NORMAL","40","60","42.59","21.7","20.55","30.23","4437.49","4444.65","4602.96","207100","203675","992","Supertrend bullish | RSI 42.6 lemah | Volume 1.02x | Lolos anti-crash ADX | RISEN SIDEWAYS","Full Grid (1-2-3-4)","100000000","4470","4390","4360","4340","0.1","0.2","0.3","0.4","22","45","68","92","227","99165000","835000","4368.5","4368.67","4290","4740","5225","5225","4.03","1.8","16.89","19.61","4.19","10.91"
"ISAP","2026-05-29","2026-05-29","561","FULL","26","-3.7037037037037033","AVOID","-","passive","FALSE","","EARLY SWEEP","2026-05-25","","4d","4","DOWNTREND","BEARISH","BEARISH","BEARISH","DOWNTREND DISCOUNT","NORMAL DOWNTREND","36.91","TRUE","FALSE","FALSE","LAGGING","LAGGARD (Passive)","1.35","1.35","EXPANSION","50","50","36.65","15.73","14.95","23.4","29.07","30.65","29.41","49863800","36893250","992","Supertrend bearish | RSI 36.6 lemah | Volume valid 1.35x | Lolos anti-crash ADX | RISEN NORMAL DOWNTREND","Full Grid (1-2-3-4)","100000000","34","31","30","28","0.1","0.2","0.3","0.4","2941","6451","10000","14285","33677","99995500","4500","29.69","29.69","27","45","55","55","20.59","9.07","61.76","85.23","3","9.4"
"POLI","2026-05-29","2026-05-29","561","FULL","885","1.1428571428571428","AVOID","-","passive","FALSE","","V-SHAPE","2026-05-25","","4d","4","DOWNTREND","BEARISH","BEARISH","BEARISH","STRUCTURE + DISCOUNT","NORMAL DOWNTREND","53.04","TRUE","FALSE","FALSE","LAGGING","LAGGARD (Passive)","0.25","0.25","DRY / QUIET","90.91","9.09","37.58","25.83","28.76","23.31","1016.83","1075.52","982.53","8400","33150","992","Supertrend bearish | RSI 37.6 lemah | Volume 0.25x | Lolos anti-crash ADX | RISEN NORMAL DOWNTREND","Full Grid (1-2-3-4)","100000000","905","835","820","795","0.1","0.2","0.3","0.4","110","239","365","503","1217","99830000","170000","820.3","820.33","740","1155","1400","1400","18.23","9.79","54.7","70.67","3","7.22"
"TALF","2026-05-29","2026-05-29","561","FULL","710","-14.457831325301203","HOLD","-","passive","FALSE","","BETA BREAKOUT","2026-05-25","","4d","4","UPTREND","BEARISH","BULLISH","BULLISH","DEMAND STRUCTURE","NORMAL UPTREND","37.54","TRUE","TRUE","FALSE","WEAKENING","WEAKENING (Passive)","1.5","1.5","EXPANSION","0","100","49.05","34.25","30.11","17.85","737.12","695.04","561.21","520300","346890","992","Supertrend bullish | RSI 49.0 lemah | Volume valid 1.5x | Lolos anti-crash ADX | RISEN NORMAL UPTREND","Full Grid (1-2-3-4)","100000000","975","795","750","690","0.1","0.2","0.3","0.4","102","251","400","579","1332","99850500","149500","749.63","749.71","590","1555","2130","2130","39.49","21.29","118.46","184.14","3","8.65"
"WSBP","2026-05-29","2026-05-29","561","FULL","15","-6.25","AVOID","-","passive","FALSE","","EARLY SWEEP","2026-05-25","","4d","4","DOWNTREND","BEARISH","BEARISH","BEARISH","DOWNTREND DISCOUNT","NORMAL DOWNTREND","44.93","TRUE","FALSE","FALSE","LAGGING","LAGGARD (Passive)","0.76","0.76","DRY / QUIET","0","100","34.61","14.58","33.79","35.13","16.86","18.15","20.19","12914200","17103105","992","Supertrend bearish | RSI 34.6 lemah | Volume 0.76x | Lolos anti-crash ADX | RISEN NORMAL DOWNTREND","Full Grid (1-2-3-4)","100000000","19","18","18","17","0.1","0.2","0.3","0.4","5263","11111","16666","23529","56569","99997600","2400","17.68","17.68","17","22","29","29","10.53","3.83","52.63","64.05","5","16.72"
"WTON","2026-05-29","2026-05-29","561","FULL","81","-1.2195121951219512","AVOID","-","passive","FALSE","","EARLY SWEEP","2026-05-25","","4d","4","DOWNTREND","BEARISH","BEARISH","BEARISH","DOWNTREND DISCOUNT","NORMAL DOWNTREND","25","TRUE","FALSE","FALSE","LAGGING","LAGGARD (Passive)","0.06","0.06","DRY / QUIET","50","50","33.56","20.54","17.42","18.45","85.43","88.12","92.35","1151600","19732290","992","Supertrend bearish | RSI 33.6 lemah | Volume 0.06x | Lolos anti-crash ADX | RISEN NORMAL DOWNTREND","Full Grid (1-2-3-4)","100000000","89","86","85","84","0.1","0.2","0.3","0.4","1123","2325","3529","4761","11738","99978600","21400","85.18","85.18","82","100","110","110","7.87","3.73","23.6","29.15","3","7.82"
"TIRA","2026-05-29","2026-05-29","561","FULL","600","0","AVOID","-","passive","FALSE","","V-SHAPE","2026-04-29","","30d","30","DOWNTREND","BEARISH","BEARISH","BEARISH","STRUCTURE + DISCOUNT","NORMAL DOWNTREND","34.64","TRUE","FALSE","FALSE","IMPROVING","IMPROVING (Passive)","0.88","0.88","NORMAL","34.62","65.38","24.66","38.16","8.87","27.02","719.35","856.76","1159.68","744300","842400","990","Supertrend bearish | RSI 24.7 lemah | Volume 0.88x | Crash filter aktif | RISEN NORMAL DOWNTREND","Full Grid (1-2-3-4)","100000000","875","845","835","825","0.1","0.2","0.3","0.4","114","236","359","484","1193","99823500","176500","836.74","836.75","800","990","1130","1130","8.57","4.39","29.14","35.05","3.4","7.98"
"ARCI","2026-05-29","2026-05-29","561","FULL","1215","0.8298755186721992","AVOID","-","passive","FALSE","","SMART GAMMA","2026-04-27","","32d","32","DOWNTREND","BEARISH","BEARISH","BEARISH","STRUCTURE + DISCOUNT","NORMAL DOWNTREND","26.02","TRUE","FALSE","FALSE","IMPROVING","IMPROVING (Passive)","0.43","0.43","DRY / QUIET","64.29","35.71","36.24","29.99","12.04","33.68","1353.72","1471.01","1320.19","23326000","54462965","986","Supertrend bearish | RSI 36.2 lemah | Volume 0.43x | Lolos anti-crash ADX | RISEN NORMAL DOWNTREND","Full Grid (1-2-3-4)","100000000","1680","1500","1460","1395","0.1","0.2","0.3","0.4","59","133","205","286","683","99689000","311000","1459.58","1459.69","1305","2240","2810","2810","22.32","10.59","67.26","92.52","3.01","8.74"
"BAIK","2026-05-29","2026-05-29","534","FULL","530","0.9523809523809524","AVOID","-","passive","FALSE","","V-SHAPE","2026-05-12","","17d","17","DOWNTREND","BEARISH","BULLISH","BULLISH","DEMAND STRUCTURE","NORMAL UPTREND","10.39","TRUE","TRUE","FALSE","WEAKENING","WEAKENING (Passive)","2.47","2.47","VOLUME SURGE","100","0","47.97","37.09","20.77","32.28","558.21","490.06","292.12","9264100","3753050","986","Supertrend bearish | RSI 48.0 lemah | Volume valid 2.47x | Crash filter aktif | RISEN NORMAL UPTREND","Full Grid (1-2-3-4)","100000000","640","442","394","328","0.1","0.2","0.3","0.4","156","452","761","1219","2588","99929000","71000","386.12","386.15","234","1250","1860","1860","63.44","39.4","190.63","381.71","3","9.69"
"BALI","2026-05-29","2026-05-29","561","FULL","1225","-0.8097165991902834","HOLD","-","passive","FALSE","","V-SHAPE","2026-05-22","","7d","7","UPTREND","BEARISH","BEARISH","BEARISH","STRUCTURE + DISCOUNT","SIDEWAYS","97.91","TRUE","FALSE","FALSE","LAGGING","LAGGARD (Passive)","0.2","0.2","DRY / QUIET","75","25","41.59","10.08","12.34","14.46","1254.77","1289.37","1349.06","900","4585","986","Supertrend bullish | RSI 41.6 lemah | Volume 0.2x | Lolos anti-crash ADX | RISEN SIDEWAYS","Full Grid (1-2-3-4)","100000000","1250","1215","1205","1195","0.1","0.2","0.3","0.4","80","164","248","334","826","99723000","277000","1207.3","1207.29","1170","1370","1505","1505","6.4","3.09","20.4","24.66","3.19","7.98"
"BBTN","2026-05-29","2026-05-29","561","FULL","1270","-5.223880597014925","HOLD","-","passive","FALSE","","EARLY SWEEP","2026-05-22","","7d","7","UPTREND","BEARISH","BEARISH","BULLISH","DEMAND STRUCTURE","SIDEWAYS","50.75","TRUE","TRUE","FALSE","WEAKENING","WEAKENING (Passive)","1.36","1.36","EXPANSION","0","100","43.64","15.16","25.18","26.44","1330.46","1322.87","1258.53","27517100","20216825","986","Supertrend bullish | RSI 43.6 lemah | Volume valid 1.36x | Lolos anti-crash ADX | RISEN SIDEWAYS","Full Grid (1-2-3-4)","100000000","1490","1360","1330","1285","0.1","0.2","0.3","0.4","67","147","225","311","750","99863500","136500","1331.51","1331.52","1220","1895","2300","2300","18.12","8.37","54.36","72.74","3","8.68"
"BELL","2026-05-29","2026-05-29","561","FULL","107","-1.834862385321101","AVOID","-","passive","FALSE","","EARLY SWEEP","2026-05-22","","7d","7","DOWNTREND","BEARISH","BEARISH","BEARISH","STRUCTURE + DISCOUNT","NORMAL DOWNTREND","70.58","TRUE","FALSE","FALSE","LAGGING","LAGGARD (Passive)","0.33","0.33","DRY / QUIET","20","80","31.32","10.24","23.46","25.39","129.27","140.49","115.29","10388400","31698900","986","Supertrend bearish | RSI 31.3 lemah | Volume 0.33x | Lolos anti-crash ADX | RISEN NORMAL DOWNTREND","Full Grid (1-2-3-4)","100000000","179","149","141","131","0.1","0.2","0.3","0.4","558","1342","2127","3053","7080","99969000","31000","141.2","141.2","115","276","372","372","35.75","18.55","107.82","163.46","3.02","8.81"
"BESS","2026-05-29","2026-05-29","561","FULL","1015","0","AVOID","-","passive","FALSE","","V-SHAPE","2026-05-22","","7d","7","DOWNTREND","BEARISH","BEARISH","BEARISH","STRUCTURE + DISCOUNT","NORMAL DOWNTREND","73.97","TRUE","FALSE","FALSE","LAGGING","LAGGARD (Passive)","0.03","0.03","DRY / QUIET","0","100","36.41","15.27","16.22","23.04","1094.79","1186.62","1254.48","3300","123030","986","Supertrend bearish | RSI 36.4 lemah | Volume 0.03x | Lolos anti-crash ADX | RISEN NORMAL DOWNTREND","Full Grid (1-2-3-4)","100000000","1070","970","945","915","0.1","0.2","0.3","0.4","93","206","317","437","1053","99875000","125000","948.48","948.53","855","1395","1715","1715","20.09","9.86","60.28","80.82","3","8.2"
"BNBR","2026-05-29","2026-05-29","561","FULL","129","2.380952380952381","AVOID","-","passive","FALSE","","EARLY SWEEP","2026-05-22","","7d","7","DOWNTREND","BEARISH","BEARISH","BULLISH","DEMAND STRUCTURE","NORMAL UPTREND","25","TRUE","TRUE","FALSE","LAGGING","LAGGARD (Passive)","0.6","0.6","DRY / QUIET","30","70","37.17","28.14","12.95","27.79","160.36","161.37","115.87","845716900","1414280975","986","Supertrend bearish | RSI 37.2 lemah | Volume 0.6x | Lolos anti-crash ADX | RISEN NORMAL UPTREND","Full Grid (1-2-3-4)","100000000","175","163","160","155","0.1","0.2","0.3","0.4","571","1226","1875","2580","6252","99966300","33700","159.89","159.9","146","232","236","236","16.57","8.69","34.86","47.6","2.1","5.48"
"BNII","2026-05-29","2026-05-29","561","FULL","193","-1.0256410256410255","AVOID","-","passive","FALSE","","V-SHAPE","2026-05-22","","7d","7","DOWNTREND","BEARISH","BEARISH","BEARISH","STRUCTURE + DISCOUNT","NORMAL DOWNTREND","56.48","TRUE","FALSE","FALSE","LAGGING","LAGGARD (Passive)","1.11","1.11","NORMAL","80","20","35.41","29.09","8.95","27.63","199.12","203.37","207.48","1612300","1450365","986","Supertrend bearish | RSI 35.4 lemah | Volume 1.11x | Lolos anti-crash ADX | RISEN NORMAL DOWNTREND","Full Grid (1-2-3-4)","100000000","194","191","190","189","0.1","0.2","0.3","0.4","515","1047","1578","2116","5256","99963100","36900","190.19","190.19","187","204","224","224","3.61","1.68","15.46","17.78","4.29","10.6"
"BSSR","2026-05-29","2026-05-29","561","FULL","3960","0","HOLD","-","passive","FALSE","","V-SHAPE","2026-05-22","","7d","7","UPTREND","BEARISH","BEARISH","BEARISH","STRUCTURE + DISCOUNT","NORMAL DOWNTREND","32.57","TRUE","FALSE","FALSE","LAGGING","LAGGARD (Passive)","0.54","0.54","DRY / QUIET","0","100","44.92","17.54","14.3","19.55","3982.98","3990.19","3992.03","225900","420095","986","Supertrend bullish | RSI 44.9 lemah | Volume 0.54x | Lolos anti-crash ADX | RISEN NORMAL DOWNTREND","Full Grid (1-2-3-4)","100000000","3960","3880","3850","3830","0.1","0.2","0.3","0.4","25","51","77","104","257","99165000","835000","3858.56","3858.63","3780","4230","4650","4650","4.55","2.04","17.42","20.51","3.83","10.07"
"BUMI","2026-05-29","2026-05-29","561","FULL","168","1.2048192771084338","AVOID","-","passive","FALSE","","V-SHAPE","2026-05-22","","7d","7","DOWNTREND","BEARISH","BEARISH","BEARISH","STRUCTURE + DISCOUNT","NORMAL DOWNTREND","37.03","TRUE","FALSE","FALSE","LAGGING","LAGGARD (Passive)","0.59","0.59","DRY / QUIET","28.57","71.43","32.3","25.46","12.01","30.3","199.8","222.76","218.79","2221172400","3774051705","986","Supertrend bearish | RSI 32.3 lemah | Volume 0.59x | Lolos anti-crash ADX | RISEN NORMAL DOWNTREND","Full Grid (1-2-3-4)","100000000","185","171","168","163","0.1","0.2","0.3","0.4","540","1169","1785","2453","5947","99951800","48200","168.07","168.07","154","244","250","250","16.76","8.37","35.14","48.75","2.1","5.82"
"CBRE","2026-05-29","2026-05-29","561","FULL","830","-1.7751479289940828","AVOID","-","passive","FALSE","","V-SHAPE","2026-05-22","","7d","7","DOWNTREND","BEARISH","BEARISH","BULLISH","STRUCTURE + DISCOUNT","NORMAL DOWNTREND","29.34","TRUE","FALSE","FALSE","WEAKENING","WEAKENING (Passive)","0.59","0.59","DRY / QUIET","60","40","46.19","19.61","18.91","24.45","874.97","878.56","775.47","28121000","47996040","986","Supertrend bearish | RSI 46.2 lemah | Volume 0.59x | Lolos anti-crash ADX | RISEN NORMAL DOWNTREND","Full Grid (1-2-3-4)","100000000","865","745","715","675","0.1","0.2","0.3","0.4","115","268","419","592","1394","99832000","168000","716.15","716.21","605","1255","1645","1645","30.06","15.52","90.17","129.7","3","8.36"
"CGAS","2026-05-29","2026-05-29","557","FULL","172","-1.7142857142857144","AVOID","-","passive","FALSE","","EARLY SWEEP","2026-05-22","","7d","7","DOWNTREND","NEUTRAL","BULLISH","BULLISH","STRUCTURE + DISCOUNT","SIDEWAYS","25","TRUE","TRUE","FALSE","LAGGING","LAGGARD (Passive)","0.17","0.17","DRY / QUIET","0","100","50.11","16.24","26.18","21.4","172.19","171.4","160.28","2038500","12264245","986","Supertrend bearish | RSI 50.1 > 50 | Volume 0.17x | Lolos anti-crash ADX | RISEN SIDEWAYS","Full Grid (1-2-3-4)","100000000","173","167","166","164","0.1","0.2","0.3","0.4","578","1197","1807","2439","6021","99985100","14900","166.06","166.06","159","194","216","216","8.09","4.25","24.86","30.07","3.07","7.07"
"CLEO","2026-05-29","2026-05-29","561","FULL","388","-0.5128205128205128","AVOID","-","passive","FALSE","","V-SHAPE","2026-05-22","","7d","7","DOWNTREND","BEARISH","BEARISH","BEARISH","STRUCTURE + DISCOUNT","SIDEWAYS","42.42","TRUE","FALSE","FALSE","LAGGING","LAGGARD (Passive)","1.5","1.5","EXPANSION","25","75","41.04","16.05","17.44","24.47","394.7","401.59","530.57","5889100","3915240","986","Supertrend bearish | RSI 41.0 lemah | Volume valid 1.5x | Lolos anti-crash ADX | RISEN SIDEWAYS","Full Grid (1-2-3-4)","100000000","392","384","382","380","0.1","0.2","0.3","0.4","255","520","785","1052","2612","99927000","73000","382.57","382.57","374","420","462","462","4.59","2.24","17.86","20.76","3.89","9.27"
"DEWA","2026-05-29","2026-05-29","561","FULL","334","1.2121212121212122","AVOID","-","passive","FALSE","","V-SHAPE","2026-05-22","","7d","7","DOWNTREND","BEARISH","BEARISH","BEARISH","STRUCTURE + DISCOUNT","NORMAL DOWNTREND","17.5","TRUE","FALSE","FALSE","LAGGING","LAGGARD (Passive)","0.66","0.66","DRY / QUIET","27.27","72.73","30.97","30.82","10.55","32.53","425.31","468.1","426.12","422130300","642329460","986","Supertrend bearish | RSI 31.0 lemah | Volume 0.66x | Crash filter aktif | RISEN NORMAL DOWNTREND","Full Grid (1-2-3-4)","100000000","378","350","342","332","0.1","0.2","0.3","0.4","264","571","877","1204","2916","99930400","69600","342.7","342.7","312","478","575","575","17.46","8.96","52.12","67.79","2.98","7.57"
"DEWI","2026-05-29","2026-05-29","561","FULL","117","-2.5","AVOID","-","passive","FALSE","","V-SHAPE","2026-05-22","","7d","7","DOWNTREND","BEARISH","BEARISH","BEARISH","STRUCTURE + DISCOUNT","SIDEWAYS","68.53","TRUE","FALSE","FALSE","WEAKENING","WEAKENING (Passive)","0.97","0.97","NORMAL","20","80","37.4","15.14","13.99","23.69","123.73","126.61","125.24","56914000","58935165","986","Supertrend bearish | RSI 37.4 lemah | Volume 0.97x | Lolos anti-crash ADX | RISEN SIDEWAYS","Full Grid (1-2-3-4)","100000000","122","118","117","116","0.1","0.2","0.3","0.4","819","1694","2564","3448","8525","99976600","23400","117.27","117.28","113","136","150","150","7.38","3.64","22.95","27.9","3.11","7.66"
"DFAM","2026-05-29","2026-05-29","561","FULL","107","-9.322033898305085","HOLD","-","passive","FALSE","","BETA BREAKOUT","2026-05-22","","7d","7","UPTREND","BEARISH","BEARISH","BULLISH","DEMAND STRUCTURE","SIDEWAYS","40.83","TRUE","FALSE","FALSE","WEAKENING","WEAKENING (Passive)","0.67","0.67","DRY / QUIET","0","100","47.99","30.05","29.68","19.24","113.42","107.84","92.31","49638100","73572335","986","Supertrend bullish | RSI 48.0 lemah | Volume 0.67x | Lolos anti-crash ADX | RISEN SIDEWAYS","Full Grid (1-2-3-4)","100000000","140","118","113","105","0.1","0.2","0.3","0.4","714","1694","2654","3809","8871","99969900","30100","112.69","112.69","93","210","282","282","33.57","17.47","101.43","150.24","3.02","8.6"
"DMND","2026-05-29","2026-05-29","561","FULL","610","-2.4","AVOID","-","passive","FALSE","","EARLY SWEEP","2026-05-22","","7d","7","DOWNTREND","BEARISH","BEARISH","BEARISH","STRUCTURE + DISCOUNT","NORMAL DOWNTREND","100","TRUE","FALSE","FALSE","LAGGING","LAGGARD (Passive)","0.33","0.33","DRY / QUIET","0","100","37.58","17.22","11.1","20.71","628.69","648.55","671.22","10100","30835","986","Supertrend bearish | RSI 37.6 lemah | Volume 0.33x | Lolos anti-crash ADX | RISEN NORMAL DOWNTREND","Full Grid (1-2-3-4)","100000000","740","670","650","625","0.1","0.2","0.3","0.4","135","298","461","640","1534","99921000","79000","651.38","651.39","590","965","1190","1190","20.27","9.42","60.81","82.69","3","8.78"
"ERAL","2026-05-29","2026-05-29","561","FULL","288","-1.36986301369863","AVOID","-","passive","FALSE","","EARLY SWEEP","2026-05-22","","7d","7","DOWNTREND","BEARISH","BEARISH","BEARISH","STRUCTURE + DISCOUNT","NORMAL DOWNTREND","53.53","TRUE","FALSE","FALSE","LAGGING","LAGGARD (Passive)","0.33","0.33","DRY / QUIET","16.67","83.33","35.61","10.47","18.33","20.28","299.6","310.53","317.18","2844100","8588890","986","Supertrend bearish | RSI 35.6 lemah | Volume 0.33x | Lolos anti-crash ADX | RISEN NORMAL DOWNTREND","Full Grid (1-2-3-4)","100000000","390","352","344","330","0.1","0.2","0.3","0.4","256","568","872","1212","2908","99970400","29600","343.78","343.78","310","510","630","630","20.51","9.83","61.54","83.26","3","8.47"
"FOLK","2026-05-29","2026-05-29","561","FULL","214","-2.727272727272727","AVOID","-","passive","FALSE","","V-SHAPE","2026-05-22","","7d","7","DOWNTREND","BEARISH","BEARISH","BEARISH","STRUCTURE + DISCOUNT","NORMAL DOWNTREND","65","TRUE","FALSE","FALSE","LAGGING","LAGGARD (Passive)","0.93","0.93","NORMAL","25","75","25","28.49","10.08","31.32","288.07","354.74","350.28","3017000","3234430","986","Supertrend bearish | RSI 25.0 lemah | Volume 0.93x | Lolos anti-crash ADX | RISEN NORMAL DOWNTREND","Full Grid (1-2-3-4)","100000000","234","212","206","198","0.1","0.2","0.3","0.4","427","943","1456","2020","4846","99973000","27000","206.3","206.3","181","314","348","348","22.65","12.26","48.72","68.69","2.15","5.6"
"GRPM","2026-05-29","2026-05-29","561","FULL","260","-9.722222222222223","AVOID","-","passive","FALSE","","V-SHAPE","2026-05-22","","7d","7","DOWNTREND","BEARISH","BEARISH","BULLISH","DEMAND STRUCTURE","NORMAL DOWNTREND","38.08","TRUE","FALSE","FALSE","LAGGING","LAGGARD (Passive)","1.73","1.73","EXPANSION","0","100","37.75","13.9","15.87","25.82","295.53","297.69","199.81","3610000","2087410","986","Supertrend bearish | RSI 37.8 lemah | Volume valid 1.73x | Lolos anti-crash ADX | RISEN NORMAL DOWNTREND","Full Grid (1-2-3-4)","100000000","284","262","256","250","0.1","0.2","0.3","0.4","352","763","1171","1600","3886","99965000","35000","257.24","257.24","234","360","370","370","17.61","9.04","30.28","43.83","1.72","4.85"
"HUMI","2026-05-29","2026-05-29","561","FULL","146","-0.6802721088435374","AVOID","-","passive","FALSE","","EARLY SWEEP","2026-05-22","","7d","7","DOWNTREND","BEARISH","BEARISH","BEARISH","STRUCTURE + DISCOUNT","NORMAL DOWNTREND","66.92","TRUE","FALSE","FALSE","LAGGING","LAGGARD (Passive)","0.36","0.36","DRY / QUIET","44.44","55.56","36.7","20.31","14.99","26.29","170.44","187.24","175.21","26425300","74407145","986","Supertrend bearish | RSI 36.7 lemah | Volume 0.36x | Lolos anti-crash ADX | RISEN NORMAL DOWNTREND","Full Grid (1-2-3-4)","100000000","218","187","179","168","0.1","0.2","0.3","0.4","458","1069","1675","2380","5582","99941200","58800","179.04","179.05","151","318","420","420","30.73","15.66","92.66","134.58","3.01","8.59"
"IATA","2026-05-29","2026-05-29","561","FULL","68","1.4925373134328357","AVOID","-","passive","FALSE","","EARLY SWEEP","2026-05-22","","7d","7","DOWNTREND","BEARISH","BEARISH","BEARISH","STRUCTURE + DISCOUNT","NORMAL DOWNTREND","34.65","TRUE","FALSE","FALSE","LAGGING","LAGGARD (Passive)","1.84","1.84","EXPANSION","12.5","87.5","39.39","22.01","14.6","21.19","74.08","79.11","81.31","169401900","91842350","986","Supertrend bearish | RSI 39.4 lemah | Volume valid 1.84x | Lolos anti-crash ADX | RISEN NORMAL DOWNTREND","Full Grid (1-2-3-4)","100000000","91","77","74","69","0.1","0.2","0.3","0.4","1098","2597","4054","5797","13546","99987600","12400","73.81","73.81","62","135","178","178","31.87","16","95.6","141.15","3","8.82"
"IKBI","2026-05-29","2026-05-29","561","FULL","500","-2.912621359223301","AVOID","-","passive","FALSE","","EARLY SWEEP","2026-05-22","","7d","7","DOWNTREND","BEARISH","BEARISH","BEARISH","DOWNTREND DISCOUNT","NORMAL DOWNTREND","58.25","TRUE","FALSE","FALSE","WEAKENING","WEAKENING (Passive)","1.26","1.26","EXPANSION","28.57","71.43","35.36","18.33","12.11","17.32","536.22","544.33","521.7","55100","43800","986","Supertrend bearish | RSI 35.4 lemah | Volume valid 1.26x | Lolos anti-crash ADX | RISEN NORMAL DOWNTREND","Full Grid (1-2-3-4)","100000000","550","525","520","510","0.1","0.2","0.3","0.4","181","380","576","784","1921","99841000","159000","519.73","519.75","498","630","705","705","9.45","4.18","28.18","35.65","2.98","8.52"
"IPOL","2026-05-29","2026-05-29","561","FULL","118","-0.8403361344537815","AVOID","-","passive","FALSE","","EARLY SWEEP","2026-05-22","","7d","7","DOWNTREND","BEARISH","BEARISH","BEARISH","STRUCTURE + DISCOUNT","SIDEWAYS","25","TRUE","FALSE","FALSE","LAGGING","LAGGARD (Passive)","0.07","0.07","DRY / QUIET","50","50","45.62","47.78","25.87","9.62","121.06","121.78","125.4","939800","13107965","986","Supertrend bearish | RSI 45.6 lemah | Volume 0.07x | Lolos anti-crash ADX | RISEN SIDEWAYS","Full Grid (1-2-3-4)","100000000","139","121","117","111","0.1","0.2","0.3","0.4","719","1652","2564","3603","8538","99975400","24600","117.09","117.1","101","196","254","254","27.34","13.74","82.73","116.92","3.03","8.51"
"KOKA","2026-05-29","2026-05-29","561","FULL","112","0.9009009009009009","AVOID","-","passive","FALSE","","V-SHAPE","2026-05-22","","7d","7","DOWNTREND","BEARISH","BEARISH","BEARISH","STRUCTURE + DISCOUNT","NORMAL DOWNTREND","34.08","TRUE","FALSE","FALSE","LAGGING","LAGGARD (Passive)","0.46","0.46","DRY / QUIET","64.71","35.29","25.04","15.66","16.66","27.24","144.38","173.83","199.83","3529000","7650795","986","Supertrend bearish | RSI 25.0 lemah | Volume 0.46x | Lolos anti-crash ADX | RISEN NORMAL DOWNTREND","Full Grid (1-2-3-4)","100000000","119","109","107","103","0.1","0.2","0.3","0.4","840","1834","2803","3883","9360","99973600","26400","106.81","106.81","96","154","208","208","19.33","10.12","74.79","94.74","3.87","9.36"
"LAPD","2026-05-29","2026-05-29","561","FULL","68","-2.857142857142857","AVOID","-","passive","FALSE","","EARLY SWEEP","2026-05-22","","7d","7","DOWNTREND","BEARISH","BEARISH","BEARISH","STRUCTURE + DISCOUNT","NORMAL DOWNTREND","43.72","TRUE","FALSE","FALSE","LAGGING","LAGGARD (Passive)","0.11","0.11","DRY / QUIET","20","80","38.91","18.45","16.29","18.75","78.89","88.03","111.31","16151200","141275025","986","Supertrend bearish | RSI 38.9 lemah | Volume 0.11x | Lolos anti-crash ADX | RISEN NORMAL DOWNTREND","Full Grid (1-2-3-4)","100000000","102","86","82","77","0.1","0.2","0.3","0.4","980","2325","3658","5194","12157","99980400","19600","82.24","82.24","68","153","163","163","33.33","17.32","59.8","98.2","1.79","5.67"
"MARK","2026-05-29","2026-05-29","561","FULL","795","-3.048780487804878","AVOID","-","passive","FALSE","","V-SHAPE","2026-05-22","","7d","7","DOWNTREND","BEARISH","BEARISH","BULLISH","DEMAND STRUCTURE","NORMAL UPTREND","30.24","TRUE","TRUE","FALSE","WEAKENING","WEAKENING (Passive)","0.97","0.97","NORMAL","16.67","83.33","43.95","16.61","16.83","23.29","817.88","811.01","788.15","15904500","16328735","986","Supertrend bearish | RSI 44.0 lemah | Volume 0.97x | Lolos anti-crash ADX | RISEN NORMAL UPTREND","Full Grid (1-2-3-4)","100000000","810","785","780","770","0.1","0.2","0.3","0.4","123","254","384","519","1280","99817000","183000","779.82","779.83","755","895","985","985","6.79","3.18","21.6","26.31","3.18","8.27"
"MDKI","2026-05-29","2026-05-29","561","FULL","187","-1.5789473684210527","AVOID","-","passive","FALSE","","EARLY SWEEP","2026-05-22","","7d","7","DOWNTREND","BEARISH","BEARISH","BEARISH","STRUCTURE + DISCOUNT","SIDEWAYS","55.23","TRUE","FALSE","FALSE","LAGGING","LAGGARD (Passive)","0.45","0.45","DRY / QUIET","50","50","43.1","17.57","12.98","24.93","191.05","193.86","191.99","216700","483860","986","Supertrend bearish | RSI 43.1 lemah | Volume 0.45x | Lolos anti-crash ADX | RISEN SIDEWAYS","Full Grid (1-2-3-4)","100000000","197","191","190","188","0.1","0.2","0.3","0.4","507","1047","1578","2127","5259","99955200","44800","190.07","190.07","184","216","238","238","6.6","3.19","20.81","25.22","3.15","7.9"
"MSTI","2026-05-29","2026-05-29","561","FULL","1365","-1.444043321299639","HOLD","-","passive","FALSE","","V-SHAPE","2026-05-22","","7d","7","UPTREND","BEARISH","BEARISH","BEARISH","STRUCTURE + DISCOUNT","SIDEWAYS","59.35","TRUE","FALSE","FALSE","LAGGING","LAGGARD (Passive)","1.1","1.1","NORMAL","0","100","44.21","12.17","17.77","19.33","1384.43","1384.37","1419.34","1583100","1440915","986","Supertrend bullish | RSI 44.2 lemah | Volume 1.1x | Lolos anti-crash ADX | RISEN SIDEWAYS","Full Grid (1-2-3-4)","100000000","1380","1360","1350","1345","0.1","0.2","0.3","0.4","72","147","222","297","738","99844500","155500","1352.91","1352.92","1330","1455","1600","1600","3.62","1.69","15.94","18.26","4.4","10.79"
"MUTU","2026-05-29","2026-05-29","561","FULL","105","1.9417475728155338","AVOID","-","passive","FALSE","","EARLY SWEEP","2026-05-22","","7d","7","DOWNTREND","BEARISH","BEARISH","BEARISH","STRUCTURE + DISCOUNT","SIDEWAYS","60","TRUE","FALSE","FALSE","LAGGING","LAGGARD (Passive)","0.41","0.41","DRY / QUIET","75","25","49.26","24.01","21.35","14.26","105.41","105.88","106.15","768700","1880225","986","Supertrend bearish | RSI 49.3 lemah | Volume 0.41x | Lolos anti-crash ADX | RISEN SIDEWAYS","Full Grid (1-2-3-4)","100000000","137","119","114","108","0.1","0.2","0.3","0.4","729","1680","2631","3703","8743","99965100","34900","114.34","114.34","98","196","254","254","28.47","14.29","85.4","122.15","3","8.55"
"NISP","2026-05-29","2026-05-29","561","FULL","1295","0","AVOID","-","passive","FALSE","","EARLY SWEEP","2026-05-22","","7d","7","DOWNTREND","BEARISH","BEARISH","BEARISH","STRUCTURE + DISCOUNT","NORMAL DOWNTREND","30.02","TRUE","FALSE","FALSE","LAGGING","LAGGARD (Passive)","0.62","0.62","DRY / QUIET","0","100","36.59","16.15","20.93","20.47","1329.1","1372.09","1390.96","3246200","5266585","986","Supertrend bearish | RSI 36.6 lemah | Volume 0.62x | Lolos anti-crash ADX | RISEN NORMAL DOWNTREND","Full Grid (1-2-3-4)","100000000","1505","1465","1455","1440","0.1","0.2","0.3","0.4","66","136","206","277","685","99718000","282000","1455.74","1455.76","1420","1635","1800","1800","5.65","2.45","19.6","23.65","3.47","9.63"
"OBAT","2026-05-29","2026-05-29","321","FULL","276","0","AVOID","-","passive","FALSE","","EARLY SWEEP","2026-05-22","","7d","7","DOWNTREND","BEARISH","BEARISH","BEARISH","STRUCTURE + DISCOUNT","NORMAL DOWNTREND","25","TRUE","FALSE","FALSE","LAGGING","LAGGARD (Passive)","0.15","0.15","DRY / QUIET","66.67","33.33","31.36","24.03","12.39","25.12","302.76","326.03","387.07","331100","2272740","986","Supertrend bearish | RSI 31.4 lemah | Volume 0.15x | Lolos anti-crash ADX | RISEN NORMAL DOWNTREND","Full Grid (1-2-3-4)","100000000","410","366","354","340","0.1","0.2","0.3","0.4","243","546","847","1176","2812","99914400","85600","355.31","355.33","316","550","555","555","22.93","11.06","35.37","56.2","1.54","5.08"
"PANR","2026-05-29","2026-05-29","561","FULL","484","-2.8112449799196786","AVOID","-","passive","FALSE","","EARLY SWEEP","2026-05-22","","7d","7","DOWNTREND","BEARISH","BEARISH","BEARISH","DOWNTREND DISCOUNT","NORMAL DOWNTREND","0","FALSE","FALSE","FALSE","WEAKENING","WEAKENING (Passive)","0.49","0.49","DRY / QUIET","0","100","34.09","25.27","11.52","22.55","516.49","533.51","619.57","138900","284750","986","Supertrend bearish | RSI 34.1 lemah | Volume 0.49x | Lolos anti-crash ADX | RISEN NORMAL DOWNTREND","Full Grid (1-2-3-4)","100000000","545","520","510","505","0.1","0.2","0.3","0.4","183","384","588","792","1947","99925500","74500","513.23","513.24","488","630","730","730","10.46","4.92","33.94","42.24","3.25","8.59"
"POLA","2026-05-29","2026-05-29","561","FULL","61","5.172413793103448","AVOID","-","passive","FALSE","","EARLY SWEEP","2026-05-22","","7d","7","DOWNTREND","BEARISH","BEARISH","BEARISH","STRUCTURE + DISCOUNT","NORMAL DOWNTREND","32.25","TRUE","FALSE","FALSE","LAGGING","LAGGARD (Passive)","0.54","0.54","DRY / QUIET","33.33","66.67","36.25","20.68","15.68","25.43","71.95","77.45","62.36","9442200","17644025","986","Supertrend bearish | RSI 36.3 lemah | Volume 0.54x | Lolos anti-crash ADX | RISEN NORMAL DOWNTREND","Full Grid (1-2-3-4)","100000000","81","68","65","61","0.1","0.2","0.3","0.4","1234","2941","4615","6557","15347","99989400","10600","65.15","65.15","53","123","165","165","34.57","18.65","103.7","153.25","3","8.22"
"TBLA","2026-05-29","2026-05-29","561","FULL","630","-0.7874015748031495","AVOID","-","passive","FALSE","","V-SHAPE","2026-05-22","","7d","7","DOWNTREND","BEARISH","BEARISH","BEARISH","STRUCTURE + DISCOUNT","NORMAL DOWNTREND","25","TRUE","FALSE","FALSE","WEAKENING","WEAKENING (Passive)","0.5","0.5","DRY / QUIET","0","100","31.5","31.95","11.21","28.64","677.45","688.85","695.5","1550000","3130380","986","Supertrend bearish | RSI 31.5 lemah | Volume 0.5x | Crash filter aktif | RISEN NORMAL DOWNTREND","Full Grid (1-2-3-4)","100000000","635","620","615","605","0.1","0.2","0.3","0.4","157","322","487","661","1627","99874500","125500","613.86","613.86","595","695","765","765","6.3","3.07","20.47","24.62","3.25","8.02"
"TINS","2026-05-29","2026-05-29","561","FULL","3210","-0.3105590062111801","AVOID","-","passive","FALSE","","V-SHAPE","2026-05-22","","7d","7","DOWNTREND","BEARISH","BEARISH","BULLISH","STRUCTURE + DISCOUNT","NORMAL UPTREND","26.32","TRUE","TRUE","FALSE","WEAKENING","WEAKENING (Passive)","0.57","0.57","DRY / QUIET","37.5","62.5","42.87","19.5","20.22","31.11","3479.85","3565.23","2967.44","52078400","91643615","986","Supertrend bearish | RSI 42.9 lemah | Volume 0.57x | Lolos anti-crash ADX | RISEN NORMAL UPTREND","Full Grid (1-2-3-4)","100000000","3580","3200","3110","2980","0.1","0.2","0.3","0.4","27","62","96","134","319","99294000","706000","3112.66","3114.06","2760","4810","6050","6050","22.91","11.33","68.99","94.37","3.01","8.33"
"TOSK","2026-05-29","2026-05-29","537","FULL","55","-1.7857142857142856","AVOID","-","passive","FALSE","","V-SHAPE","2026-05-22","","7d","7","DOWNTREND","BEARISH","BEARISH","BEARISH","STRUCTURE + DISCOUNT","NORMAL DOWNTREND","57.91","TRUE","FALSE","FALSE","LAGGING","LAGGARD (Passive)","0.33","0.33","DRY / QUIET","33.33","66.67","35.43","17.26","11.66","23.23","60.19","63.28","66.12","7593600","23205700","986","Supertrend bearish | RSI 35.4 lemah | Volume 0.33x | Lolos anti-crash ADX | RISEN NORMAL DOWNTREND","Full Grid (1-2-3-4)","100000000","57","54","53","51","0.1","0.2","0.3","0.4","1754","3703","5660","7843","18960","99991300","8700","52.74","52.74","49","69","81","81","14.04","7.09","42.11","53.59","3","7.56"
"ZATA","2026-05-29","2026-05-29","561","FULL","68","-2.857142857142857","AVOID","-","passive","FALSE","","EARLY SWEEP","2026-05-22","","7d","7","DOWNTREND","BEARISH","BEARISH","BEARISH","STRUCTURE + DISCOUNT","SIDEWAYS","65.27","TRUE","FALSE","FALSE","LAGGING","LAGGARD (Passive)","0.32","0.32","DRY / QUIET","50","50","33.86","20.33","19.46","29.1","81.01","88.73","73.94","65848100","205137375","986","Supertrend bearish | RSI 33.9 lemah | Volume 0.32x | Lolos anti-crash ADX | RISEN SIDEWAYS","Full Grid (1-2-3-4)","100000000","79","76","75","73","0.1","0.2","0.3","0.4","1265","2631","4000","5479","13375","99985800","14200","74.76","74.76","70","94","110","110","11.39","6.36","39.24","47.15","3.44","7.41"
"BAUT","2026-05-29","2026-05-29","561","FULL","29","-3.3333333333333335","HOLD","-","passive","FALSE","","SMART SNIPER","2026-04-01","Discount Only","58d","58","UPTREND","BEARISH","BEARISH","BEARISH","STRUCTURE + DISCOUNT","NORMAL DOWNTREND","42.54","TRUE","FALSE","FALSE","LEADING","LEADING (Passive)","0.89","0.89","NORMAL","0","100","41.64","35.58","15.83","35.78","30.34","33.25","35.38","3650200","4109825","984","Supertrend bullish | RSI 41.6 lemah | Volume 0.89x | Crash filter aktif | RISEN NORMAL DOWNTREND","Full Grid (1-2-3-4)","100000000","38","33","31","29","0.1","0.2","0.3","0.4","2631","6060","9677","13793","32161","99994200","5800","31.09","31.09","27","55","71","71","28.95","13.16","86.84","128.36","3","9.75"
"CMNT","2026-05-29","2026-05-29","561","FULL","815","1.2422360248447204","HOLD","-","passive","FALSE","","BETA BREAKOUT","2026-04-01","","58d","58","UPTREND","BULLISH","BULLISH","BULLISH","DEMAND STRUCTURE","SIDEWAYS","68.83","TRUE","FALSE","FALSE","LEADING","LEADING (Passive)","1.37","1.37","EXPANSION","83.33","16.67","56.59","18.1","13.81","16.65","798.57","788.38","800.53","18792600","13678795","984","Supertrend bullish | RSI 56.6 > 50 | Volume valid 1.37x | Lolos anti-crash ADX | RISEN SIDEWAYS","Full Grid (1-2-3-4)","100000000","765","680","660","630","0.1","0.2","0.3","0.4","130","294","454","634","1512","99843000","157000","660.34","660.37","590","1030","1290","1290","22.88","10.65","68.63","95.35","3","8.95"
"DIVA","2026-05-29","2026-05-29","561","FULL","129","-3.731343283582089","AVOID","-","passive","FALSE","","V-SHAPE","2026-05-21","","8d","8","DOWNTREND","BEARISH","BEARISH","BEARISH","DOWNTREND DISCOUNT","NORMAL DOWNTREND","0","FALSE","FALSE","FALSE","LAGGING","LAGGARD (Passive)","0.23","0.23","DRY / QUIET","12.5","87.5","38.17","37.89","23.86","12.79","149.18","152.36","151.39","10649200","45610395","984","Supertrend bearish | RSI 38.2 lemah | Volume 0.23x | Lolos anti-crash ADX | RISEN NORMAL DOWNTREND","Full Grid (1-2-3-4)","100000000","155","143","140","135","0.1","0.2","0.3","0.4","645","1398","2142","2962","7147","99963900","36100","139.87","139.87","126","199","242","242","18.71","9.92","56.13","73.02","3","7.36"
"GOLD","2026-05-29","2026-05-29","561","FULL","260","-2.9850746268656714","AVOID","-","passive","FALSE","","EARLY SWEEP","2026-05-21","","8d","8","DOWNTREND","BEARISH","BEARISH","BEARISH","STRUCTURE + DISCOUNT","NORMAL DOWNTREND","25","TRUE","FALSE","FALSE","WEAKENING","WEAKENING (Passive)","0.02","0.02","DRY / QUIET","42.86","57.14","39.84","27.93","15.03","11.47","275.33","283.86","291.45","4200","182610","984","Supertrend bearish | RSI 39.8 lemah | Volume 0.02x | Lolos anti-crash ADX | RISEN NORMAL DOWNTREND","Full Grid (1-2-3-4)","100000000","288","282","280","278","0.1","0.2","0.3","0.4","347","709","1071","1438","3565","99951800","48200","280.37","280.37","272","312","344","344","5.56","2.99","19.44","22.7","3.5","7.6"
"HMSP","2026-05-29","2026-05-29","561","FULL","695","-5.442176870748299","AVOID","-","passive","FALSE","","V-SHAPE","2026-05-21","","8d","8","DOWNTREND","BEARISH","BEARISH","BEARISH","DOWNTREND DISCOUNT","NORMAL DOWNTREND","0","FALSE","FALSE","FALSE","WEAKENING","WEAKENING (Passive)","1.41","1.41","EXPANSION","57.14","42.86","35.86","13.69","10.4","26.03","738.64","754.5","745.09","34858100","24667965","984","Supertrend bearish | RSI 35.9 lemah | Volume valid 1.41x | Lolos anti-crash ADX | RISEN NORMAL DOWNTREND","Full Grid (1-2-3-4)","100000000","745","730","725","720","0.1","0.2","0.3","0.4","134","273","413","555","1375","99814500","185500","725.92","725.93","710","800","880","880","4.7","2.19","18.12","21.22","3.86","9.68"
"KOBX","2026-05-29","2026-05-29","561","FULL","160","-1.8404907975460123","AVOID","-","passive","FALSE","","V-SHAPE","2026-05-21","","8d","8","DOWNTREND","BEARISH","BEARISH","BEARISH","STRUCTURE + DISCOUNT","SIDEWAYS","33.1","TRUE","TRUE","FALSE","WEAKENING","WEAKENING (Passive)","0.08","0.08","DRY / QUIET","22.22","77.78","43.96","45.7","36.61","14.25","172.26","170.58","167.69","1491700","19042705","984","Supertrend bearish | RSI 44.0 lemah | Volume 0.08x | Lolos anti-crash ADX | RISEN SIDEWAYS","Full Grid (1-2-3-4)","100000000","176","163","160","156","0.1","0.2","0.3","0.4","568","1226","1875","2564","6233","99979000","21000","160.4","160.4","146","222","266","266","17.05","8.98","51.14","65.83","3","7.33"
"ACES","2026-05-29","2026-05-29","561","FULL","348","0.5780346820809248","AVOID","-","passive","FALSE","","EARLY SWEEP","2026-05-20","","9d","9","DOWNTREND","BEARISH","BEARISH","BEARISH","STRUCTURE + DISCOUNT","NORMAL DOWNTREND","25","TRUE","FALSE","FALSE","LAGGING","LAGGARD (Passive)","0.42","0.42","DRY / QUIET","66.67","33.33","40.03","21.73","12.47","21.44","361.75","372.38","429.79","15063200","36167820","982","Supertrend bearish | RSI 40.0 lemah | Volume 0.42x | Lolos anti-crash ADX | RISEN NORMAL DOWNTREND","Full Grid (1-2-3-4)","100000000","404","398","396","394","0.1","0.2","0.3","0.4","247","502","757","1015","2521","99926600","73400","396.38","396.38","390","426","440","440","3.47","1.61","8.91","11.01","2.57","6.84"
"BABP","2026-05-29","2026-05-29","561","FULL","50","0","AVOID","-","passive","FALSE","","EARLY SWEEP","2026-05-20","","9d","9","DOWNTREND","BEARISH","BEARISH","BEARISH","DOWNTREND DISCOUNT","SIDEWAYS","100","TRUE","FALSE","FALSE","LAGGING","LAGGARD (Passive)","0.22","0.22","DRY / QUIET","0","100","41.51","18.42","12.16","6.73","50.89","52.16","54.49","3311400","14844965","982","Supertrend bearish | RSI 41.5 lemah | Volume 0.22x | Lolos anti-crash ADX | RISEN SIDEWAYS","Full Grid (1-2-3-4)","100000000","57","55","54","53","0.1","0.2","0.3","0.4","1754","3636","5555","7547","18492","99991900","8100","54.07","54.07","52","65","72","72","8.77","3.83","26.32","33.15","3","8.65"
"BBMD","2026-05-29","2026-05-29","561","FULL","1915","0","AVOID","-","passive","FALSE","","EARLY SWEEP","2026-05-20","","9d","9","DOWNTREND","BEARISH","BEARISH","BEARISH","STRUCTURE + DISCOUNT","NORMAL DOWNTREND","52.53","TRUE","FALSE","FALSE","LAGGING","LAGGARD (Passive)","0","0","NO VOLUME","50","50","43.51","11.46","38.14","38.63","1938.45","1957.78","2004.79","0","1170","982","Supertrend bearish | RSI 43.5 lemah | Volume 0x | Lolos anti-crash ADX | RISEN NORMAL DOWNTREND","Full Grid (1-2-3-4)","100000000","1970","1955","1950","1945","0.1","0.2","0.3","0.4","50","102","153","205","510","99498500","501500","1950.95","1950.97","1935","2020","2100","2100","1.78","0.82","6.6","7.64","3.71","9.34"
"BIPI","2026-05-29","2026-05-29","561","FULL","176","-0.5649717514124294","AVOID","-","passive","FALSE","","EARLY SWEEP","2026-05-20","","9d","9","DOWNTREND","BEARISH","BEARISH","BULLISH","STRUCTURE + DISCOUNT","NORMAL UPTREND","33.16","TRUE","TRUE","FALSE","LAGGING","LAGGARD (Passive)","0.43","0.43","DRY / QUIET","28.57","71.43","35.88","22.97","14.43","29.25","210.44","219.53","167.06","456879700","1071988535","982","Supertrend bearish | RSI 35.9 lemah | Volume 0.43x | Lolos anti-crash ADX | RISEN NORMAL UPTREND","Full Grid (1-2-3-4)","100000000","220","206","204","199","0.1","0.2","0.3","0.4","454","970","1470","2010","4904","99957000","43000","203.83","203.83","189","266","314","314","14.09","7.27","42.73","54.05","3.03","7.43"
"CSMI","2026-05-29","2026-05-29","561","FULL","88","0","AVOID","-","passive","FALSE","","V-SHAPE","2026-05-20","","9d","9","DOWNTREND","BEARISH","BEARISH","BEARISH","STRUCTURE + DISCOUNT","SIDEWAYS","57.36","TRUE","FALSE","FALSE","LAGGING","LAGGARD (Passive)","0.11","0.11","DRY / QUIET","50","50","42.83","32.46","27.48","17.19","96.82","105.6","461.12","2907300","27137950","982","Supertrend bearish | RSI 42.8 lemah | Volume 0.11x | Lolos anti-crash ADX | RISEN SIDEWAYS","Full Grid (1-2-3-4)","100000000","97","94","93","91","0.1","0.2","0.3","0.4","1030","2127","3225","4395","10777","99971800","28200","92.76","92.76","87","112","119","119","10.31","6.21","22.68","28.28","2.2","4.55"
"DWGL","2026-05-29","2026-05-29","561","FULL","250","-1.574803149606299","AVOID","-","passive","FALSE","","SMART SNIPER + V-SHAPE","2026-05-20","Structure + Discount","9d","9","DOWNTREND","BEARISH","BEARISH","BEARISH","STRUCTURE + DISCOUNT","SIDEWAYS","61.92","TRUE","FALSE","FALSE","WEAKENING","WEAKENING (Passive)","0.55","0.55","DRY / QUIET","58.33","41.67","40.21","15.07","14.96","21.59","268.42","270.94","296.65","527100","959205","982","Supertrend bearish | RSI 40.2 lemah | Volume 0.55x | Lolos anti-crash ADX | RISEN SIDEWAYS","Full Grid (1-2-3-4)","100000000","292","268","262","254","0.1","0.2","0.3","0.4","342","746","1145","1574","3807","99957800","42200","262.56","262.57","240","370","448","448","17.81","8.59","53.42","70.63","3","8.22"
"FUJI","2026-05-29","2026-05-29","561","FULL","274","-2.8368794326241136","AVOID","-","passive","FALSE","","V-SHAPE","2026-05-20","","9d","9","DOWNTREND","BEARISH","BEARISH","BEARISH","STRUCTURE + DISCOUNT","SIDEWAYS","90.19","TRUE","FALSE","FALSE","LAGGING","LAGGARD (Passive)","0.68","0.68","DRY / QUIET","28.57","71.43","31.51","14.23","16.41","21.12","310.55","359.62","473.62","8575500","12689595","982","Supertrend bearish | RSI 31.5 lemah | Volume 0.68x | Lolos anti-crash ADX | RISEN SIDEWAYS","Full Grid (1-2-3-4)","100000000","296","288","284","282","0.1","0.2","0.3","0.4","337","694","1056","1418","3505","99940400","59600","285.14","285.14","272","350","358","358","8.11","4.61","20.95","25.55","2.58","5.55"
"IKPM","2026-05-29","2026-05-29","561","FULL","185","-4.145077720207254","AVOID","-","passive","FALSE","","EARLY SWEEP","2026-05-20","","9d","9","DOWNTREND","BEARISH","BEARISH","BEARISH","STRUCTURE + DISCOUNT","NORMAL DOWNTREND","47.66","TRUE","FALSE","FALSE","WEAKENING","WEAKENING (Passive)","0.03","0.03","DRY / QUIET","0","100","39.39","37.54","24.57","10.59","198.03","208.77","224.38","31800","1060020","982","Supertrend bearish | RSI 39.4 lemah | Volume 0.03x | Lolos anti-crash ADX | RISEN NORMAL DOWNTREND","Full Grid (1-2-3-4)","100000000","262","232","224","214","0.1","0.2","0.3","0.4","381","862","1339","1869","4451","99970800","29200","224.6","224.61","196","362","460","460","25.19","12.73","75.57","104.81","3","8.23"
"INTD","2026-05-29","2026-05-29","561","FULL","244","0","HOLD","-","passive","FALSE","","SMART SNIPER + V-SHAPE","2026-05-20","Structure + Discount","9d","9","UPTREND","BEARISH","BEARISH","BULLISH","STRUCTURE + DISCOUNT","SIDEWAYS","33.8","TRUE","FALSE","FALSE","WEAKENING","WEAKENING (Passive)","0.04","0.04","DRY / QUIET","0","100","47.14","34.14","29.3","10.72","250.41","253.61","237.94","35700","863960","982","Supertrend bullish | RSI 47.1 lemah | Volume 0.04x | Lolos anti-crash ADX | RISEN SIDEWAYS","Full Grid (1-2-3-4)","100000000","286","254","246","234","0.1","0.2","0.3","0.4","349","787","1219","1709","4064","99949200","50800","245.94","245.94","214","394","500","500","25.17","12.99","74.83","103.3","2.97","7.95"
"KIOS","2026-05-29","2026-05-29","561","FULL","85","-2.2988505747126435","AVOID","-","passive","FALSE","","V-SHAPE","2026-05-20","","9d","9","DOWNTREND","BEARISH","BEARISH","BEARISH","STRUCTURE + DISCOUNT","NORMAL DOWNTREND","69.59","TRUE","FALSE","FALSE","LAGGING","LAGGARD (Passive)","0.22","0.22","DRY / QUIET","40","60","34.85","12.39","19.38","24.4","98.18","108.8","110.93","3164800","14444845","982","Supertrend bearish | RSI 34.9 lemah | Volume 0.22x | Lolos anti-crash ADX | RISEN NORMAL DOWNTREND","Full Grid (1-2-3-4)","100000000","99","93","92","90","0.1","0.2","0.3","0.4","1010","2150","3260","4444","10864","99982000","18000","92.03","92.03","85","120","141","141","14.14","7.64","42.42","53.21","3","6.97"
"MEDC","2026-05-29","2026-05-29","561","FULL","1205","-3.9840637450199203","AVOID","-","passive","FALSE","","EARLY SWEEP","2026-05-20","","9d","9","DOWNTREND","BEARISH","BEARISH","BEARISH","STRUCTURE + DISCOUNT","NORMAL DOWNTREND","21.64","TRUE","FALSE","FALSE","LAGGING","LAGGARD (Passive)","1.23","1.23","EXPANSION","8.33","91.67","27.71","32.54","6.98","35.28","1498.51","1583","1479.44","93324700","76161545","982","Supertrend bearish | RSI 27.7 lemah | Volume valid 1.23x | Crash filter aktif | RISEN NORMAL DOWNTREND","Full Grid (1-2-3-4)","100000000","1800","1640","1600","1545","0.1","0.2","0.3","0.4","55","121","187","258","621","99525000","475000","1602.66","1602.8","1460","2310","2820","2820","18.89","8.9","56.67","75.96","3","8.53"
"MPIX","2026-05-29","2026-05-29","537","FULL","84","-1.1764705882352942","AVOID","-","passive","FALSE","","V-SHAPE","2026-05-20","","9d","9","DOWNTREND","BEARISH","BEARISH","BULLISH","STRUCTURE + DISCOUNT","SIDEWAYS","88.63","TRUE","FALSE","FALSE","LAGGING","LAGGARD (Passive)","0.28","0.28","DRY / QUIET","25","75","48.58","38.57","26.3","11.9","84.92","84.76","79.43","6340800","22538035","982","Supertrend bearish | RSI 48.6 lemah | Volume 0.28x | Lolos anti-crash ADX | RISEN SIDEWAYS","Full Grid (1-2-3-4)","100000000","89","82","80","78","0.1","0.2","0.3","0.4","1123","2439","3750","5128","12440","99992900","7100","80.38","80.38","74","112","134","134","16.85","7.94","50.56","66.71","3","8.4"
"RANC","2026-05-29","2026-05-29","561","FULL","525","-1.8691588785046727","AVOID","-","passive","FALSE","","EARLY SWEEP","2026-05-20","","9d","9","DOWNTREND","BEARISH","BEARISH","BEARISH","STRUCTURE + DISCOUNT","SIDEWAYS","90.66","TRUE","FALSE","FALSE","LAGGING","LAGGARD (Passive)","0.45","0.45","DRY / QUIET","14.29","85.71","43.56","11.57","21.92","17.12","545.71","583.9","653.97","32400","72270","982","Supertrend bearish | RSI 43.6 lemah | Volume 0.45x | Lolos anti-crash ADX | RISEN SIDEWAYS","Full Grid (1-2-3-4)","100000000","705","665","655","640","0.1","0.2","0.3","0.4","141","300","458","625","1524","99889500","110500","655.44","655.48","615","875","1220","1220","12.77","6.17","73.05","86.13","5.72","13.96"
"WEHA","2026-05-29","2026-05-29","561","FULL","124","-2.3622047244094486","AVOID","-","passive","FALSE","","BETA BREAKOUT","2026-03-31","","59d","59","DOWNTREND","BEARISH","BEARISH","BEARISH","STRUCTURE + DISCOUNT","SIDEWAYS","59.79","TRUE","FALSE","FALSE","LEADING","LEADING (Passive)","0.38","0.38","DRY / QUIET","0","100","47.8","37.82","32.34","14.3","125","128.07","125.63","8601300","22801510","982","Supertrend bearish | RSI 47.8 lemah | Volume 0.38x | Lolos anti-crash ADX | RISEN SIDEWAYS","Full Grid (1-2-3-4)","100000000","155","134","129","122","0.1","0.2","0.3","0.4","645","1492","2325","3278","7740","99974400","25600","129.17","129.17","111","222","288","288","28.39","14.06","85.81","122.97","3.02","8.74"
"ASPR","2026-05-29","2026-05-29","214","IPO / SHORT","179","-14.761904761904763","AVOID","-","passive","FALSE","","BETA BREAKOUT","2026-05-19","","10d","10","DOWNTREND","BEARISH","BEARISH","BEARISH","DOWNTREND DISCOUNT","NORMAL UPTREND","0","FALSE","TRUE","FALSE","LAGGING","LAGGARD (Passive)","0.03","0.03","DRY / QUIET","50","50","38.18","38.44","39.33","34.56","307.66","269.29","180.2","10924700","375614995","980","Supertrend bearish | RSI 38.2 lemah | Volume 0.03x | Lolos anti-crash ADX | RISEN NORMAL UPTREND","Full Grid (1-2-3-4)","100000000","464","322","288","240","0.1","0.2","0.3","0.4","215","621","1041","1666","3543","99937000","63000","282.07","282.09","170","905","1345","1345","63.36","39.73","189.87","376.83","3","9.48"
"BOLA","2026-05-29","2026-05-29","561","FULL","156","0","AVOID","-","passive","FALSE","","V-SHAPE","2026-05-19","","10d","10","DOWNTREND","BEARISH","BEARISH","BEARISH","STRUCTURE + DISCOUNT","SIDEWAYS","93.62","TRUE","FALSE","FALSE","WEAKENING","WEAKENING (Passive)","0.08","0.08","DRY / QUIET","0","100","35.96","25.2","10.82","22.25","164.85","167.39","163.25","82900","1096720","980","Supertrend bearish | RSI 36.0 lemah | Volume 0.08x | Lolos anti-crash ADX | RISEN SIDEWAYS","Full Grid (1-2-3-4)","100000000","167","163","162","161","0.1","0.2","0.3","0.4","598","1226","1851","2484","6159","99949000","51000","162.28","162.28","158","181","199","199","5.39","2.64","19.16","22.63","3.56","8.58"
"BRAM","2026-05-29","2026-05-29","561","FULL","4460","-1.3274336283185841","HOLD","-","passive","FALSE","","BETA BREAKOUT","2026-05-19","","10d","10","UPTREND","BEARISH","BEARISH","BEARISH","STRUCTURE + DISCOUNT","SIDEWAYS","17.5","TRUE","TRUE","FALSE","WEAKENING","WEAKENING (Passive)","0.38","0.38","DRY / QUIET","16.67","83.33","42.59","26.86","30.24","9.16","4588.97","4572.25","4845.87","2400","6260","980","Supertrend bullish | RSI 42.6 lemah | Volume 0.38x | Lolos anti-crash ADX | RISEN SIDEWAYS","Full Grid (1-2-3-4)","100000000","4800","4620","4570","4510","0.1","0.2","0.3","0.4","20","43","65","88","216","98859000","1141000","4576.81","4577.48","4400","5400","6000","6000","8.33","3.86","25","31.1","3","8.05"
"CINT","2026-05-29","2026-05-29","561","FULL","172","-3.910614525139665","AVOID","-","passive","FALSE","","V-SHAPE","2026-05-19","","10d","10","DOWNTREND","BEARISH","BEARISH","BEARISH","STRUCTURE + DISCOUNT","NORMAL DOWNTREND","31.31","TRUE","FALSE","FALSE","LAGGING","LAGGARD (Passive)","0.79","0.79","DRY / QUIET","9.09","90.91","35.49","18.98","31.42","18.62","190.48","197.82","191.24","1151500","1451560","980","Supertrend bearish | RSI 35.5 lemah | Volume 0.79x | Lolos anti-crash ADX | RISEN NORMAL DOWNTREND","Full Grid (1-2-3-4)","100000000","200","190","187","183","0.1","0.2","0.3","0.4","500","1052","1604","2185","5341","99968300","31700","187.17","187.17","177","234","270","270","11.5","5.43","35","44.25","3.04","8.14"
"CYBR","2026-05-29","2026-05-29","561","FULL","585","-2.5","AVOID","-","passive","FALSE","","V-SHAPE","2026-05-19","","10d","10","DOWNTREND","BEARISH","BEARISH","BEARISH","STRUCTURE + DISCOUNT","NORMAL DOWNTREND","41.87","TRUE","FALSE","FALSE","LAGGING","LAGGARD (Passive)","1.28","1.28","EXPANSION","66.67","33.33","17.99","40.49","9.58","47.48","902.96","1134.67","1226.04","25780500","20169405","980","Supertrend bearish | RSI 18.0 lemah | Volume valid 1.28x | Crash filter aktif | RISEN NORMAL DOWNTREND","Full Grid (1-2-3-4)","100000000","645","620","610","600","0.1","0.2","0.3","0.4","155","322","491","666","1634","99872500","127500","611.21","611.21","570","760","870","870","11.63","6.74","34.88","42.34","3","6.28"
"GGRP","2026-05-29","2026-05-29","561","FULL","292","-0.6802721088435374","AVOID","-","passive","FALSE","","BETA BREAKOUT","2026-05-19","","10d","10","DOWNTREND","BEARISH","BEARISH","BULLISH","DEMAND STRUCTURE","SIDEWAYS","0","FALSE","TRUE","FALSE","WEAKENING","WEAKENING (Passive)","0.48","0.48","DRY / QUIET","0","100","42.05","41.46","25.47","21.28","305.5","301.83","283.2","939900","1954570","980","Supertrend bearish | RSI 42.0 lemah | Volume 0.48x | Lolos anti-crash ADX | RISEN SIDEWAYS","Full Grid (1-2-3-4)","100000000","326","304","298","290","0.1","0.2","0.3","0.4","306","657","1006","1379","3348","99918200","81800","298.44","298.45","278","398","470","470","14.72","6.85","44.17","57.48","3","8.39"
"PGLI","2026-05-29","2026-05-29","561","FULL","175","-3.314917127071823","AVOID","-","passive","FALSE","","EARLY SWEEP","2026-05-19","","10d","10","DOWNTREND","BEARISH","BEARISH","BEARISH","STRUCTURE + DISCOUNT","NORMAL DOWNTREND","27.42","TRUE","FALSE","FALSE","LAGGING","LAGGARD (Passive)","0.07","0.07","DRY / QUIET","22.22","77.78","32.27","34.07","21.32","18.29","207.06","216.48","229.8","43700","653445","980","Supertrend bearish | RSI 32.3 lemah | Volume 0.07x | Lolos anti-crash ADX | RISEN NORMAL DOWNTREND","Full Grid (1-2-3-4)","100000000","264","228","218","206","0.1","0.2","0.3","0.4","378","877","1376","1941","4572","99956200","43800","218.63","218.63","188","378","492","492","28.79","14.01","86.36","125.04","3","8.93"
"RELI","2026-05-29","2026-05-29","561","FULL","494","2.066115702479339","AVOID","-","passive","FALSE","","SMART SNIPER + V-SHAPE","2026-05-19","Structure + Discount","10d","10","DOWNTREND","BEARISH","BEARISH","BEARISH","STRUCTURE + DISCOUNT","SIDEWAYS","25","TRUE","FALSE","FALSE","WEAKENING","WEAKENING (Passive)","0.16","0.16","DRY / QUIET","86.36","13.64","48.57","23.85","26.15","19.59","500.25","504.34","536.07","18300","110935","980","Supertrend bearish | RSI 48.6 lemah | Volume 0.16x | Lolos anti-crash ADX | RISEN SIDEWAYS","Full Grid (1-2-3-4)","100000000","600","540","525","505","0.1","0.2","0.3","0.4","166","370","571","792","1899","99913500","86500","526.14","526.16","476","785","970","970","20.67","9.53","61.67","84.36","2.98","8.85"
"RISE","2026-05-29","2026-05-29","561","FULL","1125","-5.857740585774058","AVOID","-","passive","FALSE","","EARLY SWEEP","2026-05-19","","10d","10","DOWNTREND","BEARISH","BEARISH","BEARISH","DOWNTREND DISCOUNT","NORMAL DOWNTREND","0","FALSE","FALSE","FALSE","LAGGING","LAGGARD (Passive)","1.1","1.1","NORMAL","34.62","65.38","22.45","21.37","14.77","29.33","1532","2179.07","3761.54","754000","684335","980","Supertrend bearish | RSI 22.4 lemah | Volume 1.1x | Lolos anti-crash ADX | RISEN NORMAL DOWNTREND","Full Grid (1-2-3-4)","100000000","5950","5450","5350","5175","0.1","0.2","0.3","0.4","16","36","56","77","185","98947500","1052500","5348.51","5351.22","4790","10500","13525","13525","19.5","10.44","127.31","152.87","6.53","14.64"
"BNGA","2026-05-29","2026-05-29","561","FULL","1615","0.3105590062111801","AVOID","-","passive","FALSE","","EARLY SWEEP","2026-05-18","","11d","11","DOWNTREND","BEARISH","BEARISH","BEARISH","DOWNTREND DISCOUNT","NORMAL DOWNTREND","58.78","TRUE","FALSE","FALSE","LAGGING","LAGGARD (Passive)","0.47","0.47","DRY / QUIET","20","80","31.95","34.85","10.14","29.16","1683.24","1735.61","1761.83","3178300","6762130","978","Supertrend bearish | RSI 31.9 lemah | Volume 0.47x | Crash filter aktif | RISEN NORMAL DOWNTREND","Full Grid (1-2-3-4)","100000000","1855","1790","1770","1750","0.1","0.2","0.3","0.4","53","111","169","228","561","99513500","486500","1773.86","1773.98","1715","2070","2280","2280","7.55","3.32","22.91","28.53","3.04","8.6"
"BTON","2026-05-29","2026-05-29","561","FULL","374","-1.0582010582010581","AVOID","-","passive","FALSE","","EARLY SWEEP","2026-05-18","","11d","11","DOWNTREND","BEARISH","BEARISH","BEARISH","STRUCTURE + DISCOUNT","SIDEWAYS","23.31","TRUE","FALSE","FALSE","LAGGING","LAGGARD (Passive)","0.79","0.79","DRY / QUIET","66.67","33.33","46.31","25.58","11.23","16.16","377.78","379.79","385.94","7200","9140","978","Supertrend bearish | RSI 46.3 lemah | Volume 0.79x | Lolos anti-crash ADX | RISEN SIDEWAYS","Full Grid (1-2-3-4)","100000000","390","374","368","364","0.1","0.2","0.3","0.4","256","534","815","1098","2703","99914800","85200","369.64","369.65","354","444","498","498","9.23","4.23","27.69","34.72","3","8.2"
"HOMI","2026-05-29","2026-05-29","561","FULL","204","2.512562814070352","AVOID","-","passive","FALSE","","EARLY SWEEP","2026-05-18","","11d","11","DOWNTREND","BEARISH","BEARISH","BEARISH","STRUCTURE + DISCOUNT","NORMAL DOWNTREND","100","TRUE","FALSE","FALSE","LAGGING","LAGGARD (Passive)","0.5","0.5","DRY / QUIET","100","0","35.09","15.19","13.01","19.99","219.3","254.54","326.7","1550400","3109040","978","Supertrend bearish | RSI 35.1 lemah | Volume 0.5x | Lolos anti-crash ADX | RISEN NORMAL DOWNTREND","Full Grid (1-2-3-4)","100000000","230","220","216","212","0.1","0.2","0.3","0.4","434","909","1388","1886","4617","99944000","56000","216.47","216.47","204","270","308","308","11.3","5.76","33.91","42.28","3","7.34"
"ITMG","2026-05-29","2026-05-29","561","FULL","22100","-2.7502750275027505","AVOID","-","passive","FALSE","","EARLY SWEEP","2026-05-18","","11d","11","DOWNTREND","BEARISH","BEARISH","BEARISH","STRUCTURE + DISCOUNT","SIDEWAYS","21.22","TRUE","FALSE","FALSE","LAGGING","LAGGARD (Passive)","1.19","1.19","NORMAL","0","100","34.04","30.72","11.46","31.01","24227.38","24952.19","24083.26","2677700","2251090","978","Supertrend bearish | RSI 34.0 lemah | Volume 1.19x | Crash filter aktif | RISEN SIDEWAYS","Full Grid (1-2-3-4)","100000000","26975","23950","23225","22200","0.1","0.2","0.3","0.4","3","8","12","18","41","95082500","4917500","23190.85","23259.6","20775","36275","45575","45575","22.98","10.42","68.95","96.52","3","9.27"
"KARW","2026-05-29","2026-05-29","561","FULL","270","-2.877697841726619","AVOID","-","passive","FALSE","","SMART SNIPER","2026-05-18","Structure + Discount","11d","11","DOWNTREND","BEARISH","BEARISH","BEARISH","STRUCTURE + DISCOUNT","NORMAL DOWNTREND","45.98","TRUE","FALSE","FALSE","WEAKENING","WEAKENING (Passive)","1.88","1.88","EXPANSION","50","50","36.56","11.19","26.7","36.5","290.62","304.85","535.94","145500","77260","978","Supertrend bearish | RSI 36.6 lemah | Volume valid 1.88x | Lolos anti-crash ADX | RISEN NORMAL DOWNTREND","Full Grid (1-2-3-4)","100000000","318","302","298","292","0.1","0.2","0.3","0.4","314","662","1006","1369","3351","99931200","68800","298.21","298.21","284","370","416","416","10.69","4.77","30.82","39.5","2.88","8.29"
"KBAG","2026-05-29","2026-05-29","561","FULL","41","5.128205128205128","HOLD","-","passive","FALSE","","G ACC","2026-04-23","","36d","36","UPTREND","BEARISH","BEARISH","BEARISH","UPTREND DISCOUNT","SIDEWAYS","25","TRUE","FALSE","FALSE","IMPROVING","IMPROVING (Passive)","0.74","0.74","DRY / QUIET","50","50","42.65","21.3","34.77","36.09","44.58","47.41","45.48","16549400","22326330","978","Supertrend bullish | RSI 42.6 lemah | Volume 0.74x | Lolos anti-crash ADX | RISEN SIDEWAYS","Full Grid (1-2-3-4)","100000000","55","51","49","48","0.1","0.2","0.3","0.4","1818","3921","6122","8333","20194","99992300","7700","49.52","49.52","46","69","82","82","16.36","7.1","49.09","65.6","3","9.24"
"LCKM","2026-05-29","2026-05-29","561","FULL","106","-3.6363636363636362","AVOID","-","passive","FALSE","","EARLY SWEEP","2026-05-18","","11d","11","DOWNTREND","BEARISH","BEARISH","BEARISH","STRUCTURE + DISCOUNT","NORMAL DOWNTREND","17.5","TRUE","FALSE","FALSE","LAGGING","LAGGARD (Passive)","0.16","0.16","DRY / QUIET","14.29","85.71","43.43","30.39","35.1","17.36","127.84","140.66","195.68","32341800","203578000","978","Supertrend bearish | RSI 43.4 lemah | Volume 0.16x | Lolos anti-crash ADX | RISEN NORMAL DOWNTREND","Full Grid (1-2-3-4)","100000000","282","250","242","232","0.1","0.2","0.3","0.4","354","800","1239","1724","4117","99963400","36600","242.81","242.81","212","388","492","492","24.82","12.69","74.47","102.63","3","8.09"
"MYOR","2026-05-29","2026-05-29","561","FULL","1840","-0.5405405405405406","HOLD","-","passive","FALSE","","EARLY SWEEP","2026-05-18","","11d","11","UPTREND","BULLISH","BEARISH","BEARISH","STRUCTURE + DISCOUNT","SIDEWAYS","67.08","TRUE","FALSE","FALSE","LAGGING","LAGGARD (Passive)","0.49","0.49","DRY / QUIET","40","60","50.55","16.51","21.2","19.8","1830.08","1878.79","2057.6","5630400","11431600","978","Supertrend bullish | RSI 50.5 > 50 | Volume 0.49x | Lolos anti-crash ADX | RISEN SIDEWAYS","Full Grid (1-2-3-4)","100000000","2510","2460","2450","2430","0.1","0.2","0.3","0.4","39","81","122","164","406","99457000","543000","2449.68","2449.78","2390","2690","2960","2960","4.78","2.44","17.93","20.83","3.75","8.55"
"PNBS","2026-05-29","2026-05-29","561","FULL","50","0","AVOID","-","passive","FALSE","","EARLY SWEEP","2026-05-18","","11d","11","DOWNTREND","BEARISH","BEARISH","BEARISH","DOWNTREND DISCOUNT","SIDEWAYS","85.55","TRUE","FALSE","FALSE","LAGGING","LAGGARD (Passive)","0.19","0.19","DRY / QUIET","50","50","44.82","53.8","19","3.5","50.46","50.96","52.14","2912600","15093090","978","Supertrend bearish | RSI 44.8 lemah | Volume 0.19x | Lolos anti-crash ADX | RISEN SIDEWAYS","Full Grid (1-2-3-4)","100000000","53","52","51","51","0.1","0.2","0.3","0.4","1886","3846","5882","7843","19457","99992500","7500","51.39","51.39","50","58","64","64","5.66","2.71","20.75","24.53","3.67","9.06"
"PURA","2026-05-29","2026-05-29","561","FULL","38","8.571428571428571","AVOID","-","passive","FALSE","","SMART GAMMA","2026-05-18","","11d","11","DOWNTREND","BULLISH","BULLISH","BULLISH","DOWNTREND","NORMAL UPTREND","21.94","TRUE","TRUE","FALSE","WEAKENING","WEAKENING (Passive)","1","1","NORMAL","50","50","56.63","15.08","37.03","33.44","35.16","34.01","31.24","21715500","21710710","978","Supertrend bearish | RSI 56.6 > 50 | Volume 1x | Lolos anti-crash ADX | RISEN NORMAL UPTREND","Full Grid (1-2-3-4)","100000000","37","34","33","32","0.1","0.2","0.3","0.4","2702","5882","9090","12500","30174","99993200","6800","33.14","33.14","31","46","50","50","16.22","6.45","35.14","50.88","2.17","7.88"
"WOMF","2026-05-29","2026-05-29","561","FULL","284","0","AVOID","-","passive","FALSE","","EARLY SWEEP","2026-05-18","","11d","11","DOWNTREND","BEARISH","BEARISH","BEARISH","STRUCTURE + DISCOUNT","NORMAL DOWNTREND","31.72","TRUE","FALSE","FALSE","WEAKENING","WEAKENING (Passive)","0.32","0.32","DRY / QUIET","80","20","31.04","25.08","6.29","26.35","294.04","300.8","320.75","21400","66620","978","Supertrend bearish | RSI 31.0 lemah | Volume 0.32x | Lolos anti-crash ADX | RISEN NORMAL DOWNTREND","Full Grid (1-2-3-4)","100000000","358","350","346","344","0.1","0.2","0.3","0.4","279","571","867","1162","2879","99944200","55800","347.15","347.15","338","388","426","426","5.59","2.64","18.99","22.71","3.4","8.62"
"ZONE","2026-05-29","2026-05-29","561","FULL","342","0","AVOID","-","passive","FALSE","","V-SHAPE","2026-05-18","","11d","11","DOWNTREND","BEARISH","BEARISH","BEARISH","STRUCTURE + DISCOUNT","NORMAL DOWNTREND","44.53","TRUE","FALSE","FALSE","WEAKENING","WEAKENING (Passive)","0.1","0.1","DRY / QUIET","14.29","85.71","44.95","47.89","33.83","8.15","357.54","380.52","523.31","92400","914090","978","Supertrend bearish | RSI 45.0 lemah | Volume 0.1x | Lolos anti-crash ADX | RISEN NORMAL DOWNTREND","Full Grid (1-2-3-4)","100000000","352","344","340","338","0.1","0.2","0.3","0.4","284","581","882","1183","2930","99956600","43400","341.15","341.15","326","505","540","540","7.39","4.44","53.41","58.29","7.23","13.13"
"IDEA","2026-05-29","2026-05-29","561","FULL","66","3.125","AVOID","-","passive","FALSE","","V-SHAPE","2026-04-22","","37d","37","DOWNTREND","BEARISH","BEARISH","BEARISH","STRUCTURE + DISCOUNT","SIDEWAYS","65","TRUE","FALSE","FALSE","IMPROVING","IMPROVING (Passive)","0.23","0.23","DRY / QUIET","66.67","33.33","39.44","22.06","19.13","29.75","71.66","83.6","88.07","2022300","8850495","976","Supertrend bearish | RSI 39.4 lemah | Volume 0.23x | Lolos anti-crash ADX | RISEN SIDEWAYS","Full Grid (1-2-3-4)","100000000","86","74","71","67","0.1","0.2","0.3","0.4","1162","2702","4225","5970","14059","99984500","15500","71.12","71.12","60","125","164","164","30.23","15.63","90.7","130.6","3","8.35"
"CBPE","2026-05-29","2026-05-29","561","FULL","300","4.166666666666666","HOLD","-","passive","FALSE","","BETA BREAKOUT","2026-03-27","","63d","63","UPTREND","BEARISH","BEARISH","BULLISH","DEMAND STRUCTURE","SIDEWAYS","92.2","TRUE","FALSE","FALSE","LEADING","LEADING (Passive)","0.92","0.92","NORMAL","100","0","47.58","13.45","19.41","11.75","303","307","279.42","136100","147795","974","Supertrend bullish | RSI 47.6 lemah | Volume 0.92x | Lolos anti-crash ADX | RISEN SIDEWAYS","Full Grid (1-2-3-4)","100000000","354","312","302","288","0.1","0.2","0.3","0.4","282","641","993","1388","3304","99945000","55000","302.5","302.5","264","490","625","625","25.42","12.73","76.55","106.61","3.01","8.38"
"DCII","2026-05-29","2026-05-29","561","FULL","195000","1.0362694300518136","AVOID","-","passive","FALSE","","EARLY SWEEP","2026-03-26","","64d","64","DOWNTREND","BEARISH","BEARISH","BEARISH","STRUCTURE + DISCOUNT","SIDEWAYS","65","TRUE","FALSE","FALSE","LEADING","LEADING (Passive)","1.08","1.08","NORMAL","0","100","42.28","40.81","34.08","58.27","197763.55","202593.07","212367.17","1200","1110","972","Supertrend bearish | RSI 42.3 lemah | Volume 1.08x | Crash filter aktif | RISEN SIDEWAYS","Full Grid (1-2-3-4)","100000000","220000","207275","204250","199975","0.1","0.2","0.3","0.4","0","0","1","2","3","60420000","39580000","201400","204562.34","193150","293875","347175","347175","12.2","4.1","57.81","72.38","4.74","17.67"
"JPFA","2026-05-29","2026-05-29","561","FULL","2450","-4.669260700389105","HOLD","-","passive","FALSE","","BETA BREAKOUT","2026-05-04","","25d","25","UPTREND","BEARISH","BEARISH","BULLISH","DEMAND STRUCTURE","SIDEWAYS","33.89","TRUE","FALSE","TRUE","WEAKENING","WEAKENING (Passive)","2.69","2.69","VOLUME SURGE","0","100","44.04","13.52","21.06","20.81","2551.62","2537.6","2359.77","52202600","19406460","970","Supertrend bullish | RSI 44.0 lemah | Volume valid 2.69x | Lolos anti-crash ADX | RISEN SIDEWAYS","Full Grid (1-2-3-4)","100000000","2630","2490","2450","2400","0.1","0.2","0.3","0.4","38","80","122","166","406","99644000","356000","2454.29","2454.23","2320","3100","3560","3560","11.79","5.47","35.36","45.05","3","8.23"
"PTBA","2026-05-29","2026-05-29","561","FULL","2780","-2.112676056338028","AVOID","-","passive","FALSE","","G ACC","2026-03-25","","65d","65","DOWNTREND","BEARISH","BEARISH","BULLISH","DEMAND STRUCTURE","NORMAL DOWNTREND","34.93","TRUE","FALSE","FALSE","LEADING","LEADING (Passive)","1.66","1.66","EXPANSION","10","90","45.81","25.17","11.76","22.1","2831.15","2829.99","2652.04","29756900","17964410","970","Supertrend bearish | RSI 45.8 lemah | Volume valid 1.66x | Lolos anti-crash ADX | RISEN NORMAL DOWNTREND","Full Grid (1-2-3-4)","100000000","3160","2690","2580","2420","0.1","0.2","0.3","0.4","31","74","116","165","386","99560000","440000","2579.27","2580.22","2200","4600","6050","6050","30.38","14.7","91.46","134.56","3.01","9.15"
"ASLI","2026-05-29","2026-05-29","558","FULL","236","-1.6666666666666667","AVOID","-","passive","FALSE","","V-SHAPE","2026-05-13","","16d","16","DOWNTREND","BEARISH","BEARISH","BEARISH","STRUCTURE + DISCOUNT","NORMAL DOWNTREND","45.09","TRUE","FALSE","FALSE","LAGGING","LAGGARD (Passive)","0.18","0.18","DRY / QUIET","50","50","29.75","24.27","16.23","27.66","292.85","329.37","298.53","1597200","8807770","968","Supertrend bearish | RSI 29.8 lemah | Volume 0.18x | Lolos anti-crash ADX | RISEN NORMAL DOWNTREND","Full Grid (1-2-3-4)","100000000","312","300","296","292","0.1","0.2","0.3","0.4","320","666","1013","1369","3368","99923600","76400","296.69","296.69","280","360","478","478","10.26","5.62","53.21","61.11","5.19","10.87"
"ECII","2026-05-29","2026-05-29","561","FULL","153","-3.1645569620253164","AVOID","-","passive","FALSE","","EARLY SWEEP","2026-05-13","","16d","16","DOWNTREND","BEARISH","BEARISH","BEARISH","DOWNTREND DISCOUNT","NORMAL DOWNTREND","0","FALSE","FALSE","FALSE","LAGGING","LAGGARD (Passive)","0.45","0.45","DRY / QUIET","0","100","25.76","16.31","15.45","23.61","171.37","183.31","197.16","357400","794300","968","Supertrend bearish | RSI 25.8 lemah | Volume 0.45x | Lolos anti-crash ADX | RISEN NORMAL DOWNTREND","Full Grid (1-2-3-4)","100000000","188","176","173","169","0.1","0.2","0.3","0.4","531","1136","1734","2366","5767","99960000","40000","173.33","173.33","161","228","270","270","14.36","7.11","43.62","55.77","3.04","7.84"
"FIRE","2026-05-29","2026-05-29","561","FULL","107","-0.9259259259259258","AVOID","-","passive","FALSE","","SMART SNIPER","2026-05-13","Structure + Discount","16d","16","DOWNTREND","BEARISH","BEARISH","BEARISH","STRUCTURE + DISCOUNT","NORMAL DOWNTREND","25","TRUE","FALSE","FALSE","LAGGING","LAGGARD (Passive)","0.17","0.17","DRY / QUIET","28.57","71.43","35.45","13.08","22.38","21.37","126.26","138.78","131.94","9938500","60019375","968","Supertrend bearish | RSI 35.5 lemah | Volume 0.17x | Lolos anti-crash ADX | RISEN NORMAL DOWNTREND","Full Grid (1-2-3-4)","100000000","152","141","138","135","0.1","0.2","0.3","0.4","657","1418","2173","2962","7210","99954600","45400","138.63","138.63","127","190","228","228","16.45","8.39","50","64.46","3.04","7.68"
"FUTR","2026-05-29","2026-05-29","561","FULL","179","-2.185792349726776","AVOID","-","passive","FALSE","","EARLY SWEEP","2026-05-13","","16d","16","DOWNTREND","BEARISH","BEARISH","BEARISH","STRUCTURE + DISCOUNT","NORMAL DOWNTREND","60.73","TRUE","FALSE","FALSE","LAGGING","LAGGARD (Passive)","0.43","0.43","DRY / QUIET","46.67","53.33","34.09","23.27","10.33","26.61","212.29","254.24","340.3","6379000","14959015","968","Supertrend bearish | RSI 34.1 lemah | Volume 0.43x | Lolos anti-crash ADX | RISEN NORMAL DOWNTREND","Full Grid (1-2-3-4)","100000000","282","240","230","216","0.1","0.2","0.3","0.4","354","833","1304","1851","4342","99948400","51600","230.19","230.2","194","414","545","545","31.21","15.72","93.26","136.76","2.99","8.7"
"GMTD","2026-05-29","2026-05-29","561","FULL","1730","-1.7045454545454544","AVOID","-","passive","FALSE","","EARLY SWEEP","2026-05-13","","16d","16","DOWNTREND","BULLISH","BEARISH","BEARISH","STRUCTURE + DISCOUNT","SIDEWAYS","52.5","TRUE","FALSE","FALSE","WEAKENING","WEAKENING (Passive)","0.29","0.29","DRY / QUIET","78.57","21.43","51.73","30.46","29.78","19.5","1711.98","1743.85","2243.63","6000","20985","968","Supertrend bearish | RSI 51.7 > 50 | Volume 0.29x | Lolos anti-crash ADX | RISEN SIDEWAYS","Full Grid (1-2-3-4)","100000000","1905","1725","1680","1620","0.1","0.2","0.3","0.4","52","115","178","246","591","99499500","500500","1683.58","1683.73","1515","2490","3080","3080","20.47","10.01","61.68","82.94","3.01","8.28"
"IRSX","2026-05-29","2026-05-29","561","FULL","374","8.092485549132949","AVOID","-","passive","FALSE","","SMART SNIPER","2026-05-13","Demand Structure","16d","16","DOWNTREND","BEARISH","BEARISH","BEARISH","STRUCTURE + DISCOUNT","NORMAL DOWNTREND","36.15","TRUE","FALSE","FALSE","LAGGING","LAGGARD (Passive)","0.94","0.94","NORMAL","100","0","43.67","12.67","20.77","23.63","408.24","440.34","385.49","75490600","80260340","968","Supertrend bearish | RSI 43.7 lemah | Volume 0.94x | Lolos anti-crash ADX | RISEN NORMAL DOWNTREND","Full Grid (1-2-3-4)","100000000","464","424","414","400","0.1","0.2","0.3","0.4","215","471","724","1000","2410","99920000","80000","414.61","414.62","374","600","735","735","19.4","9.79","58.41","77.28","3.01","7.89"
"MCOL","2026-05-29","2026-05-29","561","FULL","3650","0.27472527472527475","AVOID","-","passive","FALSE","","V-SHAPE","2026-05-13","","16d","16","DOWNTREND","BEARISH","BEARISH","BEARISH","DEMAND STRUCTURE","SIDEWAYS","29.77","TRUE","FALSE","FALSE","WEAKENING","WEAKENING (Passive)","0.42","0.42","DRY / QUIET","83.33","16.67","35.05","27.06","10.19","21.79","3894.68","3910.15","3978.23","41800","98620","968","Supertrend bearish | RSI 35.0 lemah | Volume 0.42x | Lolos anti-crash ADX | RISEN SIDEWAYS","Full Grid (1-2-3-4)","100000000","4010","3960","3940","3920","0.1","0.2","0.3","0.4","24","50","76","102","252","99352000","648000","3942.54","3942.82","3880","4210","4630","4630","3.24","1.59","15.46","17.44","4.77","10.99"
"NEST","2026-05-29","2026-05-29","427","FULL","505","-1.9417475728155338","HOLD","-","passive","FALSE","","G ACC","2026-05-13","","16d","16","UPTREND","BULLISH","BULLISH","BULLISH","UPTREND PREMIUM","NORMAL UPTREND","25","TRUE","TRUE","FALSE","WEAKENING","WEAKENING (Passive)","0.1","0.1","DRY / QUIET","25","75","57.09","37.34","24.62","12.82","482.51","434.36","376.42","590100","5999825","968","Supertrend bullish | RSI 57.1 > 50 | Volume 0.1x | Lolos anti-crash ADX | RISEN NORMAL UPTREND","Full Grid (1-2-3-4)","100000000","590","448","414","366","0.1","0.2","0.3","0.4","169","446","724","1092","2431","99892600","107400","410.91","410.94","296","1030","1470","1470","49.83","27.97","149.15","257.74","2.99","9.22"
"RIGS","2026-05-29","2026-05-29","561","FULL","660","-5.0359712230215825","AVOID","-","passive","FALSE","","V-SHAPE","2026-05-13","","16d","16","DOWNTREND","BEARISH","BEARISH","BEARISH","STRUCTURE + DISCOUNT","SIDEWAYS","62.16","TRUE","FALSE","FALSE","WEAKENING","WEAKENING (Passive)","1.13","1.13","NORMAL","0","100","39.38","22.65","9.57","16.09","683.12","694.57","731.61","92700","82385","968","Supertrend bearish | RSI 39.4 lemah | Volume 1.13x | Lolos anti-crash ADX | RISEN SIDEWAYS","Full Grid (1-2-3-4)","100000000","685","665","655","650","0.1","0.2","0.3","0.4","145","300","458","615","1518","99856500","143500","657.82","657.84","635","760","835","835","7.3","3.47","21.9","26.94","3","7.77"
"RMKE","2026-05-29","2026-05-29","561","FULL","3000","4.529616724738676","AVOID","-","passive","FALSE","","SMART SNIPER","2026-05-13","Structure + Discount","16d","16","DOWNTREND","BEARISH","BEARISH","BEARISH","STRUCTURE + DISCOUNT","SIDEWAYS","27.71","TRUE","FALSE","FALSE","LAGGING","LAGGARD (Passive)","0.79","0.79","DRY / QUIET","80.95","19.05","44.95","20.44","11.86","22.37","3111.81","3345.03","3143.37","18093500","22976270","968","Supertrend bearish | RSI 45.0 lemah | Volume 0.79x | Lolos anti-crash ADX | RISEN SIDEWAYS","Full Grid (1-2-3-4)","100000000","3300","2970","2890","2780","0.1","0.2","0.3","0.4","30","67","103","143","343","99320000","680000","2895.63","2895.75","2600","4350","5400","5400","21.21","10.21","63.64","86.49","3","8.47"
"SRSN","2026-05-29","2026-05-29","561","FULL","65","-1.5151515151515151","HOLD","-","passive","FALSE","","V-SHAPE","2026-05-13","","16d","16","UPTREND","BEARISH","BEARISH","BULLISH","DEMAND STRUCTURE","SIDEWAYS","25","TRUE","FALSE","FALSE","WEAKENING","WEAKENING (Passive)","0.19","0.19","DRY / QUIET","50","50","45.61","23.21","23.2","16.23","66.88","65.45","62.17","29753100","156560825","968","Supertrend bullish | RSI 45.6 lemah | Volume 0.19x | Lolos anti-crash ADX | RISEN SIDEWAYS","Full Grid (1-2-3-4)","100000000","72","62","60","56","0.1","0.2","0.3","0.4","1388","3225","5000","7142","16755","99983800","16200","59.67","59.67","51","104","135","135","29.17","14.54","87.5","126.23","3","8.68"
"ADRO","2026-05-29","2026-05-29","561","FULL","2300","0","AVOID","-","passive","FALSE","","V-SHAPE","2026-05-12","","17d","17","DOWNTREND","BEARISH","BEARISH","BULLISH","DEMAND STRUCTURE","NORMAL DOWNTREND","27.88","TRUE","FALSE","FALSE","LAGGING","LAGGARD (Passive)","0.85","0.85","NORMAL","20","80","41.72","21.22","17.06","27.24","2396.06","2402.8","2217.23","71306100","84237155","966","Supertrend bearish | RSI 41.7 lemah | Volume 0.85x | Lolos anti-crash ADX | RISEN NORMAL DOWNTREND","Full Grid (1-2-3-4)","100000000","2600","2490","2460","2430","0.1","0.2","0.3","0.4","38","80","121","164","403","99418000","582000","2466.95","2467.05","2360","2960","3320","3320","9.23","4.34","27.69","34.58","3","7.98"
"BATR","2026-05-29","2026-05-29","468","FULL","84","-1.1764705882352942","AVOID","-","passive","FALSE","","V-SHAPE","2026-05-12","","17d","17","DOWNTREND","BEARISH","BEARISH","BEARISH","STRUCTURE + DISCOUNT","NORMAL DOWNTREND","38.33","TRUE","FALSE","FALSE","WEAKENING","WEAKENING (Passive)","0.07","0.07","DRY / QUIET","40","60","38.49","33.11","26.81","18.64","89.83","93","97.4","316100","4792550","966","Supertrend bearish | RSI 38.5 lemah | Volume 0.07x | Lolos anti-crash ADX | RISEN NORMAL DOWNTREND","Full Grid (1-2-3-4)","100000000","100","87","84","80","0.1","0.2","0.3","0.4","1000","2298","3571","5000","11869","99989000","11000","84.24","84.24","73","141","181","181","27","13.35","81","114.85","3","8.61"
"CSRA","2026-05-29","2026-05-29","561","FULL","835","-2.3391812865497075","AVOID","-","passive","FALSE","","EARLY SWEEP","2026-05-12","","17d","17","DOWNTREND","BEARISH","BEARISH","BEARISH","STRUCTURE + DISCOUNT","NORMAL DOWNTREND","32.39","TRUE","FALSE","FALSE","LAGGING","LAGGARD (Passive)","0.26","0.26","DRY / QUIET","20","80","35.87","18.71","14.12","26.73","877.78","903.39","875.1","153100","596685","966","Supertrend bearish | RSI 35.9 lemah | Volume 0.26x | Lolos anti-crash ADX | RISEN NORMAL DOWNTREND","Full Grid (1-2-3-4)","100000000","905","855","840","820","0.1","0.2","0.3","0.4","110","233","357","487","1187","99798500","201500","840.76","840.79","790","1080","1250","1250","12.71","6.04","38.12","48.67","3","8.06"
"EMDE","2026-05-29","2026-05-29","561","FULL","64","-1.5384615384615385","AVOID","-","passive","FALSE","","V-SHAPE","2026-05-12","","17d","17","DOWNTREND","BEARISH","BEARISH","BEARISH","STRUCTURE + DISCOUNT","NORMAL DOWNTREND","36.69","TRUE","FALSE","FALSE","LAGGING","LAGGARD (Passive)","0.09","0.09","DRY / QUIET","0","100","33.87","28.34","21.66","18.37","72.17","77.08","89.42","1049700","11980055","966","Supertrend bearish | RSI 33.9 lemah | Volume 0.09x | Lolos anti-crash ADX | RISEN NORMAL DOWNTREND","Full Grid (1-2-3-4)","100000000","79","76","75","73","0.1","0.2","0.3","0.4","1265","2631","4000","5479","13375","99985800","14200","74.76","74.76","71","91","103","103","10.13","5.02","30.38","37.78","3","7.52"
"ITMA","2026-05-29","2026-05-29","561","FULL","1750","-6.166219839142091","AVOID","-","passive","FALSE","","SMART GAMMA","2026-05-12","","17d","17","DOWNTREND","BEARISH","BEARISH","NEUTRAL","STRUCTURE + DISCOUNT","NORMAL DOWNTREND","72.62","TRUE","FALSE","FALSE","LAGGING","LAGGARD (Passive)","0.12","0.12","DRY / QUIET","0","100","37.54","19.49","14.91","22.11","1966.51","2039.91","1747.45","55200","476785","966","Supertrend bearish | RSI 37.5 lemah | Volume 0.12x | Lolos anti-crash ADX | RISEN NORMAL DOWNTREND","Full Grid (1-2-3-4)","100000000","2180","1985","1935","1870","0.1","0.2","0.3","0.4","45","100","155","213","513","99483500","516500","1939.25","1939.6","1755","2820","3460","3460","19.5","9.5","58.72","78.42","3.01","8.25"
"YOII","2026-05-29","2026-05-29","324","FULL","74","-2.631578947368421","AVOID","-","passive","FALSE","","SMART SNIPER","2026-05-12","Demand Structure","17d","17","DOWNTREND","BEARISH","BEARISH","BEARISH","DOWNTREND DISCOUNT","NORMAL DOWNTREND","0","FALSE","FALSE","FALSE","LAGGING","LAGGARD (Passive)","0.11","0.11","DRY / QUIET","33.33","66.67","30.47","16.45","18.3","26.19","87.52","93.32","99.36","4705500","41581500","966","Supertrend bearish | RSI 30.5 lemah | Volume 0.11x | Lolos anti-crash ADX | RISEN NORMAL DOWNTREND","Full Grid (1-2-3-4)","100000000","112","102","100","96","0.1","0.2","0.3","0.4","892","1960","3000","4166","10018","99976000","24000","99.8","99.8","91","144","175","175","18.75","8.81","56.25","75.36","3","8.55"
"BYAN","2026-05-29","2026-05-29","561","FULL","9825","-1.0075566750629723","AVOID","-","passive","FALSE","","V-SHAPE","2026-05-11","","18d","18","DOWNTREND","BEARISH","BEARISH","BEARISH","STRUCTURE + DISCOUNT","NORMAL DOWNTREND","13.24","TRUE","FALSE","FALSE","LAGGING","LAGGARD (Passive)","1.54","1.54","EXPANSION","23.81","76.19","30.88","21.43","19.91","28.82","11005.96","11903.73","15058.59","73500","47815","964","Supertrend bearish | RSI 30.9 lemah | Volume valid 1.54x | Lolos anti-crash ADX | RISEN NORMAL DOWNTREND","Full Grid (1-2-3-4)","100000000","11850","11450","11350","11200","0.1","0.2","0.3","0.4","8","17","26","35","86","97655000","2345000","11355.23","11356.92","10925","13250","14325","14325","7.81","3.79","20.89","26.15","2.68","6.9"
"DPUM","2026-05-29","2026-05-29","561","FULL","200","-0.9900990099009901","HOLD","-","passive","FALSE","","SMART GAMMA","2026-05-11","","18d","18","UPTREND","BULLISH","BULLISH","BULLISH","UPTREND PREMIUM","NORMAL UPTREND","25","TRUE","TRUE","FALSE","WEAKENING","WEAKENING (Passive)","0.14","0.14","DRY / QUIET","0","100","63.54","39.55","28.29","9.05","176.1","165.84","141.17","6196600","43866865","964","Supertrend bullish | RSI 63.5 > 50 | Volume 0.14x | Lolos anti-crash ADX | RISEN NORMAL UPTREND","Full Grid (1-2-3-4)","100000000","202","157","146","130","0.1","0.2","0.3","0.4","495","1273","2054","3076","6898","99961500","38500","144.91","144.91","107","344","488","488","47.03","26.16","141.58","236.75","3.01","9.05"
"GPRA","2026-05-29","2026-05-29","561","FULL","101","-1.9417475728155338","AVOID","-","passive","FALSE","","EARLY SWEEP","2026-05-11","","18d","18","DOWNTREND","BEARISH","BEARISH","BEARISH","STRUCTURE + DISCOUNT","NORMAL DOWNTREND","54.59","TRUE","FALSE","FALSE","LAGGING","LAGGARD (Passive)","0.14","0.14","DRY / QUIET","33.33","66.67","39.93","17.04","14.6","16.11","107.1","110.45","118.83","5243900","37173815","964","Supertrend bearish | RSI 39.9 lemah | Volume 0.14x | Lolos anti-crash ADX | RISEN NORMAL DOWNTREND","Full Grid (1-2-3-4)","100000000","115","104","101","98","0.1","0.2","0.3","0.4","869","1923","2970","4081","9843","99983500","16500","101.58","101.58","92","150","184","184","20","9.43","60","81.14","3","8.61"
"INCO","2026-05-29","2026-05-29","561","FULL","4730","-3.2719836400818","AVOID","-","passive","FALSE","","V-SHAPE","2026-05-11","","18d","18","DOWNTREND","BEARISH","BEARISH","BEARISH","STRUCTURE + DISCOUNT","NORMAL DOWNTREND","6.56","TRUE","FALSE","FALSE","LAGGING","LAGGARD (Passive)","1.98","1.98","EXPANSION","61.76","38.24","36.83","32.77","15.15","39.38","5621.53","5920.88","5262.67","64386300","32553395","964","Supertrend bearish | RSI 36.8 lemah | Volume valid 1.98x | Crash filter aktif | RISEN NORMAL DOWNTREND","Full Grid (1-2-3-4)","100000000","6025","5550","5425","5250","0.1","0.2","0.3","0.4","16","36","55","76","183","99357500","642500","5429.37","5431.14","4970","7600","9200","9200","17.51","8.46","52.7","69.45","3.01","8.21"
"KETR","2026-05-29","2026-05-29","561","FULL","590","3.508771929824561","HOLD","-","passive","FALSE","","SMART SNIPER","2026-05-11","Discount Only","18d","18","UPTREND","BULLISH","BULLISH","BULLISH","UPTREND DISCOUNT","SIDEWAYS","44.94","TRUE","FALSE","FALSE","WEAKENING","WEAKENING (Passive)","0.61","0.61","DRY / QUIET","55.56","44.44","55.42","32.36","21.28","12.65","562.1","554.83","553.69","34363300","56299085","964","Supertrend bullish | RSI 55.4 > 50 | Volume 0.61x | Lolos anti-crash ADX | RISEN SIDEWAYS","Full Grid (1-2-3-4)","100000000","630","550","530","500","0.1","0.2","0.3","0.4","158","363","566","800","1887","99917000","83000","529.5","529.55","454","895","1160","1160","27.94","14.26","84.13","119.07","3.01","8.35"
"LABS","2026-05-29","2026-05-29","448","FULL","137","-5.517241379310345","AVOID","-","passive","FALSE","","SMART GAMMA","2026-05-11","","18d","18","DOWNTREND","BEARISH","BEARISH","BEARISH","DOWNTREND DISCOUNT","NORMAL DOWNTREND","0","FALSE","FALSE","FALSE","LAGGING","LAGGARD (Passive)","0.12","0.12","DRY / QUIET","0","100","40.27","43.89","39.46","16.85","158.03","156.32","146.47","2182200","18812700","964","Supertrend bearish | RSI 40.3 lemah | Volume 0.12x | Lolos anti-crash ADX | RISEN NORMAL DOWNTREND","Full Grid (1-2-3-4)","100000000","216","180","172","159","0.1","0.2","0.3","0.4","462","1111","1744","2515","5832","99962500","37500","171.4","171.41","142","328","438","438","34.26","17.15","102.78","155.54","3","9.07"
"LEAD","2026-05-29","2026-05-29","561","FULL","103","1.9801980198019802","AVOID","-","passive","FALSE","","SMART GAMMA","2026-04-16","","43d","43","DOWNTREND","BEARISH","BEARISH","BEARISH","STRUCTURE + DISCOUNT","NORMAL DOWNTREND","62.43","TRUE","FALSE","FALSE","IMPROVING","IMPROVING (Passive)","0.33","0.33","DRY / QUIET","40","60","35.52","24.55","13.09","26.26","118.71","131.07","122.97","6521800","19534150","964","Supertrend bearish | RSI 35.5 lemah | Volume 0.33x | Lolos anti-crash ADX | RISEN NORMAL DOWNTREND","Full Grid (1-2-3-4)","100000000","168","137","129","118","0.1","0.2","0.3","0.4","595","1459","2325","3389","7768","99967000","33000","128.69","128.69","102","268","366","366","39.29","20.74","117.86","184.4","3","8.89"
"SKBM","2026-05-29","2026-05-29","561","FULL","515","-2.8301886792452833","AVOID","-","passive","FALSE","","EARLY SWEEP","2026-05-11","","18d","18","DOWNTREND","BEARISH","BEARISH","BEARISH","STRUCTURE + DISCOUNT","NORMAL DOWNTREND","96.63","TRUE","FALSE","FALSE","LAGGING","LAGGARD (Passive)","0.48","0.48","DRY / QUIET","62.5","37.5","37.23","23.53","23.9","20.09","603.37","635.44","565.46","405500","847210","964","Supertrend bearish | RSI 37.2 lemah | Volume 0.48x | Lolos anti-crash ADX | RISEN NORMAL DOWNTREND","Full Grid (1-2-3-4)","100000000","665","635","630","620","0.1","0.2","0.3","0.4","150","314","476","645","1585","99892000","108000","630.23","630.24","590","780","890","890","11.28","6.38","33.83","41.22","3","6.46"
"SMRA","2026-05-29","2026-05-29","561","FULL","286","0","AVOID","-","passive","FALSE","","EARLY SWEEP","2026-05-11","","18d","18","DOWNTREND","BEARISH","BEARISH","BEARISH","STRUCTURE + DISCOUNT","NORMAL DOWNTREND","25","TRUE","FALSE","FALSE","WEAKENING","WEAKENING (Passive)","0.84","0.84","NORMAL","60","40","31.87","27.22","13.28","34.89","307.03","324.6","375.36","20852500","24724880","964","Supertrend bearish | RSI 31.9 lemah | Volume 0.84x | Lolos anti-crash ADX | RISEN NORMAL DOWNTREND","Full Grid (1-2-3-4)","100000000","404","392","388","384","0.1","0.2","0.3","0.4","247","510","773","1041","2571","99937600","62400","388.71","388.71","376","446","490","490","6.93","3.27","21.29","26.06","3.07","7.97"
"STAA","2026-05-29","2026-05-29","561","FULL","1000","0","AVOID","-","passive","FALSE","","EARLY SWEEP","2026-05-11","","18d","18","DOWNTREND","BEARISH","BEARISH","BEARISH","STRUCTURE + DISCOUNT","NORMAL DOWNTREND","6.8","TRUE","FALSE","FALSE","LAGGING","LAGGARD (Passive)","1.74","1.74","EXPANSION","50","50","25.86","26.18","10.92","36.86","1143.38","1199.71","1189.1","8518500","4901185","964","Supertrend bearish | RSI 25.9 lemah | Volume valid 1.74x | Lolos anti-crash ADX | RISEN NORMAL DOWNTREND","Full Grid (1-2-3-4)","100000000","1220","1180","1170","1155","0.1","0.2","0.3","0.4","81","169","256","346","852","99739000","261000","1170.65","1170.7","1130","1410","1500","1500","7.38","3.47","22.95","28.13","3.11","8.1"
"TLDN","2026-05-29","2026-05-29","561","FULL","535","0","AVOID","-","passive","FALSE","","EARLY SWEEP","2026-05-11","","18d","18","DOWNTREND","BEARISH","BEARISH","BEARISH","STRUCTURE + DISCOUNT","NORMAL DOWNTREND","25","TRUE","FALSE","FALSE","LAGGING","LAGGARD (Passive)","0.47","0.47","DRY / QUIET","40","60","29.06","41.26","8.02","28.59","585.99","616.32","642.61","451500","958530","964","Supertrend bearish | RSI 29.1 lemah | Volume 0.47x | Crash filter aktif | RISEN NORMAL DOWNTREND","Full Grid (1-2-3-4)","100000000","670","650","645","640","0.1","0.2","0.3","0.4","149","307","465","625","1546","99930500","69500","646.38","646.39","625","740","815","815","6.72","3.31","21.64","26.09","3.22","7.89"
"SPRE","2026-05-29","2026-05-29","453","FULL","75","1.3513513513513513","AVOID","-","passive","FALSE","","SMART SNIPER","2026-04-15","Discount Only","44d","44","DOWNTREND","BEARISH","BEARISH","BEARISH","STRUCTURE + DISCOUNT","NORMAL DOWNTREND","89.24","TRUE","FALSE","FALSE","IMPROVING","IMPROVING (Passive)","0.21","0.21","DRY / QUIET","66.67","33.33","35.69","33.93","9.95","24.03","82.31","98.55","133.4","721600","3442300","962","Supertrend bearish | RSI 35.7 lemah | Volume 0.21x | Crash filter aktif | RISEN NORMAL DOWNTREND","Full Grid (1-2-3-4)","100000000","103","90","87","83","0.1","0.2","0.3","0.4","970","2222","3448","4819","11459","99984300","15700","87.25","87.26","75","145","187","187","27.18","14.04","81.55","114.32","3","8.14"
"BOAT","2026-05-29","2026-05-29","360","FULL","119","2.586206896551724","AVOID","-","passive","FALSE","","SMART SNIPER","2026-04-14","Discount Only","45d","45","DOWNTREND","BEARISH","BEARISH","BEARISH","STRUCTURE + DISCOUNT","NORMAL DOWNTREND","68.03","TRUE","FALSE","FALSE","IMPROVING","IMPROVING (Passive)","0.3","0.3","DRY / QUIET","80","20","36.83","20.01","11.22","23.19","129.84","141.2","149.4","748200","2532450","960","Supertrend bearish | RSI 36.8 lemah | Volume 0.3x | Lolos anti-crash ADX | RISEN NORMAL DOWNTREND","Full Grid (1-2-3-4)","100000000","158","141","136","130","0.1","0.2","0.3","0.4","632","1418","2205","3076","7331","99955400","44600","136.35","136.35","121","214","220","220","23.42","11.26","39.24","61.35","1.68","5.45"
"FPNI","2026-05-29","2026-05-29","561","FULL","366","1.6666666666666667","AVOID","-","passive","FALSE","","SMART GAMMA","2026-04-14","","45d","45","DOWNTREND","BEARISH","BEARISH","BEARISH","DOWNTREND DISCOUNT","SIDEWAYS","60.56","TRUE","FALSE","FALSE","IMPROVING","IMPROVING (Passive)","0.13","0.13","DRY / QUIET","83.33","16.67","37.47","24.47","23.81","28.22","414.81","463.1","479.11","743400","5674535","960","Supertrend bearish | RSI 37.5 lemah | Volume 0.13x | Lolos anti-crash ADX | RISEN SIDEWAYS","Full Grid (1-2-3-4)","100000000","575","458","430","390","0.1","0.2","0.3","0.4","173","436","697","1025","2331","99862300","137700","428.41","428.47","330","945","1310","1310","42.61","22.97","127.83","205.78","3","8.96"
"UANG","2026-05-29","2026-05-29","561","FULL","2650","5.158730158730158","AVOID","-","passive","FALSE","","BETA BREAKOUT","2026-04-14","","45d","45","DOWNTREND","BEARISH","BEARISH","BEARISH","STRUCTURE + DISCOUNT","NORMAL DOWNTREND","37.59","TRUE","FALSE","FALSE","IMPROVING","IMPROVING (Passive)","1.16","1.16","NORMAL","39.39","60.61","38.7","25.66","18.15","30.24","3060.68","3475.5","3265.46","623400","537835","960","Supertrend bearish | RSI 38.7 lemah | Volume 1.16x | Lolos anti-crash ADX | RISEN NORMAL DOWNTREND","Full Grid (1-2-3-4)","100000000","4600","3800","3610","3340","0.1","0.2","0.3","0.4","21","52","83","119","275","99129000","871000","3604.69","3607.07","2920","7125","9650","9650","36.52","18.99","109.78","167.71","3.01","8.83"
"ASPI","2026-05-29","2026-05-29","561","FULL","384","6.077348066298343","AVOID","-","passive","FALSE","","SMART SNIPER","2026-05-08","Structure + Discount","21d","21","DOWNTREND","BEARISH","BEARISH","BEARISH","STRUCTURE + DISCOUNT","SIDEWAYS","33.74","TRUE","FALSE","FALSE","LAGGING","LAGGARD (Passive)","0.12","0.12","DRY / QUIET","57.89","42.11","45.49","20.09","19.74","20.29","412.02","415.33","461.31","125600","1048350","958","Supertrend bearish | RSI 45.5 lemah | Volume 0.12x | Lolos anti-crash ADX | RISEN SIDEWAYS","Full Grid (1-2-3-4)","100000000","466","412","400","382","0.1","0.2","0.3","0.4","214","485","750","1047","2496","99949800","50200","400.44","400.46","348","645","820","820","25.32","13.1","75.97","104.77","3","8"
"BDMN","2026-05-29","2026-05-29","561","FULL","4660","-1.6877637130801686","HOLD","-","passive","FALSE","","BETA BREAKOUT","2026-05-08","","21d","21","UPTREND","BULLISH","BULLISH","BULLISH","UPTREND PREMIUM","NORMAL UPTREND","48.54","TRUE","TRUE","FALSE","WEAKENING","WEAKENING (Passive)","0.33","0.33","DRY / QUIET","18.18","81.82","62.06","47.16","37.93","14.49","4276.36","3683.09","2912.64","5380200","16514580","958","Supertrend bullish | RSI 62.1 > 50 | Volume 0.33x | Lolos anti-crash ADX | RISEN NORMAL UPTREND","Full Grid (1-2-3-4)","100000000","4510","3480","3240","2890","0.1","0.2","0.3","0.4","22","57","92","138","309","99448000","552000","3218.38","3219.11","2390","7700","10875","10875","47.01","25.74","141.13","237.9","3","9.24"
"BJTM","2026-05-29","2026-05-29","561","FULL","520","0","AVOID","-","passive","FALSE","","BETA BREAKOUT","2026-05-08","","21d","21","DOWNTREND","BEARISH","BEARISH","BEARISH","DOWNTREND DISCOUNT","NORMAL DOWNTREND","25","TRUE","FALSE","FALSE","LAGGING","LAGGARD (Passive)","0.65","0.65","DRY / QUIET","0","100","31.27","28.77","12.82","30.76","552.65","564.07","552.48","11557000","17674355","958","Supertrend bearish | RSI 31.3 lemah | Volume 0.65x | Lolos anti-crash ADX | RISEN NORMAL DOWNTREND","Full Grid (1-2-3-4)","100000000","605","575","570","560","0.1","0.2","0.3","0.4","165","347","526","714","1752","99901000","99000","570.21","570.22","545","695","785","785","9.92","4.42","29.75","37.67","3","8.52"
"IRRA","2026-05-29","2026-05-29","561","FULL","376","-0.5291005291005291","AVOID","-","passive","FALSE","","SMART GAMMA","2026-05-08","","21d","21","DOWNTREND","BEARISH","BEARISH","BEARISH","STRUCTURE + DISCOUNT","NORMAL DOWNTREND","25","TRUE","FALSE","FALSE","WEAKENING","WEAKENING (Passive)","0.08","0.08","DRY / QUIET","66.67","33.33","42.43","30.83","33.13","17.74","395.72","399.61","416.35","829000","10077270","958","Supertrend bearish | RSI 42.4 lemah | Volume 0.08x | Lolos anti-crash ADX | RISEN NORMAL DOWNTREND","Full Grid (1-2-3-4)","100000000","510","444","428","406","0.1","0.2","0.3","0.4","196","450","700","985","2331","99927000","73000","428.69","428.69","374","715","920","920","26.67","12.76","80.39","114.61","3.01","8.98"
"KAEF","2026-05-29","2026-05-29","561","FULL","480","-2.4390243902439024","AVOID","-","passive","FALSE","","BETA BREAKOUT","2026-05-08","","21d","21","DOWNTREND","BEARISH","BEARISH","BEARISH","STRUCTURE + DISCOUNT","SIDEWAYS","25","TRUE","FALSE","FALSE","LAGGING","LAGGARD (Passive)","0.13","0.13","DRY / QUIET","0","100","44.05","37.85","29.95","17.64","523.15","515.13","534.02","1579500","12150290","958","Supertrend bearish | RSI 44.0 lemah | Volume 0.13x | Lolos anti-crash ADX | RISEN SIDEWAYS","Full Grid (1-2-3-4)","100000000","635","545","520","492","0.1","0.2","0.3","0.4","157","366","576","813","1912","99868100","131900","522.32","522.36","446","920","1200","1200","29.76","14.61","88.98","129.74","2.99","8.88"
"MAPI","2026-05-29","2026-05-29","561","FULL","1495","-0.33333333333333337","HOLD","-","passive","FALSE","","SMART GAMMA","2026-05-08","","21d","21","UPTREND","BULLISH","BULLISH","BULLISH","UPTREND PREMIUM","NORMAL UPTREND","56.48","TRUE","TRUE","FALSE","WEAKENING","WEAKENING (Passive)","1.87","1.87","EXPANSION","0","100","64.03","33.27","34.69","12.45","1418.44","1340.12","1280.62","85852200","45894275","958","Supertrend bullish | RSI 64.0 > 50 | Volume valid 1.87x | Lolos anti-crash ADX | RISEN NORMAL UPTREND","Full Grid (1-2-3-4)","100000000","1455","1335","1305","1265","0.1","0.2","0.3","0.4","68","149","229","316","762","99644000","356000","1307.66","1307.82","1200","1840","2220","2220","17.53","8.23","52.58","69.77","3","8.47"
"MEDS","2026-05-29","2026-05-29","561","FULL","90","-4.25531914893617","AVOID","-","passive","FALSE","","SMART GAMMA","2026-05-08","","21d","21","DOWNTREND","BEARISH","BULLISH","BULLISH","DOWNTREND DISCOUNT","SIDEWAYS","25","TRUE","TRUE","FALSE","WEAKENING","WEAKENING (Passive)","0.12","0.12","DRY / QUIET","25","75","49.79","48.64","33.2","13.87","92.83","84.03","72.45","36071800","297379440","958","Supertrend bearish | RSI 49.8 lemah | Volume 0.12x | Lolos anti-crash ADX | RISEN SIDEWAYS","Full Grid (1-2-3-4)","100000000","117","85","77","67","0.1","0.2","0.3","0.4","854","2352","3896","5970","13072","99982000","18000","76.49","76.49","51","216","316","316","56.41","33.32","170.09","313.15","3.02","9.4"
"MPOW","2026-05-29","2026-05-29","561","FULL","114","-2.564102564102564","AVOID","-","passive","FALSE","","SMART GAMMA","2026-05-08","","21d","21","DOWNTREND","BEARISH","NEUTRAL","BULLISH","STRUCTURE + DISCOUNT","NORMAL DOWNTREND","25","TRUE","FALSE","FALSE","WEAKENING","WEAKENING (Passive)","0.11","0.11","DRY / QUIET","20","80","48.1","44.94","28.63","10.75","118.57","113.99","111.96","9239900","85821425","958","Supertrend bearish | RSI 48.1 lemah | Volume 0.11x | Lolos anti-crash ADX | RISEN NORMAL DOWNTREND","Full Grid (1-2-3-4)","100000000","148","118","110","100","0.1","0.2","0.3","0.4","675","1694","2727","4000","9096","99976200","23800","109.91","109.92","85","242","338","338","42.57","22.67","128.38","207.52","3.02","9.16"
"PEHA","2026-05-29","2026-05-29","561","FULL","274","-0.7246376811594203","AVOID","-","passive","FALSE","","SMART GAMMA","2026-05-08","","21d","21","DOWNTREND","BEARISH","BEARISH","BEARISH","STRUCTURE + DISCOUNT","NORMAL DOWNTREND","25","TRUE","FALSE","FALSE","LAGGING","LAGGARD (Passive)","0.05","0.05","DRY / QUIET","22.22","77.78","41.57","19.42","23.66","21.34","298.2","299.47","309.04","170800","3209615","958","Supertrend bearish | RSI 41.6 lemah | Volume 0.05x | Lolos anti-crash ADX | RISEN NORMAL DOWNTREND","Full Grid (1-2-3-4)","100000000","372","330","318","304","0.1","0.2","0.3","0.4","268","606","943","1315","3132","99931000","69000","319.06","319.07","282","505","640","640","24.19","11.62","72.04","100.59","2.98","8.66"
"SIMP","2026-05-29","2026-05-29","561","FULL","555","-1.7699115044247788","AVOID","-","passive","FALSE","","G ACC","2026-04-13","","46d","46","DOWNTREND","BEARISH","BEARISH","BEARISH","STRUCTURE + DISCOUNT","NORMAL DOWNTREND","25","TRUE","FALSE","FALSE","IMPROVING","IMPROVING (Passive)","0.73","0.73","DRY / QUIET","50","50","30.87","34.46","13.92","32.66","639.78","663.18","609.67","23381500","31900165","958","Supertrend bearish | RSI 30.9 lemah | Volume 0.73x | Crash filter aktif | RISEN NORMAL DOWNTREND","Full Grid (1-2-3-4)","100000000","785","675","645","610","0.1","0.2","0.3","0.4","127","296","465","655","1543","99897000","103000","647.42","647.44","555","1130","1475","1475","29.3","14.28","87.9","127.83","3","8.95"
"BBYB","2026-05-29","2026-05-29","561","FULL","260","-2.2556390977443606","AVOID","-","passive","FALSE","","V-SHAPE","2026-05-07","","22d","22","DOWNTREND","BEARISH","BEARISH","BEARISH","STRUCTURE + DISCOUNT","NORMAL DOWNTREND","35.54","TRUE","FALSE","FALSE","LAGGING","LAGGARD (Passive)","0.63","0.63","DRY / QUIET","0","100","35.35","20.13","15.28","27.63","288.22","310.84","338.2","11802500","18625480","956","Supertrend bearish | RSI 35.4 lemah | Volume 0.63x | Lolos anti-crash ADX | RISEN NORMAL DOWNTREND","Full Grid (1-2-3-4)","100000000","322","310","306","302","0.1","0.2","0.3","0.4","310","645","980","1324","3259","99949800","50200","306.69","306.69","292","368","412","412","9.32","4.79","27.95","34.34","3","7.17"
"CBDK","2026-05-29","2026-05-29","321","FULL","3850","-2.035623409669211","AVOID","-","passive","FALSE","","SMART SNIPER","2026-05-07","Structure + Discount","22d","22","DOWNTREND","BEARISH","BEARISH","BEARISH","STRUCTURE + DISCOUNT","NORMAL DOWNTREND","59.48","TRUE","FALSE","FALSE","LAGGING","LAGGARD (Passive)","1","1","NORMAL","0","100","25.84","25.92","12.63","32.12","4338.73","4773.34","5825.79","3511400","3499960","956","Supertrend bearish | RSI 25.8 lemah | Volume 1x | Lolos anti-crash ADX | RISEN NORMAL DOWNTREND","Full Grid (1-2-3-4)","100000000","4950","4730","4670","4600","0.1","0.2","0.3","0.4","20","42","64","86","212","99214000","786000","4679.91","4679.86","4460","5675","6425","6425","9.9","4.7","29.8","37.29","3.01","7.94"
"DEPO","2026-05-29","2026-05-29","561","FULL","250","0","AVOID","-","passive","FALSE","","G ACC","2026-05-07","","22d","22","DOWNTREND","BEARISH","BEARISH","BEARISH","DOWNTREND DISCOUNT","NORMAL UPTREND","60","TRUE","TRUE","FALSE","WEAKENING","WEAKENING (Passive)","0.14","0.14","DRY / QUIET","57.14","42.86","46.68","50.25","30.05","11.58","263.38","257.73","252.28","153700","1107455","956","Supertrend bearish | RSI 46.7 lemah | Volume 0.14x | Lolos anti-crash ADX | RISEN NORMAL UPTREND","Full Grid (1-2-3-4)","100000000","320","262","248","228","0.1","0.2","0.3","0.4","312","763","1209","1754","4038","99949000","51000","247.52","247.53","197","505","690","690","38.44","20.41","115.63","178.76","3.01","8.76"
"ESIP","2026-05-29","2026-05-29","561","FULL","130","2.3622047244094486","AVOID","-","passive","FALSE","","G ACC","2026-05-07","","22d","22","DOWNTREND","BEARISH","BULLISH","BULLISH","DEMAND STRUCTURE","NORMAL UPTREND","25","TRUE","TRUE","FALSE","LAGGING","LAGGARD (Passive)","0.05","0.05","DRY / QUIET","63.64","36.36","46.91","27.92","21.13","23.71","142.37","123.81","90.02","32289100","616721300","956","Supertrend bearish | RSI 46.9 lemah | Volume 0.05x | Lolos anti-crash ADX | RISEN NORMAL UPTREND","Full Grid (1-2-3-4)","100000000","220","154","138","115","0.1","0.2","0.3","0.4","454","1298","2173","3478","7403","99961600","38400","135.03","135.04","82","428","635","635","62.73","39.27","188.64","370.27","3.01","9.43"
"EXCL","2026-05-29","2026-05-29","561","FULL","2830","2.166064981949458","AVOID","-","passive","FALSE","","SMART GAMMA","2026-05-07","","22d","22","DOWNTREND","BEARISH","BEARISH","BEARISH","STRUCTURE + DISCOUNT","SIDEWAYS","18.46","TRUE","FALSE","FALSE","LAGGING","LAGGARD (Passive)","2","2","EXPANSION","58.33","41.67","44.12","20.54","15.6","24.31","2940.65","3015.93","2958.84","18234900","9119990","956","Supertrend bearish | RSI 44.1 lemah | Volume valid 2x | Lolos anti-crash ADX | RISEN SIDEWAYS","Full Grid (1-2-3-4)","100000000","3230","3080","3040","2990","0.1","0.2","0.3","0.4","30","64","98","133","325","98961000","1039000","3044.95","3045.45","2890","3740","4250","4250","10.53","5.09","31.58","39.58","3","7.78"
"GTBO","2026-05-29","2026-05-29","561","FULL","186","-4.615384615384616","AVOID","-","passive","FALSE","","V-SHAPE","2026-05-07","","22d","22","DOWNTREND","BEARISH","BEARISH","BEARISH","DOWNTREND DISCOUNT","NORMAL DOWNTREND","0","FALSE","FALSE","FALSE","LAGGING","LAGGARD (Passive)","0.47","0.47","DRY / QUIET","10","90","33.08","45.15","28.49","11.94","205.05","216.57","223.53","147700","311305","956","Supertrend bearish | RSI 33.1 lemah | Volume 0.47x | Lolos anti-crash ADX | RISEN NORMAL DOWNTREND","Full Grid (1-2-3-4)","100000000","220","212","208","206","0.1","0.2","0.3","0.4","454","943","1442","1941","4780","99957800","42200","209.12","209.12","198","254","286","286","10","5.32","30","36.77","3","6.92"
"KLAS","2026-05-29","2026-05-29","561","FULL","71","0","AVOID","-","passive","FALSE","","SMART SNIPER","2026-05-07","Structure + Discount","22d","22","DOWNTREND","BEARISH","BEARISH","BEARISH","STRUCTURE + DISCOUNT","NORMAL DOWNTREND","25","TRUE","FALSE","FALSE","LAGGING","LAGGARD (Passive)","0.09","0.09","DRY / QUIET","50","50","36.72","18.6","17.67","26.25","78.23","82.93","105.13","5164300","54844525","956","Supertrend bearish | RSI 36.7 lemah | Volume 0.09x | Lolos anti-crash ADX | RISEN NORMAL DOWNTREND","Full Grid (1-2-3-4)","100000000","97","87","85","81","0.1","0.2","0.3","0.4","1030","2298","3529","4938","11795","99977900","22100","84.76","84.76","76","129","160","160","21.65","10.34","64.95","88.76","3","8.59"
"LIFE","2026-05-29","2026-05-29","561","FULL","6000","-3.614457831325301","AVOID","-","passive","FALSE","","V-SHAPE","2026-05-07","","22d","22","DOWNTREND","BEARISH","BEARISH","BEARISH","STRUCTURE + DISCOUNT","NORMAL DOWNTREND","25","TRUE","FALSE","FALSE","LAGGING","LAGGARD (Passive)","0.37","0.37","DRY / QUIET","18.18","81.82","32.93","19.52","25.91","30.73","6739.26","7074.55","7930.8","2100","5670","956","Supertrend bearish | RSI 32.9 lemah | Volume 0.37x | Lolos anti-crash ADX | RISEN NORMAL DOWNTREND","Full Grid (1-2-3-4)","100000000","7400","7250","7200","7150","0.1","0.2","0.3","0.4","13","27","41","55","136","98040000","1960000","7208.82","7209.26","7025","7975","8775","8775","5.07","2.55","18.58","21.73","3.67","8.52"
"MDLA","2026-05-29","2026-05-29","265","FULL","204","0.9900990099009901","AVOID","-","passive","FALSE","","SMART SNIPER","2026-05-07","Demand Structure","22d","22","DOWNTREND","BEARISH","BEARISH","BEARISH","STRUCTURE + DISCOUNT","NORMAL DOWNTREND","25","TRUE","FALSE","FALSE","WEAKENING","WEAKENING (Passive)","0.1","0.1","DRY / QUIET","66.67","33.33","38.9","21.51","15.77","21.32","214.7","219.16","225.76","637900","6412080","956","Supertrend bearish | RSI 38.9 lemah | Volume 0.1x | Lolos anti-crash ADX | RISEN NORMAL DOWNTREND","Full Grid (1-2-3-4)","100000000","240","224","218","214","0.1","0.2","0.3","0.4","416","892","1376","1869","4553","99958200","41800","219.54","219.55","204","294","348","348","15","7.08","45","58.51","3","8.26"
"MORA","2026-05-29","2026-05-29","561","FULL","6900","2.9850746268656714","AVOID","-","passive","FALSE","","SMART SNIPER","2026-05-07","Discount Only","22d","22","DOWNTREND","BULLISH","BULLISH","BULLISH","DOWNTREND","SIDEWAYS","25","TRUE","FALSE","FALSE","WEAKENING","WEAKENING (Passive)","0.29","0.29","DRY / QUIET","75","25","55.68","33.07","36.19","14.42","6354.79","6219.41","5359.95","519100","1766255","956","Supertrend bearish | RSI 55.7 > 50 | Volume 0.29x | Lolos anti-crash ADX | RISEN SIDEWAYS","Full Grid (1-2-3-4)","100000000","6250","5375","5175","4870","0.1","0.2","0.3","0.4","16","37","57","82","192","99319000","681000","5172.86","5172.88","4380","9050","14500","14500","29.92","15.33","132","180.31","4.41","11.76"
"NATO","2026-05-29","2026-05-29","561","FULL","590","0","AVOID","-","passive","FALSE","","BETA BREAKOUT","2026-05-07","","22d","22","DOWNTREND","BEARISH","BEARISH","BULLISH","DEMAND STRUCTURE","SIDEWAYS","46.89","TRUE","FALSE","FALSE","WEAKENING","WEAKENING (Passive)","0.23","0.23","DRY / QUIET","50","50","44.77","32.44","19.72","13.49","612.2","616.59","458.54","253600","1084140","956","Supertrend bearish | RSI 44.8 lemah | Volume 0.23x | Lolos anti-crash ADX | RISEN SIDEWAYS","Full Grid (1-2-3-4)","100000000","775","675","650","615","0.1","0.2","0.3","0.4","129","296","461","650","1536","99917500","82500","650.5","650.5","560","1100","1420","1420","27.74","13.91","83.23","118.29","3","8.5"
"NIRO","2026-05-29","2026-05-29","561","FULL","163","-5.232558139534884","AVOID","-","passive","FALSE","","V-SHAPE","2026-05-07","","22d","22","DOWNTREND","BEARISH","BEARISH","BEARISH","STRUCTURE + DISCOUNT","NORMAL DOWNTREND","38.14","TRUE","FALSE","FALSE","LAGGING","LAGGARD (Passive)","0.03","0.03","DRY / QUIET","7.14","92.86","41.52","37.12","26.3","10.55","185.72","200.21","209.67","277500","10579730","956","Supertrend bearish | RSI 41.5 lemah | Volume 0.03x | Lolos anti-crash ADX | RISEN NORMAL DOWNTREND","Full Grid (1-2-3-4)","100000000","210","194","190","185","0.1","0.2","0.3","0.4","476","1030","1578","2162","5246","99957000","43000","190.54","190.54","173","266","322","322","17.62","9.21","53.33","68.99","3.03","7.5"
"SCCO","2026-05-29","2026-05-29","561","FULL","2400","0.41841004184100417","HOLD","-","passive","FALSE","","SMART SNIPER","2026-05-07","Structure + Discount","22d","22","UPTREND","BULLISH","BULLISH","BULLISH","STRUCTURE + DISCOUNT","SIDEWAYS","83.89","TRUE","FALSE","FALSE","LAGGING","LAGGARD (Passive)","0.33","0.33","DRY / QUIET","100","0","52.38","18.04","11.03","17.57","2389.88","2379.49","2377.49","17400","53345","956","Supertrend bullish | RSI 52.4 > 50 | Volume 0.33x | Lolos anti-crash ADX | RISEN SIDEWAYS","Full Grid (1-2-3-4)","100000000","2460","2330","2300","2260","0.1","0.2","0.3","0.4","40","85","130","176","431","99321000","679000","2304.43","2304.61","2190","2870","3270","3270","10.98","4.97","32.93","41.9","3","8.44"
"SOSS","2026-05-29","2026-05-29","561","FULL","815","0","AVOID","-","passive","FALSE","","SMART SNIPER + V-SHAPE","2026-05-07","Structure + Discount","22d","22","DOWNTREND","BEARISH","BEARISH","NEUTRAL","STRUCTURE + DISCOUNT","SIDEWAYS","89.22","TRUE","FALSE","FALSE","LAGGING","LAGGARD (Passive)","0","0","NO VOLUME","50","50","44.02","15.09","25.29","36.66","843.2","855.07","814.45","0","10940","956","Supertrend bearish | RSI 44.0 lemah | Volume 0x | Lolos anti-crash ADX | RISEN SIDEWAYS","Full Grid (1-2-3-4)","100000000","920","855","835","815","0.1","0.2","0.3","0.4","108","233","359","490","1190","99769000","231000","838.39","838.44","775","1140","1180","1180","15.76","7.56","28.26","40.75","1.79","5.39"
"ASHA","2026-05-29","2026-05-29","561","FULL","63","-1.5625","AVOID","-","passive","FALSE","","BETA BREAKOUT","2026-05-06","","23d","23","DOWNTREND","BEARISH","BEARISH","BEARISH","STRUCTURE + DISCOUNT","SIDEWAYS","32.66","TRUE","FALSE","FALSE","LAGGING","LAGGARD (Passive)","0.22","0.22","DRY / QUIET","50","50","38.36","17.92","24.87","21.41","70.52","73.01","63.88","29759000","135160415","954","Supertrend bearish | RSI 38.4 lemah | Volume 0.22x | Lolos anti-crash ADX | RISEN SIDEWAYS","Full Grid (1-2-3-4)","100000000","88","75","71","67","0.1","0.2","0.3","0.4","1136","2666","4225","5970","13997","99988300","11700","71.44","71.44","60","130","172","172","31.82","16.01","95.45","140.78","3","8.79"
"DEFI","2026-05-29","2026-05-29","561","FULL","131","-4.37956204379562","AVOID","-","passive","FALSE","","V-SHAPE","2026-05-06","","23d","23","DOWNTREND","BEARISH","BEARISH","BEARISH","STRUCTURE + DISCOUNT","NORMAL DOWNTREND","31.89","TRUE","FALSE","FALSE","LAGGING","LAGGARD (Passive)","0.21","0.21","DRY / QUIET","42.86","57.14","43.6","22.15","24.86","25.03","155.85","151.94","367.94","44029400","208304135","954","Supertrend bearish | RSI 43.6 lemah | Volume 0.21x | Lolos anti-crash ADX | RISEN NORMAL DOWNTREND","Full Grid (1-2-3-4)","100000000","200","171","164","154","0.1","0.2","0.3","0.4","500","1169","1829","2597","6095","99979300","20700","164.03","164.03","136","296","500","500","32","17.09","150","204.81","4.69","11.98"
"DMAS","2026-05-29","2026-05-29","561","FULL","156","-0.6369426751592357","HOLD","-","passive","FALSE","","SMART GAMMA","2026-05-06","","23d","23","UPTREND","BULLISH","BULLISH","BULLISH","UPTREND PREMIUM","NORMAL UPTREND","38.4","TRUE","TRUE","FALSE","LAGGING","LAGGARD (Passive)","0.96","0.96","NORMAL","25","75","68.17","57.1","32.38","7.85","149.11","143.13","138.85","161094100","167344870","954","Supertrend bullish | RSI 68.2 > 50 | Volume 0.96x | Lolos anti-crash ADX | RISEN NORMAL UPTREND","Full Grid (1-2-3-4)","100000000","151","142","139","136","0.1","0.2","0.3","0.4","662","1408","2158","2941","7169","99983600","16400","139.47","139.47","131","181","212","212","13.25","6.07","40.4","52.01","3.05","8.57"
"FOOD","2026-05-29","2026-05-29","561","FULL","180","9.090909090909092","AVOID","-","passive","FALSE","","EARLY SWEEP","2026-03-17","","73d","73","DOWNTREND","NEUTRAL","BEARISH","BEARISH","DOWNTREND DISCOUNT","NORMAL DOWNTREND","85.14","TRUE","FALSE","FALSE","LEADING","LEADING (Passive)","0.07","0.07","DRY / QUIET","50","50","47.92","33.39","27.13","44.69","179.67","201.89","224.02","2300","32830","954","Supertrend bearish | RSI 47.9 lemah | Volume 0.07x | Crash filter aktif | RISEN NORMAL DOWNTREND","Full Grid (1-2-3-4)","100000000","282","250","242","230","0.1","0.2","0.3","0.4","354","800","1239","1739","4132","99963600","36400","241.93","241.93","212","388","492","492","24.82","12.37","74.47","103.37","3","8.36"
"GOOD","2026-05-29","2026-05-29","561","FULL","332","0.6060606060606061","AVOID","-","passive","FALSE","","V-SHAPE","2026-05-06","","23d","23","DOWNTREND","BEARISH","BEARISH","BEARISH","STRUCTURE + DISCOUNT","NORMAL DOWNTREND","25","TRUE","FALSE","FALSE","LAGGING","LAGGARD (Passive)","0.56","0.56","DRY / QUIET","100","0","35.29","29.25","6.89","18.17","339.06","344.28","357.64","101400","181320","954","Supertrend bearish | RSI 35.3 lemah | Volume 0.56x | Lolos anti-crash ADX | RISEN NORMAL DOWNTREND","Full Grid (1-2-3-4)","100000000","350","342","338","336","0.1","0.2","0.3","0.4","285","584","887","1190","2946","99912400","87600","339.15","339.15","330","380","418","418","5.71","2.7","19.43","23.25","3.4","8.62"
"HALO","2026-05-29","2026-05-29","561","FULL","70","0","AVOID","-","passive","FALSE","","SMART SNIPER","2026-05-06","Discount Only","23d","23","DOWNTREND","BEARISH","BEARISH","BEARISH","STRUCTURE + DISCOUNT","SIDEWAYS","29.45","TRUE","FALSE","FALSE","LAGGING","LAGGARD (Passive)","0.07","0.07","DRY / QUIET","66.67","33.33","43.47","27.05","20.81","18.54","76.03","77.02","82.41","8287300","119714115","954","Supertrend bearish | RSI 43.5 lemah | Volume 0.07x | Lolos anti-crash ADX | RISEN SIDEWAYS","Full Grid (1-2-3-4)","100000000","91","78","74","70","0.1","0.2","0.3","0.4","1098","2564","4054","5714","13430","99988600","11400","74.45","74.45","63","133","175","175","30.77","15.38","92.31","135.05","3","8.78"
"LFLO","2026-05-29","2026-05-29","561","FULL","494","-0.4032258064516129","AVOID","-","passive","FALSE","","V-SHAPE","2026-05-06","","23d","23","DOWNTREND","BEARISH","BEARISH","BEARISH","DOWNTREND DISCOUNT","SIDEWAYS","34.27","TRUE","FALSE","FALSE","LAGGING","LAGGARD (Passive)","0","0","DRY / QUIET","0","100","40.33","26.46","14.21","28.13","535.75","553.7","498.08","500","130740","954","Supertrend bearish | RSI 40.3 lemah | Volume 0x | Lolos anti-crash ADX | RISEN SIDEWAYS","Full Grid (1-2-3-4)","100000000","540","515","510","505","0.1","0.2","0.3","0.4","185","388","588","792","1953","99956000","44000","511.81","511.81","486","620","650","650","10","5.04","20.37","27","2.04","5.35"
"MLPT","2026-05-29","2026-05-29","561","FULL","19000","0.5291005291005291","AVOID","-","passive","FALSE","","V-SHAPE","2026-05-06","","23d","23","DOWNTREND","BEARISH","BEARISH","BEARISH","STRUCTURE + DISCOUNT","NORMAL DOWNTREND","58.88","TRUE","FALSE","FALSE","LAGGING","LAGGARD (Passive)","0.3","0.3","DRY / QUIET","39.39","60.61","42.34","17.12","24.61","20.66","20627.45","24132.03","44497.67","16100","53410","954","Supertrend bearish | RSI 42.3 lemah | Volume 0.3x | Lolos anti-crash ADX | RISEN NORMAL DOWNTREND","Full Grid (1-2-3-4)","100000000","24500","21750","21100","20175","0.1","0.2","0.3","0.4","4","9","14","19","46","97247500","2752500","21140.76","21132.02","18475","34975","37000","37000","24.59","12.61","51.02","75.02","2.07","5.95"
"NIKL","2026-05-29","2026-05-29","561","FULL","248","-1.5873015873015872","AVOID","-","passive","FALSE","","SMART GAMMA","2026-05-06","","23d","23","DOWNTREND","BEARISH","BEARISH","BEARISH","STRUCTURE + DISCOUNT","NORMAL DOWNTREND","25","TRUE","FALSE","FALSE","LAGGING","LAGGARD (Passive)","0.1","0.1","DRY / QUIET","33.33","66.67","38.82","20.23","27.83","29.89","298.22","312.27","318.59","5809200","59910280","954","Supertrend bearish | RSI 38.8 lemah | Volume 0.1x | Lolos anti-crash ADX | RISEN NORMAL DOWNTREND","Full Grid (1-2-3-4)","100000000","448","362","340","312","0.1","0.2","0.3","0.4","223","552","882","1282","2939","99959200","40800","340.11","340.12","268","720","990","990","40.18","21.2","120.98","191.08","3.01","9.01"
"PGEO","2026-05-29","2026-05-29","561","FULL","895","-0.5555555555555556","AVOID","-","passive","FALSE","","V-SHAPE","2026-05-06","","23d","23","DOWNTREND","BEARISH","BEARISH","BEARISH","STRUCTURE + DISCOUNT","NORMAL DOWNTREND","25","TRUE","FALSE","FALSE","LAGGING","LAGGARD (Passive)","0.78","0.78","DRY / QUIET","80","20","30.86","21.96","12.03","32.55","975.67","1017.01","1135.43","19592600","25029440","954","Supertrend bearish | RSI 30.9 lemah | Volume 0.78x | Lolos anti-crash ADX | RISEN NORMAL DOWNTREND","Full Grid (1-2-3-4)","100000000","1055","1020","1010","1000","0.1","0.2","0.3","0.4","94","196","297","400","987","99906000","94000","1012.22","1012.25","980","1170","1285","1285","7.11","3.18","21.8","26.95","3.07","8.47"
"PYFA","2026-05-29","2026-05-29","561","FULL","232","-0.8547008547008548","AVOID","-","passive","FALSE","","SMART SNIPER","2026-05-06","Structure + Discount","23d","23","DOWNTREND","BEARISH","BEARISH","BEARISH","STRUCTURE + DISCOUNT","NORMAL DOWNTREND","25","TRUE","FALSE","FALSE","LAGGING","LAGGARD (Passive)","0.12","0.12","DRY / QUIET","40","60","32.59","21.62","16.42","32.15","294.34","328.31","391.2","7815900","67633870","954","Supertrend bearish | RSI 32.6 lemah | Volume 0.12x | Lolos anti-crash ADX | RISEN NORMAL DOWNTREND","Full Grid (1-2-3-4)","100000000","380","336","326","310","0.1","0.2","0.3","0.4","263","595","920","1290","3068","99968000","32000","325.84","325.84","286","520","660","660","24.74","12.23","73.68","102.55","2.98","8.39"
"RCCC","2026-05-29","2026-05-29","561","FULL","101","-0.9803921568627451","AVOID","-","passive","FALSE","","V-SHAPE","2026-05-06","","23d","23","DOWNTREND","BEARISH","BEARISH","BEARISH","STRUCTURE + DISCOUNT","SIDEWAYS","95.04","TRUE","FALSE","FALSE","WEAKENING","WEAKENING (Passive)","0.92","0.92","NORMAL","80","20","38.92","13.82","14.72","17.71","107.24","114.47","151","15118600","16465700","954","Supertrend bearish | RSI 38.9 lemah | Volume 0.92x | Lolos anti-crash ADX | RISEN SIDEWAYS","Full Grid (1-2-3-4)","100000000","112","104","102","99","0.1","0.2","0.3","0.4","892","1923","2941","4040","9796","99983800","16200","102.07","102.07","94","139","166","166","16.07","7.9","48.21","62.64","3","7.93"
"RICY","2026-05-29","2026-05-29","561","FULL","76","-1.2987012987012987","AVOID","-","passive","FALSE","","BETA BREAKOUT","2026-05-06","","23d","23","DOWNTREND","BEARISH","BEARISH","BEARISH","STRUCTURE + DISCOUNT","NORMAL DOWNTREND","25","TRUE","FALSE","FALSE","LAGGING","LAGGARD (Passive)","0.16","0.16","DRY / QUIET","0","100","36.29","39.31","37.01","13.45","90.69","92.17","81.43","2016200","12505285","954","Supertrend bearish | RSI 36.3 lemah | Volume 0.16x | Lolos anti-crash ADX | RISEN NORMAL DOWNTREND","Full Grid (1-2-3-4)","100000000","126","100","94","85","0.1","0.2","0.3","0.4","793","2000","3191","4705","10689","99979700","20300","93.54","93.54","72","208","288","288","42.86","23.02","128.57","207.91","3","9.03"
"TIRT","2026-05-29","2026-05-29","561","FULL","462","10","HOLD","-","passive","FALSE","","BETA BREAKOUT","2026-03-17","","73d","73","UPTREND","BEARISH","BEARISH","BULLISH","UPTREND","NORMAL UPTREND","57.74","TRUE","TRUE","FALSE","LEADING","LEADING (Passive)","1.06","1.06","NORMAL","50","50","45.55","17.92","36.06","38.48","466.34","527.9","367.9","393100","369955","954","Supertrend bullish | RSI 45.5 lemah | Volume 1.06x | Lolos anti-crash ADX | RISEN NORMAL UPTREND","Full Grid (1-2-3-4)","100000000","890","850","840","825","0.1","0.2","0.3","0.4","112","235","357","484","1188","99861000","139000","840.58","840.59","800","1025","1160","1160","10.11","4.83","30.34","38","3","7.87"
"ABDA","2026-05-29","2026-05-29","561","FULL","3500","0","AVOID","-","passive","FALSE","","SMART GAMMA","2026-05-05","","24d","24","DOWNTREND","BULLISH","BULLISH","BULLISH","DOWNTREND PREMIUM","NORMAL UPTREND","25","TRUE","TRUE","FALSE","WEAKENING","WEAKENING (Passive)","0.32","0.32","DRY / QUIET","76.92","23.08","55.21","20.39","25.8","28.78","3325.17","3087.81","3070.98","7600","23485","952","Supertrend bearish | RSI 55.2 > 50 | Volume 0.32x | Lolos anti-crash ADX | RISEN NORMAL UPTREND","Full Grid (1-2-3-4)","100000000","3810","3080","2900","2650","0.1","0.2","0.3","0.4","26","64","103","150","343","99238000","762000","2893.24","2893.74","2310","6050","8300","8300","39.37","20.16","117.85","186.88","2.99","9.27"
"AGII","2026-05-29","2026-05-29","561","FULL","2740","1.4814814814814816","AVOID","-","passive","FALSE","","V-SHAPE","2026-05-05","","24d","24","DOWNTREND","BEARISH","BEARISH","BULLISH","DEMAND STRUCTURE","NORMAL UPTREND","79.01","TRUE","TRUE","FALSE","LAGGING","LAGGARD (Passive)","0.15","0.15","DRY / QUIET","50","50","41.06","29.71","12.62","20.64","2923.32","2935.22","2213.33","106200","724620","952","Supertrend bearish | RSI 41.1 lemah | Volume 0.15x | Lolos anti-crash ADX | RISEN NORMAL UPTREND","Full Grid (1-2-3-4)","100000000","3180","2970","2910","2840","0.1","0.2","0.3","0.4","31","67","103","140","341","99490000","510000","2917.6","2917.8","2710","3890","4590","4590","14.78","7.12","44.34","57.32","3","8.06"
"ANDI","2026-05-29","2026-05-29","561","FULL","20","5.263157894736842","HOLD","-","passive","FALSE","","EARLY SWEEP","2026-04-10","","49d","49","UPTREND","BEARISH","BEARISH","BEARISH","UPTREND DISCOUNT","NORMAL DOWNTREND","43.75","TRUE","FALSE","FALSE","IMPROVING","IMPROVING (Passive)","1.27","1.27","EXPANSION","100","0","38.98","27.75","26.14","39.77","21.73","23.92","24.56","10646900","8370920","952","Supertrend bullish | RSI 39.0 lemah | Volume valid 1.27x | Lolos anti-crash ADX | RISEN NORMAL DOWNTREND","Full Grid (1-2-3-4)","100000000","30","29","28","28","0.1","0.2","0.3","0.4","3333","6896","10714","14285","35228","99994600","5400","28.38","28.38","27","38","40","40","10","4.88","33.33","40.92","3.33","8.39"
"COIN","2026-05-29","2026-05-29","213","IPO / SHORT","810","-1.8181818181818181","AVOID","-","passive","FALSE","","EARLY SWEEP","2026-05-05","","24d","24","DOWNTREND","BEARISH","BEARISH","BEARISH","STRUCTURE + DISCOUNT","NORMAL DOWNTREND","55.64","TRUE","FALSE","FALSE","LAGGING","LAGGARD (Passive)","0.75","0.75","DRY / QUIET","13.33","86.67","27.54","31.87","14.31","31.16","1005.93","1259.57","1756.81","5139900","6821090","952","Supertrend bearish | RSI 27.5 lemah | Volume 0.75x | Crash filter aktif | RISEN NORMAL DOWNTREND","Full Grid (1-2-3-4)","100000000","3130","2620","2490","2320","0.1","0.2","0.3","0.4","31","76","120","172","399","99399000","601000","2491.2","2492.64","2040","4770","6400","6400","34.82","18.11","104.47","156.9","3","8.66"
"GTSI","2026-05-29","2026-05-29","561","FULL","158","0","AVOID","-","passive","FALSE","","EARLY SWEEP","2026-05-05","","24d","24","DOWNTREND","BEARISH","BEARISH","BEARISH","STRUCTURE + DISCOUNT","NORMAL DOWNTREND","67.46","TRUE","FALSE","FALSE","LAGGING","LAGGARD (Passive)","0.6","0.6","DRY / QUIET","14.29","85.71","29.14","30.47","11.48","27.96","196.25","222.64","199.58","17124400","28734585","952","Supertrend bearish | RSI 29.1 lemah | Volume 0.6x | Crash filter aktif | RISEN NORMAL DOWNTREND","Full Grid (1-2-3-4)","100000000","218","198","193","186","0.1","0.2","0.3","0.4","458","1010","1554","2150","5172","99964600","35400","193.28","193.28","171","288","294","294","21.56","11.53","34.86","52.11","1.62","4.52"
"IOTF","2026-05-29","2026-05-29","561","FULL","57","-3.389830508474576","AVOID","-","passive","FALSE","","SMART SNIPER","2026-05-05","Structure + Discount","24d","24","DOWNTREND","BEARISH","BEARISH","BEARISH","STRUCTURE + DISCOUNT","NORMAL DOWNTREND","49.49","TRUE","FALSE","FALSE","LAGGING","LAGGARD (Passive)","0.3","0.3","DRY / QUIET","0","100","40.42","11.24","19.47","22.92","60.57","63.94","83.58","4389000","14647765","952","Supertrend bearish | RSI 40.4 lemah | Volume 0.3x | Lolos anti-crash ADX | RISEN NORMAL DOWNTREND","Full Grid (1-2-3-4)","100000000","67","64","63","62","0.1","0.2","0.3","0.4","1492","3125","4761","6451","15829","99986900","13100","63.17","63.17","60","78","86","86","10.45","5.01","28.36","36.15","2.71","7.21"
"JARR","2026-05-29","2026-05-29","561","FULL","1615","0.9375","AVOID","-","passive","FALSE","","EARLY SWEEP","2026-05-05","","24d","24","DOWNTREND","BEARISH","BEARISH","BEARISH","STRUCTURE + DISCOUNT","NORMAL DOWNTREND","35.63","TRUE","FALSE","FALSE","LAGGING","LAGGARD (Passive)","0.44","0.44","DRY / QUIET","33.33","66.67","33.14","24.94","17.62","33.12","1903.6","2112.48","2264.19","653700","1471360","952","Supertrend bearish | RSI 33.1 lemah | Volume 0.44x | Lolos anti-crash ADX | RISEN NORMAL DOWNTREND","Full Grid (1-2-3-4)","100000000","3670","3270","3170","3030","0.1","0.2","0.3","0.4","27","61","94","132","314","99650000","350000","3173.57","3173.99","2800","9600","10550","10550","23.71","11.77","187.47","232.43","7.91","19.75"
"KDTN","2026-05-29","2026-05-29","561","FULL","855","6.211180124223603","AVOID","-","passive","FALSE","","EARLY SWEEP","2026-03-16","","74d","74","DOWNTREND","BEARISH","BEARISH","BULLISH","DEMAND STRUCTURE","NORMAL DOWNTREND","36.78","TRUE","FALSE","FALSE","LEADING","LEADING (Passive)","0.27","0.27","DRY / QUIET","66.67","33.33","42.92","27.66","24.28","20.33","900.7","936.13","702.36","575800","2122260","952","Supertrend bearish | RSI 42.9 lemah | Volume 0.27x | Lolos anti-crash ADX | RISEN NORMAL DOWNTREND","Full Grid (1-2-3-4)","100000000","1575","840","665","420","0.1","0.2","0.3","0.4","63","238","451","952","1704","99890000","110000","586.21","586.48","77","3820","6075","6075","95.11","86.86","285.71","936.32","3","10.78"
"KONI","2026-05-29","2026-05-29","561","FULL","2420","-5.098039215686274","HOLD","-","passive","FALSE","","SMART GAMMA","2026-05-05","","24d","24","UPTREND","BEARISH","BULLISH","BULLISH","DEMAND STRUCTURE","SIDEWAYS","53.61","TRUE","TRUE","FALSE","WEAKENING","WEAKENING (Passive)","0.09","0.09","DRY / QUIET","31.58","68.42","48.03","24.12","20.54","20.34","2595.67","2361.4","2080.21","15000","172530","952","Supertrend bullish | RSI 48.0 lemah | Volume 0.09x | Lolos anti-crash ADX | RISEN SIDEWAYS","Full Grid (1-2-3-4)","100000000","2980","2430","2300","2120","0.1","0.2","0.3","0.4","33","82","130","188","433","99516000","484000","2298.29","2298.98","1820","4720","6450","6450","38.93","20.81","116.44","180.64","2.99","8.68"
"PIPA","2026-05-29","2026-05-29","561","FULL","119","-1.6528925619834711","AVOID","-","passive","FALSE","","V-SHAPE","2026-05-05","","24d","24","DOWNTREND","BEARISH","BEARISH","BEARISH","STRUCTURE + DISCOUNT","SIDEWAYS","32.62","TRUE","FALSE","FALSE","LAGGING","LAGGARD (Passive)","0.15","0.15","DRY / QUIET","40","60","42.03","34.04","21.65","17.57","131.5","142.43","171.64","15082700","99770020","952","Supertrend bearish | RSI 42.0 lemah | Volume 0.15x | Lolos anti-crash ADX | RISEN SIDEWAYS","Full Grid (1-2-3-4)","100000000","161","147","143","138","0.1","0.2","0.3","0.4","621","1360","2097","2898","6976","99969600","30400","143.31","143.31","129","210","258","258","19.88","9.98","60.25","80.04","3.03","8.02"
"ARII","2026-05-29","2026-05-29","561","FULL","270","0","AVOID","-","passive","FALSE","","V-SHAPE","2026-05-04","","25d","25","DOWNTREND","BEARISH","BEARISH","BEARISH","STRUCTURE + DISCOUNT","SIDEWAYS","47.73","TRUE","FALSE","FALSE","WEAKENING","WEAKENING (Passive)","0.02","0.02","DRY / QUIET","16.67","83.33","41.92","16.82","12.68","21.76","280.91","283.68","282.55","11100","595630","950","Supertrend bearish | RSI 41.9 lemah | Volume 0.02x | Lolos anti-crash ADX | RISEN SIDEWAYS","Full Grid (1-2-3-4)","100000000","292","276","272","266","0.1","0.2","0.3","0.4","342","724","1102","1503","3671","99923000","77000","272.2","272.2","256","346","400","400","12.33","5.95","36.99","46.95","3","7.89"
"BCIP","2026-05-29","2026-05-29","561","FULL","63","1.6129032258064515","AVOID","-","passive","FALSE","","V-SHAPE","2026-05-04","","25d","25","DOWNTREND","BEARISH","BEARISH","BEARISH","STRUCTURE + DISCOUNT","NORMAL DOWNTREND","25","TRUE","FALSE","FALSE","LAGGING","LAGGARD (Passive)","0.07","0.07","DRY / QUIET","66.67","33.33","38.32","20.95","22.37","21.97","69.43","72.09","80.07","8478600","124593365","950","Supertrend bearish | RSI 38.3 lemah | Volume 0.07x | Lolos anti-crash ADX | RISEN NORMAL DOWNTREND","Full Grid (1-2-3-4)","100000000","89","78","75","71","0.1","0.2","0.3","0.4","1123","2564","4000","5633","13320","99988200","11800","75.07","75.07","65","125","161","161","26.97","13.41","80.9","114.48","3","8.54"
"CRSN","2026-05-29","2026-05-29","561","FULL","104","-1.8867924528301887","AVOID","-","passive","FALSE","","SMART SNIPER","2026-05-04","Structure + Discount","25d","25","DOWNTREND","BEARISH","BEARISH","BEARISH","STRUCTURE + DISCOUNT","SIDEWAYS","40.55","TRUE","FALSE","FALSE","WEAKENING","WEAKENING (Passive)","0.67","0.67","DRY / QUIET","28.57","71.43","38.87","16.64","13.86","20.47","109.66","112.34","117.06","726600","1076605","950","Supertrend bearish | RSI 38.9 lemah | Volume 0.67x | Lolos anti-crash ADX | RISEN SIDEWAYS","Full Grid (1-2-3-4)","100000000","121","110","107","103","0.1","0.2","0.3","0.4","826","1818","2803","3883","9330","99979600","20400","107.16","107.16","97","157","193","193","19.83","9.48","59.5","80.11","3","8.45"
"DAAZ","2026-05-29","2026-05-29","361","FULL","1520","3.050847457627119","AVOID","-","passive","FALSE","","V-SHAPE","2026-04-24","","35d","35","DOWNTREND","BEARISH","BEARISH","BEARISH","STRUCTURE + DISCOUNT","NORMAL DOWNTREND","43.73","TRUE","FALSE","FALSE","LAGGING","LAGGARD (Passive)","2.11","2.11","VOLUME SURGE","42.86","57.14","23.48","43.2","8.37","37.82","1984.8","2356.04","2869","1733500","820990","950","Supertrend bearish | RSI 23.5 lemah | Volume valid 2.11x | Crash filter aktif | RISEN NORMAL DOWNTREND","Full Grid (1-2-3-4)","100000000","2370","2310","2290","2270","0.1","0.2","0.3","0.4","42","86","131","176","435","99771000","229000","2293.59","2293.63","2200","2700","2750","2750","7.17","4.08","16.03","19.9","2.24","4.88"
"FWCT","2026-05-29","2026-05-29","561","FULL","81","-1.2195121951219512","AVOID","-","passive","FALSE","","V-SHAPE","2026-05-04","","25d","25","DOWNTREND","BEARISH","BEARISH","BEARISH","STRUCTURE + DISCOUNT","NORMAL DOWNTREND","25","TRUE","FALSE","FALSE","LAGGING","LAGGARD (Passive)","0.07","0.07","DRY / QUIET","33.33","66.67","36.64","16.49","22.22","20.52","90.78","101.51","127.27","1943900","28523255","950","Supertrend bearish | RSI 36.6 lemah | Volume 0.07x | Lolos anti-crash ADX | RISEN NORMAL DOWNTREND","Full Grid (1-2-3-4)","100000000","120","105","101","96","0.1","0.2","0.3","0.4","833","1904","2970","4166","9873","99978600","21400","101.26","101.27","87","170","220","220","27.5","14.09","83.33","117.25","3.03","8.32"
"GRPH","2026-05-29","2026-05-29","549","FULL","63","3.278688524590164","HOLD","-","passive","FALSE","","SMART GAMMA","2026-05-04","","25d","25","UPTREND","BULLISH","BULLISH","BULLISH","DEMAND STRUCTURE","NORMAL UPTREND","46.17","TRUE","TRUE","FALSE","LAGGING","LAGGARD (Passive)","0.13","0.13","DRY / QUIET","60","40","51.21","38.47","23.43","19.3","62.83","61.32","60.5","3912800","29428550","950","Supertrend bullish | RSI 51.2 > 50 | Volume 0.13x | Lolos anti-crash ADX | RISEN NORMAL UPTREND","Full Grid (1-2-3-4)","100000000","72","61","58","55","0.1","0.2","0.3","0.4","1388","3278","5172","7272","17110","99983000","17000","58.44","58.44","49","107","141","141","31.94","16.15","95.83","141.29","3","8.75"
"HAJJ","2026-05-29","2026-05-29","561","FULL","112","-3.4482758620689653","AVOID","-","passive","FALSE","","V-SHAPE","2026-05-04","","25d","25","DOWNTREND","BEARISH","BEARISH","BEARISH","DOWNTREND DISCOUNT","SIDEWAYS","0","FALSE","FALSE","FALSE","LAGGING","LAGGARD (Passive)","1.14","1.14","NORMAL","53.85","46.15","24.46","27.45","8.6","29.33","127.59","131.17","133.49","9569800","8383400","950","Supertrend bearish | RSI 24.5 lemah | Volume 1.14x | Lolos anti-crash ADX | RISEN SIDEWAYS","Full Grid (1-2-3-4)","100000000","140","133","131","129","0.1","0.2","0.3","0.4","714","1503","2290","3100","7607","99974900","25100","131.42","131.43","125","163","185","185","10.71","4.89","32.14","40.76","3","8.34"
"HERO","2026-05-29","2026-05-29","561","FULL","388","-1.0204081632653061","AVOID","-","passive","FALSE","","SMART GAMMA","2026-05-04","","25d","25","DOWNTREND","BEARISH","BEARISH","BEARISH","STRUCTURE + DISCOUNT","SIDEWAYS","25","TRUE","FALSE","FALSE","LAGGING","LAGGARD (Passive)","0.16","0.16","DRY / QUIET","33.33","66.67","40.2","30.41","29.92","17.99","426.47","428.33","454.78","366400","2272930","950","Supertrend bearish | RSI 40.2 lemah | Volume 0.16x | Lolos anti-crash ADX | RISEN SIDEWAYS","Full Grid (1-2-3-4)","100000000","590","484","458","424","0.1","0.2","0.3","0.4","169","413","655","943","2180","99942400","57600","458.45","458.48","372","915","1245","1245","36.95","18.86","111.02","171.57","3","9.1"
"INDS","2026-05-29","2026-05-29","561","FULL","290","0","AVOID","-","passive","FALSE","","SMART SNIPER","2026-05-04","Discount Only","25d","25","DOWNTREND","BEARISH","BEARISH","BEARISH","STRUCTURE + DISCOUNT","NORMAL DOWNTREND","65","TRUE","FALSE","FALSE","LAGGING","LAGGARD (Passive)","0.07","0.07","DRY / QUIET","0","100","32.92","11.12","23.45","29.83","362.8","475.89","504.85","2254300","30534200","950","Supertrend bearish | RSI 32.9 lemah | Volume 0.07x | Lolos anti-crash ADX | RISEN NORMAL DOWNTREND","Full Grid (1-2-3-4)","100000000","525","434","414","382","0.1","0.2","0.3","0.4","190","460","724","1047","2421","99908000","92000","412.67","412.7","330","2410","2430","2430","37.14","20.03","362.86","488.84","9.77","24.4"
"ISAT","2026-05-29","2026-05-29","561","FULL","2160","0","AVOID","-","passive","FALSE","","EARLY SWEEP","2026-04-24","","35d","35","DOWNTREND","BULLISH","BULLISH","BEARISH","DEMAND STRUCTURE","SIDEWAYS","32.28","TRUE","FALSE","TRUE","LAGGING","LAGGARD (Passive)","2.41","2.41","VOLUME SURGE","88.89","11.11","51.59","19.32","22.72","20.83","2145.53","2137.82","2313.25","40035700","16607820","950","Supertrend bearish | RSI 51.6 > 50 | Volume valid 2.41x | Lolos anti-crash ADX | RISEN SIDEWAYS","Full Grid (1-2-3-4)","100000000","2200","2110","2090","2060","0.1","0.2","0.3","0.4","45","94","143","194","476","99585000","415000","2092.12","2092.24","1995","2510","2820","2820","9.32","4.64","28.18","34.79","3.02","7.49"
"ISEA","2026-05-29","2026-05-29","450","FULL","70","-1.4084507042253522","AVOID","-","passive","FALSE","","V-SHAPE","2026-05-04","","25d","25","DOWNTREND","BEARISH","BEARISH","BEARISH","STRUCTURE + DISCOUNT","NORMAL DOWNTREND","25","TRUE","FALSE","FALSE","LAGGING","LAGGARD (Passive)","0.33","0.33","DRY / QUIET","40","60","30.12","15.48","25.17","23.1","80.12","84.89","90.51","2124600","6507025","950","Supertrend bearish | RSI 30.1 lemah | Volume 0.33x | Lolos anti-crash ADX | RISEN NORMAL DOWNTREND","Full Grid (1-2-3-4)","100000000","90","83","81","78","0.1","0.2","0.3","0.4","1111","2409","3703","5128","12351","99986400","13600","80.95","80.95","74","114","138","138","17.78","8.59","53.33","70.47","3","8.2"
"NAIK","2026-05-29","2026-05-29","359","FULL","91","-2.1505376344086025","AVOID","-","passive","FALSE","","V-SHAPE","2026-05-04","","25d","25","DOWNTREND","BEARISH","BEARISH","BEARISH","STRUCTURE + DISCOUNT","NORMAL DOWNTREND","44.04","TRUE","FALSE","FALSE","LAGGING","LAGGARD (Passive)","0.09","0.09","DRY / QUIET","0","100","38.36","26.56","18.75","13.76","96.94","100.39","130.72","3777000","43058670","950","Supertrend bearish | RSI 38.4 lemah | Volume 0.09x | Lolos anti-crash ADX | RISEN NORMAL DOWNTREND","Full Grid (1-2-3-4)","100000000","105","97","94","92","0.1","0.2","0.3","0.4","952","2061","3191","4347","10551","99975500","24500","94.75","94.75","87","132","159","159","17.14","8.18","51.43","67.8","3","8.28"
"NETV","2026-05-29","2026-05-29","561","FULL","66","-1.4925373134328357","AVOID","-","passive","FALSE","","SMART SNIPER","2026-05-04","Structure + Discount","25d","25","DOWNTREND","BEARISH","BEARISH","BEARISH","STRUCTURE + DISCOUNT","NORMAL DOWNTREND","64.51","TRUE","FALSE","FALSE","LAGGING","LAGGARD (Passive)","0.26","0.26","DRY / QUIET","50","50","34.93","17.05","18.7","24.56","78.89","89.06","113.23","22811700","87170275","950","Supertrend bearish | RSI 34.9 lemah | Volume 0.26x | Lolos anti-crash ADX | RISEN NORMAL DOWNTREND","Full Grid (1-2-3-4)","100000000","106","97","95","92","0.1","0.2","0.3","0.4","943","2061","3157","4347","10508","99971400","28600","95.14","95.14","86","136","166","166","18.87","9.61","56.6","74.48","3","7.75"
"PADI","2026-05-29","2026-05-29","561","FULL","92","8.235294117647058","AVOID","-","passive","FALSE","","V-SHAPE","2026-05-04","","25d","25","DOWNTREND","BEARISH","BEARISH","BEARISH","STRUCTURE + DISCOUNT","SIDEWAYS","40.83","TRUE","FALSE","FALSE","LAGGING","LAGGARD (Passive)","1.11","1.11","NORMAL","60","40","41.69","17.33","18.01","22.75","102.91","110.38","101.4","813167100","734539395","950","Supertrend bearish | RSI 41.7 lemah | Volume 1.11x | Lolos anti-crash ADX | RISEN SIDEWAYS","Full Grid (1-2-3-4)","100000000","123","113","111","107","0.1","0.2","0.3","0.4","813","1769","2702","3738","9022","99978400","21600","110.82","110.82","101","156","189","189","17.89","8.86","53.66","70.55","3","7.96"
"PEGE","2026-05-29","2026-05-29","561","FULL","118","0.8547008547008548","AVOID","-","passive","FALSE","","SMART SNIPER","2026-04-09","Discount Only","50d","50","DOWNTREND","BEARISH","BEARISH","BEARISH","STRUCTURE + DISCOUNT","NORMAL DOWNTREND","64.09","TRUE","FALSE","FALSE","IMPROVING","IMPROVING (Passive)","0.44","0.44","DRY / QUIET","100","0","34.93","14.39","19.72","26.47","131.48","148.18","159.67","1634800","3704715","950","Supertrend bearish | RSI 34.9 lemah | Volume 0.44x | Lolos anti-crash ADX | RISEN NORMAL DOWNTREND","Full Grid (1-2-3-4)","100000000","163","134","127","117","0.1","0.2","0.3","0.4","613","1492","2362","3418","7885","99972700","27300","126.79","126.79","100","258","352","352","38.65","21.13","115.95","177.63","3","8.41"
"PRDA","2026-05-29","2026-05-29","561","FULL","2530","0","AVOID","-","passive","FALSE","","SMART GAMMA","2026-05-04","","25d","25","DOWNTREND","BEARISH","BULLISH","BEARISH","DEMAND STRUCTURE","NORMAL UPTREND","25","TRUE","TRUE","FALSE","WEAKENING","WEAKENING (Passive)","0.23","0.23","DRY / QUIET","71.43","28.57","49.26","34.13","34.03","18.83","2543.82","2516.63","2548.69","208500","891645","950","Supertrend bearish | RSI 49.3 lemah | Volume 0.23x | Lolos anti-crash ADX | RISEN NORMAL UPTREND","Full Grid (1-2-3-4)","100000000","2600","2490","2460","2420","0.1","0.2","0.3","0.4","38","80","121","165","404","99496000","504000","2462.77","2462.91","2360","2960","3320","3320","9.23","4.17","27.69","34.81","3","8.34"
"SHIP","2026-05-29","2026-05-29","561","FULL","1775","-3.0054644808743167","AVOID","-","passive","FALSE","","SMART SNIPER","2026-05-04","Structure + Discount","25d","25","DOWNTREND","BEARISH","BEARISH","BEARISH","STRUCTURE + DISCOUNT","NORMAL DOWNTREND","25","TRUE","FALSE","FALSE","LAGGING","LAGGARD (Passive)","0.25","0.25","DRY / QUIET","68.57","31.43","24.69","26.94","15.01","27.16","2667.85","3275.45","3792.19","64400","260505","950","Supertrend bearish | RSI 24.7 lemah | Volume 0.25x | Lolos anti-crash ADX | RISEN NORMAL DOWNTREND","Full Grid (1-2-3-4)","100000000","4300","3870","3760","3620","0.1","0.2","0.3","0.4","23","51","79","110","263","99151000","849000","3770","3770.46","3370","5700","7100","7100","21.63","10.61","65.12","88.33","3.01","8.33"
"SMDM","2026-05-29","2026-05-29","561","FULL","515","0.9803921568627451","AVOID","-","passive","FALSE","","V-SHAPE","2026-05-04","","25d","25","DOWNTREND","BEARISH","BEARISH","BEARISH","STRUCTURE + DISCOUNT","SIDEWAYS","26.66","TRUE","FALSE","FALSE","LAGGING","LAGGARD (Passive)","0.24","0.24","DRY / QUIET","100","0","35.99","22.77","22.69","22.5","571.91","612.73","742.66","46400","196870","950","Supertrend bearish | RSI 36.0 lemah | Volume 0.24x | Lolos anti-crash ADX | RISEN SIDEWAYS","Full Grid (1-2-3-4)","100000000","630","570","555","530","0.1","0.2","0.3","0.4","158","350","540","754","1802","99836000","164000","554.03","554.06","492","835","1045","1045","21.9","11.2","65.87","88.62","3.01","7.92"
"URBN","2026-05-29","2026-05-29","561","FULL","200","-1.9607843137254901","AVOID","-","passive","FALSE","","G ACC","2026-05-04","","25d","25","DOWNTREND","BEARISH","BULLISH","BULLISH","DOWNTREND","NORMAL UPTREND","50.56","TRUE","TRUE","FALSE","WEAKENING","WEAKENING (Passive)","0.05","0.05","DRY / QUIET","0","100","49.38","25.86","33.7","24.61","203.05","195.66","175.02","54400","1149525","950","Supertrend bearish | RSI 49.4 lemah | Volume 0.05x | Lolos anti-crash ADX | RISEN NORMAL UPTREND","Full Grid (1-2-3-4)","100000000","252","195","181","162","0.1","0.2","0.3","0.4","396","1025","1657","2469","5547","99956200","43800","180.2","180.21","134","430","605","605","46.83","25.64","140.08","235.74","2.99","9.2"
"UVCR","2026-05-29","2026-05-29","561","FULL","238","8.181818181818182","HOLD","-","passive","FALSE","","G ACC","2026-05-04","","25d","25","UPTREND","BULLISH","BULLISH","BULLISH","UPTREND PREMIUM","NORMAL UPTREND","48.81","TRUE","TRUE","FALSE","WEAKENING","WEAKENING (Passive)","1.61","1.61","EXPANSION","90","10","67.07","42.56","22.52","11.87","214.91","190.17","141.39","96778200","59953695","950","Supertrend bullish | RSI 67.1 > 50 | Volume valid 1.61x | Lolos anti-crash ADX | RISEN NORMAL UPTREND","Full Grid (1-2-3-4)","100000000","226","162","146","125","0.1","0.2","0.3","0.4","442","1234","2054","3200","6930","99968400","31600","144.25","144.26","94","424","620","620","58.41","34.84","174.34","329.8","2.98","9.47"
"ROTI","2026-05-29","2026-05-29","561","FULL","530","-1.8518518518518516","AVOID","-","passive","FALSE","","BETA BREAKOUT","2026-04-08","","51d","51","DOWNTREND","BEARISH","BEARISH","BEARISH","STRUCTURE + DISCOUNT","NORMAL DOWNTREND","25","TRUE","FALSE","FALSE","IMPROVING","IMPROVING (Passive)","0.61","0.61","DRY / QUIET","25","75","26.16","55.49","14.59","39.96","593.27","657.51","758.77","1287100","2122350","948","Supertrend bearish | RSI 26.2 lemah | Volume 0.61x | Crash filter aktif | RISEN NORMAL DOWNTREND","Full Grid (1-2-3-4)","100000000","805","770","760","745","0.1","0.2","0.3","0.4","124","259","394","536","1313","99801000","199000","760.1","760.1","725","925","1045","1045","9.94","4.62","29.81","37.48","3","8.12"
"MEGA","2026-05-29","2026-05-29","561","FULL","1800","-0.8264462809917356","AVOID","-","passive","FALSE","","SMART GAMMA","2026-04-07","","52d","52","DOWNTREND","BEARISH","BEARISH","BEARISH","STRUCTURE + DISCOUNT","SIDEWAYS","87.69","TRUE","FALSE","FALSE","IMPROVING","IMPROVING (Passive)","1.19","1.19","NORMAL","84.21","15.79","23.17","41.22","13.77","47.1","2155.75","2725.76","3308.44","247200","207840","946","Supertrend bearish | RSI 23.2 lemah | Volume 1.19x | Crash filter aktif | RISEN SIDEWAYS","Full Grid (1-2-3-4)","100000000","5600","4380","4090","3670","0.1","0.2","0.3","0.4","17","45","73","108","243","98723000","1277000","4062.67","4067.34","3080","9375","13150","13150","45","24.19","134.82","223.68","3","9.25"
"DUTI","2026-05-29","2026-05-29","561","FULL","4100","-5.311778290993072","AVOID","-","passive","FALSE","","V-SHAPE","2026-04-21","","38d","38","DOWNTREND","BEARISH","BEARISH","BEARISH","STRUCTURE + DISCOUNT","SIDEWAYS","41.81","TRUE","TRUE","TRUE","WEAKENING","WEAKENING (Passive)","2.65","2.65","VOLUME SURGE","50","50","46.84","13.14","25.76","36.25","4188.11","4175.45","4113.34","6600","2490","944","Supertrend bearish | RSI 46.8 lemah | Volume valid 2.65x | Lolos anti-crash ADX | RISEN SIDEWAYS","Full Grid (1-2-3-4)","100000000","4220","4070","4030","3980","0.1","0.2","0.3","0.4","23","49","74","100","246","99271000","729000","4035.41","4035.82","3880","4730","5250","5250","8.06","3.85","24.41","30.1","3.03","7.82"
"KSIX","2026-05-29","2026-05-29","324","FULL","334","0.6024096385542169","AVOID","-","passive","FALSE","","BETA BREAKOUT","2026-03-12","","78d","78","DOWNTREND","BULLISH","BEARISH","NEUTRAL","DEMAND STRUCTURE","SIDEWAYS","25","TRUE","FALSE","FALSE","LEADING","LEADING (Passive)","0.33","0.33","DRY / QUIET","90.91","9.09","50.96","30.65","20.46","12.47","331.71","335.17","333.84","34500","105145","944","Supertrend bearish | RSI 51.0 > 50 | Volume 0.33x | Lolos anti-crash ADX | RISEN SIDEWAYS","Full Grid (1-2-3-4)","100000000","358","324","316","304","0.1","0.2","0.3","0.4","279","617","949","1315","3160","99943400","56600","316.28","316.28","284","470","580","580","20.67","10.21","62.01","83.38","3","8.17"
"ASMI","2026-05-29","2026-05-29","561","FULL","17","-5.555555555555555","HOLD","-","passive","FALSE","","V-SHAPE","2026-03-11","","79d","79","UPTREND","BEARISH","BEARISH","BEARISH","STRUCTURE + DISCOUNT","NORMAL DOWNTREND","61.9","TRUE","FALSE","FALSE","LEADING","LEADING (Passive)","0.34","0.34","DRY / QUIET","0","100","42.62","24.41","25.47","39.99","17.81","20.17","24.1","1636100","4859390","942","Supertrend bullish | RSI 42.6 lemah | Volume 0.34x | Lolos anti-crash ADX | RISEN NORMAL DOWNTREND","Full Grid (1-2-3-4)","100000000","20","20","19","19","0.1","0.2","0.3","0.4","5000","10000","15789","21052","51841","99997900","2100","19.29","19.29","19","25","27","27","5","1.5","35","39.97","7","26.65"
"BUAH","2026-05-29","2026-05-29","561","FULL","515","0.9803921568627451","HOLD","-","passive","FALSE","","SMART SNIPER","2026-04-30","Structure + Discount","29d","29","UPTREND","BEARISH","BEARISH","BEARISH","STRUCTURE + DISCOUNT","SIDEWAYS","64.25","TRUE","TRUE","FALSE","WEAKENING","WEAKENING (Passive)","0.91","0.91","NORMAL","100","0","41.9","16.54","10.36","21.23","526.39","534.59","816.43","274200","299910","942","Supertrend bullish | RSI 41.9 lemah | Volume 0.91x | Lolos anti-crash ADX | RISEN SIDEWAYS","Full Grid (1-2-3-4)","100000000","525","510","510","505","0.1","0.2","0.3","0.4","190","392","588","792","1962","99951000","49000","509.43","509.44","494","570","1440","1440","5.9","3.03","174.29","182.67","29.52","60.29"
"ICON","2026-05-29","2026-05-29","561","FULL","104","-0.9523809523809524","AVOID","-","passive","FALSE","","SMART GAMMA","2026-04-30","","29d","29","DOWNTREND","BEARISH","BEARISH","BULLISH","DOWNTREND","NORMAL UPTREND","36.09","TRUE","TRUE","FALSE","LAGGING","LAGGARD (Passive)","0.08","0.08","DRY / QUIET","40","60","41.28","31.49","24.45","24.02","119.91","115.54","85.72","4013300","49663015","942","Supertrend bearish | RSI 41.3 lemah | Volume 0.08x | Lolos anti-crash ADX | RISEN NORMAL UPTREND","Full Grid (1-2-3-4)","100000000","141","121","116","110","0.1","0.2","0.3","0.4","709","1652","2586","3636","8583","99979700","20300","116.49","116.49","98","206","270","270","30.5","15.87","91.49","131.79","3","8.3"
"NAYZ","2026-05-29","2026-05-29","561","FULL","51","4.081632653061225","AVOID","-","passive","FALSE","","V-SHAPE","2026-04-30","","29d","29","DOWNTREND","BEARISH","BEARISH","BEARISH","DOWNTREND DISCOUNT","NORMAL DOWNTREND","37.06","TRUE","FALSE","FALSE","LAGGING","LAGGARD (Passive)","0.17","0.17","DRY / QUIET","100","0","34.04","21.85","13.3","25.67","59.58","64.9","73.86","6951900","39761295","942","Supertrend bearish | RSI 34.0 lemah | Volume 0.17x | Lolos anti-crash ADX | RISEN NORMAL DOWNTREND","Full Grid (1-2-3-4)","100000000","71","65","64","62","0.1","0.2","0.3","0.4","1408","3076","4687","6451","15622","99983800","16200","64","64","58","91","110","110","18.31","9.38","54.93","71.87","3","7.66"
"PDPP","2026-05-29","2026-05-29","561","FULL","276","-4.166666666666666","AVOID","-","passive","FALSE","","SMART SNIPER","2026-04-20","Structure + Discount","39d","39","DOWNTREND","BEARISH","BEARISH","BEARISH","STRUCTURE + DISCOUNT","NORMAL DOWNTREND","20.18","TRUE","FALSE","TRUE","LAGGING","LAGGARD (Passive)","3.58","3.58","VOLUME SURGE","32","68","39.62","18.95","15.13","16.99","303.73","314.52","372.05","1947000","544275","942","Supertrend bearish | RSI 39.6 lemah | Volume valid 3.58x | Lolos anti-crash ADX | RISEN NORMAL DOWNTREND","Full Grid (1-2-3-4)","100000000","350","322","314","304","0.1","0.2","0.3","0.4","285","621","955","1315","3176","99934200","65800","314.65","314.66","288","444","535","535","17.71","8.47","52.86","70.03","2.98","8.27"
"RUNS","2026-05-29","2026-05-29","561","FULL","82","0","AVOID","-","passive","FALSE","","BETA BREAKOUT","2026-03-11","","79d","79","DOWNTREND","BEARISH","BEARISH","BEARISH","STRUCTURE + DISCOUNT","NORMAL DOWNTREND","96.91","TRUE","FALSE","FALSE","LEADING","LEADING (Passive)","0.22","0.22","DRY / QUIET","50","50","46.53","25.71","16.9","10.45","83.34","86.09","86.66","263400","1195515","942","Supertrend bearish | RSI 46.5 lemah | Volume 0.22x | Lolos anti-crash ADX | RISEN NORMAL DOWNTREND","Full Grid (1-2-3-4)","100000000","101","90","87","84","0.1","0.2","0.3","0.4","990","2222","3448","4761","11421","99987000","13000","87.55","87.55","78","136","170","170","22.77","10.9","68.32","94.18","3","8.64"
"SDMU","2026-05-29","2026-05-29","561","FULL","76","1.3333333333333335","AVOID","-","passive","FALSE","","G ACC","2026-04-30","","29d","29","DOWNTREND","BEARISH","BEARISH","BEARISH","STRUCTURE + DISCOUNT","SIDEWAYS","25","TRUE","FALSE","FALSE","LAGGING","LAGGARD (Passive)","0.03","0.03","DRY / QUIET","66.67","33.33","40","29.59","23.37","22.14","88.65","91.77","80.37","5389800","186950385","942","Supertrend bearish | RSI 40.0 lemah | Volume 0.03x | Lolos anti-crash ADX | RISEN SIDEWAYS","Full Grid (1-2-3-4)","100000000","126","101","94","86","0.1","0.2","0.3","0.4","793","1980","3191","4651","10615","99983800","16200","94.19","94.19","72","208","288","288","42.86","23.56","128.57","205.76","3","8.73"
"SMMA","2026-05-29","2026-05-29","561","FULL","17975","-0.41551246537396125","HOLD","-","passive","FALSE","","SMART GAMMA","2026-04-30","","29d","29","UPTREND","BULLISH","BULLISH","BULLISH","UPTREND PREMIUM","NORMAL UPTREND","25","TRUE","TRUE","FALSE","WEAKENING","WEAKENING (Passive)","0.03","0.03","DRY / QUIET","0","100","69.55","19.47","19.62","17.37","16806.5","15686.83","14677.1","400","15835","942","Supertrend bullish | RSI 69.5 > 50 | Volume 0.03x | Lolos anti-crash ADX | RISEN NORMAL UPTREND","Full Grid (1-2-3-4)","100000000","15600","14650","14400","14075","0.1","0.2","0.3","0.4","6","13","20","28","67","96615000","3385000","14420.15","14426.96","13575","18650","21675","21675","12.98","5.86","38.94","50.31","3","8.58"
"ACST","2026-05-29","2026-05-29","561","FULL","84","0","AVOID","-","passive","FALSE","","EARLY SWEEP","2026-04-29","","30d","30","DOWNTREND","BEARISH","BEARISH","BEARISH","DOWNTREND DISCOUNT","NORMAL DOWNTREND","65","TRUE","FALSE","FALSE","LAGGING","LAGGARD (Passive)","0.23","0.23","DRY / QUIET","0","100","28.53","38.68","20.26","55.2","90.56","99.27","113.76","127200","541395","940","Supertrend bearish | RSI 28.5 lemah | Volume 0.23x | Crash filter aktif | RISEN NORMAL DOWNTREND","Full Grid (1-2-3-4)","100000000","187","159","152","142","0.1","0.2","0.3","0.4","534","1257","1973","2816","6580","99948900","51100","151.9","151.9","128","276","364","364","31.55","15.73","94.65","139.63","3","8.88"
"ADES","2026-05-29","2026-05-29","561","FULL","21000","-0.47393364928909953","HOLD","-","passive","FALSE","","SMART GAMMA","2026-04-29","","30d","30","UPTREND","BULLISH","BULLISH","BULLISH","UPTREND PREMIUM","NORMAL UPTREND","25","TRUE","TRUE","FALSE","WEAKENING","WEAKENING (Passive)","0.61","0.61","DRY / QUIET","9.09","90.91","59.6","48.47","33.73","16.12","20446.13","18793.9","15678.66","39600","64400","940","Supertrend bullish | RSI 59.6 > 50 | Volume 0.61x | Lolos anti-crash ADX | RISEN NORMAL UPTREND","Full Grid (1-2-3-4)","100000000","20375","17550","16875","15925","0.1","0.2","0.3","0.4","4","11","17","25","57","95955000","4045000","16834.21","16892.03","14575","29075","37775","37775","28.47","13.42","85.4","124.39","3","9.27"
"BEST","2026-05-29","2026-05-29","561","FULL","101","-0.9803921568627451","AVOID","-","passive","FALSE","","V-SHAPE","2026-04-29","","30d","30","DOWNTREND","BEARISH","BEARISH","BEARISH","DOWNTREND DISCOUNT","SIDEWAYS","48.74","TRUE","FALSE","FALSE","WEAKENING","WEAKENING (Passive)","0.21","0.21","DRY / QUIET","33.33","66.67","37.88","16.51","14.39","22.09","105.59","107.44","108.12","2496000","11781040","940","Supertrend bearish | RSI 37.9 lemah | Volume 0.21x | Lolos anti-crash ADX | RISEN SIDEWAYS","Full Grid (1-2-3-4)","100000000","110","108","107","106","0.1","0.2","0.3","0.4","909","1851","2803","3773","9336","99975700","24300","107.09","107.09","104","119","131","131","5.45","2.88","19.09","22.33","3.5","7.75"
"INOV","2026-05-29","2026-05-29","561","FULL","125","-3.8461538461538463","AVOID","-","passive","FALSE","","SMART SNIPER","2026-04-29","Demand Structure","30d","30","DOWNTREND","BEARISH","BEARISH","BEARISH","STRUCTURE + DISCOUNT","SIDEWAYS","44.1","TRUE","FALSE","FALSE","WEAKENING","WEAKENING (Passive)","0.07","0.07","DRY / QUIET","0","100","41.95","33.13","28.23","14.79","135.21","138.61","130.24","1809400","25943740","940","Supertrend bearish | RSI 42.0 lemah | Volume 0.07x | Lolos anti-crash ADX | RISEN SIDEWAYS","Full Grid (1-2-3-4)","100000000","167","143","137","129","0.1","0.2","0.3","0.4","598","1398","2189","3100","7285","99957300","42700","137.21","137.21","117","242","318","318","29.94","14.73","90.42","131.76","3.02","8.95"
"MAPB","2026-05-29","2026-05-29","561","FULL","1475","0","AVOID","-","passive","FALSE","","EARLY SWEEP","2026-04-29","","30d","30","DOWNTREND","BEARISH","BEARISH","BEARISH","STRUCTURE + DISCOUNT","SIDEWAYS","76.77","TRUE","FALSE","FALSE","WEAKENING","WEAKENING (Passive)","0.32","0.32","DRY / QUIET","50","50","43.7","13.36","30.11","37.44","1506.11","1520.56","1550.56","200","620","940","Supertrend bearish | RSI 43.7 lemah | Volume 0.32x | Lolos anti-crash ADX | RISEN SIDEWAYS","Full Grid (1-2-3-4)","100000000","1635","1525","1495","1460","0.1","0.2","0.3","0.4","61","131","200","273","665","99709000","291000","1499.38","1499.36","1400","1990","2340","2340","14.37","6.63","43.12","56.06","3","8.46"
"MOLI","2026-05-29","2026-05-29","561","FULL","224","-0.8849557522123894","AVOID","-","passive","FALSE","","SMART GAMMA","2026-04-29","","30d","30","DOWNTREND","BEARISH","BEARISH","BEARISH","STRUCTURE + DISCOUNT","NORMAL DOWNTREND","25","TRUE","FALSE","FALSE","LAGGING","LAGGARD (Passive)","0.47","0.47","DRY / QUIET","12.5","87.5","36.26","27.23","14.77","20.03","249.75","256.76","261.19","5186200","11073075","940","Supertrend bearish | RSI 36.3 lemah | Volume 0.47x | Lolos anti-crash ADX | RISEN NORMAL DOWNTREND","Full Grid (1-2-3-4)","100000000","284","244","234","222","0.1","0.2","0.3","0.4","352","819","1282","1801","4254","99961400","38600","234.98","234.98","202","408","530","530","28.87","14.04","86.62","125.55","3","8.94"
"NANO","2026-05-29","2026-05-29","561","FULL","26","-3.7037037037037033","AVOID","-","passive","FALSE","","SMART SNIPER","2026-04-29","Structure + Discount","30d","30","DOWNTREND","BEARISH","BEARISH","BEARISH","STRUCTURE + DISCOUNT","NORMAL DOWNTREND","52.71","TRUE","FALSE","FALSE","LAGGING","LAGGARD (Passive)","1.22","1.22","EXPANSION","50","50","31.92","17.65","14.66","27.68","31.54","35.45","40.72","44392600","36489110","940","Supertrend bearish | RSI 31.9 lemah | Volume valid 1.22x | Lolos anti-crash ADX | RISEN NORMAL DOWNTREND","Full Grid (1-2-3-4)","100000000","39","37","37","36","0.1","0.2","0.3","0.4","2564","5405","8108","11111","27188","99997300","2700","36.78","36.78","34","47","54","54","12.82","7.56","38.46","46.82","3","6.19"
"SOHO","2026-05-29","2026-05-29","561","FULL","1500","-2.912621359223301","AVOID","-","passive","FALSE","","V-SHAPE","2026-04-29","","30d","30","DOWNTREND","BEARISH","BEARISH","BEARISH","STRUCTURE + DISCOUNT","SIDEWAYS","65","TRUE","FALSE","FALSE","LAGGING","LAGGARD (Passive)","0.54","0.54","DRY / QUIET","0","100","28.31","12.64","25.88","17.86","1713.99","1874.82","1676.5","108200","200040","940","Supertrend bearish | RSI 28.3 lemah | Volume 0.54x | Lolos anti-crash ADX | RISEN SIDEWAYS","Full Grid (1-2-3-4)","100000000","1935","1845","1820","1790","0.1","0.2","0.3","0.4","51","108","164","223","546","99559500","440500","1823.43","1823.55","1720","2260","2530","2530","11.11","5.67","30.75","38.75","2.77","6.83"
"SOLA","2026-05-29","2026-05-29","485","FULL","114","0","AVOID","-","passive","FALSE","","V-SHAPE","2026-04-29","","30d","30","DOWNTREND","BEARISH","BEARISH","BEARISH","STRUCTURE + DISCOUNT","SIDEWAYS","62.73","TRUE","FALSE","FALSE","LAGGING","LAGGARD (Passive)","0.09","0.09","DRY / QUIET","100","0","37.83","21.22","19.86","25.69","119.7","123.15","124.29","2343800","24732990","940","Supertrend bearish | RSI 37.8 lemah | Volume 0.09x | Lolos anti-crash ADX | RISEN SIDEWAYS","Full Grid (1-2-3-4)","100000000","125","117","114","112","0.1","0.2","0.3","0.4","800","1709","2631","3571","8711","99983900","16100","114.78","114.78","106","154","182","182","15.2","7.65","45.6","58.57","3","7.66"
"TCPI","2026-05-29","2026-05-29","561","FULL","10850","-1.5873015873015872","AVOID","-","passive","FALSE","","V-SHAPE","2026-04-29","","30d","30","DOWNTREND","BEARISH","BEARISH","BULLISH","DEMAND STRUCTURE","NORMAL UPTREND","40.07","TRUE","TRUE","FALSE","WEAKENING","WEAKENING (Passive)","1.16","1.16","NORMAL","0","100","38.06","34.48","13.38","42.14","11485.02","11505.48","9592.28","5710100","4941765","940","Supertrend bearish | RSI 38.1 lemah | Volume 1.16x | Crash filter aktif | RISEN NORMAL UPTREND","Full Grid (1-2-3-4)","100000000","11450","11225","11150","11075","0.1","0.2","0.3","0.4","8","17","26","36","87","97102500","2897500","11161.21","11163.93","10850","12350","12575","12575","5.24","2.79","9.83","12.67","1.87","4.54"
"TOOL","2026-05-29","2026-05-29","561","FULL","71","-1.3888888888888888","AVOID","-","passive","FALSE","","BETA BREAKOUT","2026-04-29","","30d","30","DOWNTREND","BEARISH","BEARISH","BULLISH","STRUCTURE + DISCOUNT","SIDEWAYS","37.67","TRUE","FALSE","FALSE","WEAKENING","WEAKENING (Passive)","0.08","0.08","DRY / QUIET","50","50","45.8","45.86","25.23","15.59","75.14","72.08","64.94","19597300","242316090","940","Supertrend bearish | RSI 45.8 lemah | Volume 0.08x | Lolos anti-crash ADX | RISEN SIDEWAYS","Full Grid (1-2-3-4)","100000000","94","74","69","63","0.1","0.2","0.3","0.4","1063","2702","4347","6349","14461","99980000","20000","69.14","69.14","53","156","218","218","43.62","23.34","131.91","215.31","3.02","9.22"
"ULTJ","2026-05-29","2026-05-29","561","FULL","1520","-3.492063492063492","AVOID","-","passive","FALSE","","SMART GAMMA","2026-04-29","","30d","30","DOWNTREND","BEARISH","BEARISH","BULLISH","DEMAND STRUCTURE","SIDEWAYS","0","FALSE","TRUE","FALSE","WEAKENING","WEAKENING (Passive)","1.28","1.28","EXPANSION","13.33","86.67","43.06","11.73","16.97","21.99","1589.09","1574.73","1508.35","6722300","5259200","940","Supertrend bearish | RSI 43.1 lemah | Volume valid 1.28x | Lolos anti-crash ADX | RISEN SIDEWAYS","Full Grid (1-2-3-4)","100000000","1695","1580","1555","1515","0.1","0.2","0.3","0.4","58","126","192","264","640","99591000","409000","1556.11","1556.34","1455","2060","2420","2420","14.16","6.5","42.77","55.52","3.02","8.54"
"UNIQ","2026-05-29","2026-05-29","561","FULL","106","1.9230769230769231","AVOID","-","passive","FALSE","","V-SHAPE","2026-04-29","","30d","30","DOWNTREND","BEARISH","BEARISH","BEARISH","STRUCTURE + DISCOUNT","NORMAL DOWNTREND","46.14","TRUE","FALSE","FALSE","LAGGING","LAGGARD (Passive)","0.19","0.19","DRY / QUIET","66.67","33.33","24.34","28.13","12.61","29.51","118.3","140.59","267.9","712800","3780375","940","Supertrend bearish | RSI 24.3 lemah | Volume 0.19x | Lolos anti-crash ADX | RISEN NORMAL DOWNTREND","Full Grid (1-2-3-4)","100000000","134","127","125","123","0.1","0.2","0.3","0.4","746","1574","2400","3252","7972","99985800","14200","125.42","125.42","118","158","170","170","11.94","5.92","26.87","35.54","2.25","6.01"
"AREA","2026-05-29","2026-05-29","505","FULL","212","4.9504950495049505","AVOID","-","passive","FALSE","","EARLY SWEEP","2026-04-28","","31d","31","DOWNTREND","BEARISH","BEARISH","BEARISH","STRUCTURE + DISCOUNT","NORMAL DOWNTREND","17.55","TRUE","FALSE","FALSE","LAGGING","LAGGARD (Passive)","1.52","1.52","EXPANSION","100","0","24.22","37.5","6.2","31.53","275.38","316.23","400.31","1179000","776180","938","Supertrend bearish | RSI 24.2 lemah | Volume valid 1.52x | Crash filter aktif | RISEN NORMAL DOWNTREND","Full Grid (1-2-3-4)","100000000","535","525","520","515","0.1","0.2","0.3","0.4","186","380","576","776","1918","99817000","183000","520.42","520.43","505","580","640","640","5.61","2.96","19.63","22.98","3.5","7.75"
"BKSW","2026-05-29","2026-05-29","561","FULL","54","0","AVOID","-","passive","FALSE","","EARLY SWEEP","2026-04-28","","31d","31","DOWNTREND","BEARISH","BEARISH","BEARISH","DOWNTREND DISCOUNT","NORMAL DOWNTREND","52.49","TRUE","FALSE","FALSE","LAGGING","LAGGARD (Passive)","0.87","0.87","NORMAL","50","50","24.52","27.53","6.84","23.35","56.38","58.1","61.49","1819600","2089465","938","Supertrend bearish | RSI 24.5 lemah | Volume 0.87x | Lolos anti-crash ADX | RISEN NORMAL DOWNTREND","Full Grid (1-2-3-4)","100000000","64","61","60","59","0.1","0.2","0.3","0.4","1562","3278","5000","6779","16619","99988700","11300","60.17","60.17","57","75","85","85","10.94","5.26","32.81","41.28","3","7.85"
"BMRI","2026-05-29","2026-05-29","561","FULL","4080","-1.2106537530266344","AVOID","-","passive","FALSE","","EARLY SWEEP","2026-04-28","","31d","31","DOWNTREND","BEARISH","BEARISH","BEARISH","STRUCTURE + DISCOUNT","NORMAL DOWNTREND","17.88","TRUE","FALSE","FALSE","LAGGING","LAGGARD (Passive)","1.78","1.78","EXPANSION","0","100","35.15","19.3","22.49","30.92","4308.74","4509.06","4798.05","443299000","249492580","938","Supertrend bearish | RSI 35.1 lemah | Volume valid 1.78x | Lolos anti-crash ADX | RISEN NORMAL DOWNTREND","Full Grid (1-2-3-4)","100000000","4970","4800","4760","4700","0.1","0.2","0.3","0.4","20","41","63","85","209","99558000","442000","4763.54","4763.74","4600","5525","6075","6075","7.44","3.43","22.23","27.53","2.99","8.02"
"BSIM","2026-05-29","2026-05-29","561","FULL","805","1.257861635220126","AVOID","-","passive","FALSE","","EARLY SWEEP","2026-03-09","","81d","81","DOWNTREND","BEARISH","BEARISH","BEARISH","STRUCTURE + DISCOUNT","NORMAL DOWNTREND","65","TRUE","FALSE","FALSE","LEADING","LEADING (Passive)","0.94","0.94","NORMAL","100","0","33.55","15.31","17.26","23.89","836.65","884.33","927.33","37100","39380","938","Supertrend bearish | RSI 33.5 lemah | Volume 0.94x | Lolos anti-crash ADX | RISEN NORMAL DOWNTREND","Full Grid (1-2-3-4)","100000000","1130","985","950","900","0.1","0.2","0.3","0.4","88","203","315","444","1050","99824500","175500","950.71","950.77","825","1590","2050","2050","26.99","13.22","81.42","115.63","3.02","8.74"
"CASA","2026-05-29","2026-05-29","561","FULL","1350","0","HOLD","-","passive","FALSE","","V-SHAPE","2026-04-28","","31d","31","UPTREND","BULLISH","NEUTRAL","BULLISH","DEMAND STRUCTURE","SIDEWAYS","20.27","TRUE","FALSE","FALSE","LAGGING","LAGGARD (Passive)","0.02","0.02","DRY / QUIET","50","50","52.27","21.13","24.31","18.73","1344.01","1349.4","1263.1","54300","2717025","938","Supertrend bullish | RSI 52.3 > 50 | Volume 0.02x | Lolos anti-crash ADX | RISEN SIDEWAYS","Full Grid (1-2-3-4)","100000000","1350","1255","1230","1195","0.1","0.2","0.3","0.4","74","159","243","334","810","99746500","253500","1231.44","1231.43","1140","1665","1980","1980","15.56","7.43","46.67","60.79","3","8.19"
"DAYA","2026-05-29","2026-05-29","561","FULL","1075","-0.4629629629629629","HOLD","-","passive","FALSE","","SMART SNIPER","2026-04-28","Discount Only","31d","31","UPTREND","BULLISH","BULLISH","BEARISH","STRUCTURE + DISCOUNT","SIDEWAYS","100","TRUE","FALSE","FALSE","LAGGING","LAGGARD (Passive)","0.04","0.04","DRY / QUIET","66.67","33.33","55.48","29.62","8.19","27.55","1066.8","1069.59","1090.18","800","17855","938","Supertrend bullish | RSI 55.5 > 50 | Volume 0.04x | Lolos anti-crash ADX | RISEN SIDEWAYS","Full Grid (1-2-3-4)","100000000","1075","955","925","880","0.1","0.2","0.3","0.4","93","209","324","454","1080","99879000","121000","924.81","924.8","825","1450","1825","1825","23.26","10.79","69.77","97.34","3","9.02"
"DYAN","2026-05-29","2026-05-29","561","FULL","78","0","AVOID","-","passive","FALSE","","V-SHAPE","2026-04-28","","31d","31","DOWNTREND","BEARISH","BEARISH","BEARISH","STRUCTURE + DISCOUNT","SIDEWAYS","25","TRUE","FALSE","FALSE","WEAKENING","WEAKENING (Passive)","0.13","0.13","DRY / QUIET","100","0","44.13","32.06","26.28","19.21","83.27","83.96","86.89","2205400","16661230","938","Supertrend bearish | RSI 44.1 lemah | Volume 0.13x | Lolos anti-crash ADX | RISEN SIDEWAYS","Full Grid (1-2-3-4)","100000000","84","81","80","79","0.1","0.2","0.3","0.4","1190","2469","3750","5063","12472","99992600","7400","80.17","80.17","77","95","105","105","8.33","3.96","25","30.97","3","7.82"
"ELSA","2026-05-29","2026-05-29","561","FULL","610","-3.937007874015748","AVOID","-","passive","FALSE","","SMART GAMMA","2026-04-28","","31d","31","DOWNTREND","BEARISH","BEARISH","BEARISH","STRUCTURE + DISCOUNT","NORMAL DOWNTREND","51.33","TRUE","FALSE","FALSE","LAGGING","LAGGARD (Passive)","0.74","0.74","DRY / QUIET","25","75","31.48","25.32","11.78","30.97","693.55","712.04","624.74","32527300","43961005","938","Supertrend bearish | RSI 31.5 lemah | Volume 0.74x | Lolos anti-crash ADX | RISEN NORMAL DOWNTREND","Full Grid (1-2-3-4)","100000000","830","745","720","690","0.1","0.2","0.3","0.4","120","268","416","579","1383","99829000","171000","721.83","721.86","645","1110","1385","1385","22.29","10.64","66.87","91.87","3","8.63"
"KKGI","2026-05-29","2026-05-29","561","FULL","286","0","AVOID","-","passive","FALSE","","SMART GAMMA","2026-03-09","","81d","81","DOWNTREND","BEARISH","BEARISH","BEARISH","STRUCTURE + DISCOUNT","NORMAL DOWNTREND","49.21","TRUE","FALSE","FALSE","LEADING","LEADING (Passive)","0.53","0.53","DRY / QUIET","0","100","35.17","42.9","13.56","32.25","300.52","314.88","342.31","1276800","2393265","938","Supertrend bearish | RSI 35.2 lemah | Volume 0.53x | Crash filter aktif | RISEN NORMAL DOWNTREND","Full Grid (1-2-3-4)","100000000","384","332","318","300","0.1","0.2","0.3","0.4","260","602","943","1333","3138","99947800","52200","318.51","318.52","276","545","710","710","28.13","13.35","84.9","122.91","3.02","9.21"
"KOCI","2026-05-29","2026-05-29","561","FULL","98","0","AVOID","-","passive","FALSE","","SMART SNIPER","2026-04-28","Demand Structure","31d","31","DOWNTREND","BEARISH","BEARISH","BEARISH","STRUCTURE + DISCOUNT","SIDEWAYS","58.8","TRUE","FALSE","FALSE","LAGGING","LAGGARD (Passive)","0.07","0.07","DRY / QUIET","33.33","66.67","36.44","22.96","23.71","19.42","112.28","122.43","112.29","6090400","91280425","938","Supertrend bearish | RSI 36.4 lemah | Volume 0.07x | Lolos anti-crash ADX | RISEN SIDEWAYS","Full Grid (1-2-3-4)","100000000","151","124","117","108","0.1","0.2","0.3","0.4","662","1612","2564","3703","8541","99976200","23800","117.05","117.06","93","238","254","254","38.41","20.55","68.21","116.99","1.78","5.69"
"LMPI","2026-05-29","2026-05-29","561","FULL","154","0.6535947712418301","AVOID","-","passive","FALSE","","SMART SNIPER","2026-04-28","Demand Structure","31d","31","DOWNTREND","BEARISH","BEARISH","NEUTRAL","STRUCTURE + DISCOUNT","SIDEWAYS","93.42","TRUE","FALSE","FALSE","LAGGING","LAGGARD (Passive)","0.02","0.02","DRY / QUIET","80","20","46.62","30.52","18.79","16.18","157.35","158.7","153.76","48400","2473715","938","Supertrend bearish | RSI 46.6 lemah | Volume 0.02x | Lolos anti-crash ADX | RISEN SIDEWAYS","Full Grid (1-2-3-4)","100000000","202","167","158","146","0.1","0.2","0.3","0.4","495","1197","1898","2739","6329","99966700","33300","157.95","157.95","128","314","324","324","36.63","18.96","60.4","105.13","1.65","5.54"
"MERK","2026-05-29","2026-05-29","561","FULL","3900","-2.7431421446384037","AVOID","-","passive","FALSE","","SMART GAMMA","2026-04-28","","31d","31","DOWNTREND","BEARISH","BULLISH","BULLISH","DEMAND STRUCTURE","NORMAL UPTREND","51.33","TRUE","TRUE","FALSE","WEAKENING","WEAKENING (Passive)","0.34","0.34","DRY / QUIET","0","100","48.31","31.38","17.36","23","3982.24","3763.13","3389.94","46000","134425","938","Supertrend bearish | RSI 48.3 lemah | Volume 0.34x | Crash filter aktif | RISEN NORMAL UPTREND","Full Grid (1-2-3-4)","100000000","4130","3570","3430","3240","0.1","0.2","0.3","0.4","24","56","87","123","290","99597000","403000","3434.38","3434.59","2980","5850","7575","7575","27.85","13.23","83.41","120.56","3","9.11"
"PADA","2026-05-29","2026-05-29","561","FULL","138","7.8125","AVOID","-","passive","FALSE","","SMART GAMMA","2026-04-28","","31d","31","DOWNTREND","BEARISH","BEARISH","BEARISH","STRUCTURE + DISCOUNT","NORMAL DOWNTREND","43.18","TRUE","FALSE","FALSE","LAGGING","LAGGARD (Passive)","0.29","0.29","DRY / QUIET","66.67","33.33","42.37","21.19","16.62","21.7","152.82","162.82","146.2","15349300","52150530","938","Supertrend bearish | RSI 42.4 lemah | Volume 0.29x | Lolos anti-crash ADX | RISEN NORMAL DOWNTREND","Full Grid (1-2-3-4)","100000000","212","164","152","136","0.1","0.2","0.3","0.4","471","1219","1973","2941","6604","99964000","36000","151.37","151.38","110","366","520","520","48.11","27.33","145.28","243.53","3.02","8.91"
"PAMG","2026-05-29","2026-05-29","561","FULL","52","-1.8867924528301887","AVOID","-","passive","FALSE","","V-SHAPE","2026-04-28","","31d","31","DOWNTREND","BEARISH","BEARISH","BEARISH","DOWNTREND DISCOUNT","NORMAL DOWNTREND","57.74","TRUE","FALSE","FALSE","LAGGING","LAGGARD (Passive)","0.28","0.28","DRY / QUIET","50","50","31.39","17.16","14.09","21.46","57.67","59.72","64.65","2049800","7315610","938","Supertrend bearish | RSI 31.4 lemah | Volume 0.28x | Lolos anti-crash ADX | RISEN NORMAL DOWNTREND","Full Grid (1-2-3-4)","100000000","65","58","56","53","0.1","0.2","0.3","0.4","1538","3448","5357","7547","17890","99993700","6300","55.89","55.89","49","89","113","113","24.62","12.33","73.85","102.17","3","8.28"
"PPRE","2026-05-29","2026-05-29","561","FULL","101","1","AVOID","-","passive","FALSE","","SMART SNIPER","2026-04-28","Discount Only","31d","31","DOWNTREND","BEARISH","BEARISH","BEARISH","STRUCTURE + DISCOUNT","NORMAL DOWNTREND","82.03","TRUE","FALSE","FALSE","LAGGING","LAGGARD (Passive)","0.09","0.09","DRY / QUIET","75","25","36.86","14.55","20.29","26.08","117.54","133.79","131.35","16152000","188555000","938","Supertrend bearish | RSI 36.9 lemah | Volume 0.09x | Lolos anti-crash ADX | RISEN NORMAL DOWNTREND","Full Grid (1-2-3-4)","100000000","159","125","117","106","0.1","0.2","0.3","0.4","628","1600","2564","3773","8565","99977800","22200","116.73","116.73","88","266","372","372","44.65","24.61","133.96","218.69","3","8.89"
"PTSP","2026-05-29","2026-05-29","561","FULL","890","0","AVOID","-","passive","FALSE","","V-SHAPE","2026-04-28","","31d","31","DOWNTREND","BEARISH","BEARISH","BEARISH","STRUCTURE + DISCOUNT","SIDEWAYS","40.89","TRUE","FALSE","FALSE","LAGGING","LAGGARD (Passive)","0.11","0.11","DRY / QUIET","0","100","45.31","42.02","32.32","13.05","907.45","922.4","959.66","13700","129630","938","Supertrend bearish | RSI 45.3 lemah | Volume 0.11x | Lolos anti-crash ADX | RISEN SIDEWAYS","Full Grid (1-2-3-4)","100000000","900","880","875","870","0.1","0.2","0.3","0.4","111","227","342","459","1139","99824000","176000","876.42","876.42","850","975","995","995","5.56","3.01","10.56","13.53","1.9","4.49"
"TAYS","2026-05-29","2026-05-29","561","FULL","51","0","AVOID","-","passive","FALSE","","V-SHAPE","2026-04-28","","31d","31","DOWNTREND","BEARISH","BEARISH","BEARISH","DOWNTREND DISCOUNT","NORMAL DOWNTREND","65","TRUE","FALSE","FALSE","LAGGING","LAGGARD (Passive)","0.17","0.17","DRY / QUIET","100","0","26.99","18.53","19.99","25.72","57.54","61.99","67.78","3199400","18455880","938","Supertrend bearish | RSI 27.0 lemah | Volume 0.17x | Lolos anti-crash ADX | RISEN NORMAL DOWNTREND","Full Grid (1-2-3-4)","100000000","65","62","61","60","0.1","0.2","0.3","0.4","1538","3225","4918","6666","16347","99987800","12200","61.17","61.17","58","76","86","86","10.77","5.18","32.31","40.6","3","7.84"
"TRUE","2026-05-29","2026-05-29","561","FULL","100","4.166666666666666","AVOID","-","passive","FALSE","","EARLY SWEEP","2026-04-28","","31d","31","DOWNTREND","BEARISH","BEARISH","BEARISH","STRUCTURE + DISCOUNT","NORMAL DOWNTREND","65","TRUE","FALSE","FALSE","LAGGING","LAGGARD (Passive)","0.85","0.85","NORMAL","75","25","28.77","25.68","11.86","32.08","131.06","159.4","159.12","29540200","34912850","938","Supertrend bearish | RSI 28.8 lemah | Volume 0.85x | Lolos anti-crash ADX | RISEN NORMAL DOWNTREND","Full Grid (1-2-3-4)","100000000","185","152","144","133","0.1","0.2","0.3","0.4","540","1315","2083","3007","6945","99966300","33700","143.94","143.94","114","292","482","482","38.38","20.8","160.54","234.86","4.18","11.29"
"WEGE","2026-05-29","2026-05-29","561","FULL","50","0","AVOID","-","passive","FALSE","","V-SHAPE","2026-04-28","","31d","31","DOWNTREND","BEARISH","BEARISH","BEARISH","DOWNTREND DISCOUNT","NORMAL DOWNTREND","64.41","TRUE","FALSE","FALSE","LAGGING","LAGGARD (Passive)","0.18","0.18","DRY / QUIET","0","100","34.5","14.46","14.29","16.57","53.38","56.34","61.63","3161600","17575830","938","Supertrend bearish | RSI 34.5 lemah | Volume 0.18x | Lolos anti-crash ADX | RISEN NORMAL DOWNTREND","Full Grid (1-2-3-4)","100000000","60","57","56","55","0.1","0.2","0.3","0.4","1666","3508","5357","7272","17803","99986800","13200","56.16","56.16","53","71","81","81","11.67","5.63","35","44.22","3","7.85"
"ADMF","2026-05-29","2026-05-29","561","FULL","8375","-0.5934718100890208","AVOID","-","passive","FALSE","","V-SHAPE","2026-04-27","","32d","32","DOWNTREND","BEARISH","BEARISH","BEARISH","STRUCTURE + DISCOUNT","NORMAL DOWNTREND","42.36","TRUE","FALSE","FALSE","LAGGING","LAGGARD (Passive)","0.36","0.36","DRY / QUIET","60","40","43.27","16.52","20.02","24.16","8520.12","8547.06","8748.55","62500","175505","936","Supertrend bearish | RSI 43.3 lemah | Volume 0.36x | Lolos anti-crash ADX | RISEN NORMAL DOWNTREND","Full Grid (1-2-3-4)","100000000","8525","8375","8350","8300","0.1","0.2","0.3","0.4","11","23","35","48","117","97705000","2295000","8350.85","8352.01","8175","9050","9950","9950","4.11","2.11","16.72","19.15","4.07","9.09"
"CEKA","2026-05-29","2026-05-29","561","FULL","2250","-5.063291139240507","AVOID","-","passive","FALSE","","SMART SNIPER","2026-04-27","Discount Only","32d","32","DOWNTREND","BEARISH","BEARISH","BEARISH","STRUCTURE + DISCOUNT","SIDEWAYS","58.95","TRUE","FALSE","FALSE","WEAKENING","WEAKENING (Passive)","0.15","0.15","DRY / QUIET","16.67","83.33","38.43","33.78","13.33","16.59","2339.72","2338.35","2395.57","8700","57525","936","Supertrend bearish | RSI 38.4 lemah | Volume 0.15x | Crash filter aktif | RISEN SIDEWAYS","Full Grid (1-2-3-4)","100000000","2370","2280","2250","2220","0.1","0.2","0.3","0.4","42","87","133","180","442","99675000","325000","2255.09","2255.16","2170","2670","2970","2970","8.44","3.77","25.32","31.7","3","8.4"
"IPCC","2026-05-29","2026-05-29","561","FULL","1210","-0.411522633744856","AVOID","-","passive","FALSE","","V-SHAPE","2026-04-27","","32d","32","DOWNTREND","BEARISH","BEARISH","NEUTRAL","DEMAND STRUCTURE","NORMAL DOWNTREND","37.79","TRUE","FALSE","FALSE","LAGGING","LAGGARD (Passive)","0.64","0.64","DRY / QUIET","75","25","35.45","39.79","8.28","30.75","1255.63","1274.57","1211.01","880500","1382460","936","Supertrend bearish | RSI 35.5 lemah | Volume 0.64x | Crash filter aktif | RISEN NORMAL DOWNTREND","Full Grid (1-2-3-4)","100000000","1335","1295","1280","1270","0.1","0.2","0.3","0.4","74","154","234","314","776","99652000","348000","1284.18","1284.22","1245","1470","1615","1615","6.74","3.05","20.97","25.76","3.11","8.44"
"JAWA","2026-05-29","2026-05-29","561","FULL","132","1.5384615384615385","AVOID","-","passive","FALSE","","V-SHAPE","2026-04-27","","32d","32","DOWNTREND","BEARISH","BEARISH","BEARISH","STRUCTURE + DISCOUNT","NORMAL DOWNTREND","31.37","TRUE","FALSE","FALSE","LAGGING","LAGGARD (Passive)","0.08","0.08","DRY / QUIET","31.25","68.75","36.55","18.88","17.96","22.71","148.83","156.77","158.62","1193900","14127765","936","Supertrend bearish | RSI 36.5 lemah | Volume 0.08x | Lolos anti-crash ADX | RISEN NORMAL DOWNTREND","Full Grid (1-2-3-4)","100000000","206","176","168","158","0.1","0.2","0.3","0.4","485","1136","1785","2531","5937","99962400","37600","168.37","168.37","143","300","396","396","30.58","15.07","92.23","135.19","3.02","8.97"
"PKPK","2026-05-29","2026-05-29","561","FULL","2950","3.508771929824561","AVOID","-","passive","FALSE","","G ACC","2026-04-27","","32d","32","DOWNTREND","BULLISH","BULLISH","BULLISH","DEMAND STRUCTURE","NORMAL UPTREND","59.46","TRUE","TRUE","FALSE","LAGGING","LAGGARD (Passive)","0.48","0.48","DRY / QUIET","26.67","73.33","54.42","27.2","19.53","17.35","2870.52","2591.57","1708.9","1278400","2648795","936","Supertrend bearish | RSI 54.4 > 50 | Volume 0.48x | Lolos anti-crash ADX | RISEN NORMAL UPTREND","Full Grid (1-2-3-4)","100000000","3660","2640","2400","2060","0.1","0.2","0.3","0.4","27","75","125","194","421","99646000","354000","2366.89","2368.24","1570","6800","9925","9925","57.1","33.67","171.17","319.33","3","9.48"
"SONA","2026-05-29","2026-05-29","561","FULL","2130","-1.8433179723502304","AVOID","-","passive","FALSE","","EARLY SWEEP","2026-04-27","","32d","32","DOWNTREND","BEARISH","BEARISH","BEARISH","STRUCTURE + DISCOUNT","SIDEWAYS","25","TRUE","FALSE","FALSE","WEAKENING","WEAKENING (Passive)","0.26","0.26","DRY / QUIET","100","0","45.11","32.68","26.71","17.99","2221.16","2235.42","2655.07","44400","168140","936","Supertrend bearish | RSI 45.1 lemah | Volume 0.26x | Lolos anti-crash ADX | RISEN SIDEWAYS","Full Grid (1-2-3-4)","100000000","4720","3940","3760","3490","0.1","0.2","0.3","0.4","21","50","79","114","264","99102000","898000","3753.86","3754.48","3110","7125","9550","9550","34.11","17.15","102.33","154.4","3","9"
"JGLE","2026-05-29","2026-05-29","561","FULL","61","-12.857142857142856","AVOID","-","passive","FALSE","","SMART GAMMA","2026-04-16","","43d","43","DOWNTREND","BEARISH","BEARISH","BULLISH","DOWNTREND PREMIUM","SIDEWAYS","0","FALSE","TRUE","TRUE","LAGGING","LAGGARD (Passive)","8.85","8.85","VOLUME SURGE","5.26","94.74","39.23","15.61","28.34","36.14","73.83","68.84","45.83","1795996000","202979100","934","Supertrend bearish | RSI 39.2 lemah | Volume valid 8.85x | Lolos anti-crash ADX | RISEN SIDEWAYS","Full Grid (1-2-3-4)","100000000","70","52","47","41","0.1","0.2","0.3","0.4","1428","3846","6382","9756","21412","99990200","9800","46.7","46.7","32","127","184","184","54.29","31.47","162.86","294.02","3","9.34"
"MSJA","2026-05-29","2026-05-29","555","FULL","408","-1.4492753623188406","AVOID","-","passive","FALSE","","BETA BREAKOUT","2026-04-01","","58d","58","DOWNTREND","BEARISH","BEARISH","BULLISH","DEMAND STRUCTURE","NORMAL UPTREND","24.21","TRUE","TRUE","FALSE","IMPROVING","IMPROVING (Passive)","0.53","0.53","DRY / QUIET","81.82","18.18","36.17","21.89","18.1","28.75","450.74","456.99","391.9","7964500","14916470","934","Supertrend bearish | RSI 36.2 lemah | Volume 0.53x | Lolos anti-crash ADX | RISEN NORMAL UPTREND","Full Grid (1-2-3-4)","100000000","474","418","404","386","0.1","0.2","0.3","0.4","210","478","742","1036","2466","99900800","99200","405.11","405.14","356","650","830","830","24.89","12.12","75.11","104.88","3.02","8.65"
"SMKM","2026-05-29","2026-05-29","561","FULL","79","-4.819277108433735","AVOID","-","passive","FALSE","","SMART SNIPER","2026-04-16","Discount Only","43d","43","DOWNTREND","BEARISH","BEARISH","BEARISH","STRUCTURE + DISCOUNT","SIDEWAYS","70.38","TRUE","FALSE","TRUE","LAGGING","LAGGARD (Passive)","2.43","2.43","VOLUME SURGE","50","50","31.85","12.69","13.85","26.29","89.46","98.3","115.78","10498000","4315205","934","Supertrend bearish | RSI 31.9 lemah | Volume valid 2.43x | Lolos anti-crash ADX | RISEN SIDEWAYS","Full Grid (1-2-3-4)","100000000","107","91","87","81","0.1","0.2","0.3","0.4","934","2197","3448","4938","11517","99981900","18100","86.81","86.81","72","160","238","238","32.71","17.06","122.43","174.15","3.74","10.21"
"MITI","2026-05-29","2026-05-29","561","FULL","188","-3.5897435897435894","AVOID","-","passive","FALSE","","EARLY SWEEP","2026-03-31","","59d","59","DOWNTREND","BEARISH","BEARISH","BEARISH","DOWNTREND DISCOUNT","NORMAL DOWNTREND","29.3","TRUE","FALSE","FALSE","IMPROVING","IMPROVING (Passive)","0.29","0.29","DRY / QUIET","50","50","34.5","31.11","9.29","24.96","218.93","248.48","273.02","469100","1604370","932","Supertrend bearish | RSI 34.5 lemah | Volume 0.29x | Crash filter aktif | RISEN NORMAL DOWNTREND","Full Grid (1-2-3-4)","100000000","434","344","322","290","0.1","0.2","0.3","0.4","230","581","931","1379","3121","99937600","62400","320.21","320.23","246","715","1000","1000","43.32","23.18","130.41","212.29","3.01","9.16"
"BLTA","2026-05-29","2026-05-29","561","FULL","37","-7.5","HOLD","-","passive","FALSE","","SMART GAMMA","2026-03-05","","85d","85","UPTREND","BEARISH","BEARISH","BEARISH","STRUCTURE + DISCOUNT","NORMAL DOWNTREND","47.46","TRUE","FALSE","FALSE","LEADING","LEADING (Passive)","0.56","0.56","DRY / QUIET","0","100","42.79","17.32","32.66","46.72","39.24","40.94","37.8","5604100","9919785","930","Supertrend bullish | RSI 42.8 lemah | Volume 0.56x | Lolos anti-crash ADX | RISEN NORMAL DOWNTREND","Full Grid (1-2-3-4)","100000000","49","44","43","41","0.1","0.2","0.3","0.4","2040","4545","6976","9756","23317","99990400","9600","42.88","42.88","38","70","82","82","22.45","11.39","67.35","91.22","3","8.01"
"BMHS","2026-05-29","2026-05-29","561","FULL","185","0","AVOID","-","passive","FALSE","","V-SHAPE","2026-03-05","","85d","85","DOWNTREND","NEUTRAL","BEARISH","BEARISH","DEMAND STRUCTURE","SIDEWAYS","25","TRUE","FALSE","FALSE","LEADING","LEADING (Passive)","0.33","0.33","DRY / QUIET","88.89","11.11","49.36","22.75","22.54","16.28","185.05","186.55","193.68","2226800","6781665","930","Supertrend bearish | RSI 49.4 lemah | Volume 0.33x | Lolos anti-crash ADX | RISEN SIDEWAYS","Full Grid (1-2-3-4)","100000000","193","188","186","184","0.1","0.2","0.3","0.4","518","1063","1612","2173","5366","99948200","51800","186.26","186.26","180","212","234","234","6.74","3.36","21.24","25.63","3.15","7.62"
"BRNA","2026-05-29","2026-05-29","561","FULL","620","-1.5873015873015872","AVOID","-","passive","FALSE","","BETA BREAKOUT","2026-04-24","","35d","35","DOWNTREND","BEARISH","BEARISH","BEARISH","STRUCTURE + DISCOUNT","NORMAL DOWNTREND","51.81","TRUE","FALSE","FALSE","LAGGING","LAGGARD (Passive)","0.3","0.3","DRY / QUIET","80","20","42.98","20.12","17.48","17.39","648.36","663.91","690.55","73900","245670","930","Supertrend bearish | RSI 43.0 lemah | Volume 0.3x | Lolos anti-crash ADX | RISEN NORMAL DOWNTREND","Full Grid (1-2-3-4)","100000000","790","695","675","640","0.1","0.2","0.3","0.4","126","287","444","625","1482","99870500","129500","673.89","673.95","590","1090","1390","1390","25.32","12.45","75.95","106.27","3","8.54"
"CTTH","2026-05-29","2026-05-29","561","FULL","170","3.0303030303030303","AVOID","-","passive","FALSE","","G ACC","2026-04-24","","35d","35","DOWNTREND","BEARISH","BULLISH","BULLISH","DOWNTREND PREMIUM","NORMAL UPTREND","25","TRUE","TRUE","FALSE","WEAKENING","WEAKENING (Passive)","0.07","0.07","DRY / QUIET","0","100","53.7","47.61","35.83","24.63","171.25","142.89","97.68","2801000","42594405","930","Supertrend bearish | RSI 53.7 > 50 | Volume 0.07x | Lolos anti-crash ADX | RISEN NORMAL UPTREND","Full Grid (1-2-3-4)","100000000","161","115","104","88","0.1","0.2","0.3","0.4","621","1739","2884","4545","9789","99986200","13800","102.14","102.14","65","306","450","450","59.63","36.36","179.5","340.57","3.01","9.37"
"FAPA","2026-05-29","2026-05-29","561","FULL","7200","0","HOLD","-","passive","FALSE","","SMART GAMMA","2026-04-24","","35d","35","UPTREND","BULLISH","BULLISH","BULLISH","UPTREND PREMIUM","NORMAL UPTREND","36.56","TRUE","TRUE","FALSE","LAGGING","LAGGARD (Passive)","0.29","0.29","DRY / QUIET","100","0","69.34","54.2","32.9","14.67","7085.3","6878.64","6338.04","3200","11190","930","Supertrend bullish | RSI 69.3 > 50 | Volume 0.29x | Lolos anti-crash ADX | RISEN NORMAL UPTREND","Full Grid (1-2-3-4)","100000000","7025","6575","6450","6300","0.1","0.2","0.3","0.4","14","30","46","63","153","98920000","1080000","6465.36","6465.93","6100","8425","9800","9800","13.17","5.65","39.5","51.58","3","9.13"
"MDLN","2026-05-29","2026-05-29","561","FULL","51","0","AVOID","-","passive","FALSE","","V-SHAPE","2026-03-05","","85d","85","DOWNTREND","BEARISH","BEARISH","BEARISH","STRUCTURE + DISCOUNT","NORMAL DOWNTREND","100","TRUE","FALSE","FALSE","LEADING","LEADING (Passive)","0.79","0.79","DRY / QUIET","100","0","39.73","19.83","21.1","15.77","52.49","54.52","57.64","9376900","11804240","930","Supertrend bearish | RSI 39.7 lemah | Volume 0.79x | Lolos anti-crash ADX | RISEN NORMAL DOWNTREND","Full Grid (1-2-3-4)","100000000","57","55","55","54","0.1","0.2","0.3","0.4","1754","3636","5454","7407","18251","99990600","9400","54.79","54.79","52","65","72","72","8.77","5.09","26.32","31.42","3","6.18"
"PSDN","2026-05-29","2026-05-29","561","FULL","129","0","AVOID","-","passive","FALSE","","SMART GAMMA","2026-04-24","","35d","35","DOWNTREND","BEARISH","BEARISH","BULLISH","STRUCTURE + DISCOUNT","NORMAL UPTREND","40.15","TRUE","TRUE","FALSE","LAGGING","LAGGARD (Passive)","0.05","0.05","DRY / QUIET","37.5","62.5","39.86","24.34","25.5","23.19","151.38","150.5","126.21","3029000","64258290","930","Supertrend bearish | RSI 39.9 lemah | Volume 0.05x | Lolos anti-crash ADX | RISEN NORMAL UPTREND","Full Grid (1-2-3-4)","100000000","199","144","130","112","0.1","0.2","0.3","0.4","502","1388","2307","3571","7768","99963200","36800","128.69","128.69","83","374","545","545","58.29","35.5","173.87","323.51","2.98","9.11"
"ENRG","2026-05-29","2026-05-29","561","FULL","1350","-1.8181818181818181","AVOID","-","passive","FALSE","","SMART GAMMA","2026-04-23","","36d","36","DOWNTREND","BEARISH","BEARISH","BULLISH","STRUCTURE + DISCOUNT","NORMAL DOWNTREND","22.39","TRUE","FALSE","FALSE","LAGGING","LAGGARD (Passive)","1.06","1.06","NORMAL","44.44","55.56","39.23","27.67","9.48","30.18","1548.32","1598.08","1254.84","99710100","94284465","928","Supertrend bearish | RSI 39.2 lemah | Volume 1.06x | Lolos anti-crash ADX | RISEN NORMAL DOWNTREND","Full Grid (1-2-3-4)","100000000","2090","1695","1600","1470","0.1","0.2","0.3","0.4","47","117","187","272","623","99558500","441500","1598.05","1598.85","1275","3310","4540","4540","39","20.22","117.22","184.1","3.01","9.11"
"HYGN","2026-05-29","2026-05-29","535","FULL","145","-2.027027027027027","HOLD","-","passive","FALSE","","V-SHAPE","2026-04-23","","36d","36","UPTREND","BEARISH","BEARISH","BEARISH","STRUCTURE + DISCOUNT","SIDEWAYS","54.84","TRUE","TRUE","FALSE","WEAKENING","WEAKENING (Passive)","0.27","0.27","DRY / QUIET","62.5","37.5","44.42","56.03","26.8","14.47","149.41","148.71","151.64","1008400","3772610","928","Supertrend bullish | RSI 44.4 lemah | Volume 0.27x | Lolos anti-crash ADX | RISEN SIDEWAYS","Full Grid (1-2-3-4)","100000000","146","142","140","139","0.1","0.2","0.3","0.4","684","1408","2142","2877","7111","99958300","41700","140.57","140.57","136","161","177","177","6.85","3.25","21.23","25.92","3.1","7.97"
"LOPI","2026-05-29","2026-05-29","561","FULL","99","0","AVOID","-","passive","FALSE","","SMART GAMMA","2026-04-23","","36d","36","DOWNTREND","BEARISH","BEARISH","BEARISH","STRUCTURE + DISCOUNT","SIDEWAYS","48.22","TRUE","FALSE","FALSE","LAGGING","LAGGARD (Passive)","0.41","0.41","DRY / QUIET","50","50","38.14","15.05","17.18","18.75","109.18","115.95","109.85","1364700","3349860","928","Supertrend bearish | RSI 38.1 lemah | Volume 0.41x | Lolos anti-crash ADX | RISEN SIDEWAYS","Full Grid (1-2-3-4)","100000000","126","110","106","101","0.1","0.2","0.3","0.4","793","1818","2830","3960","9401","99983800","16200","106.35","106.36","92","177","228","228","26.98","13.5","80.95","114.38","3","8.47"
"OILS","2026-05-29","2026-05-29","561","FULL","187","-3.608247422680412","AVOID","-","passive","FALSE","","V-SHAPE","2026-04-23","","36d","36","DOWNTREND","BEARISH","BEARISH","BEARISH","STRUCTURE + DISCOUNT","NORMAL DOWNTREND","65","TRUE","FALSE","FALSE","LAGGING","LAGGARD (Passive)","0.4","0.4","DRY / QUIET","18.18","81.82","21.58","31.5","13.59","32.33","231.51","243.7","212.76","2524300","6254555","928","Supertrend bearish | RSI 21.6 lemah | Volume 0.4x | Crash filter aktif | RISEN NORMAL DOWNTREND","Full Grid (1-2-3-4)","100000000","302","234","218","196","0.1","0.2","0.3","0.4","331","854","1376","2040","4601","99960600","39400","217.26","217.26","162","510","720","720","46.36","25.43","138.41","231.4","2.99","9.1"
"WGSH","2026-05-29","2026-05-29","561","FULL","126","9.565217391304348","HOLD","-","passive","FALSE","","EARLY SWEEP","2026-03-04","","86d","86","UPTREND","BULLISH","BEARISH","BEARISH","UPTREND DISCOUNT","SIDEWAYS","0","FALSE","FALSE","FALSE","LEADING","LEADING (Passive)","1.72","1.72","EXPANSION","100","0","55.26","30.94","30.07","25.4","110.31","144","194.87","3541000","2056605","928","Supertrend bullish | RSI 55.3 > 50 | Volume valid 1.72x | Lolos anti-crash ADX | RISEN SIDEWAYS","Full Grid (1-2-3-4)","100000000","312","260","246","228","0.1","0.2","0.3","0.4","320","769","1219","1754","4062","99956600","43400","246.08","246.08","202","478","640","640","35.26","17.91","105.13","160.08","2.98","8.94"
"BTPN","2026-05-29","2026-05-29","561","FULL","2340","-0.425531914893617","HOLD","-","passive","FALSE","","V-SHAPE","2026-04-22","","37d","37","UPTREND","BULLISH","BULLISH","BULLISH","UPTREND PREMIUM","NORMAL UPTREND","31.34","TRUE","TRUE","FALSE","WEAKENING","WEAKENING (Passive)","0.33","0.33","DRY / QUIET","87.5","12.5","62.02","33.01","25.34","15.87","2218.75","2137.36","2117.33","65400","197925","926","Supertrend bullish | RSI 62.0 > 50 | Volume 0.33x | Lolos anti-crash ADX | RISEN NORMAL UPTREND","Full Grid (1-2-3-4)","100000000","2130","2020","1990","1950","0.1","0.2","0.3","0.4","46","99","150","205","500","99621000","379000","1992.42","1992.67","1880","2510","2880","2880","11.74","5.64","35.21","44.55","3","7.9"
"COAL","2026-05-29","2026-05-29","561","FULL","50","0","AVOID","-","passive","FALSE","","SMART SNIPER","2026-04-22","Structure + Discount","37d","37","DOWNTREND","BEARISH","BEARISH","BEARISH","DOWNTREND DISCOUNT","NORMAL DOWNTREND","68.94","TRUE","FALSE","FALSE","LAGGING","LAGGARD (Passive)","0.02","0.02","DRY / QUIET","50","50","36.04","11.17","19.2","21.56","55.08","60.34","63.6","6438900","327542710","926","Supertrend bearish | RSI 36.0 lemah | Volume 0.02x | Lolos anti-crash ADX | RISEN NORMAL DOWNTREND","Full Grid (1-2-3-4)","100000000","71","62","60","57","0.1","0.2","0.3","0.4","1408","3225","5000","7017","16650","99988700","11300","60.05","60.05","52","100","128","128","26.76","13.41","80.28","113.14","3","8.44"
"DILD","2026-05-29","2026-05-29","561","FULL","120","0","AVOID","-","passive","FALSE","","SMART SNIPER","2026-04-22","Discount Only","37d","37","DOWNTREND","BEARISH","BEARISH","BEARISH","STRUCTURE + DISCOUNT","NORMAL DOWNTREND","81.87","TRUE","FALSE","FALSE","LAGGING","LAGGARD (Passive)","0.46","0.46","DRY / QUIET","0","100","36.47","15.92","14.07","19.79","124.3","127.71","135.25","8645400","18896455","926","Supertrend bearish | RSI 36.5 lemah | Volume 0.46x | Lolos anti-crash ADX | RISEN NORMAL DOWNTREND","Full Grid (1-2-3-4)","100000000","137","130","128","125","0.1","0.2","0.3","0.4","729","1538","2343","3200","7810","99971700","28300","128","128.01","121","161","185","185","11.68","5.47","35.04","44.53","3","8.14"
"KOTA","2026-05-29","2026-05-29","561","FULL","110","4.761904761904762","AVOID","-","passive","FALSE","","G ACC","2026-04-22","","37d","37","DOWNTREND","BEARISH","BULLISH","BULLISH","DEMAND STRUCTURE","NORMAL UPTREND","31.65","TRUE","TRUE","FALSE","LAGGING","LAGGARD (Passive)","0.18","0.18","DRY / QUIET","71.43","28.57","45.75","32.12","20.49","26.2","121.61","104.66","64.03","180406400","1010948155","926","Supertrend bearish | RSI 45.8 lemah | Volume 0.18x | Crash filter aktif | RISEN NORMAL UPTREND","Full Grid (1-2-3-4)","100000000","136","95","85","72","0.1","0.2","0.3","0.4","735","2105","3529","5555","11924","99986000","14000","83.85","83.85","52","262","388","388","61.76","37.99","185.29","362.72","3","9.55"
"PNBN","2026-05-29","2026-05-29","561","FULL","945","-1.5625","AVOID","-","passive","FALSE","","SMART SNIPER","2026-04-22","Demand Structure","37d","37","DOWNTREND","BEARISH","BEARISH","BEARISH","STRUCTURE + DISCOUNT","NORMAL DOWNTREND","18.49","TRUE","FALSE","FALSE","WEAKENING","WEAKENING (Passive)","0.86","0.86","NORMAL","0","100","38.16","20.97","18.64","21.24","983.2","999.83","1090.41","3906500","4566530","926","Supertrend bearish | RSI 38.2 lemah | Volume 0.86x | Lolos anti-crash ADX | RISEN NORMAL DOWNTREND","Full Grid (1-2-3-4)","100000000","1080","1010","990","965","0.1","0.2","0.3","0.4","92","198","303","414","1007","99882000","118000","991.88","991.92","930","1305","1530","1530","13.89","6.24","41.67","54.25","3","8.7"
"PNIN","2026-05-29","2026-05-29","561","FULL","765","-1.9230769230769231","AVOID","-","passive","FALSE","","BETA BREAKOUT","2026-04-22","","37d","37","DOWNTREND","BEARISH","BEARISH","BEARISH","STRUCTURE + DISCOUNT","SIDEWAYS","52.58","TRUE","FALSE","FALSE","LAGGING","LAGGARD (Passive)","0.33","0.33","DRY / QUIET","25","75","43.28","14.25","16.75","19.4","779.87","782.44","820.3","182300","558340","926","Supertrend bearish | RSI 43.3 lemah | Volume 0.33x | Lolos anti-crash ADX | RISEN SIDEWAYS","Full Grid (1-2-3-4)","100000000","815","760","745","725","0.1","0.2","0.3","0.4","122","263","402","551","1338","99827500","172500","746.09","746.12","695","995","1175","1175","14.72","6.85","44.17","57.49","3","8.39"
"WIRG","2026-05-29","2026-05-29","561","FULL","61","-1.6129032258064515","AVOID","-","passive","FALSE","","SMART SNIPER","2026-04-22","Discount Only","37d","37","DOWNTREND","BEARISH","BEARISH","BEARISH","STRUCTURE + DISCOUNT","NORMAL DOWNTREND","33.27","TRUE","FALSE","FALSE","LAGGING","LAGGARD (Passive)","0.97","0.97","NORMAL","33.33","66.67","23.23","29.62","12.49","30.72","70.67","77.01","94.49","43064700","44379345","926","Supertrend bearish | RSI 23.2 lemah | Volume 0.97x | Lolos anti-crash ADX | RISEN NORMAL DOWNTREND","Full Grid (1-2-3-4)","100000000","86","79","77","74","0.1","0.2","0.3","0.4","1162","2531","3896","5405","12994","99984300","15700","76.95","76.95","70","110","134","134","18.6","9.03","55.81","74.15","3","8.21"
"ARGO","2026-05-29","2026-05-29","561","FULL","875","8.695652173913043","AVOID","-","passive","FALSE","","SMART SNIPER","2026-04-21","Discount Only","38d","38","DOWNTREND","BEARISH","BEARISH","BEARISH","STRUCTURE + DISCOUNT","SIDEWAYS","37.24","TRUE","FALSE","FALSE","LAGGING","LAGGARD (Passive)","0.49","0.49","DRY / QUIET","48.39","51.61","42.66","20.73","25.63","27.72","926.48","972.81","1028.88","32700","66215","924","Supertrend bearish | RSI 42.7 lemah | Volume 0.49x | Lolos anti-crash ADX | RISEN SIDEWAYS","Full Grid (1-2-3-4)","100000000","1155","980","935","875","0.1","0.2","0.3","0.4","86","204","320","457","1067","99832500","167500","935.64","935.75","785","1710","2270","2270","32.03","16.1","96.54","142.62","3.01","8.86"
"ASGR","2026-05-29","2026-05-29","561","FULL","1455","-2.0202020202020203","AVOID","-","passive","FALSE","","SMART GAMMA","2026-04-21","","38d","38","DOWNTREND","BEARISH","BEARISH","BULLISH","DEMAND STRUCTURE","NORMAL UPTREND","64.02","TRUE","TRUE","FALSE","LAGGING","LAGGARD (Passive)","1.2","1.2","NORMAL","60","40","35.42","27.1","14.86","39.24","1580.37","1602.26","1389.88","1474200","1233160","924","Supertrend bearish | RSI 35.4 lemah | Volume 1.2x | Lolos anti-crash ADX | RISEN NORMAL UPTREND","Full Grid (1-2-3-4)","100000000","1900","1670","1615","1540","0.1","0.2","0.3","0.4","52","119","185","259","615","99516500","483500","1618.15","1618.41","1425","2610","3330","3330","25","11.94","75.26","105.79","3.01","8.86"
"HDIT","2026-05-29","2026-05-29","561","FULL","52","-1.8867924528301887","AVOID","-","passive","FALSE","","SMART SNIPER","2026-04-21","Structure + Discount","38d","38","DOWNTREND","BEARISH","BEARISH","BEARISH","DOWNTREND DISCOUNT","NORMAL DOWNTREND","79.42","TRUE","FALSE","FALSE","LAGGING","LAGGARD (Passive)","0.13","0.13","DRY / QUIET","50","50","35.97","19.87","14.43","18.53","57.65","60.68","57.6","2169200","17327385","924","Supertrend bearish | RSI 36.0 lemah | Volume 0.13x | Lolos anti-crash ADX | RISEN NORMAL DOWNTREND","Full Grid (1-2-3-4)","100000000","66","60","58","56","0.1","0.2","0.3","0.4","1515","3333","5172","7142","17162","99989800","10200","58.26","58.26","52","90","92","92","21.21","10.75","39.39","57.91","1.86","5.39"
"IKAI","2026-05-29","2026-05-29","561","FULL","21","5","AVOID","-","passive","FALSE","","SMART SNIPER","2026-04-21","Structure + Discount","38d","38","DOWNTREND","BEARISH","BEARISH","BULLISH","DOWNTREND DISCOUNT","SIDEWAYS","25.38","TRUE","FALSE","FALSE","LAGGING","LAGGARD (Passive)","0.3","0.3","DRY / QUIET","50","50","42.64","20.53","27.26","39.62","22.43","22.85","20.54","5952700","19737755","924","Supertrend bearish | RSI 42.6 lemah | Volume 0.3x | Lolos anti-crash ADX | RISEN SIDEWAYS","Full Grid (1-2-3-4)","100000000","23","22","21","21","0.1","0.2","0.3","0.4","4347","9090","14285","19047","46769","99993300","6700","21.38","21.38","20","28","32","32","13.04","6.46","39.13","49.67","3","7.69"
"INDY","2026-05-29","2026-05-29","561","FULL","2280","-3.389830508474576","AVOID","-","passive","FALSE","","V-SHAPE","2026-04-21","","38d","38","DOWNTREND","BEARISH","BEARISH","BEARISH","STRUCTURE + DISCOUNT","NORMAL DOWNTREND","19.13","TRUE","FALSE","FALSE","LAGGING","LAGGARD (Passive)","0.52","0.52","DRY / QUIET","22.22","77.78","27.11","35.44","9.3","33.84","2920.61","3200.43","2742.36","13820300","26545825","924","Supertrend bearish | RSI 27.1 lemah | Volume 0.52x | Crash filter aktif | RISEN NORMAL DOWNTREND","Full Grid (1-2-3-4)","100000000","3740","3400","3310","3200","0.1","0.2","0.3","0.4","26","58","90","125","299","99234000","766000","3318.86","3320.1","3000","4850","5950","5950","19.79","9.61","59.09","79.28","2.99","8.25"
"JSPT","2026-05-29","2026-05-29","561","FULL","1260","-0.7874015748031495","AVOID","-","passive","FALSE","","SMART SNIPER","2026-04-21","Structure + Discount","38d","38","DOWNTREND","BEARISH","BEARISH","BEARISH","STRUCTURE + DISCOUNT","NORMAL DOWNTREND","95.43","TRUE","FALSE","FALSE","LAGGING","LAGGARD (Passive)","0.47","0.47","DRY / QUIET","21.43","78.57","34.23","17","25.21","19.27","1376.07","1567.14","2970.81","7300","15580","924","Supertrend bearish | RSI 34.2 lemah | Volume 0.47x | Lolos anti-crash ADX | RISEN NORMAL DOWNTREND","Full Grid (1-2-3-4)","100000000","1680","1445","1390","1310","0.1","0.2","0.3","0.4","59","138","215","305","717","99693000","307000","1390.42","1390.62","1180","2430","3180","3180","29.76","15.13","89.29","128.71","3","8.5"
"KICI","2026-05-29","2026-05-29","561","FULL","200","0","AVOID","-","passive","FALSE","","SMART GAMMA","2026-04-21","","38d","38","DOWNTREND","BEARISH","BEARISH","BULLISH","STRUCTURE + DISCOUNT","SIDEWAYS","92.81","TRUE","FALSE","FALSE","WEAKENING","WEAKENING (Passive)","0.16","0.16","DRY / QUIET","33.33","66.67","43.65","35.51","28.59","17.33","211.46","211.71","195.53","168800","1072725","924","Supertrend bearish | RSI 43.6 lemah | Volume 0.16x | Lolos anti-crash ADX | RISEN SIDEWAYS","Full Grid (1-2-3-4)","100000000","322","242","222","195","0.1","0.2","0.3","0.4","310","826","1351","2051","4538","99957900","42100","220.27","220.28","155","575","825","825","51.86","29.63","156.21","274.54","3.01","9.27"
"LAND","2026-05-29","2026-05-29","561","FULL","62","3.3333333333333335","AVOID","-","passive","FALSE","","SMART GAMMA","2026-04-21","","38d","38","DOWNTREND","BEARISH","BEARISH","BULLISH","STRUCTURE + DISCOUNT","SIDEWAYS","25","TRUE","TRUE","FALSE","LAGGING","LAGGARD (Passive)","0.15","0.15","DRY / QUIET","100","0","37.96","23.91","15.56","28.62","75.94","74.29","55.76","12672000","83325325","924","Supertrend bearish | RSI 38.0 lemah | Volume 0.15x | Lolos anti-crash ADX | RISEN SIDEWAYS","Full Grid (1-2-3-4)","100000000","97","77","72","66","0.1","0.2","0.3","0.4","1030","2597","4166","6060","13853","99979100","20900","72.17","72.17","56","159","220","220","42.27","22.41","126.8","204.83","3","9.14"
"OBMD","2026-05-29","2026-05-29","561","FULL","206","-2.8301886792452833","AVOID","-","passive","FALSE","","V-SHAPE","2026-03-02","","88d","88","DOWNTREND","BEARISH","BEARISH","BEARISH","STRUCTURE + DISCOUNT","NORMAL DOWNTREND","50.1","TRUE","FALSE","FALSE","LEADING","LEADING (Passive)","0.71","0.71","DRY / QUIET","50","50","33.52","38.43","8.83","29.24","217.85","232.14","244.79","514100","727465","924","Supertrend bearish | RSI 33.5 lemah | Volume 0.71x | Crash filter aktif | RISEN NORMAL DOWNTREND","Full Grid (1-2-3-4)","100000000","276","268","264","262","0.1","0.2","0.3","0.4","362","746","1136","1526","3770","99955600","44400","265.13","265.13","254","310","342","342","7.97","4.2","23.91","28.99","3","6.9"
"RODA","2026-05-29","2026-05-29","561","FULL","61","0","AVOID","-","passive","FALSE","","SMART GAMMA","2026-04-21","","38d","38","DOWNTREND","BEARISH","BEARISH","BULLISH","STRUCTURE + DISCOUNT","NORMAL UPTREND","41","TRUE","TRUE","FALSE","LAGGING","LAGGARD (Passive)","0.07","0.07","DRY / QUIET","37.5","62.5","39.13","21.6","19.21","23.24","70.17","68.28","56.02","5775100","84814960","924","Supertrend bearish | RSI 39.1 lemah | Volume 0.07x | Lolos anti-crash ADX | RISEN NORMAL UPTREND","Full Grid (1-2-3-4)","100000000","94","72","67","59","0.1","0.2","0.3","0.4","1063","2777","4477","6779","15096","99978600","21400","66.23","66.23","48","163","232","232","48.94","27.52","146.81","250.3","3","9.09"
"SKRN","2026-05-29","2026-05-29","561","FULL","412","-1.9047619047619049","AVOID","-","passive","FALSE","","SMART GAMMA","2026-04-21","","38d","38","DOWNTREND","BEARISH","BEARISH","BEARISH","STRUCTURE + DISCOUNT","SIDEWAYS","25","TRUE","FALSE","FALSE","LAGGING","LAGGARD (Passive)","0.82","0.82","NORMAL","46.15","53.85","30.15","27.96","12.23","33.76","454.53","466.66","489.24","166900","204770","924","Supertrend bearish | RSI 30.1 lemah | Volume 0.82x | Lolos anti-crash ADX | RISEN SIDEWAYS","Full Grid (1-2-3-4)","100000000","550","482","464","442","0.1","0.2","0.3","0.4","181","414","646","904","2145","99841000","159000","465.46","465.49","406","765","980","980","26.18","12.77","78.18","110.54","2.99","8.65"
"SMDR","2026-05-29","2026-05-29","561","FULL","300","-1.3157894736842104","AVOID","-","passive","FALSE","","SMART GAMMA","2026-03-02","","88d","88","DOWNTREND","BEARISH","BEARISH","BEARISH","STRUCTURE + DISCOUNT","NORMAL DOWNTREND","58","TRUE","FALSE","FALSE","LEADING","LEADING (Passive)","0.45","0.45","DRY / QUIET","20","80","33.47","30.54","10.5","30.52","321.72","339.71","341.8","5583700","12379050","924","Supertrend bearish | RSI 33.5 lemah | Volume 0.45x | Crash filter aktif | RISEN NORMAL DOWNTREND","Full Grid (1-2-3-4)","100000000","428","366","350","328","0.1","0.2","0.3","0.4","233","546","857","1219","2855","99934200","65800","350.03","350.05","298","625","820","820","30.37","14.86","91.59","134.26","3.02","9.03"
"TNCA","2026-05-29","2026-05-29","561","FULL","164","1.8633540372670807","AVOID","-","passive","FALSE","","SMART SNIPER","2026-04-21","Structure + Discount","38d","38","DOWNTREND","BEARISH","BEARISH","BEARISH","STRUCTURE + DISCOUNT","NORMAL DOWNTREND","28.2","TRUE","FALSE","FALSE","LAGGING","LAGGARD (Passive)","0.12","0.12","DRY / QUIET","80","20","36.11","12.54","21.56","20.88","179.8","187.51","200.1","46400","381790","924","Supertrend bearish | RSI 36.1 lemah | Volume 0.12x | Lolos anti-crash ADX | RISEN NORMAL DOWNTREND","Full Grid (1-2-3-4)","100000000","204","186","182","176","0.1","0.2","0.3","0.4","490","1075","1648","2272","5485","99971800","28200","182.26","182.26","166","262","318","318","18.63","8.92","55.88","74.47","3","8.35"
"TOTL","2026-05-29","2026-05-29","561","FULL","1040","-1.4218009478672986","AVOID","-","passive","FALSE","","G ACC","2026-04-21","","38d","38","DOWNTREND","BEARISH","BEARISH","BULLISH","DEMAND STRUCTURE","SIDEWAYS","25","TRUE","FALSE","FALSE","WEAKENING","WEAKENING (Passive)","0.29","0.29","DRY / QUIET","0","100","36.04","33.41","13.52","29.58","1121.14","1115.29","983.21","1280400","4386975","924","Supertrend bearish | RSI 36.0 lemah | Volume 0.29x | Crash filter aktif | RISEN SIDEWAYS","Full Grid (1-2-3-4)","100000000","1220","1105","1080","1040","0.1","0.2","0.3","0.4","81","180","277","384","922","99624000","376000","1080.52","1080.67","985","1575","1925","1925","19.26","8.84","57.79","78.15","3","8.84"
"AKPI","2026-05-29","2026-05-29","561","FULL","520","0","HOLD","-","passive","FALSE","","SMART SNIPER","2026-04-20","Demand Structure","39d","39","UPTREND","BEARISH","BEARISH","BEARISH","STRUCTURE + DISCOUNT","SIDEWAYS","42.45","TRUE","FALSE","FALSE","WEAKENING","WEAKENING (Passive)","0.25","0.25","DRY / QUIET","100","0","45.96","34.18","23.53","12.04","530.12","529.56","553.78","45700","180065","922","Supertrend bullish | RSI 46.0 lemah | Volume 0.25x | Lolos anti-crash ADX | RISEN SIDEWAYS","Full Grid (1-2-3-4)","100000000","560","515","505","490","0.1","0.2","0.3","0.4","178","388","594","816","1976","99931000","69000","505.72","505.74","464","705","850","850","17.14","8.25","51.79","68.08","3.02","8.25"
"BABY","2026-05-29","2026-05-29","561","FULL","153","-0.6493506493506493","AVOID","-","passive","FALSE","","SMART SNIPER","2026-04-20","Discount Only","39d","39","DOWNTREND","BEARISH","BEARISH","BEARISH","DOWNTREND DISCOUNT","NORMAL DOWNTREND","58.73","TRUE","FALSE","FALSE","LAGGING","LAGGARD (Passive)","0.13","0.13","DRY / QUIET","0","100","34.73","15.67","32.2","33.24","197.34","225.21","279.27","591100","4557125","922","Supertrend bearish | RSI 34.7 lemah | Volume 0.13x | Lolos anti-crash ADX | RISEN NORMAL DOWNTREND","Full Grid (1-2-3-4)","100000000","262","222","212","199","0.1","0.2","0.3","0.4","381","900","1415","2010","4706","99959200","40800","212.41","212.42","178","388","515","515","32.06","16.2","96.56","142.46","3.01","8.79"
"BAPA","2026-05-29","2026-05-29","561","FULL","238","0","HOLD","-","passive","FALSE","","G ACC","2026-04-20","","39d","39","UPTREND","BULLISH","BULLISH","BULLISH","UPTREND PREMIUM","NORMAL UPTREND","0","FALSE","TRUE","FALSE","WEAKENING","WEAKENING (Passive)","0","0","NO VOLUME","50","50","76.96","65.47","50.96","8.49","221.1","178.88","112.86","0","55962060","922","Supertrend bullish | RSI 77.0 > 50 | Volume 0x | Lolos anti-crash ADX | RISEN NORMAL UPTREND","Full Grid (1-2-3-4)","100000000","199","135","119","98","0.1","0.2","0.3","0.4","502","1481","2521","4081","8585","99977000","23000","116.46","116.46","66","398","600","600","66.83","43.33","201.51","415.22","3.02","9.58"
"BIPP","2026-05-29","2026-05-29","561","FULL","61","-3.1746031746031744","AVOID","-","passive","FALSE","","SMART GAMMA","2026-04-20","","39d","39","DOWNTREND","BEARISH","BEARISH","BEARISH","STRUCTURE + DISCOUNT","NORMAL UPTREND","25","TRUE","TRUE","FALSE","LAGGING","LAGGARD (Passive)","0.13","0.13","DRY / QUIET","40","60","38.84","25.55","15.25","24.19","72.48","73.48","62.37","4723500","36778260","922","Supertrend bearish | RSI 38.8 lemah | Volume 0.13x | Lolos anti-crash ADX | RISEN NORMAL UPTREND","Full Grid (1-2-3-4)","100000000","86","69","64","58","0.1","0.2","0.3","0.4","1162","2898","4687","6896","15643","99983000","17000","63.92","63.92","49","142","197","197","43.02","23.34","129.07","208.22","3","8.92"
"INDX","2026-05-29","2026-05-29","561","FULL","83","0","AVOID","-","passive","FALSE","","SMART GAMMA","2026-04-20","","39d","39","DOWNTREND","BEARISH","BEARISH","BEARISH","STRUCTURE + DISCOUNT","NORMAL DOWNTREND","37.74","TRUE","FALSE","FALSE","LAGGING","LAGGARD (Passive)","0.25","0.25","DRY / QUIET","50","50","33.5","12.18","22.79","23.34","95.85","107.05","126.3","1519000","6006255","922","Supertrend bearish | RSI 33.5 lemah | Volume 0.25x | Lolos anti-crash ADX | RISEN NORMAL DOWNTREND","Full Grid (1-2-3-4)","100000000","142","117","111","103","0.1","0.2","0.3","0.4","704","1709","2702","3883","8998","99979200","20800","111.11","111.11","90","220","298","298","36.62","19","109.86","168.2","3","8.85"
"KING","2026-05-29","2026-05-29","561","FULL","565","0","HOLD","-","passive","FALSE","","G ACC","2026-04-20","","39d","39","UPTREND","BULLISH","BULLISH","BULLISH","UPTREND PREMIUM","NORMAL UPTREND","25","TRUE","TRUE","FALSE","LAGGING","LAGGARD (Passive)","0","0","NO VOLUME","50","50","87.99","54.6","48.05","8.25","477.47","394.73","274.62","0","4092660","922","Supertrend bullish | RSI 88.0 > 50 | Volume 0x | Lolos anti-crash ADX | RISEN NORMAL UPTREND","Full Grid (1-2-3-4)","100000000","360","288","270","246","0.1","0.2","0.3","0.4","277","694","1111","1626","3708","99955800","44200","269.57","269.59","210","585","810","810","41.67","22.1","125","200.48","3","9.07"
"KOPI","2026-05-29","2026-05-29","561","FULL","183","-2.6595744680851063","AVOID","-","passive","FALSE","","SMART SNIPER","2026-04-20","Discount Only","39d","39","DOWNTREND","BEARISH","BEARISH","BEARISH","DOWNTREND DISCOUNT","NORMAL DOWNTREND","0","FALSE","FALSE","FALSE","LAGGING","LAGGARD (Passive)","0.38","0.38","DRY / QUIET","42.86","57.14","32.28","20.19","24.89","22.28","226.06","243.51","321.24","369200","977590","922","Supertrend bearish | RSI 32.3 lemah | Volume 0.38x | Lolos anti-crash ADX | RISEN NORMAL DOWNTREND","Full Grid (1-2-3-4)","100000000","278","254","248","240","0.1","0.2","0.3","0.4","359","787","1209","1666","4021","99937200","62800","248.54","248.54","226","356","434","434","18.71","9.07","56.12","74.62","3","8.23"
"MDIA","2026-05-29","2026-05-29","561","FULL","87","-7.446808510638298","AVOID","-","passive","FALSE","","SMART GAMMA","2026-04-20","","39d","39","DOWNTREND","BEARISH","BEARISH","BULLISH","DOWNTREND","NORMAL UPTREND","0","FALSE","TRUE","FALSE","LAGGING","LAGGARD (Passive)","0.25","0.25","DRY / QUIET","20","80","39.01","28.57","22.03","24.52","111.65","99.44","67.79","126522200","503522590","922","Supertrend bearish | RSI 39.0 lemah | Volume 0.25x | Lolos anti-crash ADX | RISEN NORMAL UPTREND","Full Grid (1-2-3-4)","100000000","120","85","77","65","0.1","0.2","0.3","0.4","833","2352","3896","6153","13234","99981700","18300","75.55","75.55","48","228","336","336","60","36.47","180","344.74","3","9.45"
"POLU","2026-05-29","2026-05-29","561","FULL","10500","-2.7777777777777777","AVOID","-","passive","FALSE","","SMART GAMMA","2026-04-20","","39d","39","DOWNTREND","BEARISH","BEARISH","BEARISH","STRUCTURE + DISCOUNT","NORMAL DOWNTREND","54.55","TRUE","FALSE","FALSE","LAGGING","LAGGARD (Passive)","0.64","0.64","DRY / QUIET","56.52","43.48","32.6","16.32","19","41","13088.13","14830.46","15785.64","4100","6400","922","Supertrend bearish | RSI 32.6 lemah | Volume 0.64x | Lolos anti-crash ADX | RISEN NORMAL DOWNTREND","Full Grid (1-2-3-4)","100000000","20900","16950","16025","14700","0.1","0.2","0.3","0.4","4","11","18","27","60","95540000","4460000","15923.33","15995.97","12700","33200","45500","45500","39.23","20.24","117.7","185.74","3","9.18"
"VISI","2026-05-29","2026-05-29","526","FULL","745","4.929577464788732","AVOID","-","passive","FALSE","","SMART GAMMA","2026-04-20","","39d","39","DOWNTREND","BEARISH","BULLISH","BULLISH","DEMAND STRUCTURE","NORMAL UPTREND","52.42","TRUE","TRUE","FALSE","WEAKENING","WEAKENING (Passive)","0.42","0.42","DRY / QUIET","75","25","48.56","31.91","19.1","19.12","764.26","708.41","466.23","326800","784725","922","Supertrend bearish | RSI 48.6 lemah | Volume 0.42x | Crash filter aktif | RISEN NORMAL UPTREND","Full Grid (1-2-3-4)","100000000","925","710","660","590","0.1","0.2","0.3","0.4","108","281","454","677","1520","99848000","152000","656.89","656.9","482","1590","2250","2250","47.89","26.62","143.24","242.52","2.99","9.11"
"MSIN","2026-05-29","2026-05-29","561","FULL","410","-2.380952380952381","AVOID","-","passive","FALSE","","G ACC","2026-04-09","","50d","50","DOWNTREND","BEARISH","BEARISH","BEARISH","DOWNTREND DISCOUNT","SIDEWAYS","0","FALSE","TRUE","TRUE","LAGGING","LAGGARD (Passive)","6.29","6.29","VOLUME SURGE","7.08","92.92","23.51","26.65","13.11","35.05","643.37","681.78","675.74","187190300","29751035","920","Supertrend bearish | RSI 23.5 lemah | Volume valid 6.29x | Lolos anti-crash ADX | RISEN SIDEWAYS","Full Grid (1-2-3-4)","100000000","1185","735","630","478","0.1","0.2","0.3","0.4","84","272","476","836","1668","99894800","105200","598.89","598.98","268","2800","3020","3020","77.38","55.25","154.85","404.27","2","7.32"
"MPPA","2026-05-29","2026-05-29","561","FULL","48","0","HOLD","-","passive","FALSE","","EARLY SWEEP","2026-02-27","","91d","91","UPTREND","BEARISH","BEARISH","BEARISH","UPTREND DISCOUNT","SIDEWAYS","48.14","TRUE","FALSE","FALSE","LEADING","LEADING (Passive)","0.23","0.23","DRY / QUIET","0","100","45.85","13.27","30.48","28.77","49.29","50.57","56.22","3363600","14499515","918","Supertrend bullish | RSI 45.9 lemah | Volume 0.23x | Lolos anti-crash ADX | RISEN SIDEWAYS","Full Grid (1-2-3-4)","100000000","58","55","54","53","0.1","0.2","0.3","0.4","1724","3636","5555","7547","18462","99993300","6700","54.16","54.16","51","69","79","79","12.07","5.84","36.21","45.86","3","7.86"
"AKSI","2026-05-29","2026-05-29","561","FULL","242","0.8333333333333334","AVOID","-","passive","FALSE","","SMART SNIPER","2026-04-17","Discount Only","42d","42","DOWNTREND","BEARISH","BEARISH","BEARISH","STRUCTURE + DISCOUNT","NORMAL DOWNTREND","50.77","TRUE","FALSE","FALSE","LAGGING","LAGGARD (Passive)","0.02","0.02","DRY / QUIET","62.5","37.5","34.43","17.65","16","24.8","275.19","301.87","330.93","7700","439965","916","Supertrend bearish | RSI 34.4 lemah | Volume 0.02x | Lolos anti-crash ADX | RISEN NORMAL DOWNTREND","Full Grid (1-2-3-4)","100000000","364","308","294","276","0.1","0.2","0.3","0.4","274","649","1020","1449","3392","99943200","56800","294.64","294.66","246","540","720","720","32.42","16.51","97.8","144.36","3.02","8.74"
"CITA","2026-05-29","2026-05-29","561","FULL","3140","-4.5592705167173255","AVOID","-","passive","FALSE","","SMART SNIPER","2026-04-17","Discount Only","42d","42","DOWNTREND","BEARISH","BEARISH","BEARISH","DOWNTREND DISCOUNT","NORMAL DOWNTREND","0","FALSE","FALSE","FALSE","LAGGING","LAGGARD (Passive)","0.61","0.61","DRY / QUIET","7.14","92.86","29.01","34.01","12.76","40.41","3665.17","3924.84","4116.58","499600","816030","916","Supertrend bearish | RSI 29.0 lemah | Volume 0.61x | Crash filter aktif | RISEN NORMAL DOWNTREND","Full Grid (1-2-3-4)","100000000","4400","4230","4190","4130","0.1","0.2","0.3","0.4","22","47","71","96","236","98958000","1042000","4193.14","4193.58","4040","4940","5475","5475","8.18","3.65","24.43","30.57","2.99","8.37"
"IFSH","2026-05-29","2026-05-29","561","FULL","1450","-3.9735099337748347","AVOID","-","passive","FALSE","","G ACC","2026-04-17","","42d","42","DOWNTREND","BEARISH","BEARISH","BEARISH","DOWNTREND DISCOUNT","NORMAL UPTREND","0","FALSE","TRUE","FALSE","LAGGING","LAGGARD (Passive)","0.09","0.09","DRY / QUIET","0","100","31.66","16.04","22.97","39.48","1935.47","2121.77","1629.23","11400","123210","916","Supertrend bearish | RSI 31.7 lemah | Volume 0.09x | Lolos anti-crash ADX | RISEN NORMAL UPTREND","Full Grid (1-2-3-4)","100000000","3050","2290","2110","1855","0.1","0.2","0.3","0.4","32","87","142","215","476","99527500","472500","2090.91","2092.33","1460","5425","7825","7825","52.13","30.17","156.56","274.24","3","9.09"
"IPAC","2026-05-29","2026-05-29","561","FULL","138","-2.8169014084507045","AVOID","-","passive","FALSE","","SMART SNIPER","2026-04-17","Discount Only","42d","42","DOWNTREND","BEARISH","BEARISH","BEARISH","STRUCTURE + DISCOUNT","NORMAL DOWNTREND","78.22","TRUE","FALSE","FALSE","LAGGING","LAGGARD (Passive)","0.14","0.14","DRY / QUIET","60","40","37.42","24.37","17.19","15.3","147.68","155.43","170.04","30600","214525","916","Supertrend bearish | RSI 37.4 lemah | Volume 0.14x | Lolos anti-crash ADX | RISEN NORMAL DOWNTREND","Full Grid (1-2-3-4)","100000000","180","159","153","146","0.1","0.2","0.3","0.4","555","1257","1960","2739","6511","99953700","46300","153.52","153.52","134","250","318","318","25.56","12.71","76.67","107.15","3","8.43"
"PSAT","2026-05-29","2026-05-29","214","IPO / SHORT","785","0.641025641025641","AVOID","-","passive","FALSE","","SMART SNIPER","2026-04-17","Structure + Discount","42d","42","DOWNTREND","BEARISH","BEARISH","BEARISH","STRUCTURE + DISCOUNT","NORMAL DOWNTREND","37.7","TRUE","FALSE","FALSE","LAGGING","LAGGARD (Passive)","0.37","0.37","DRY / QUIET","75","25","33.75","27.43","11.94","24.79","858.94","916.85","1112.47","102300","279690","916","Supertrend bearish | RSI 33.8 lemah | Volume 0.37x | Lolos anti-crash ADX | RISEN NORMAL DOWNTREND","Full Grid (1-2-3-4)","100000000","1000","920","900","870","0.1","0.2","0.3","0.4","100","217","333","459","1109","99867000","133000","900.51","900.5","825","1265","1355","1355","17.5","8.39","35.5","50.47","2.03","6.02"
"SOUL","2026-05-29","2026-05-29","561","FULL","38","-7.317073170731707","AVOID","-","passive","FALSE","","SMART SNIPER","2026-04-17","Structure + Discount","42d","42","DOWNTREND","BEARISH","BEARISH","BEARISH","STRUCTURE + DISCOUNT","NORMAL DOWNTREND","66.46","TRUE","FALSE","FALSE","LAGGING","LAGGARD (Passive)","0.94","0.94","NORMAL","25","75","22.67","34.84","5.82","22.32","46.1","52.64","61.67","1939500","2072045","916","Supertrend bearish | RSI 22.7 lemah | Volume 0.94x | Crash filter aktif | RISEN NORMAL DOWNTREND","Full Grid (1-2-3-4)","100000000","62","55","53","51","0.1","0.2","0.3","0.4","1612","3636","5660","7843","18751","99989700","10300","53.32","53.33","47","85","107","107","24.19","11.86","72.58","100.66","3","8.49"
"AYLS","2026-05-29","2026-05-29","561","FULL","141","2.1739130434782608","AVOID","-","passive","FALSE","","SMART GAMMA","2026-04-16","","43d","43","DOWNTREND","BEARISH","BEARISH","BEARISH","STRUCTURE + DISCOUNT","NORMAL DOWNTREND","60.34","TRUE","FALSE","FALSE","LAGGING","LAGGARD (Passive)","0.44","0.44","DRY / QUIET","34.78","65.22","33.11","23","20.4","27.43","166.82","186.43","188.09","1164200","2622845","914","Supertrend bearish | RSI 33.1 lemah | Volume 0.44x | Lolos anti-crash ADX | RISEN NORMAL DOWNTREND","Full Grid (1-2-3-4)","100000000","228","192","183","171","0.1","0.2","0.3","0.4","438","1041","1639","2339","5457","99964200","35800","183.19","183.19","150","346","462","462","34.21","18.12","102.63","152.2","3","8.4"
"BMTR","2026-05-29","2026-05-29","561","FULL","125","-3.10077519379845","AVOID","-","passive","FALSE","","G ACC","2026-04-16","","43d","43","DOWNTREND","BEARISH","BEARISH","BEARISH","STRUCTURE + DISCOUNT","NORMAL DOWNTREND","25","TRUE","FALSE","FALSE","LAGGING","LAGGARD (Passive)","0.69","0.69","DRY / QUIET","0","100","29.12","35.28","12.21","30.91","143.18","147.67","149.11","35358800","51059905","914","Supertrend bearish | RSI 29.1 lemah | Volume 0.69x | Crash filter aktif | RISEN NORMAL DOWNTREND","Full Grid (1-2-3-4)","100000000","186","154","146","135","0.1","0.2","0.3","0.4","537","1298","2054","2962","6851","99952800","47200","145.9","145.9","119","286","388","388","36.02","18.43","108.6","165.94","3.01","9"
"CFIN","2026-05-29","2026-05-29","561","FULL","338","-1.1695906432748537","AVOID","-","passive","FALSE","","BETA BREAKOUT","2026-04-16","","43d","43","DOWNTREND","BEARISH","NEUTRAL","BULLISH","DEMAND STRUCTURE","NORMAL UPTREND","60","TRUE","TRUE","FALSE","LAGGING","LAGGARD (Passive)","0.75","0.75","DRY / QUIET","0","100","47.72","19.5","15.5","13.34","340.55","337.73","331.35","1464100","1943945","914","Supertrend bearish | RSI 47.7 lemah | Volume 0.75x | Lolos anti-crash ADX | RISEN NORMAL UPTREND","Full Grid (1-2-3-4)","100000000","344","322","316","310","0.1","0.2","0.3","0.4","290","621","949","1290","3150","99950600","49400","317.3","317.31","298","414","482","482","13.37","6.08","40.12","51.91","3","8.53"
"IBST","2026-05-29","2026-05-29","561","FULL","8475","0","HOLD","-","passive","FALSE","","G ACC","2026-04-16","","43d","43","UPTREND","BULLISH","BULLISH","BULLISH","UPTREND PREMIUM","SIDEWAYS","0","FALSE","FALSE","FALSE","WEAKENING","WEAKENING (Passive)","0","0","NO VOLUME","50","50","90.42","73.85","77.39","8.24","8215.69","7303","5951.76","0","0","914","Supertrend bullish | RSI 90.4 > 50 | Volume NaNx | Lolos anti-crash ADX | RISEN SIDEWAYS","Full Grid (1-2-3-4)","100000000","7025","5625","5275","4810","0.1","0.2","0.3","0.4","14","35","56","83","188","98985500","1014500","5265.19","5268.08","4160","11325","15625","15625","40.78","20.99","122.42","196.76","3","9.37"
"IMAS","2026-05-29","2026-05-29","561","FULL","925","-1.5957446808510638","AVOID","-","passive","FALSE","","BETA BREAKOUT","2026-04-16","","43d","43","DOWNTREND","BEARISH","BEARISH","BEARISH","STRUCTURE + DISCOUNT","NORMAL DOWNTREND","50.45","TRUE","FALSE","FALSE","LAGGING","LAGGARD (Passive)","0.15","0.15","DRY / QUIET","12.5","87.5","37.65","21.03","17.7","21.33","993.62","1031.87","1074.45","38500","261880","914","Supertrend bearish | RSI 37.6 lemah | Volume 0.15x | Lolos anti-crash ADX | RISEN NORMAL DOWNTREND","Full Grid (1-2-3-4)","100000000","1240","1085","1045","990","0.1","0.2","0.3","0.4","80","184","287","404","955","99871500","128500","1045.77","1045.92","910","1735","2230","2230","26.61","12.98","79.84","113.24","3","8.72"
"IMJS","2026-05-29","2026-05-29","561","FULL","153","0.6578947368421052","AVOID","-","passive","FALSE","","SMART GAMMA","2026-04-16","","43d","43","DOWNTREND","BEARISH","BEARISH","BEARISH","STRUCTURE + DISCOUNT","SIDEWAYS","25","TRUE","FALSE","FALSE","LAGGING","LAGGARD (Passive)","0.06","0.06","DRY / QUIET","33.33","66.67","34.28","30.6","17.52","28.27","172.94","183.21","212.29","811300","13787270","914","Supertrend bearish | RSI 34.3 lemah | Volume 0.06x | Crash filter aktif | RISEN SIDEWAYS","Full Grid (1-2-3-4)","100000000","226","190","182","169","0.1","0.2","0.3","0.4","442","1052","1648","2366","5508","99956200","43800","181.47","181.48","152","338","448","448","32.74","16.24","98.23","146.87","3","9.04"
"IPTV","2026-05-29","2026-05-29","561","FULL","35","-7.894736842105263","HOLD","-","passive","FALSE","","SMART SNIPER","2026-04-16","Structure + Discount","43d","43","UPTREND","BEARISH","BEARISH","BEARISH","STRUCTURE + DISCOUNT","NORMAL DOWNTREND","22.43","TRUE","FALSE","FALSE","LAGGING","LAGGARD (Passive)","1.22","1.22","EXPANSION","0","100","34.22","19.84","23.69","42.66","40.13","41.83","40.98","7619800","6246415","914","Supertrend bullish | RSI 34.2 lemah | Volume valid 1.22x | Lolos anti-crash ADX | RISEN NORMAL DOWNTREND","Full Grid (1-2-3-4)","100000000","43","41","40","39","0.1","0.2","0.3","0.4","2325","4878","7500","10256","24959","99995700","4300","40.06","40.06","38","51","71","71","11.63","5.15","65.12","77.22","5.6","14.99"
"KAQI","2026-05-29","2026-05-29","284","FULL","94","1.0752688172043012","AVOID","-","passive","FALSE","","SMART GAMMA","2026-04-16","","43d","43","DOWNTREND","BEARISH","BEARISH","BULLISH","STRUCTURE + DISCOUNT","NORMAL UPTREND","35.2","TRUE","TRUE","FALSE","LAGGING","LAGGARD (Passive)","0.1","0.1","DRY / QUIET","66.67","33.33","41.56","16.95","17.01","20.08","105.37","103.68","87.45","15955200","167831165","914","Supertrend bearish | RSI 41.6 lemah | Volume 0.1x | Lolos anti-crash ADX | RISEN NORMAL UPTREND","Full Grid (1-2-3-4)","100000000","125","102","96","88","0.1","0.2","0.3","0.4","800","1960","3125","4545","10430","99988000","12000","95.87","95.87","76","199","272","272","39.2","20.72","117.6","183.73","3","8.87"
"LABA","2026-05-29","2026-05-29","561","FULL","94","0","AVOID","-","passive","FALSE","","SMART SNIPER","2026-04-16","Discount Only","43d","43","DOWNTREND","BEARISH","BEARISH","BEARISH","STRUCTURE + DISCOUNT","NORMAL DOWNTREND","25","TRUE","FALSE","FALSE","LAGGING","LAGGARD (Passive)","0.12","0.12","DRY / QUIET","60","40","34.07","21.85","19.55","20.28","110.87","120.4","178.56","3679300","31443225","914","Supertrend bearish | RSI 34.1 lemah | Volume 0.12x | Lolos anti-crash ADX | RISEN NORMAL DOWNTREND","Full Grid (1-2-3-4)","100000000","157","129","122","112","0.1","0.2","0.3","0.4","636","1550","2459","3571","8216","99975200","24800","121.68","121.69","98","246","334","334","37.58","19.46","112.74","174.48","3","8.96"
"LPLI","2026-05-29","2026-05-29","561","FULL","240","-4","AVOID","-","passive","FALSE","","SMART SNIPER","2026-04-16","Structure + Discount","43d","43","DOWNTREND","BEARISH","BEARISH","BEARISH","STRUCTURE + DISCOUNT","NORMAL DOWNTREND","55.29","TRUE","FALSE","FALSE","LAGGING","LAGGARD (Passive)","0.35","0.35","DRY / QUIET","0","100","31.39","17.85","13.73","15.28","271.98","294.29","352.85","185800","537430","914","Supertrend bearish | RSI 31.4 lemah | Volume 0.35x | Lolos anti-crash ADX | RISEN NORMAL DOWNTREND","Full Grid (1-2-3-4)","100000000","332","304","296","286","0.1","0.2","0.3","0.4","301","657","1013","1398","3369","99933600","66400","296.63","296.63","270","426","520","520","18.67","8.98","56.63","75.3","3.03","8.39"
"MSIE","2026-05-29","2026-05-29","561","FULL","148","0","HOLD","-","passive","FALSE","","SMART GAMMA","2026-04-16","","43d","43","UPTREND","BULLISH","BULLISH","BULLISH","UPTREND PREMIUM","NORMAL UPTREND","65","TRUE","TRUE","FALSE","WEAKENING","WEAKENING (Passive)","0","0","NO VOLUME","50","50","90.13","74.51","68.55","4.96","130.14","100.54","62.86","0","7149625","914","Supertrend bullish | RSI 90.1 > 50 | Volume 0x | Lolos anti-crash ADX | RISEN NORMAL UPTREND","Full Grid (1-2-3-4)","100000000","55","47","45","42","0.1","0.2","0.3","0.4","1818","4255","6666","9523","22262","99991100","8900","44.92","44.92","38","81","106","106","30.91","15.4","92.73","136","3","8.83"
"SOTS","2026-05-29","2026-05-29","561","FULL","730","-6.41025641025641","AVOID","-","passive","FALSE","","SMART SNIPER","2026-04-16","Discount Only","43d","43","DOWNTREND","BEARISH","BEARISH","BEARISH","STRUCTURE + DISCOUNT","SIDEWAYS","92.5","TRUE","FALSE","FALSE","LAGGING","LAGGARD (Passive)","0.82","0.82","NORMAL","10.53","89.47","36.66","10.36","19.07","21.53","888.86","1099.53","1131.82","742000","902595","914","Supertrend bearish | RSI 36.7 lemah | Volume 0.82x | Lolos anti-crash ADX | RISEN SIDEWAYS","Full Grid (1-2-3-4)","100000000","1215","935","870","775","0.1","0.2","0.3","0.4","82","213","344","516","1155","99796500","203500","864.04","864.18","620","2110","3000","3000","48.97","28.24","146.91","247.21","3","8.75"
"SSTM","2026-05-29","2026-05-29","561","FULL","492","-7.169811320754717","AVOID","-","passive","FALSE","","SMART SNIPER","2026-04-16","Discount Only","43d","43","DOWNTREND","BEARISH","BEARISH","BEARISH","STRUCTURE + DISCOUNT","NORMAL DOWNTREND","96.93","TRUE","FALSE","FALSE","LAGGING","LAGGARD (Passive)","0.34","0.34","DRY / QUIET","24","76","33.52","10.62","20.98","19.55","581.1","747.95","925.6","114500","334550","914","Supertrend bearish | RSI 33.5 lemah | Volume 0.34x | Lolos anti-crash ADX | RISEN NORMAL DOWNTREND","Full Grid (1-2-3-4)","100000000","805","635","595","535","0.1","0.2","0.3","0.4","124","314","504","747","1689","99873500","126500","591.32","591.35","438","1355","1905","1905","45.59","25.93","136.65","222.16","3","8.57"
"TMAS","2026-05-29","2026-05-29","561","FULL","118","0","AVOID","-","passive","FALSE","","SMART SNIPER","2026-04-16","Structure + Discount","43d","43","DOWNTREND","BEARISH","BEARISH","BEARISH","STRUCTURE + DISCOUNT","NORMAL DOWNTREND","87.1","TRUE","FALSE","FALSE","LAGGING","LAGGARD (Passive)","0.52","0.52","DRY / QUIET","50","50","35.14","20.07","13.36","21.09","121.95","126.13","133.05","2378000","4601235","914","Supertrend bearish | RSI 35.1 lemah | Volume 0.52x | Lolos anti-crash ADX | RISEN NORMAL DOWNTREND","Full Grid (1-2-3-4)","100000000","138","130","127","125","0.1","0.2","0.3","0.4","724","1538","2362","3200","7824","99982600","17400","127.79","127.79","120","165","192","192","13.04","6.1","39.13","50.25","3","8.24"
"ASLC","2026-05-29","2026-05-29","561","FULL","66","-1.4925373134328357","AVOID","-","passive","FALSE","","SMART SNIPER","2026-04-15","Structure + Discount","44d","44","DOWNTREND","BEARISH","BEARISH","BEARISH","STRUCTURE + DISCOUNT","NORMAL DOWNTREND","43.8","TRUE","FALSE","FALSE","LAGGING","LAGGARD (Passive)","0.88","0.88","NORMAL","0","100","32.51","14.26","10.63","19.24","72.26","75.62","80.91","11785600","13458690","912","Supertrend bearish | RSI 32.5 lemah | Volume 0.88x | Lolos anti-crash ADX | RISEN NORMAL DOWNTREND","Full Grid (1-2-3-4)","100000000","82","76","75","73","0.1","0.2","0.3","0.4","1219","2631","4000","5479","13329","99988100","11900","75.02","75.02","69","102","121","121","15.85","8.02","47.56","61.3","3","7.64"
"BIKE","2026-05-29","2026-05-29","561","FULL","510","0","AVOID","-","passive","FALSE","","EARLY SWEEP","2026-04-15","","44d","44","DOWNTREND","NEUTRAL","BULLISH","BEARISH","DOWNTREND DISCOUNT","SIDEWAYS","0","FALSE","FALSE","FALSE","LAGGING","LAGGARD (Passive)","0","0","NO VOLUME","50","50","50.73","26.13","31.84","19.76","510.27","508.48","605.64","0","73800","912","Supertrend bearish | RSI 50.7 > 50 | Volume 0x | Lolos anti-crash ADX | RISEN SIDEWAYS","Full Grid (1-2-3-4)","100000000","995","890","865","830","0.1","0.2","0.3","0.4","100","224","346","481","1151","99738000","262000","866.53","866.57","775","1325","1655","1655","22.11","10.56","66.33","90.99","3","8.61"
"DSFI","2026-05-29","2026-05-29","561","FULL","78","0","AVOID","-","passive","FALSE","","SMART GAMMA","2026-04-15","","44d","44","DOWNTREND","BEARISH","BEARISH","BEARISH","STRUCTURE + DISCOUNT","NORMAL DOWNTREND","25","TRUE","FALSE","FALSE","LAGGING","LAGGARD (Passive)","0.2","0.2","DRY / QUIET","60","40","30.6","22.94","18.92","30.67","88.91","93.89","89.81","1404900","7023945","912","Supertrend bearish | RSI 30.6 lemah | Volume 0.2x | Lolos anti-crash ADX | RISEN NORMAL DOWNTREND","Full Grid (1-2-3-4)","100000000","103","93","90","86","0.1","0.2","0.3","0.4","970","2150","3333","4651","11104","99981600","18400","90.04","90.04","81","136","169","169","21.36","10.04","64.08","87.69","3","8.73"
"INCF","2026-05-29","2026-05-29","561","FULL","50","0","AVOID","-","passive","FALSE","","BETA BREAKOUT","2026-04-15","","44d","44","DOWNTREND","BEARISH","BEARISH","BEARISH","DOWNTREND DISCOUNT","SIDEWAYS","65","TRUE","FALSE","FALSE","LAGGING","LAGGARD (Passive)","0.03","0.03","DRY / QUIET","50","50","35.48","16.41","17.95","20.96","54.26","57.36","53.21","681500","21970425","912","Supertrend bearish | RSI 35.5 lemah | Volume 0.03x | Lolos anti-crash ADX | RISEN SIDEWAYS","Full Grid (1-2-3-4)","100000000","64","58","56","54","0.1","0.2","0.3","0.4","1562","3448","5357","7407","17774","99992200","7800","56.26","56.26","50","85","106","106","21.88","11.12","65.63","88.42","3","7.95"
"KRYA","2026-05-29","2026-05-29","561","FULL","62","-1.5873015873015872","AVOID","-","passive","FALSE","","SMART SNIPER","2026-04-15","Structure + Discount","44d","44","DOWNTREND","BEARISH","BEARISH","BEARISH","STRUCTURE + DISCOUNT","SIDEWAYS","25","TRUE","FALSE","FALSE","LAGGING","LAGGARD (Passive)","0.15","0.15","DRY / QUIET","60","40","41.03","26.23","24.55","18.18","68.93","75.3","115.35","33335700","226072150","912","Supertrend bearish | RSI 41.0 lemah | Volume 0.15x | Lolos anti-crash ADX | RISEN SIDEWAYS","Full Grid (1-2-3-4)","100000000","67","61","60","58","0.1","0.2","0.3","0.4","1492","3278","5000","6896","16666","99989000","11000","60","60","54","87","106","106","19.4","9.99","58.21","76.68","3","7.67"
"LPPS","2026-05-29","2026-05-29","561","FULL","69","0","AVOID","-","passive","FALSE","","SMART SNIPER","2026-04-15","Structure + Discount","44d","44","DOWNTREND","BEARISH","BEARISH","BEARISH","STRUCTURE + DISCOUNT","NORMAL DOWNTREND","25","TRUE","FALSE","FALSE","LAGGING","LAGGARD (Passive)","0.19","0.19","DRY / QUIET","66.67","33.33","27.44","17.79","16.91","20.06","79.15","84.3","92.05","544400","2942360","912","Supertrend bearish | RSI 27.4 lemah | Volume 0.19x | Lolos anti-crash ADX | RISEN NORMAL DOWNTREND","Full Grid (1-2-3-4)","100000000","93","83","81","77","0.1","0.2","0.3","0.4","1075","2409","3703","5194","12381","99980300","19700","80.75","80.75","72","125","156","156","22.58","10.84","67.74","93.18","3","8.6"
"MAYA","2026-05-29","2026-05-29","561","FULL","187","-1.0582010582010581","AVOID","-","passive","FALSE","","SMART SNIPER","2026-04-15","Structure + Discount","44d","44","DOWNTREND","BEARISH","BEARISH","BEARISH","STRUCTURE + DISCOUNT","SIDEWAYS","65.16","TRUE","FALSE","FALSE","LAGGING","LAGGARD (Passive)","0.63","0.63","DRY / QUIET","40","60","37.83","16.81","14.97","20.34","192.7","198.53","215.87","817200","1302660","912","Supertrend bearish | RSI 37.8 lemah | Volume 0.63x | Lolos anti-crash ADX | RISEN SIDEWAYS","Full Grid (1-2-3-4)","100000000","220","200","195","189","0.1","0.2","0.3","0.4","454","1000","1538","2116","5108","99971400","28600","195.72","195.72","178","284","346","346","19.09","9.05","57.27","76.79","3","8.48"
"MPXL","2026-05-29","2026-05-29","561","FULL","153","-1.9230769230769231","AVOID","-","passive","FALSE","","SMART SNIPER","2026-04-15","Discount Only","44d","44","DOWNTREND","BEARISH","BEARISH","BEARISH","STRUCTURE + DISCOUNT","SIDEWAYS","25","TRUE","FALSE","FALSE","WEAKENING","WEAKENING (Passive)","0.18","0.18","DRY / QUIET","44.44","55.56","42.67","17.72","21.98","26.16","163.53","164.71","167.33","925000","5250750","912","Supertrend bearish | RSI 42.7 lemah | Volume 0.18x | Lolos anti-crash ADX | RISEN SIDEWAYS","Full Grid (1-2-3-4)","100000000","168","150","145","139","0.1","0.2","0.3","0.4","595","1333","2068","2877","6873","99967300","32700","145.45","145.45","129","226","286","286","23.21","11.31","70.24","96.63","3.03","8.54"
"NELY","2026-05-29","2026-05-29","561","FULL","234","-6.4","AVOID","-","passive","FALSE","","EARLY SWEEP","2026-04-15","","44d","44","DOWNTREND","BEARISH","BEARISH","BEARISH","STRUCTURE + DISCOUNT","NORMAL DOWNTREND","34.17","TRUE","FALSE","FALSE","LAGGING","LAGGARD (Passive)","1.65","1.65","EXPANSION","0","100","21.58","43.67","9.45","36.66","285.01","319.86","366.6","914700","554325","912","Supertrend bearish | RSI 21.6 lemah | Volume valid 1.65x | Crash filter aktif | RISEN NORMAL DOWNTREND","Full Grid (1-2-3-4)","100000000","428","392","384","372","0.1","0.2","0.3","0.4","233","510","781","1075","2599","99944800","55200","384.55","384.56","354","540","650","650","17.29","7.94","51.87","69.03","3","8.69"
"NSSS","2026-05-29","2026-05-29","561","FULL","462","0.43478260869565216","AVOID","-","passive","FALSE","","SMART SNIPER","2026-04-15","Structure + Discount","44d","44","DOWNTREND","BEARISH","BEARISH","BEARISH","STRUCTURE + DISCOUNT","NORMAL DOWNTREND","61.63","TRUE","FALSE","FALSE","LAGGING","LAGGARD (Passive)","0.32","0.32","DRY / QUIET","64.29","35.71","21.15","30.66","11.87","35.66","664.52","787.77","743.77","5115600","15812085","912","Supertrend bearish | RSI 21.1 lemah | Volume 0.32x | Crash filter aktif | RISEN NORMAL DOWNTREND","Full Grid (1-2-3-4)","100000000","900","860","850","835","0.1","0.2","0.3","0.4","111","232","352","479","1174","99858500","141500","850.58","850.59","800","1050","1285","1285","11.11","5.95","42.78","51.07","3.85","8.59"
"NTBK","2026-05-29","2026-05-29","561","FULL","74","-3.896103896103896","AVOID","-","passive","FALSE","","SMART SNIPER","2026-04-15","Discount Only","44d","44","DOWNTREND","BEARISH","BEARISH","BEARISH","STRUCTURE + DISCOUNT","SIDEWAYS","31.42","TRUE","FALSE","FALSE","LAGGING","LAGGARD (Passive)","0.39","0.39","DRY / QUIET","33.33","66.67","38.03","35.85","22.74","22.38","86.58","86.39","87.95","42660500","109846545","912","Supertrend bearish | RSI 38.0 lemah | Volume 0.39x | Lolos anti-crash ADX | RISEN SIDEWAYS","Full Grid (1-2-3-4)","100000000","85","72","68","64","0.1","0.2","0.3","0.4","1176","2777","4411","6250","14614","99985200","14800","68.42","68.42","57","127","137","137","32.94","16.69","61.18","100.24","1.86","6.01"
"POLY","2026-05-29","2026-05-29","561","FULL","32","0","AVOID","-","passive","FALSE","","G ACC","2026-02-24","","94d","94","DOWNTREND","BEARISH","BEARISH","BULLISH","DOWNTREND DISCOUNT","SIDEWAYS","0","FALSE","FALSE","FALSE","LEADING","LEADING (Passive)","0","0","NO VOLUME","50","50","42.01","16.21","27.74","38.62","32.18","33.31","31.04","0","0","912","Supertrend bearish | RSI 42.0 lemah | Volume NaNx | Lolos anti-crash ADX | RISEN SIDEWAYS","Full Grid (1-2-3-4)","100000000","56","42","39","34","0.1","0.2","0.3","0.4","1785","4761","7692","11764","26002","99988600","11400","38.45","38.45","27","100","143","143","51.79","29.79","155.36","271.87","3","9.13"
"TCID","2026-05-29","2026-05-29","561","FULL","2780","0","AVOID","-","passive","FALSE","","SMART SNIPER","2026-04-15","Structure + Discount","44d","44","DOWNTREND","BEARISH","BEARISH","BEARISH","STRUCTURE + DISCOUNT","SIDEWAYS","100","TRUE","FALSE","FALSE","WEAKENING","WEAKENING (Passive)","0.05","0.05","DRY / QUIET","0","100","44.29","13.91","13.91","15.61","2843.17","2862.24","2832.49","4800","94435","912","Supertrend bearish | RSI 44.3 lemah | Volume 0.05x | Lolos anti-crash ADX | RISEN SIDEWAYS","Full Grid (1-2-3-4)","100000000","2970","2740","2680","2600","0.1","0.2","0.3","0.4","33","72","111","153","369","99057000","943000","2684.47","2684.93","2480","3710","4440","4440","16.5","7.62","49.49","65.4","3","8.59"
"VICI","2026-05-29","2026-05-29","561","FULL","545","1.8691588785046727","AVOID","-","passive","FALSE","","SMART SNIPER","2026-04-15","Structure + Discount","44d","44","DOWNTREND","BEARISH","BEARISH","BEARISH","STRUCTURE + DISCOUNT","SIDEWAYS","84.82","TRUE","FALSE","FALSE","LAGGING","LAGGARD (Passive)","0.28","0.28","DRY / QUIET","75","25","39.87","13.16","20.78","16.88","568.48","582.77","620.05","383200","1386055","912","Supertrend bearish | RSI 39.9 lemah | Volume 0.28x | Lolos anti-crash ADX | RISEN SIDEWAYS","Full Grid (1-2-3-4)","100000000","630","565","550","530","0.1","0.2","0.3","0.4","158","353","545","754","1810","99835500","164500","551.58","551.61","492","835","1045","1045","21.9","10.8","65.87","89.46","3.01","8.28"
"ALDO","2026-05-29","2026-05-29","561","FULL","680","-0.7299270072992701","HOLD","-","passive","FALSE","","SMART GAMMA","2026-04-14","","45d","45","UPTREND","BULLISH","BULLISH","BULLISH","UPTREND PREMIUM","NORMAL UPTREND","58.56","TRUE","TRUE","FALSE","WEAKENING","WEAKENING (Passive)","0.05","0.05","DRY / QUIET","33.33","66.67","59.72","24.95","16.84","14","655.69","622.11","579.06","10900","210560","910","Supertrend bullish | RSI 59.7 > 50 | Volume 0.05x | Lolos anti-crash ADX | RISEN NORMAL UPTREND","Full Grid (1-2-3-4)","100000000","595","560","550","535","0.1","0.2","0.3","0.4","168","357","545","747","1817","99927500","72500","549.96","549.96","515","715","835","835","13.45","6.36","40.34","51.83","3","8.15"
"BBKP","2026-05-29","2026-05-29","561","FULL","55","-1.7857142857142856","AVOID","-","passive","FALSE","","SMART SNIPER","2026-04-14","Discount Only","45d","45","DOWNTREND","BEARISH","BEARISH","BEARISH","STRUCTURE + DISCOUNT","NORMAL DOWNTREND","41.52","TRUE","FALSE","FALSE","LAGGING","LAGGARD (Passive)","0.66","0.66","DRY / QUIET","0","100","33.58","29","8.56","21.86","58.8","62.3","67.27","53615700","80759875","910","Supertrend bearish | RSI 33.6 lemah | Volume 0.66x | Lolos anti-crash ADX | RISEN NORMAL DOWNTREND","Full Grid (1-2-3-4)","100000000","66","62","61","60","0.1","0.2","0.3","0.4","1515","3225","4918","6666","16324","99989800","10200","61.25","61.25","57","80","93","93","13.64","6.94","40.91","51.83","3","7.46"
"BUKK","2026-05-29","2026-05-29","561","FULL","800","-1.2345679012345678","AVOID","-","passive","FALSE","","V-SHAPE","2026-04-14","","45d","45","DOWNTREND","BEARISH","BEARISH","BEARISH","DOWNTREND DISCOUNT","NORMAL DOWNTREND","34.68","TRUE","FALSE","FALSE","LAGGING","LAGGARD (Passive)","0.23","0.23","DRY / QUIET","46.67","53.33","22.93","26.47","8.25","29.51","1040.19","1210.85","1267.36","21000","89705","910","Supertrend bearish | RSI 22.9 lemah | Volume 0.23x | Lolos anti-crash ADX | RISEN NORMAL DOWNTREND","Full Grid (1-2-3-4)","100000000","1315","1240","1220","1195","0.1","0.2","0.3","0.4","76","161","245","334","816","99761000","239000","1222.56","1222.55","1135","1675","2060","2060","13.69","7.16","56.65","68.5","4.14","9.56"
"CASH","2026-05-29","2026-05-29","561","FULL","212","4.9504950495049505","AVOID","-","passive","FALSE","","BETA BREAKOUT","2026-04-14","","45d","45","DOWNTREND","BEARISH","BULLISH","BULLISH","DEMAND STRUCTURE","NORMAL UPTREND","25","TRUE","TRUE","FALSE","LAGGING","LAGGARD (Passive)","0.27","0.27","DRY / QUIET","83.33","16.67","49.57","29.23","21.84","18.56","215.09","201.94","147.91","1626300","6107480","910","Supertrend bearish | RSI 49.6 lemah | Volume 0.27x | Lolos anti-crash ADX | RISEN NORMAL UPTREND","Full Grid (1-2-3-4)","100000000","190","170","165","159","0.1","0.2","0.3","0.4","526","1176","1818","2515","6035","99971500","28500","165.65","165.65","147","254","320","320","22.63","11.26","68.42","93.18","3.02","8.27"
"ELTY","2026-05-29","2026-05-29","561","FULL","32","0","AVOID","-","passive","FALSE","","EARLY SWEEP","2026-04-14","","45d","45","DOWNTREND","BEARISH","BEARISH","BEARISH","STRUCTURE + DISCOUNT","NORMAL DOWNTREND","60.27","TRUE","FALSE","FALSE","LAGGING","LAGGARD (Passive)","0.62","0.62","DRY / QUIET","50","50","33.12","15.92","28.89","42.52","37.24","40.23","35.49","81987900","131314335","910","Supertrend bearish | RSI 33.1 lemah | Volume 0.62x | Lolos anti-crash ADX | RISEN NORMAL DOWNTREND","Full Grid (1-2-3-4)","100000000","69","46","40","32","0.1","0.2","0.3","0.4","1449","4347","7500","12500","25796","99994300","5700","38.76","38.76","21","141","214","214","69.57","45.83","210.14","452.07","3.02","9.86"
"GIAA","2026-05-29","2026-05-29","561","FULL","58","0","AVOID","-","passive","FALSE","","EARLY SWEEP","2026-04-14","","45d","45","DOWNTREND","BEARISH","BEARISH","BEARISH","STRUCTURE + DISCOUNT","NORMAL DOWNTREND","53.64","TRUE","FALSE","FALSE","LAGGING","LAGGARD (Passive)","0.49","0.49","DRY / QUIET","100","0","30.64","20.8","16.66","26.29","62.9","69.06","77.95","36452600","73972545","910","Supertrend bearish | RSI 30.6 lemah | Volume 0.49x | Lolos anti-crash ADX | RISEN NORMAL DOWNTREND","Full Grid (1-2-3-4)","100000000","116","91","85","77","0.1","0.2","0.3","0.4","862","2197","3529","5194","11782","99982200","17800","84.86","84.86","65","193","270","270","43.97","23.4","132.76","218.17","3.02","9.32"
"INET","2026-05-29","2026-05-29","561","FULL","232","8.411214953271028","AVOID","-","passive","FALSE","","SMART SNIPER","2026-04-14","Discount Only","45d","45","DOWNTREND","BEARISH","BEARISH","BEARISH","STRUCTURE + DISCOUNT","NORMAL DOWNTREND","45.66","TRUE","FALSE","FALSE","LAGGING","LAGGARD (Passive)","0.94","0.94","NORMAL","60","40","36.6","24.06","16.99","31.83","266.7","301.41","340.13","172099900","183551155","910","Supertrend bearish | RSI 36.6 lemah | Volume 0.94x | Lolos anti-crash ADX | RISEN NORMAL DOWNTREND","Full Grid (1-2-3-4)","100000000","338","288","276","260","0.1","0.2","0.3","0.4","295","694","1086","1538","3613","99919800","80200","276.56","276.57","232","498","655","655","31.36","16.11","93.79","136.84","2.99","8.49"
"MGLV","2026-05-29","2026-05-29","561","FULL","6725","-3.9285714285714284","AVOID","-","passive","FALSE","","SMART GAMMA","2026-04-14","","45d","45","DOWNTREND","BEARISH","BULLISH","BULLISH","DEMAND STRUCTURE","NORMAL UPTREND","26.03","TRUE","TRUE","FALSE","WEAKENING","WEAKENING (Passive)","0.16","0.16","DRY / QUIET","8.33","91.67","43.15","23.09","19.36","22.78","7222.56","6352.54","3455.52","42700","272055","910","Supertrend bearish | RSI 43.1 lemah | Volume 0.16x | Lolos anti-crash ADX | RISEN NORMAL UPTREND","Full Grid (1-2-3-4)","100000000","6500","4870","4480","3930","0.1","0.2","0.3","0.4","15","41","66","101","223","98978000","1022000","4438.48","4440.54","3170","11500","16500","16500","51.23","28.58","153.85","271.75","3","9.51"
"PICO","2026-05-29","2026-05-29","561","FULL","142","1.4285714285714286","AVOID","-","passive","FALSE","","SMART SNIPER","2026-04-14","Structure + Discount","45d","45","DOWNTREND","BEARISH","BEARISH","BEARISH","STRUCTURE + DISCOUNT","SIDEWAYS","38.09","TRUE","FALSE","FALSE","LAGGING","LAGGARD (Passive)","0.15","0.15","DRY / QUIET","66.67","33.33","37.84","18.72","20.61","24.87","149.31","155.53","173.51","64100","418715","910","Supertrend bearish | RSI 37.8 lemah | Volume 0.15x | Lolos anti-crash ADX | RISEN SIDEWAYS","Full Grid (1-2-3-4)","100000000","169","148","143","136","0.1","0.2","0.3","0.4","591","1351","2097","2941","6980","99967400","32600","143.22","143.22","125","236","302","302","26.04","12.72","78.7","110.86","3.02","8.71"
"PURI","2026-05-29","2026-05-29","561","FULL","135","0","AVOID","-","passive","FALSE","","SMART SNIPER","2026-04-14","Structure + Discount","45d","45","DOWNTREND","BEARISH","BEARISH","BEARISH","STRUCTURE + DISCOUNT","NORMAL DOWNTREND","56.91","TRUE","FALSE","FALSE","LAGGING","LAGGARD (Passive)","0.45","0.45","DRY / QUIET","55.56","44.44","32.36","20.13","22.72","19.37","150.54","166.13","223.72","721500","1587740","910","Supertrend bearish | RSI 32.4 lemah | Volume 0.45x | Lolos anti-crash ADX | RISEN NORMAL DOWNTREND","Full Grid (1-2-3-4)","100000000","190","158","150","139","0.1","0.2","0.3","0.4","526","1265","2000","2877","6668","99971300","28700","149.93","149.93","122","292","394","394","35.79","18.63","107.37","162.79","3","8.74"
"SAMF","2026-05-29","2026-05-29","561","FULL","290","0","AVOID","-","passive","FALSE","","SMART SNIPER","2026-04-14","Demand Structure","45d","45","DOWNTREND","BEARISH","BEARISH","BEARISH","STRUCTURE + DISCOUNT","NORMAL DOWNTREND","42.56","TRUE","FALSE","FALSE","LAGGING","LAGGARD (Passive)","0.13","0.13","DRY / QUIET","100","0","30.41","22.77","12.86","21.9","308.79","319.19","345.51","23600","182360","910","Supertrend bearish | RSI 30.4 lemah | Volume 0.13x | Lolos anti-crash ADX | RISEN NORMAL DOWNTREND","Full Grid (1-2-3-4)","100000000","346","328","322","316","0.1","0.2","0.3","0.4","289","609","931","1265","3094","99926800","73200","322.97","322.97","304","410","472","472","12.14","5.87","36.42","46.14","3","7.86"
"SRTG","2026-05-29","2026-05-29","561","FULL","1560","-5.167173252279635","AVOID","-","passive","FALSE","","SMART GAMMA","2026-04-14","","45d","45","DOWNTREND","BEARISH","BEARISH","BEARISH","STRUCTURE + DISCOUNT","NORMAL DOWNTREND","37.54","TRUE","FALSE","FALSE","WEAKENING","WEAKENING (Passive)","0.67","0.67","DRY / QUIET","75","25","35.03","25.48","11.93","30.61","1678.35","1707.13","1722.68","5461100","8195735","910","Supertrend bearish | RSI 35.0 lemah | Volume 0.67x | Lolos anti-crash ADX | RISEN NORMAL DOWNTREND","Full Grid (1-2-3-4)","100000000","1790","1640","1600","1550","0.1","0.2","0.3","0.4","55","121","187","258","621","99599000","401000","1603.85","1604.15","1470","2270","2750","2750","17.88","8.35","53.63","71.46","3","8.56"
"TOBA","2026-05-29","2026-05-29","561","FULL","430","0","AVOID","-","passive","FALSE","","SMART SNIPER","2026-04-14","Discount Only","45d","45","DOWNTREND","BEARISH","BEARISH","BEARISH","STRUCTURE + DISCOUNT","NORMAL DOWNTREND","48.83","TRUE","FALSE","FALSE","LAGGING","LAGGARD (Passive)","0.54","0.54","DRY / QUIET","20","80","28.51","28.95","11.77","37.26","519.1","581.95","712.92","6417900","11894295","910","Supertrend bearish | RSI 28.5 lemah | Volume 0.54x | Lolos anti-crash ADX | RISEN NORMAL DOWNTREND","Full Grid (1-2-3-4)","100000000","660","580","560","535","0.1","0.2","0.3","0.4","151","344","535","747","1777","99842500","157500","561.86","561.89","492","910","1165","1165","25.45","12.43","76.52","107.35","3.01","8.63"
"UFOE","2026-05-29","2026-05-29","561","FULL","143","2.142857142857143","AVOID","-","passive","FALSE","","SMART SNIPER","2026-02-23","Structure + Discount","95d","95","DOWNTREND","BEARISH","BEARISH","BEARISH","STRUCTURE + DISCOUNT","SIDEWAYS","25","TRUE","FALSE","FALSE","LEADING","LEADING (Passive)","0.08","0.08","DRY / QUIET","47.06","52.94","45.07","17.1","29.35","17.85","145.15","151.23","173.54","175400","2094590","910","Supertrend bearish | RSI 45.1 lemah | Volume 0.08x | Lolos anti-crash ADX | RISEN SIDEWAYS","Full Grid (1-2-3-4)","100000000","200","172","165","156","0.1","0.2","0.3","0.4","500","1162","1818","2564","6044","99981800","18200","165.42","165.42","142","288","374","374","29","14.16","87","126.09","3","8.9"
"ARNA","2026-05-29","2026-05-29","561","FULL","446","-0.8888888888888888","AVOID","-","passive","FALSE","","BETA BREAKOUT","2026-04-13","","46d","46","DOWNTREND","BEARISH","BEARISH","BEARISH","STRUCTURE + DISCOUNT","NORMAL DOWNTREND","39.91","TRUE","FALSE","FALSE","LAGGING","LAGGARD (Passive)","1.52","1.52","EXPANSION","77.78","22.22","18.28","44.31","10.68","39.44","475.35","495.72","536.61","7725300","5087915","908","Supertrend bearish | RSI 18.3 lemah | Volume valid 1.52x | Crash filter aktif | RISEN NORMAL DOWNTREND","Full Grid (1-2-3-4)","100000000","545","525","515","510","0.1","0.2","0.3","0.4","183","380","582","784","1929","99880500","119500","517.78","517.79","498","615","685","685","8.62","3.82","25.69","32.29","2.98","8.45"
"ASBI","2026-05-29","2026-05-29","561","FULL","400","-2.4390243902439024","AVOID","-","passive","FALSE","","SMART SNIPER","2026-04-13","Structure + Discount","46d","46","DOWNTREND","BEARISH","BEARISH","BEARISH","STRUCTURE + DISCOUNT","SIDEWAYS","60","TRUE","FALSE","FALSE","LAGGING","LAGGARD (Passive)","0.23","0.23","DRY / QUIET","16.67","83.33","43.49","11.87","20.89","12.51","408.9","415.01","445.52","14300","61010","908","Supertrend bearish | RSI 43.5 lemah | Volume 0.23x | Lolos anti-crash ADX | RISEN SIDEWAYS","Full Grid (1-2-3-4)","100000000","432","406","400","392","0.1","0.2","0.3","0.4","231","492","750","1020","2493","99938400","61600","400.88","400.88","378","515","595","595","12.5","5.71","37.73","48.42","3.02","8.49"
"BKSL","2026-05-29","2026-05-29","561","FULL","75","0","AVOID","-","passive","FALSE","","SMART SNIPER","2026-04-13","Discount Only","46d","46","DOWNTREND","BEARISH","BEARISH","BEARISH","STRUCTURE + DISCOUNT","NORMAL DOWNTREND","38.95","TRUE","FALSE","FALSE","LAGGING","LAGGARD (Passive)","0.28","0.28","DRY / QUIET","50","50","26.71","29.93","10.35","34.58","92.59","105.26","118.72","89203400","320519020","908","Supertrend bearish | RSI 26.7 lemah | Volume 0.28x | Lolos anti-crash ADX | RISEN NORMAL DOWNTREND","Full Grid (1-2-3-4)","100000000","121","110","107","103","0.1","0.2","0.3","0.4","826","1818","2803","3883","9330","99979600","20400","107.16","107.16","96","159","196","196","20.66","10.41","61.98","82.91","3","7.96"
"LSIP","2026-05-29","2026-05-29","561","FULL","1290","1.574803149606299","AVOID","-","passive","FALSE","","SMART GAMMA","2026-04-13","","46d","46","DOWNTREND","BEARISH","BEARISH","BEARISH","STRUCTURE + DISCOUNT","NORMAL UPTREND","23.33","TRUE","TRUE","FALSE","LAGGING","LAGGARD (Passive)","0.94","0.94","NORMAL","28.57","71.43","33.06","38.47","10.09","27.98","1441.68","1448.63","1333.44","16031800","17128805","908","Supertrend bearish | RSI 33.1 lemah | Volume 0.94x | Crash filter aktif | RISEN NORMAL UPTREND","Full Grid (1-2-3-4)","100000000","1550","1290","1230","1140","0.1","0.2","0.3","0.4","64","155","243","350","812","99704000","296000","1227.88","1228","1020","2350","3140","3140","34.19","16.93","102.58","155.72","3","9.2"
"PDES","2026-05-29","2026-05-29","561","FULL","505","-0.9803921568627451","AVOID","-","passive","FALSE","","EARLY SWEEP","2026-04-13","","46d","46","DOWNTREND","BEARISH","BEARISH","BEARISH","STRUCTURE + DISCOUNT","SIDEWAYS","100","TRUE","FALSE","FALSE","LAGGING","LAGGARD (Passive)","0","0","DRY / QUIET","50","50","46.29","20.01","11.69","16.46","509.56","518.11","511.73","100","68030","908","Supertrend bearish | RSI 46.3 lemah | Volume 0x | Lolos anti-crash ADX | RISEN SIDEWAYS","Full Grid (1-2-3-4)","100000000","630","610","605","600","0.1","0.2","0.3","0.4","158","327","495","666","1646","99808500","191500","606.37","606.38","585","700","770","770","7.14","3.52","22.22","26.99","3.11","7.66"
"PGUN","2026-05-29","2026-05-29","561","FULL","7525","-2.5889967637540456","AVOID","-","passive","FALSE","","SMART SNIPER","2026-04-13","Discount Only","46d","46","DOWNTREND","BEARISH","BEARISH","BEARISH","STRUCTURE + DISCOUNT","NORMAL DOWNTREND","69.6","TRUE","FALSE","FALSE","LAGGING","LAGGARD (Passive)","0.73","0.73","DRY / QUIET","46.15","53.85","38.51","29.38","7.71","26.74","8244.19","8733.52","8446.28","11300","15470","908","Supertrend bearish | RSI 38.5 lemah | Volume 0.73x | Lolos anti-crash ADX | RISEN NORMAL DOWNTREND","Full Grid (1-2-3-4)","100000000","9775","8475","8150","7700","0.1","0.2","0.3","0.4","10","23","36","51","120","97877500","2122500","8156.46","8157.48","7000","13950","16000","16000","28.39","14.18","63.68","96.16","2.24","6.78"
"VKTR","2026-05-29","2026-05-29","561","FULL","715","1.4184397163120568","AVOID","-","passive","FALSE","","SMART GAMMA","2026-04-13","","46d","46","DOWNTREND","BEARISH","BEARISH","BULLISH","DOWNTREND","NORMAL DOWNTREND","37.68","TRUE","FALSE","FALSE","LAGGING","LAGGARD (Passive)","0.49","0.49","DRY / QUIET","72.73","27.27","37.43","29.2","9.17","26.39","814.26","845.45","649.72","26043100","53558910","908","Supertrend bearish | RSI 37.4 lemah | Volume 0.49x | Lolos anti-crash ADX | RISEN NORMAL DOWNTREND","Full Grid (1-2-3-4)","100000000","1030","820","770","700","0.1","0.2","0.3","0.4","97","243","389","571","1300","99840000","160000","768","768.03","595","1685","2340","2340","42.23","22.53","127.18","204.69","3.01","9.09"
"JAST","2026-05-29","2026-05-29","561","FULL","88","0","HOLD","-","passive","FALSE","","BETA BREAKOUT","2026-02-20","","98d","98","UPTREND","BEARISH","BEARISH","BEARISH","STRUCTURE + DISCOUNT","NORMAL DOWNTREND","31.72","TRUE","FALSE","FALSE","LEADING","LEADING (Passive)","0.27","0.27","DRY / QUIET","60","40","40.03","25.51","19.1","24.96","93","96.95","93.88","1710400","6234705","904","Supertrend bullish | RSI 40.0 lemah | Volume 0.27x | Lolos anti-crash ADX | RISEN NORMAL DOWNTREND","Full Grid (1-2-3-4)","100000000","124","109","105","100","0.1","0.2","0.3","0.4","806","1834","2857","4000","9497","99983500","16500","105.28","105.28","92","188","220","220","25.81","12.61","77.42","108.97","3","8.64"
"OPMS","2026-05-29","2026-05-29","561","FULL","111","-0.8928571428571428","AVOID","-","passive","FALSE","","SMART SNIPER","2026-04-10","Discount Only","49d","49","DOWNTREND","BEARISH","BEARISH","BEARISH","STRUCTURE + DISCOUNT","NORMAL DOWNTREND","73.86","TRUE","FALSE","FALSE","LAGGING","LAGGARD (Passive)","0.08","0.08","DRY / QUIET","20","80","38.55","26.87","19.73","21.5","121.44","126.73","118.95","1055500","14033805","902","Supertrend bearish | RSI 38.5 lemah | Volume 0.08x | Lolos anti-crash ADX | RISEN NORMAL DOWNTREND","Full Grid (1-2-3-4)","100000000","164","131","123","111","0.1","0.2","0.3","0.4","609","1526","2439","3603","8177","99971200","28800","122.26","122.26","94","270","374","374","42.68","23.11","128.05","205.91","3","8.91"
"PACK","2026-05-29","2026-05-29","561","FULL","308","0","AVOID","-","passive","FALSE","","V-SHAPE","2026-04-10","","49d","49","DOWNTREND","BULLISH","BEARISH","BEARISH","DOWNTREND DISCOUNT","SIDEWAYS","18.14","TRUE","FALSE","FALSE","WEAKENING","WEAKENING (Passive)","0.44","0.44","DRY / QUIET","57.14","42.86","55.94","24.92","27.07","17.25","286.46","327.71","1137.99","165262600","376929550","902","Supertrend bearish | RSI 55.9 > 50 | Volume 0.44x | Lolos anti-crash ADX | RISEN SIDEWAYS","Full Grid (1-2-3-4)","100000000","189","166","161","153","0.1","0.2","0.3","0.4","529","1204","1863","2614","6210","99973000","27000","160.99","160.99","138","266","680","680","26.98","14.28","259.79","322.39","9.63","22.58"
"PANI","2026-05-29","2026-05-29","561","FULL","7375","-3.594771241830065","AVOID","-","passive","FALSE","","SMART SNIPER","2026-04-10","Structure + Discount","49d","49","DOWNTREND","BEARISH","BEARISH","BEARISH","DOWNTREND DISCOUNT","NORMAL DOWNTREND","0","FALSE","FALSE","FALSE","LAGGING","LAGGARD (Passive)","1.43","1.43","EXPANSION","0","100","35.71","19.99","15.72","27.23","8113.75","8576.83","10688.47","7902600","5537520","902","Supertrend bearish | RSI 35.7 lemah | Volume valid 1.43x | Lolos anti-crash ADX | RISEN NORMAL DOWNTREND","Full Grid (1-2-3-4)","100000000","8650","8075","7925","7725","0.1","0.2","0.3","0.4","11","24","37","51","123","97615000","2385000","7936.18","7938.82","7375","10575","12475","12475","14.74","7.07","44.22","57.19","3","8.09"
"HDFA","2026-05-29","2026-05-29","561","FULL","90","-3.225806451612903","AVOID","-","passive","FALSE","","SMART SNIPER","2026-04-09","Structure + Discount","50d","50","DOWNTREND","BEARISH","BEARISH","BEARISH","STRUCTURE + DISCOUNT","NORMAL DOWNTREND","43.14","TRUE","FALSE","FALSE","LAGGING","LAGGARD (Passive)","0.21","0.21","DRY / QUIET","0","100","34.16","32.35","32.06","14.68","100.9","105.92","119.41","357100","1721280","900","Supertrend bearish | RSI 34.2 lemah | Volume 0.21x | Lolos anti-crash ADX | RISEN NORMAL DOWNTREND","Full Grid (1-2-3-4)","100000000","122","104","99","93","0.1","0.2","0.3","0.4","819","1923","3030","4301","10073","99987300","12700","99.26","99.26","83","181","240","240","31.97","16.38","96.72","141.78","3.03","8.65"
"MEJA","2026-05-29","2026-05-29","536","FULL","94","-3.0927835051546393","AVOID","-","passive","FALSE","","SMART SNIPER","2026-04-09","Discount Only","50d","50","DOWNTREND","BEARISH","BEARISH","BEARISH","STRUCTURE + DISCOUNT","SIDEWAYS","51.57","TRUE","FALSE","FALSE","LAGGING","LAGGARD (Passive)","0.52","0.52","DRY / QUIET","33.33","66.67","42.45","14.51","16.67","26.74","101.57","105.8","124.08","12289100","23532830","900","Supertrend bearish | RSI 42.5 lemah | Volume 0.52x | Lolos anti-crash ADX | RISEN SIDEWAYS","Full Grid (1-2-3-4)","100000000","101","90","87","83","0.1","0.2","0.3","0.4","990","2222","3448","4819","11479","99992300","7700","87.11","87.11","76","139","176","176","24.75","12.75","74.26","102.05","3","8"
"AIMS","2026-05-29","2026-05-29","561","FULL","384","-5.41871921182266","AVOID","-","passive","FALSE","","V-SHAPE","2026-04-08","","51d","51","DOWNTREND","BEARISH","BEARISH","BEARISH","STRUCTURE + DISCOUNT","SIDEWAYS","70.52","TRUE","FALSE","FALSE","LAGGING","LAGGARD (Passive)","0.59","0.59","DRY / QUIET","15.38","84.62","36.93","16.62","18.5","25.54","415.21","428.48","420.35","370800","632835","898","Supertrend bearish | RSI 36.9 lemah | Volume 0.59x | Lolos anti-crash ADX | RISEN SIDEWAYS","Full Grid (1-2-3-4)","100000000","428","402","396","388","0.1","0.2","0.3","0.4","233","497","757","1030","2517","99893000","107000","396.87","396.88","366","520","615","615","14.49","7.78","43.69","54.96","3.02","7.07"
"FMII","2026-05-29","2026-05-29","561","FULL","222","-1.7699115044247788","AVOID","-","passive","FALSE","","EARLY SWEEP","2026-04-08","","51d","51","DOWNTREND","BEARISH","BEARISH","BEARISH","STRUCTURE + DISCOUNT","NORMAL DOWNTREND","52.5","TRUE","FALSE","FALSE","WEAKENING","WEAKENING (Passive)","0.61","0.61","DRY / QUIET","83.33","16.67","42.68","18.35","23.49","16.79","237.7","243.67","290.51","75100","122150","898","Supertrend bearish | RSI 42.7 lemah | Volume 0.61x | Lolos anti-crash ADX | RISEN NORMAL DOWNTREND","Full Grid (1-2-3-4)","100000000","434","374","360","340","0.1","0.2","0.3","0.4","230","534","833","1176","2773","99925600","74400","360.35","360.36","308","625","810","810","29.03","14.53","86.64","124.78","2.98","8.59"
"KUAS","2026-05-29","2026-05-29","561","FULL","91","-1.0869565217391304","AVOID","-","passive","FALSE","","SMART GAMMA","2026-04-08","","51d","51","DOWNTREND","BEARISH","BEARISH","BULLISH","STRUCTURE + DISCOUNT","NORMAL DOWNTREND","67.03","TRUE","FALSE","FALSE","LAGGING","LAGGARD (Passive)","0.15","0.15","DRY / QUIET","100","0","39.52","23","22.75","20.07","103.22","103.82","85.84","5406100","35733040","898","Supertrend bearish | RSI 39.5 lemah | Volume 0.15x | Lolos anti-crash ADX | RISEN NORMAL DOWNTREND","Full Grid (1-2-3-4)","100000000","147","108","98","85","0.1","0.2","0.3","0.4","680","1851","3061","4705","10297","99977100","22900","97.09","97.09","65","270","394","394","55.78","33.05","168.03","305.79","3.01","9.25"
"LPCK","2026-05-29","2026-05-29","561","FULL","500","-2.912621359223301","AVOID","-","passive","FALSE","","V-SHAPE","2026-04-08","","51d","51","DOWNTREND","BEARISH","BEARISH","BEARISH","DOWNTREND DISCOUNT","NORMAL DOWNTREND","70.22","TRUE","FALSE","FALSE","LAGGING","LAGGARD (Passive)","0.38","0.38","DRY / QUIET","0","100","21.41","29.48","10.13","22.12","576.91","622.65","632.27","155200","408715","898","Supertrend bearish | RSI 21.4 lemah | Volume 0.38x | Lolos anti-crash ADX | RISEN NORMAL DOWNTREND","Full Grid (1-2-3-4)","100000000","640","605","595","585","0.1","0.2","0.3","0.4","156","330","504","683","1673","99892500","107500","597.09","597.09","560","760","880","880","12.5","6.21","37.5","47.38","3","7.63"
"MHKI","2026-05-29","2026-05-29","500","FULL","130","-3.7037037037037033","AVOID","-","passive","FALSE","","SMART SNIPER","2026-04-08","Structure + Discount","51d","51","DOWNTREND","BEARISH","BEARISH","BEARISH","STRUCTURE + DISCOUNT","NORMAL DOWNTREND","56.77","TRUE","FALSE","FALSE","LAGGING","LAGGARD (Passive)","0.48","0.48","DRY / QUIET","14.29","85.71","27.92","23.74","13.6","35.2","161.63","178.83","189.43","3501300","7298540","898","Supertrend bearish | RSI 27.9 lemah | Volume 0.48x | Lolos anti-crash ADX | RISEN NORMAL DOWNTREND","Full Grid (1-2-3-4)","100000000","202","177","170","162","0.1","0.2","0.3","0.4","495","1129","1764","2469","5857","99968100","31900","170.68","170.68","148","284","364","364","26.73","13.29","80.2","113.26","3","8.52"
"NICK","2026-05-29","2026-05-29","561","FULL","1085","-3.125","AVOID","-","passive","FALSE","","SMART SNIPER","2026-04-08","Demand Structure","51d","51","DOWNTREND","BEARISH","BEARISH","BEARISH","DOWNTREND DISCOUNT","SIDEWAYS","0","FALSE","FALSE","FALSE","WEAKENING","WEAKENING (Passive)","0.75","0.75","DRY / QUIET","42.86","57.14","34.9","19.55","27.57","21.04","1161.7","1194.87","1175.3","5400","7245","898","Supertrend bearish | RSI 34.9 lemah | Volume 0.75x | Lolos anti-crash ADX | RISEN SIDEWAYS","Full Grid (1-2-3-4)","100000000","1300","1180","1150","1105","0.1","0.2","0.3","0.4","76","169","260","361","866","99612500","387500","1150.26","1150.38","1035","1700","2100","2100","20.38","10.02","61.54","82.57","3.02","8.24"
"RMKO","2026-05-29","2026-05-29","561","FULL","350","7.361963190184049","AVOID","-","passive","FALSE","","V-SHAPE","2026-04-08","","51d","51","DOWNTREND","BEARISH","BEARISH","BEARISH","STRUCTURE + DISCOUNT","NORMAL DOWNTREND","66.06","TRUE","FALSE","FALSE","LAGGING","LAGGARD (Passive)","0.98","0.98","NORMAL","64.52","35.48","32.56","26.33","13.6","29.2","425.92","492.74","431.62","7675100","7804105","898","Supertrend bearish | RSI 32.6 lemah | Volume 0.98x | Lolos anti-crash ADX | RISEN NORMAL DOWNTREND","Full Grid (1-2-3-4)","100000000","535","476","462","442","0.1","0.2","0.3","0.4","186","420","649","904","2159","99883600","116400","462.64","462.66","400","1180","2140","2140","25.23","13.54","300","362.56","11.89","26.78"
"SMGA","2026-05-29","2026-05-29","541","FULL","72","-1.36986301369863","AVOID","-","passive","FALSE","","V-SHAPE","2026-04-08","","51d","51","DOWNTREND","BEARISH","BEARISH","BEARISH","STRUCTURE + DISCOUNT","NORMAL DOWNTREND","30.6","TRUE","FALSE","FALSE","LAGGING","LAGGARD (Passive)","0.21","0.21","DRY / QUIET","50","50","33.96","27.29","12.94","34.19","81.87","88.91","96.37","3266000","15877250","898","Supertrend bearish | RSI 34.0 lemah | Volume 0.21x | Lolos anti-crash ADX | RISEN NORMAL DOWNTREND","Full Grid (1-2-3-4)","100000000","89","83","81","79","0.1","0.2","0.3","0.4","1123","2409","3703","5063","12298","99981400","18600","81.3","81.3","75","110","131","131","15.73","7.75","47.19","61.13","3","7.89"
"YELO","2026-05-29","2026-05-29","561","FULL","79","2.5974025974025974","AVOID","-","passive","FALSE","","BETA BREAKOUT","2026-04-08","","51d","51","DOWNTREND","BEARISH","BEARISH","BEARISH","STRUCTURE + DISCOUNT","NORMAL DOWNTREND","65.72","TRUE","FALSE","FALSE","LAGGING","LAGGARD (Passive)","0.48","0.48","DRY / QUIET","60","40","34.35","17.89","14.12","25.73","90.89","97.35","86.85","22613500","47465000","898","Supertrend bearish | RSI 34.4 lemah | Volume 0.48x | Lolos anti-crash ADX | RISEN NORMAL DOWNTREND","Full Grid (1-2-3-4)","100000000","114","99","95","90","0.1","0.2","0.3","0.4","877","2020","3157","4444","10498","99983300","16700","95.24","95.24","82","162","164","164","28.07","13.9","43.86","72.2","1.56","5.19"
"ESTI","2026-05-29","2026-05-29","561","FULL","126","-1.5625","AVOID","-","passive","FALSE","","SMART SNIPER","2026-04-07","Demand Structure","52d","52","DOWNTREND","BEARISH","BEARISH","BEARISH","STRUCTURE + DISCOUNT","NORMAL DOWNTREND","92.96","TRUE","FALSE","FALSE","LAGGING","LAGGARD (Passive)","0.27","0.27","DRY / QUIET","0","100","27.84","14.47","24.39","19.45","150.36","162.33","138.5","1739700","6493710","896","Supertrend bearish | RSI 27.8 lemah | Volume 0.27x | Lolos anti-crash ADX | RISEN NORMAL DOWNTREND","Full Grid (1-2-3-4)","100000000","181","146","137","125","0.1","0.2","0.3","0.4","552","1369","2189","3200","7310","99967900","32100","136.75","136.76","104","296","412","412","42.54","23.95","127.62","201.27","3","8.4"
"GSMF","2026-05-29","2026-05-29","561","FULL","100","-0.9900990099009901","AVOID","-","passive","FALSE","","SMART GAMMA","2026-04-07","","52d","52","DOWNTREND","BEARISH","BEARISH","BEARISH","STRUCTURE + DISCOUNT","SIDEWAYS","25","TRUE","FALSE","FALSE","LAGGING","LAGGARD (Passive)","0.07","0.07","DRY / QUIET","60","40","42.67","35.68","28.18","22.55","114.09","112.06","100.24","6315800","92304700","896","Supertrend bearish | RSI 42.7 lemah | Volume 0.07x | Lolos anti-crash ADX | RISEN SIDEWAYS","Full Grid (1-2-3-4)","100000000","144","112","104","94","0.1","0.2","0.3","0.4","694","1785","2884","4255","9618","99976200","23800","103.95","103.95","77","244","346","346","46.53","25.92","140.28","232.86","3.01","8.98"
"NPGF","2026-05-29","2026-05-29","561","FULL","61","-3.1746031746031744","AVOID","-","passive","FALSE","","BETA BREAKOUT","2026-04-07","","52d","52","DOWNTREND","BEARISH","BEARISH","BEARISH","STRUCTURE + DISCOUNT","NORMAL DOWNTREND","41.87","TRUE","FALSE","FALSE","LAGGING","LAGGARD (Passive)","0.54","0.54","DRY / QUIET","33.33","66.67","33.56","25.11","12.56","19.15","68.68","69.22","61.85","31253000","57838570","896","Supertrend bearish | RSI 33.6 lemah | Volume 0.54x | Lolos anti-crash ADX | RISEN NORMAL DOWNTREND","Full Grid (1-2-3-4)","100000000","72","65","63","61","0.1","0.2","0.3","0.4","1388","3076","4761","6557","15782","99979600","20400","63.35","63.35","57","95","117","117","20.83","10.02","62.5","84.69","3","8.45"
"PMJS","2026-05-29","2026-05-29","561","FULL","113","-3.418803418803419","AVOID","-","passive","FALSE","","BETA BREAKOUT","2026-04-07","","52d","52","DOWNTREND","BEARISH","BEARISH","BEARISH","STRUCTURE + DISCOUNT","NORMAL DOWNTREND","57.27","TRUE","FALSE","FALSE","LAGGING","LAGGARD (Passive)","0.5","0.5","DRY / QUIET","0","100","38.62","20.58","23.05","19.93","122.96","124.7","121.42","899900","1784825","896","Supertrend bearish | RSI 38.6 lemah | Volume 0.5x | Lolos anti-crash ADX | RISEN NORMAL DOWNTREND","Full Grid (1-2-3-4)","100000000","151","129","124","116","0.1","0.2","0.3","0.4","662","1550","2419","3448","8079","99983600","16400","123.76","123.76","106","218","286","286","29.8","14.35","89.4","131.1","3","9.14"
"WAPO","2026-05-29","2026-05-29","561","FULL","122","0","AVOID","-","passive","FALSE","","V-SHAPE","2026-04-07","","52d","52","DOWNTREND","BEARISH","BEARISH","BEARISH","DOWNTREND DISCOUNT","SIDEWAYS","79.54","TRUE","FALSE","FALSE","LAGGING","LAGGARD (Passive)","0.47","0.47","DRY / QUIET","41.67","58.33","38.12","17.37","17.28","21.37","129.49","137.21","154.43","293500","624140","896","Supertrend bearish | RSI 38.1 lemah | Volume 0.47x | Lolos anti-crash ADX | RISEN SIDEWAYS","Full Grid (1-2-3-4)","100000000","122","116","115","113","0.1","0.2","0.3","0.4","819","1724","2608","3539","8690","99972900","27100","115.04","115.04","108","143","164","164","11.48","6.12","34.43","42.55","3","6.95"
"AYAM","2026-05-29","2026-05-29","561","FULL","310","0.6493506493506493","AVOID","-","passive","FALSE","","V-SHAPE","2026-04-06","","53d","53","DOWNTREND","BEARISH","BEARISH","BULLISH","DEMAND STRUCTURE","NORMAL DOWNTREND","89.03","TRUE","FALSE","FALSE","LAGGING","LAGGARD (Passive)","0.82","0.82","NORMAL","80","20","37.22","19.83","10.85","23.5","322.86","333.38","299.53","33120000","40601735","894","Supertrend bearish | RSI 37.2 lemah | Volume 0.82x | Lolos anti-crash ADX | RISEN NORMAL DOWNTREND","Full Grid (1-2-3-4)","100000000","312","296","292","286","0.1","0.2","0.3","0.4","320","675","1027","1398","3420","99935200","64800","292.21","292.21","276","366","378","378","11.54","5.55","21.15","29.36","1.83","5.29"
"FORE","2026-05-29","2026-05-29","266","FULL","705","-6","AVOID","-","passive","FALSE","","G ACC","2026-04-06","","53d","53","DOWNTREND","BEARISH","BEARISH","BULLISH","DOWNTREND","NORMAL UPTREND","0","FALSE","TRUE","FALSE","LAGGING","LAGGARD (Passive)","0.72","0.72","DRY / QUIET","21.05","78.95","32.7","41.28","17.98","28.84","887.74","816.32","620.67","23673000","32983455","894","Supertrend bearish | RSI 32.7 lemah | Volume 0.72x | Crash filter aktif | RISEN NORMAL UPTREND","Full Grid (1-2-3-4)","100000000","805","595","545","472","0.1","0.2","0.3","0.4","124","336","550","847","1857","99927400","72600","538.11","538.13","374","1450","2100","2100","53.54","30.5","160.87","290.25","3","9.52"
"TRON","2026-05-29","2026-05-29","561","FULL","99","2.0618556701030926","AVOID","-","passive","FALSE","","SMART SNIPER","2026-04-06","Discount Only","53d","53","DOWNTREND","BEARISH","BEARISH","BEARISH","STRUCTURE + DISCOUNT","SIDEWAYS","77","TRUE","FALSE","FALSE","LAGGING","LAGGARD (Passive)","0.32","0.32","DRY / QUIET","57.14","42.86","24.84","12.86","19.58","17.72","118.39","135.08","142.07","2960600","9376855","894","Supertrend bearish | RSI 24.8 lemah | Volume 0.32x | Lolos anti-crash ADX | RISEN SIDEWAYS","Full Grid (1-2-3-4)","100000000","162","128","120","109","0.1","0.2","0.3","0.4","617","1562","2500","3669","8348","99981100","18900","119.77","119.77","90","270","378","378","44.44","24.85","133.33","215.61","3","8.68"
"UNIC","2026-05-29","2026-05-29","561","FULL","13550","-11.726384364820847","AVOID","-","passive","FALSE","","BETA BREAKOUT","2026-03-26","","64d","64","DOWNTREND","BULLISH","BULLISH","BULLISH","DOWNTREND PREMIUM","NORMAL UPTREND","19.07","TRUE","TRUE","FALSE","WEAKENING","WEAKENING (Passive)","2.11","2.11","VOLUME SURGE","47.62","52.38","54.98","46.89","38.02","26.1","13266.23","12251.5","10183.84","61800","29285","892","Supertrend bearish | RSI 55.0 > 50 | Volume valid 2.11x | Lolos anti-crash ADX | RISEN NORMAL UPTREND","Full Grid (1-2-3-4)","100000000","11400","10475","10250","9925","0.1","0.2","0.3","0.4","8","19","29","40","96","98447500","1552500","10254.95","10263.19","9400","14400","17400","17400","17.54","8.34","52.63","69.67","3","8.36"
"GTRA","2026-05-29","2026-05-29","561","FULL","208","2.9702970297029703","AVOID","-","passive","FALSE","","EARLY SWEEP","2026-03-10","","80d","80","DOWNTREND","BEARISH","BEARISH","BEARISH","STRUCTURE + DISCOUNT","NORMAL DOWNTREND","42.91","TRUE","FALSE","FALSE","IMPROVING","IMPROVING (Passive)","0.98","0.98","NORMAL","100","0","38.4","16.47","17.1","18.99","225.3","245.16","249.34","758400","776340","890","Supertrend bearish | RSI 38.4 lemah | Volume 0.98x | Lolos anti-crash ADX | RISEN NORMAL DOWNTREND","Full Grid (1-2-3-4)","100000000","316","288","282","272","0.1","0.2","0.3","0.4","316","694","1063","1470","3543","99933400","66600","282.06","282.06","256","406","496","496","18.99","9.24","56.96","75.85","3","8.21"
"BULL","2026-05-29","2026-05-29","561","FULL","386","1.0471204188481675","AVOID","-","passive","FALSE","","BETA BREAKOUT","2026-04-01","","58d","58","DOWNTREND","BEARISH","BEARISH","BULLISH","DEMAND STRUCTURE","SIDEWAYS","28.21","TRUE","FALSE","FALSE","LAGGING","LAGGARD (Passive)","0.5","0.5","DRY / QUIET","27.27","72.73","38.87","24.44","13.2","26.05","438.44","448.47","361.98","143812100","286420405","884","Supertrend bearish | RSI 38.9 lemah | Volume 0.5x | Lolos anti-crash ADX | RISEN SIDEWAYS","Full Grid (1-2-3-4)","100000000","414","360","346","328","0.1","0.2","0.3","0.4","241","555","867","1219","2882","99938800","61200","346.77","346.78","296","590","770","770","28.5","14.64","85.99","122.05","3.02","8.34"
"CASS","2026-05-29","2026-05-29","561","FULL","1760","-1.675977653631285","AVOID","-","passive","FALSE","","V-SHAPE","2026-04-01","","58d","58","DOWNTREND","BEARISH","BEARISH","BEARISH","STRUCTURE + DISCOUNT","SIDEWAYS","49.11","TRUE","FALSE","FALSE","LAGGING","LAGGARD (Passive)","0.04","0.04","DRY / QUIET","50","50","42.25","26.39","22.65","14.42","1807.05","1908.66","2157.18","16300","367985","884","Supertrend bearish | RSI 42.3 lemah | Volume 0.04x | Lolos anti-crash ADX | RISEN SIDEWAYS","Full Grid (1-2-3-4)","100000000","1845","1815","1805","1795","0.1","0.2","0.3","0.4","54","110","166","222","552","99740000","260000","1806.88","1806.88","1755","1980","1985","1985","4.88","2.87","7.59","9.86","1.56","3.43"
"CHEM","2026-05-29","2026-05-29","561","FULL","69","0","AVOID","-","passive","FALSE","","SMART GAMMA","2026-04-01","","58d","58","DOWNTREND","BEARISH","BEARISH","BEARISH","STRUCTURE + DISCOUNT","NORMAL DOWNTREND","65","TRUE","FALSE","FALSE","LAGGING","LAGGARD (Passive)","0.21","0.21","DRY / QUIET","33.33","66.67","33.08","22.77","13.12","24.38","80.96","88.83","91.44","5749300","26817245","884","Supertrend bearish | RSI 33.1 lemah | Volume 0.21x | Lolos anti-crash ADX | RISEN NORMAL DOWNTREND","Full Grid (1-2-3-4)","100000000","142","112","105","95","0.1","0.2","0.3","0.4","704","1785","2857","4210","9556","99982300","17700","104.63","104.63","80","236","328","328","43.66","23.54","130.99","213.49","3","9.07"
"DLTA","2026-05-29","2026-05-29","561","FULL","1950","-0.7633587786259541","AVOID","-","passive","FALSE","","SMART SNIPER","2026-04-01","Structure + Discount","58d","58","DOWNTREND","BEARISH","BEARISH","BEARISH","STRUCTURE + DISCOUNT","SIDEWAYS","45.33","TRUE","FALSE","FALSE","LAGGING","LAGGARD (Passive)","0.62","0.62","DRY / QUIET","0","100","43.27","21.75","24.45","20.19","1969.59","1976.45","2032.17","39200","63185","884","Supertrend bearish | RSI 43.3 lemah | Volume 0.62x | Lolos anti-crash ADX | RISEN SIDEWAYS","Full Grid (1-2-3-4)","100000000","1975","1945","1935","1925","0.1","0.2","0.3","0.4","50","102","155","207","514","99554000","446000","1936.85","1936.89","1905","2080","2290","2290","3.54","1.64","15.95","18.23","4.5","11.09"
"WOWS","2026-05-29","2026-05-29","561","FULL","62","-1.5873015873015872","AVOID","-","passive","FALSE","","SMART SNIPER","2026-04-01","Discount Only","58d","58","DOWNTREND","BEARISH","BEARISH","BEARISH","STRUCTURE + DISCOUNT","NORMAL DOWNTREND","55.22","TRUE","FALSE","FALSE","LAGGING","LAGGARD (Passive)","0.11","0.11","DRY / QUIET","33.33","66.67","33.26","21.77","18.18","23.26","69.05","73.06","74.62","3219400","28355365","884","Supertrend bearish | RSI 33.3 lemah | Volume 0.11x | Lolos anti-crash ADX | RISEN NORMAL DOWNTREND","Full Grid (1-2-3-4)","100000000","78","66","63","59","0.1","0.2","0.3","0.4","1282","3030","4761","6779","15852","99988000","12000","63.08","63.08","52","117","156","156","33.33","17.56","100","147.32","3","8.39"
"BATA","2026-05-29","2026-05-29","561","FULL","61","-3.1746031746031744","AVOID","-","passive","FALSE","","EARLY SWEEP","2026-03-31","","59d","59","DOWNTREND","BEARISH","BEARISH","BEARISH","STRUCTURE + DISCOUNT","SIDEWAYS","77.83","TRUE","FALSE","FALSE","LAGGING","LAGGARD (Passive)","0.26","0.26","DRY / QUIET","0","100","44.69","24.59","21.16","35.39","62.83","63.62","62.83","20800","79020","882","Supertrend bearish | RSI 44.7 lemah | Volume 0.26x | Lolos anti-crash ADX | RISEN SIDEWAYS","Full Grid (1-2-3-4)","100000000","89","81","78","76","0.1","0.2","0.3","0.4","1123","2469","3846","5263","12701","99991200","8800","78.73","78.73","71","116","143","143","20.22","9.81","60.67","81.64","3","8.32"
"BTEK","2026-05-29","2026-05-29","561","FULL","12","0","HOLD","-","passive","FALSE","","EARLY SWEEP","2026-02-09","","109d","109","UPTREND","BEARISH","BEARISH","BEARISH","UPTREND DISCOUNT","NORMAL DOWNTREND","55.03","TRUE","FALSE","FALSE","LEADING","LEADING (Passive)","0.66","0.66","DRY / QUIET","50","50","45.75","37.39","29.57","42.01","12.23","13.99","15.42","73984200","112232190","882","Supertrend bullish | RSI 45.8 lemah | Volume 0.66x | Crash filter aktif | RISEN NORMAL DOWNTREND","Full Grid (1-2-3-4)","100000000","18","15","14","12","0.1","0.2","0.3","0.4","5555","13333","21428","33333","73649","99997300","2700","13.58","13.58","11","29","39","39","38.89","18.98","116.67","187.24","3","9.86"
"KBLM","2026-05-29","2026-05-29","561","FULL","298","-1.3245033112582782","AVOID","-","passive","FALSE","","SMART SNIPER","2026-03-31","Structure + Discount","59d","59","DOWNTREND","BEARISH","BEARISH","BEARISH","STRUCTURE + DISCOUNT","NORMAL DOWNTREND","25.42","TRUE","FALSE","FALSE","WEAKENING","WEAKENING (Passive)","0.5","0.5","DRY / QUIET","16.67","83.33","36.84","15.8","17.58","20.85","315.74","322.04","330.59","70100","141210","882","Supertrend bearish | RSI 36.8 lemah | Volume 0.5x | Lolos anti-crash ADX | RISEN NORMAL DOWNTREND","Full Grid (1-2-3-4)","100000000","340","324","318","314","0.1","0.2","0.3","0.4","294","617","943","1273","3127","99946400","53600","319.62","319.62","304","394","448","448","10.59","4.89","31.76","40.16","3","8.22"
"LINK","2026-05-29","2026-05-29","561","FULL","1130","-5.833333333333333","AVOID","-","passive","FALSE","","V-SHAPE","2026-03-31","","59d","59","DOWNTREND","BEARISH","BEARISH","BEARISH","STRUCTURE + DISCOUNT","NORMAL DOWNTREND","37.1","TRUE","FALSE","FALSE","LAGGING","LAGGARD (Passive)","0.2","0.2","DRY / QUIET","0","100","25.77","44.95","10.38","33.78","1469.94","1781.77","2325.8","13100","65380","882","Supertrend bearish | RSI 25.8 lemah | Volume 0.2x | Crash filter aktif | RISEN NORMAL DOWNTREND","Full Grid (1-2-3-4)","100000000","1855","1815","1800","1790","0.1","0.2","0.3","0.4","53","110","166","223","552","99593500","406500","1804.23","1804.3","1735","2040","2050","2050","6.47","3.84","10.51","13.62","1.63","3.55"
"SHID","2026-05-29","2026-05-29","561","FULL","710","-0.6993006993006993","AVOID","-","passive","FALSE","","EARLY SWEEP","2026-03-31","","59d","59","DOWNTREND","BEARISH","BEARISH","BEARISH","STRUCTURE + DISCOUNT","SIDEWAYS","98.17","TRUE","FALSE","FALSE","WEAKENING","WEAKENING (Passive)","0.12","0.12","DRY / QUIET","85.71","14.29","36.73","24.91","13.64","17.98","738.57","762.15","831.08","1200","9995","882","Supertrend bearish | RSI 36.7 lemah | Volume 0.12x | Lolos anti-crash ADX | RISEN SIDEWAYS","Full Grid (1-2-3-4)","100000000","940","850","825","795","0.1","0.2","0.3","0.4","106","235","363","503","1207","99875000","125000","827.46","827.5","745","1235","1525","1525","20.74","9.97","62.23","84.3","3","8.46"
"SWID","2026-05-29","2026-05-29","561","FULL","92","-5.154639175257731","AVOID","-","passive","FALSE","","V-SHAPE","2026-03-31","","59d","59","DOWNTREND","BEARISH","BEARISH","BEARISH","STRUCTURE + DISCOUNT","SIDEWAYS","36.92","TRUE","FALSE","FALSE","LAGGING","LAGGARD (Passive)","0.18","0.18","DRY / QUIET","20","80","37.46","16.94","22.34","23.89","102.52","106.07","103.22","2434000","13307300","882","Supertrend bearish | RSI 37.5 lemah | Volume 0.18x | Lolos anti-crash ADX | RISEN SIDEWAYS","Full Grid (1-2-3-4)","100000000","98","92","90","88","0.1","0.2","0.3","0.4","1020","2173","3333","4545","11071","99980600","19400","90.31","90.31","83","121","143","143","15.31","8.09","45.92","58.35","3","7.21"
"TRUS","2026-05-29","2026-05-29","561","FULL","280","-5.405405405405405","AVOID","-","passive","FALSE","","EARLY SWEEP","2026-03-06","","84d","84","DOWNTREND","BEARISH","BEARISH","BEARISH","STRUCTURE + DISCOUNT","NORMAL DOWNTREND","29.92","TRUE","FALSE","FALSE","IMPROVING","IMPROVING (Passive)","0.54","0.54","DRY / QUIET","0","100","26.24","32.38","19.49","22.29","327.2","363.51","436.84","19600","36385","882","Supertrend bearish | RSI 26.2 lemah | Volume 0.54x | Crash filter aktif | RISEN NORMAL DOWNTREND","Full Grid (1-2-3-4)","100000000","620","510","484","448","0.1","0.2","0.3","0.4","161","392","619","892","2064","99895200","104800","483.99","483.99","394","960","1300","1300","36.45","18.59","109.68","168.6","3.01","9.07"
"EURO","2026-05-29","2026-05-29","561","FULL","1590","-8.882521489971348","AVOID","-","passive","FALSE","","SMART GAMMA","2026-03-30","","60d","60","DOWNTREND","BEARISH","BEARISH","BULLISH","DOWNTREND","NORMAL UPTREND","0","FALSE","TRUE","FALSE","LAGGING","LAGGARD (Passive)","1.28","1.28","EXPANSION","12.5","87.5","30.25","35.51","19.88","43.92","2390.54","2284.39","1256.89","926400","721110","880","Supertrend bearish | RSI 30.3 lemah | Volume valid 1.28x | Crash filter aktif | RISEN NORMAL UPTREND","Full Grid (1-2-3-4)","100000000","2230","1405","1205","930","0.1","0.2","0.3","0.4","44","142","248","430","864","99637000","363000","1153.21","1154.39","540","4770","7300","7300","75.78","53.17","227.35","533.02","3","10.02"
"FLMC","2026-05-29","2026-05-29","561","FULL","154","6.944444444444445","AVOID","-","passive","FALSE","","EARLY SWEEP","2026-03-30","","60d","60","DOWNTREND","BEARISH","BEARISH","BULLISH","STRUCTURE + DISCOUNT","SIDEWAYS","48.13","TRUE","FALSE","FALSE","LAGGING","LAGGARD (Passive)","0.81","0.81","NORMAL","71.43","28.57","46.75","17.76","17.93","19.47","157.48","156.02","145.3","782200","969870","880","Supertrend bearish | RSI 46.8 lemah | Volume 0.81x | Lolos anti-crash ADX | RISEN SIDEWAYS","Full Grid (1-2-3-4)","100000000","182","159","153","145","0.1","0.2","0.3","0.4","549","1257","1960","2758","6524","99957100","42900","153.21","153.22","132","258","332","332","27.47","13.85","82.42","116.69","3","8.43"
"GEMS","2026-05-29","2026-05-29","561","FULL","7525","-2.272727272727273","AVOID","-","passive","FALSE","","BETA BREAKOUT","2026-03-30","","60d","60","DOWNTREND","BEARISH","BEARISH","BEARISH","STRUCTURE + DISCOUNT","NORMAL DOWNTREND","48.57","TRUE","FALSE","FALSE","LAGGING","LAGGARD (Passive)","1.29","1.29","EXPANSION","8.33","91.67","34.85","39.84","13.36","28.02","7798","7998.56","8458.54","213300","165290","880","Supertrend bearish | RSI 34.9 lemah | Volume valid 1.29x | Crash filter aktif | RISEN NORMAL DOWNTREND","Full Grid (1-2-3-4)","100000000","8700","7850","7650","7375","0.1","0.2","0.3","0.4","11","25","39","54","129","98855000","1145000","7663.18","7667.25","6950","11325","13950","13950","20.11","9.31","60.34","82.04","3","8.82"
"MBAP","2026-05-29","2026-05-29","561","FULL","1505","-2.272727272727273","AVOID","-","passive","FALSE","","BETA BREAKOUT","2026-03-30","","60d","60","DOWNTREND","BEARISH","BEARISH","BEARISH","STRUCTURE + DISCOUNT","NORMAL DOWNTREND","34.93","TRUE","FALSE","FALSE","WEAKENING","WEAKENING (Passive)","1.36","1.36","EXPANSION","9.09","90.91","30.88","16.04","21.65","18.94","1614.57","1663.95","1741.08","151700","111265","880","Supertrend bearish | RSI 30.9 lemah | Volume valid 1.36x | Lolos anti-crash ADX | RISEN NORMAL DOWNTREND","Full Grid (1-2-3-4)","100000000","1870","1690","1650","1585","0.1","0.2","0.3","0.4","53","118","181","252","604","99660000","340000","1650","1650.16","1495","2430","3000","3000","20.05","9.39","60.43","81.82","3.01","8.71"
"WINR","2026-05-29","2026-05-29","561","FULL","26","0","AVOID","-","passive","FALSE","","EARLY SWEEP","2026-03-05","","85d","85","DOWNTREND","BEARISH","BEARISH","BEARISH","DOWNTREND DISCOUNT","NORMAL DOWNTREND","57.98","TRUE","FALSE","FALSE","IMPROVING","IMPROVING (Passive)","0.5","0.5","DRY / QUIET","0","100","39.1","16.57","29.32","35.53","28.76","32.01","35.33","10556500","21215810","880","Supertrend bearish | RSI 39.1 lemah | Volume 0.5x | Lolos anti-crash ADX | RISEN NORMAL DOWNTREND","Full Grid (1-2-3-4)","100000000","75","58","54","48","0.1","0.2","0.3","0.4","1333","3448","5555","8333","18669","99991300","8700","53.56","53.56","40","128","180","180","46.67","25.32","140","236.07","3","9.32"
"DOID","2026-05-29","2026-05-29","561","FULL","208","-1.8867924528301887","AVOID","-","passive","FALSE","","V-SHAPE","2026-03-02","","88d","88","DOWNTREND","BEARISH","BEARISH","BEARISH","STRUCTURE + DISCOUNT","NORMAL DOWNTREND","33.74","TRUE","FALSE","FALSE","IMPROVING","IMPROVING (Passive)","1","1","NORMAL","20","80","32.03","42.28","7.54","27.92","228.45","250.45","317.51","4774200","4767280","874","Supertrend bearish | RSI 32.0 lemah | Volume 1x | Crash filter aktif | RISEN NORMAL DOWNTREND","Full Grid (1-2-3-4)","100000000","318","300","294","288","0.1","0.2","0.3","0.4","314","666","1020","1388","3388","99927600","72400","294.95","294.95","276","382","444","444","13.21","6.42","39.62","50.54","3","7.87"
"ERAA","2026-05-29","2026-05-29","561","FULL","374","-0.5319148936170213","AVOID","-","passive","FALSE","","SMART SNIPER","2026-02-05","Structure + Discount","113d","113","DOWNTREND","BEARISH","BEARISH","BEARISH","STRUCTURE + DISCOUNT","NORMAL DOWNTREND","36.62","TRUE","FALSE","FALSE","LEADING","LEADING (Passive)","0.42","0.42","DRY / QUIET","25","75","38.72","26.89","12.44","25.93","386.02","393.05","413.64","16597900","39430505","874","Supertrend bearish | RSI 38.7 lemah | Volume 0.42x | Lolos anti-crash ADX | RISEN NORMAL DOWNTREND","Full Grid (1-2-3-4)","100000000","418","384","376","364","0.1","0.2","0.3","0.4","239","520","797","1098","2654","99892600","107400","376.39","376.39","346","525","635","635","17.22","8.07","51.91","68.71","3.01","8.51"
"RUIS","2026-05-29","2026-05-29","561","FULL","182","2.247191011235955","AVOID","-","passive","FALSE","","BETA BREAKOUT","2026-03-02","","88d","88","DOWNTREND","BEARISH","BEARISH","BEARISH","STRUCTURE + DISCOUNT","NORMAL DOWNTREND","65","TRUE","FALSE","FALSE","IMPROVING","IMPROVING (Passive)","0.3","0.3","DRY / QUIET","100","0","33.73","27.68","12.86","26.67","201.8","218.59","219.88","267600","878740","874","Supertrend bearish | RSI 33.7 lemah | Volume 0.3x | Lolos anti-crash ADX | RISEN NORMAL DOWNTREND","Full Grid (1-2-3-4)","100000000","310","258","244","226","0.1","0.2","0.3","0.4","322","775","1229","1769","4095","99944000","56000","244.06","244.07","200","476","640","640","35.48","18.05","106.45","162.23","3","8.99"
"APLN","2026-05-29","2026-05-29","561","FULL","149","5.673758865248227","AVOID","-","passive","FALSE","","SMART GAMMA","2026-03-26","","64d","64","DOWNTREND","BEARISH","BEARISH","BULLISH","STRUCTURE + DISCOUNT","NORMAL DOWNTREND","25","TRUE","FALSE","FALSE","LAGGING","LAGGARD (Passive)","0.21","0.21","DRY / QUIET","83.33","16.67","38.74","17.15","15.89","22.78","166.61","165.44","136.99","24945900","118732980","872","Supertrend bearish | RSI 38.7 lemah | Volume 0.21x | Lolos anti-crash ADX | RISEN NORMAL DOWNTREND","Full Grid (1-2-3-4)","100000000","167","140","133","124","0.1","0.2","0.3","0.4","598","1428","2255","3225","7506","99960100","39900","133.17","133.18","109","254","342","342","34.73","18.15","104.79","156.81","3.02","8.64"
"MBTO","2026-05-29","2026-05-29","561","FULL","113","0","AVOID","-","passive","FALSE","","SMART SNIPER","2026-02-04","Demand Structure","114d","114","DOWNTREND","BEARISH","BEARISH","BEARISH","STRUCTURE + DISCOUNT","SIDEWAYS","44.32","TRUE","FALSE","FALSE","LEADING","LEADING (Passive)","0.17","0.17","DRY / QUIET","44.44","55.56","45.37","34.47","28.23","15.23","116.01","121.84","135.1","450200","2648825","872","Supertrend bearish | RSI 45.4 lemah | Volume 0.17x | Lolos anti-crash ADX | RISEN SIDEWAYS","Full Grid (1-2-3-4)","100000000","191","160","152","141","0.1","0.2","0.3","0.4","523","1250","1973","2836","6582","99966500","33500","151.88","151.88","125","290","390","390","34.55","17.7","104.19","156.78","3.02","8.86"
"MTWI","2026-05-29","2026-05-29","561","FULL","266","-0.7462686567164178","AVOID","-","passive","FALSE","","SMART SNIPER","2026-03-26","Structure + Discount","64d","64","DOWNTREND","BEARISH","BEARISH","BEARISH","STRUCTURE + DISCOUNT","NORMAL DOWNTREND","35.26","TRUE","FALSE","FALSE","LAGGING","LAGGARD (Passive)","1.49","1.49","EXPANSION","100","0","24.9","27.8","6.82","20.49","296.28","317.23","320.38","268900","180315","872","Supertrend bearish | RSI 24.9 lemah | Volume valid 1.49x | Lolos anti-crash ADX | RISEN NORMAL DOWNTREND","Full Grid (1-2-3-4)","100000000","366","340","334","326","0.1","0.2","0.3","0.4","273","588","898","1226","2985","99944600","55400","334.82","334.82","310","450","535","535","15.3","7.41","46.17","59.79","3.02","8.06"
"ABMM","2026-05-29","2026-05-29","561","FULL","2400","-1.2345679012345678","AVOID","-","passive","FALSE","","BETA BREAKOUT","2026-03-25","","65d","65","DOWNTREND","BEARISH","BEARISH","BEARISH","STRUCTURE + DISCOUNT","NORMAL DOWNTREND","24.27","TRUE","FALSE","FALSE","LAGGING","LAGGARD (Passive)","0.8","0.8","DRY / QUIET","0","100","24.15","43.12","8.17","35.24","2686.98","2829.69","2951.46","1262000","1583740","870","Supertrend bearish | RSI 24.1 lemah | Volume 0.8x | Crash filter aktif | RISEN NORMAL DOWNTREND","Full Grid (1-2-3-4)","100000000","3060","2920","2890","2840","0.1","0.2","0.3","0.4","32","68","103","140","343","99175000","825000","2891.4","2891.64","2760","3510","3960","3960","9.8","4.54","29.41","36.96","3","8.13"
"BRRC","2026-05-29","2026-05-29","323","FULL","60","0","AVOID","-","passive","FALSE","","EARLY SWEEP","2026-03-25","","65d","65","DOWNTREND","BEARISH","BEARISH","BEARISH","STRUCTURE + DISCOUNT","NORMAL DOWNTREND","65","TRUE","FALSE","FALSE","LAGGING","LAGGARD (Passive)","0.12","0.12","DRY / QUIET","50","50","32.63","23.18","15.64","26.53","69.44","78.07","97.41","2425000","19939745","870","Supertrend bearish | RSI 32.6 lemah | Volume 0.12x | Lolos anti-crash ADX | RISEN NORMAL DOWNTREND","Full Grid (1-2-3-4)","100000000","126","107","103","96","0.1","0.2","0.3","0.4","793","1869","2912","4166","9740","99977300","22700","102.65","102.65","86","186","246","246","31.75","16.22","95.24","139.66","3","8.61"
"ERTX","2026-05-29","2026-05-29","561","FULL","159","-1.2422360248447204","AVOID","-","passive","FALSE","","EARLY SWEEP","2026-03-25","","65d","65","DOWNTREND","BEARISH","BEARISH","BEARISH","STRUCTURE + DISCOUNT","NORMAL DOWNTREND","65","TRUE","FALSE","FALSE","LAGGING","LAGGARD (Passive)","0.13","0.13","DRY / QUIET","83.33","16.67","25.63","19.83","13.8","29.12","185.23","201.33","190.51","230800","1743340","870","Supertrend bearish | RSI 25.6 lemah | Volume 0.13x | Lolos anti-crash ADX | RISEN NORMAL DOWNTREND","Full Grid (1-2-3-4)","100000000","340","252","232","202","0.1","0.2","0.3","0.4","294","793","1293","1980","4360","99973200","26800","229.3","229.3","159","610","885","885","53.24","30.66","160.29","285.96","3.01","9.33"
"IGAR","2026-05-29","2026-05-29","561","FULL","444","-0.8928571428571428","AVOID","-","passive","FALSE","","EARLY SWEEP","2026-03-25","","65d","65","DOWNTREND","BEARISH","BEARISH","BEARISH","DOWNTREND DISCOUNT","NORMAL DOWNTREND","44.68","TRUE","FALSE","FALSE","LAGGING","LAGGARD (Passive)","0.05","0.05","DRY / QUIET","25","75","31.49","43.07","9.2","23.96","459.57","473.32","504.65","4700","96025","870","Supertrend bearish | RSI 31.5 lemah | Volume 0.05x | Crash filter aktif | RISEN NORMAL DOWNTREND","Full Grid (1-2-3-4)","100000000","735","615","585","545","0.1","0.2","0.3","0.4","136","325","512","733","1706","99884000","116000","585.49","585.47","490","1105","1470","1470","33.33","16.31","100","151.07","3","9.26"
"MERI","2026-05-29","2026-05-29","212","IPO / SHORT","124","3.3333333333333335","AVOID","-","passive","FALSE","","EARLY SWEEP","2026-02-03","","115d","115","DOWNTREND","BEARISH","BEARISH","BEARISH","DOWNTREND DISCOUNT","NORMAL DOWNTREND","72.96","TRUE","FALSE","FALSE","LEADING","LEADING (Passive)","0.3","0.3","DRY / QUIET","80","20","40.5","25.42","22.69","21.86","131.82","140.86","172.4","896700","2947610","870","Supertrend bearish | RSI 40.5 lemah | Volume 0.3x | Lolos anti-crash ADX | RISEN NORMAL DOWNTREND","Full Grid (1-2-3-4)","100000000","177","174","173","171","0.1","0.2","0.3","0.4","564","1149","1734","2339","5786","99970500","29500","172.78","172.78","168","206","230","230","5.08","2.77","29.94","33.12","5.89","11.97"
"ISSP","2026-05-29","2026-05-29","561","FULL","422","-1.4018691588785046","AVOID","-","passive","FALSE","","V-SHAPE","2026-01-29","","120d","120","DOWNTREND","BEARISH","BEARISH","BEARISH","STRUCTURE + DISCOUNT","SIDEWAYS","41.53","TRUE","FALSE","FALSE","LEADING","LEADING (Passive)","0.51","0.51","DRY / QUIET","42.86","57.14","40.78","43.9","11.05","26.25","432.58","450.44","429.86","851100","1681100","860","Supertrend bearish | RSI 40.8 lemah | Volume 0.51x | Crash filter aktif | RISEN SIDEWAYS","Full Grid (1-2-3-4)","100000000","462","430","422","412","0.1","0.2","0.3","0.4","216","465","710","970","2361","99900200","99800","423.13","423.13","394","565","665","665","14.72","6.88","43.94","57.16","2.99","8.3"
"SILO","2026-05-29","2026-05-29","561","FULL","2360","-1.2552301255230125","AVOID","-","passive","FALSE","","G ACC","2026-01-29","","120d","120","DOWNTREND","BEARISH","BEARISH","BEARISH","DEMAND STRUCTURE","NORMAL DOWNTREND","57.38","TRUE","FALSE","FALSE","LEADING","LEADING (Passive)","0.67","0.67","DRY / QUIET","63.64","36.36","42.89","36.87","10.24","28.66","2414.58","2507.42","2492.13","298000","442635","860","Supertrend bearish | RSI 42.9 lemah | Volume 0.67x | Crash filter aktif | RISEN NORMAL DOWNTREND","Full Grid (1-2-3-4)","100000000","2800","2610","2560","2490","0.1","0.2","0.3","0.4","35","76","117","160","388","99428000","572000","2562.58","2562.97","2390","3420","4030","4030","14.64","6.73","43.93","57.26","3","8.5"
"UCID","2026-05-29","2026-05-29","561","FULL","396","0.5076142131979695","AVOID","-","passive","FALSE","","EARLY SWEEP","2026-01-29","","120d","120","DOWNTREND","BULLISH","BEARISH","BEARISH","STRUCTURE + DISCOUNT","NORMAL DOWNTREND","43.39","TRUE","FALSE","FALSE","LEADING","LEADING (Passive)","0.03","0.03","DRY / QUIET","66.67","33.33","49.86","32.63","17.1","21.87","394.05","403.38","457.16","40500","1426155","860","Supertrend bearish | RSI 49.9 lemah | Volume 0.03x | Crash filter aktif | RISEN NORMAL DOWNTREND","Full Grid (1-2-3-4)","100000000","700","690","690","685","0.1","0.2","0.3","0.4","142","289","434","583","1448","99762500","237500","688.97","688.97","675","855","875","875","3.57","2.03","25","27","7","13.32"
"SUNI","2026-05-29","2026-05-29","561","FULL","685","3.007518796992481","HOLD","-","passive","FALSE","","V-SHAPE","2026-01-27","","122d","122","UPTREND","BULLISH","NEUTRAL","BEARISH","UPTREND DISCOUNT","NORMAL DOWNTREND","0","FALSE","FALSE","FALSE","LEADING","LEADING (Passive)","0.88","0.88","NORMAL","83.33","16.67","61.91","53.03","21.57","18.51","649.73","686.21","754.75","675400","765230","856","Supertrend bullish | RSI 61.9 > 50 | Volume 0.88x | Lolos anti-crash ADX | RISEN NORMAL DOWNTREND","Full Grid (1-2-3-4)","100000000","830","800","790","780","0.1","0.2","0.3","0.4","120","250","379","512","1261","99837000","163000","791.73","791.73","760","935","1040","1040","8.43","4.01","25.3","31.36","3","7.82"
"DGIK","2026-05-29","2026-05-29","561","FULL","132","1.5384615384615385","AVOID","-","passive","FALSE","","V-SHAPE","2026-01-26","","123d","123","DOWNTREND","BEARISH","BEARISH","BULLISH","STRUCTURE + DISCOUNT","SIDEWAYS","61.07","TRUE","FALSE","FALSE","LEADING","LEADING (Passive)","0.43","0.43","DRY / QUIET","66.67","33.33","47.97","23.42","14.24","19.1","133.53","133.45","122.04","1646700","3846820","854","Supertrend bearish | RSI 48.0 lemah | Volume 0.43x | Lolos anti-crash ADX | RISEN SIDEWAYS","Full Grid (1-2-3-4)","100000000","151","144","142","140","0.1","0.2","0.3","0.4","662","1388","2112","2857","7019","99971800","28200","142.43","142.43","134","184","206","206","11.26","5.92","36.42","44.63","3.24","7.54"
"ESTA","2026-05-29","2026-05-29","561","FULL","206","10.75268817204301","HOLD","-","passive","FALSE","","EARLY SWEEP","2026-03-17","","73d","73","UPTREND","BULLISH","BEARISH","BULLISH","UPTREND DISCOUNT","SIDEWAYS","79.8","TRUE","FALSE","FALSE","LAGGING","LAGGARD (Passive)","0.31","0.31","DRY / QUIET","94.44","5.56","51.28","34.52","21.2","17.45","203.83","207.34","197","624000","2007065","854","Supertrend bullish | RSI 51.3 > 50 | Volume 0.31x | Lolos anti-crash ADX | RISEN SIDEWAYS","Full Grid (1-2-3-4)","100000000","192","177","173","168","0.1","0.2","0.3","0.4","520","1129","1734","2380","5763","99949500","50500","173.43","173.44","156","246","270","270","18.75","10.05","40.63","55.68","2.17","5.54"
"JIHD","2026-05-29","2026-05-29","561","FULL","440","-1.7857142857142856","AVOID","-","passive","FALSE","","EARLY SWEEP","2026-03-17","","73d","73","DOWNTREND","BEARISH","BEARISH","BEARISH","STRUCTURE + DISCOUNT","NORMAL DOWNTREND","68.69","TRUE","FALSE","FALSE","LAGGING","LAGGARD (Passive)","0.84","0.84","NORMAL","63.64","36.36","31.64","29.68","11.47","28.58","477.04","507.94","588.11","323400","383890","854","Supertrend bearish | RSI 31.6 lemah | Volume 0.84x | Lolos anti-crash ADX | RISEN NORMAL DOWNTREND","Full Grid (1-2-3-4)","100000000","675","570","540","505","0.1","0.2","0.3","0.4","148","350","555","792","1845","99906000","94000","541.5","541.52","452","1010","1345","1345","33.04","16.53","99.26","148.39","3","8.98"
"ROCK","2026-05-29","2026-05-29","561","FULL","1735","2.0588235294117645","AVOID","-","passive","FALSE","","SMART GAMMA","2026-03-17","","73d","73","DOWNTREND","BEARISH","BEARISH","BULLISH","STRUCTURE + DISCOUNT","NORMAL DOWNTREND","58.47","TRUE","FALSE","FALSE","LAGGING","LAGGARD (Passive)","0.11","0.11","DRY / QUIET","52.38","47.62","31.99","18.36","24.87","26.38","2162.5","2287.07","1678.81","11500","108615","854","Supertrend bearish | RSI 32.0 lemah | Volume 0.11x | Lolos anti-crash ADX | RISEN NORMAL DOWNTREND","Full Grid (1-2-3-4)","100000000","3520","2580","2360","2050","0.1","0.2","0.3","0.4","28","77","127","195","427","99669000","331000","2334.17","2335.53","1570","6450","9375","9375","55.4","32.74","166.34","301.64","3","9.21"
"SMLE","2026-05-29","2026-05-29","555","FULL","101","0","AVOID","-","passive","FALSE","","V-SHAPE","2026-03-17","","73d","73","DOWNTREND","BEARISH","BEARISH","BEARISH","STRUCTURE + DISCOUNT","NORMAL DOWNTREND","65","TRUE","FALSE","FALSE","LAGGING","LAGGARD (Passive)","0.55","0.55","DRY / QUIET","100","0","22.25","43.65","5.76","32.61","116.32","130.29","166.82","311200","561620","854","Supertrend bearish | RSI 22.3 lemah | Volume 0.55x | Crash filter aktif | RISEN NORMAL DOWNTREND","Full Grid (1-2-3-4)","100000000","114","103","100","97","0.1","0.2","0.3","0.4","877","1941","3000","4123","9941","99983200","16800","100.58","100.58","89","152","189","189","21.93","11.51","65.79","87.92","3","7.64"
"TBMS","2026-05-29","2026-05-29","561","FULL","1330","2.307692307692308","AVOID","-","passive","FALSE","","V-SHAPE","2026-01-26","","123d","123","DOWNTREND","BULLISH","BEARISH","BULLISH","STRUCTURE + DISCOUNT","SIDEWAYS","56.88","TRUE","FALSE","FALSE","LEADING","LEADING (Passive)","0.06","0.06","DRY / QUIET","77.78","22.22","50.88","14.74","27.14","19.11","1320.71","1333.24","1284.78","2400","42525","854","Supertrend bearish | RSI 50.9 > 50 | Volume 0.06x | Lolos anti-crash ADX | RISEN SIDEWAYS","Full Grid (1-2-3-4)","100000000","1510","1450","1435","1410","0.1","0.2","0.3","0.4","66","137","209","283","695","99725500","274500","1434.9","1434.92","1370","1720","1930","1930","9.27","4.52","27.81","34.5","3","7.63"
"AHAP","2026-05-29","2026-05-29","561","FULL","85","-2.2988505747126435","AVOID","-","passive","FALSE","","EARLY SWEEP","2026-03-16","","74d","74","DOWNTREND","BEARISH","BEARISH","BEARISH","STRUCTURE + DISCOUNT","NORMAL DOWNTREND","61.49","TRUE","FALSE","FALSE","LAGGING","LAGGARD (Passive)","0.35","0.35","DRY / QUIET","40","60","32.36","23.03","12.09","30.19","99.25","109.12","107.82","8351500","23601645","852","Supertrend bearish | RSI 32.4 lemah | Volume 0.35x | Lolos anti-crash ADX | RISEN NORMAL DOWNTREND","Full Grid (1-2-3-4)","100000000","136","124","121","117","0.1","0.2","0.3","0.4","735","1612","2479","3418","8244","99971300","28700","121.27","121.27","109","177","218","218","19.85","10.11","60.29","79.77","3.04","7.89"
"BEKS","2026-05-29","2026-05-29","561","FULL","22","-4.3478260869565215","AVOID","-","passive","FALSE","","EARLY SWEEP","2026-03-16","","74d","74","DOWNTREND","BEARISH","BEARISH","BEARISH","STRUCTURE + DISCOUNT","NORMAL DOWNTREND","24.6","TRUE","FALSE","FALSE","LAGGING","LAGGARD (Passive)","1.1","1.1","NORMAL","0","100","27.2","69.05","8.53","41.17","24.72","26.49","28.05","28288800","25655185","852","Supertrend bearish | RSI 27.2 lemah | Volume 1.1x | Crash filter aktif | RISEN NORMAL DOWNTREND","Full Grid (1-2-3-4)","100000000","33","30","29","28","0.1","0.2","0.3","0.4","3030","6666","10344","14285","34325","99992600","7400","29.13","29.13","27","42","51","51","18.18","7.32","54.55","75.07","3","10.26"
"HRUM","2026-05-29","2026-05-29","561","FULL","790","-0.628930817610063","AVOID","-","passive","FALSE","","BETA BREAKOUT","2026-02-19","","99d","99","DOWNTREND","BEARISH","BEARISH","BEARISH","STRUCTURE + DISCOUNT","NORMAL DOWNTREND","22.75","TRUE","FALSE","FALSE","IMPROVING","IMPROVING (Passive)","0.57","0.57","DRY / QUIET","25","75","33.57","38.61","13.41","36","869.13","949.28","1014.43","9212700","16191335","852","Supertrend bearish | RSI 33.6 lemah | Volume 0.57x | Crash filter aktif | RISEN NORMAL DOWNTREND","Full Grid (1-2-3-4)","100000000","1240","1095","1060","1010","0.1","0.2","0.3","0.4","80","182","283","396","941","99843000","157000","1061.03","1061.17","930","1705","2170","2170","25","12.35","75","104.52","3","8.46"
"MKAP","2026-05-29","2026-05-29","536","FULL","1070","-1.3824884792626728","AVOID","-","passive","FALSE","","G ACC","2026-03-06","","84d","84","DOWNTREND","BEARISH","BULLISH","BULLISH","DEMAND STRUCTURE","SIDEWAYS","78.37","TRUE","FALSE","FALSE","WEAKENING","WEAKENING (Passive)","2.07","2.07","VOLUME SURGE","0","100","47.96","42.49","20.16","13.02","1078.44","1027.49","712.16","305200","147715","852","Supertrend bearish | RSI 48.0 lemah | Volume valid 2.07x | Lolos anti-crash ADX | RISEN SIDEWAYS","Full Grid (1-2-3-4)","100000000","1005","840","800","740","0.1","0.2","0.3","0.4","99","238","375","540","1252","99901500","98500","797.94","798","665","1515","2030","2030","33.83","16.66","101.99","154.41","3.01","9.27"
"MYOH","2026-05-29","2026-05-29","561","FULL","1170","-2.092050209205021","AVOID","-","passive","FALSE","","SMART SNIPER","2026-03-16","Structure + Discount","74d","74","DOWNTREND","BEARISH","BEARISH","BEARISH","STRUCTURE + DISCOUNT","NORMAL DOWNTREND","25","TRUE","FALSE","FALSE","LAGGING","LAGGARD (Passive)","0.88","0.88","NORMAL","0","100","35.24","18.6","25.79","21.47","1220.98","1273.24","1444.78","23800","26985","852","Supertrend bearish | RSI 35.2 lemah | Volume 0.88x | Lolos anti-crash ADX | RISEN NORMAL DOWNTREND","Full Grid (1-2-3-4)","100000000","1425","1370","1355","1335","0.1","0.2","0.3","0.4","70","145","221","299","735","99702000","298000","1356.49","1356.51","1300","1615","1800","1800","8.77","4.16","26.32","32.7","3","7.85"
"PBRX","2026-05-29","2026-05-29","561","FULL","30","0","HOLD","-","passive","FALSE","","BETA BREAKOUT","2026-02-19","","99d","99","UPTREND","BEARISH","BEARISH","BEARISH","UPTREND DISCOUNT","NORMAL DOWNTREND","52.54","TRUE","FALSE","FALSE","IMPROVING","IMPROVING (Passive)","0.33","0.33","DRY / QUIET","50","50","38.46","37.13","29.18","54.37","33.06","36.83","37.05","5167700","15678360","852","Supertrend bullish | RSI 38.5 lemah | Volume 0.33x | Crash filter aktif | RISEN NORMAL DOWNTREND","Full Grid (1-2-3-4)","100000000","48","44","43","42","0.1","0.2","0.3","0.4","2083","4545","6976","9523","23127","99989800","10200","43.24","43.24","39","62","73","73","18.75","9.8","52.08","68.84","2.78","7.03"
"PSGO","2026-05-29","2026-05-29","561","FULL","191","0","AVOID","-","passive","FALSE","","EARLY SWEEP","2026-03-16","","74d","74","DOWNTREND","BEARISH","BEARISH","BEARISH","STRUCTURE + DISCOUNT","NORMAL DOWNTREND","43.71","TRUE","FALSE","FALSE","WEAKENING","WEAKENING (Passive)","0.17","0.17","DRY / QUIET","80","20","35.64","25.42","5.95","22.67","197.3","200.2","201.93","121000","702880","852","Supertrend bearish | RSI 35.6 lemah | Volume 0.17x | Lolos anti-crash ADX | RISEN NORMAL DOWNTREND","Full Grid (1-2-3-4)","100000000","274","232","222","208","0.1","0.2","0.3","0.4","364","862","1351","1923","4500","99962600","37400","222.14","222.15","187","404","535","535","31.75","15.82","95.26","140.84","3","8.9"
"MDRN","2026-05-29","2026-05-29","561","FULL","33","0","AVOID","-","passive","FALSE","","SMART GAMMA","2026-02-18","","100d","100","DOWNTREND","BEARISH","BEARISH","BEARISH","DOWNTREND DISCOUNT","NORMAL DOWNTREND","60.04","TRUE","FALSE","FALSE","IMPROVING","IMPROVING (Passive)","0.53","0.53","DRY / QUIET","50","50","28.16","34.25","18.07","53.65","41.21","48.29","44.85","2371300","4449655","850","Supertrend bearish | RSI 28.2 lemah | Volume 0.53x | Crash filter aktif | RISEN NORMAL DOWNTREND","Full Grid (1-2-3-4)","100000000","72","69","68","66","0.1","0.2","0.3","0.4","1388","2898","4411","6060","14757","99980600","19400","67.75","67.75","64","84","106","106","11.11","5.54","47.22","56.45","4.25","10.2"
"TGKA","2026-05-29","2026-05-29","561","FULL","4660","-1.2711864406779663","AVOID","-","passive","FALSE","","SMART SNIPER","2026-03-13","Demand Structure","77d","77","DOWNTREND","BEARISH","BEARISH","BEARISH","STRUCTURE + DISCOUNT","NORMAL DOWNTREND","24.34","TRUE","FALSE","FALSE","WEAKENING","WEAKENING (Passive)","0.17","0.17","DRY / QUIET","45.45","54.55","37.83","23.26","30.61","30.78","4920.1","4931.29","5233.04","1900","10945","846","Supertrend bearish | RSI 37.8 lemah | Volume 0.17x | Lolos anti-crash ADX | RISEN NORMAL DOWNTREND","Full Grid (1-2-3-4)","100000000","5500","5100","5025","4890","0.1","0.2","0.3","0.4","18","39","59","81","197","99046500","953500","5027.74","5027.69","4690","6725","7925","7925","14.73","6.72","44.09","57.63","2.99","8.58"
"TRIN","2026-05-29","2026-05-29","561","FULL","468","8.333333333333332","AVOID","-","passive","FALSE","","V-SHAPE","2026-03-13","","77d","77","DOWNTREND","BEARISH","BEARISH","BEARISH","STRUCTURE + DISCOUNT","NORMAL DOWNTREND","58.9","TRUE","FALSE","FALSE","LAGGING","LAGGARD (Passive)","1.38","1.38","EXPANSION","76.32","23.68","26.73","39.91","5.1","27.08","592.64","709.3","662.78","6147000","4438630","846","Supertrend bearish | RSI 26.7 lemah | Volume valid 1.38x | Crash filter aktif | RISEN NORMAL DOWNTREND","Full Grid (1-2-3-4)","100000000","615","565","550","530","0.1","0.2","0.3","0.4","162","353","545","754","1814","99844500","155500","550.41","550.43","488","805","1225","1225","20.65","11.34","99.19","122.56","4.8","10.81"
"AMFG","2026-05-29","2026-05-29","561","FULL","3130","0","AVOID","-","passive","FALSE","","BETA BREAKOUT","2026-03-11","","79d","79","DOWNTREND","BEARISH","BEARISH","BEARISH","STRUCTURE + DISCOUNT","SIDEWAYS","25","TRUE","FALSE","FALSE","LAGGING","LAGGARD (Passive)","0.07","0.07","DRY / QUIET","100","0","39.87","40.15","31.18","15.11","3189.28","3249.52","3433.67","1000","13375","842","Supertrend bearish | RSI 39.9 lemah | Volume 0.07x | Lolos anti-crash ADX | RISEN SIDEWAYS","Full Grid (1-2-3-4)","100000000","3490","3330","3290","3230","0.1","0.2","0.3","0.4","28","60","91","123","302","99420000","580000","3292.05","3292.31","3140","4020","4540","4540","10.03","4.62","30.09","37.91","3","8.21"
"CMPP","2026-05-29","2026-05-29","561","FULL","70","-1.4084507042253522","AVOID","-","passive","FALSE","","EARLY SWEEP","2026-03-11","","79d","79","DOWNTREND","BEARISH","BEARISH","BEARISH","DOWNTREND DISCOUNT","NORMAL DOWNTREND","27.36","TRUE","FALSE","FALSE","LAGGING","LAGGARD (Passive)","0.2","0.2","DRY / QUIET","0","100","38.58","41.89","9.27","48.19","75.56","80.6","86.96","46900","235970","842","Supertrend bearish | RSI 38.6 lemah | Volume 0.2x | Crash filter aktif | RISEN NORMAL DOWNTREND","Full Grid (1-2-3-4)","100000000","107","97","95","91","0.1","0.2","0.3","0.4","934","2061","3157","4395","10547","99971500","28500","94.79","94.79","86","139","170","170","19.63","9.27","58.88","79.35","3","8.56"
"FISH","2026-05-29","2026-05-29","561","FULL","695","-3.4722222222222223","AVOID","-","passive","FALSE","","EARLY SWEEP","2026-03-11","","79d","79","DOWNTREND","BEARISH","BEARISH","BEARISH","STRUCTURE + DISCOUNT","NORMAL DOWNTREND","41.4","TRUE","FALSE","FALSE","LAGGING","LAGGARD (Passive)","0.64","0.64","DRY / QUIET","27.27","72.73","37.99","24.87","23.56","24.24","750.19","810.04","2662.69","63700","98775","842","Supertrend bearish | RSI 38.0 lemah | Volume 0.64x | Lolos anti-crash ADX | RISEN NORMAL DOWNTREND","Full Grid (1-2-3-4)","100000000","970","910","895","875","0.1","0.2","0.3","0.4","103","219","335","457","1114","99890000","110000","896.68","896.69","830","1590","2660","2660","14.43","7.44","174.23","196.65","12.07","26.45"
"SEMA","2026-05-29","2026-05-29","561","FULL","103","-2.8301886792452833","AVOID","-","passive","FALSE","","V-SHAPE","2026-03-11","","79d","79","DOWNTREND","BEARISH","BEARISH","BEARISH","STRUCTURE + DISCOUNT","SIDEWAYS","91.47","TRUE","FALSE","FALSE","LAGGING","LAGGARD (Passive)","0.62","0.62","DRY / QUIET","50","50","39.06","21.11","18.24","18.81","107.71","110.42","108.71","548000","879750","842","Supertrend bearish | RSI 39.1 lemah | Volume 0.62x | Lolos anti-crash ADX | RISEN SIDEWAYS","Full Grid (1-2-3-4)","100000000","107","100","98","96","0.1","0.2","0.3","0.4","934","2000","3061","4166","10161","99985200","14800","98.4","98.4","91","131","155","155","14.95","7.52","44.86","57.52","3","7.65"
"BLUE","2026-05-29","2026-05-29","561","FULL","3320","-0.8955223880597015","AVOID","-","passive","FALSE","","G ACC","2026-01-19","","130d","130","DOWNTREND","BULLISH","BEARISH","BULLISH","DOWNTREND","SIDEWAYS","50.07","TRUE","FALSE","FALSE","LEADING","LEADING (Passive)","0.48","0.48","DRY / QUIET","0","100","51.06","18.82","27.46","15.69","3224.07","3466.07","2923.94","386200","799890","840","Supertrend bearish | RSI 51.1 > 50 | Volume 0.48x | Lolos anti-crash ADX | RISEN SIDEWAYS","Full Grid (1-2-3-4)","100000000","5075","3920","3650","3260","0.1","0.2","0.3","0.4","19","51","82","122","274","99336500","663500","3625.42","3628.24","2680","8675","12250","12250","47.19","26.08","141.38","237.89","3","9.12"
"INPC","2026-05-29","2026-05-29","561","FULL","139","-0.7142857142857143","AVOID","-","passive","FALSE","","SMART SNIPER + V-SHAPE","2026-03-10","Structure + Discount","80d","80","DOWNTREND","BEARISH","BEARISH","BEARISH","STRUCTURE + DISCOUNT","NORMAL DOWNTREND","50.74","TRUE","FALSE","FALSE","LAGGING","LAGGARD (Passive)","0.63","0.63","DRY / QUIET","83.33","16.67","38.22","22.18","13.41","30.71","149.95","157.97","165.49","2438400","3872335","840","Supertrend bearish | RSI 38.2 lemah | Volume 0.63x | Lolos anti-crash ADX | RISEN NORMAL DOWNTREND","Full Grid (1-2-3-4)","100000000","199","175","169","160","0.1","0.2","0.3","0.4","502","1142","1775","2500","5919","99972300","27700","168.9","168.9","147","278","356","356","26.13","12.97","78.89","110.77","3.02","8.54"
"VERN","2026-05-29","2026-05-29","385","FULL","121","-2.4193548387096775","AVOID","-","passive","FALSE","","V-SHAPE","2026-03-10","","80d","80","DOWNTREND","BEARISH","BEARISH","BEARISH","DEMAND STRUCTURE","NORMAL DOWNTREND","29.12","TRUE","FALSE","FALSE","WEAKENING","WEAKENING (Passive)","0.05","0.05","DRY / QUIET","33.33","66.67","40.57","23.71","20.99","20.68","129.81","127.05","125.14","300800","6114010","840","Supertrend bearish | RSI 40.6 lemah | Volume 0.05x | Lolos anti-crash ADX | RISEN NORMAL DOWNTREND","Full Grid (1-2-3-4)","100000000","91","87","86","85","0.1","0.2","0.3","0.4","1098","2298","3488","4705","11589","99973700","26300","86.27","86.27","81","113","114","114","10.99","6.1","25.27","32.15","2.3","5.27"
"WOOD","2026-05-29","2026-05-29","561","FULL","266","3.10077519379845","AVOID","-","passive","FALSE","","V-SHAPE","2026-03-10","","80d","80","DOWNTREND","BEARISH","BEARISH","BEARISH","STRUCTURE + DISCOUNT","NORMAL DOWNTREND","35.52","TRUE","FALSE","FALSE","LAGGING","LAGGARD (Passive)","0.55","0.55","DRY / QUIET","57.14","42.86","32.23","23.62","9.09","27.11","285.22","302.31","345.42","522900","949205","840","Supertrend bearish | RSI 32.2 lemah | Volume 0.55x | Lolos anti-crash ADX | RISEN NORMAL DOWNTREND","Full Grid (1-2-3-4)","100000000","324","312","308","304","0.1","0.2","0.3","0.4","308","641","974","1315","3238","99953600","46400","308.69","308.69","294","370","414","414","9.26","4.76","27.78","34.12","3","7.17"
"DGNS","2026-05-29","2026-05-29","561","FULL","234","0.8620689655172413","AVOID","-","passive","FALSE","","G ACC","2026-03-09","","81d","81","DOWNTREND","BEARISH","BEARISH","BEARISH","DEMAND STRUCTURE","NORMAL DOWNTREND","25","TRUE","FALSE","FALSE","LAGGING","LAGGARD (Passive)","0.3","0.3","DRY / QUIET","36.36","63.64","34.38","15.3","17.28","24.07","253.98","267.17","234.78","1364000","4596580","838","Supertrend bearish | RSI 34.4 lemah | Volume 0.3x | Lolos anti-crash ADX | RISEN NORMAL DOWNTREND","Full Grid (1-2-3-4)","100000000","324","298","292","284","0.1","0.2","0.3","0.4","308","671","1027","1408","3414","99950600","49400","292.77","292.77","268","408","492","492","17.28","8.46","51.85","68.05","3","8.04"
"KIJA","2026-05-29","2026-05-29","561","FULL","124","1.639344262295082","AVOID","-","passive","FALSE","","V-SHAPE","2026-03-06","","84d","84","DOWNTREND","BEARISH","BEARISH","BEARISH","STRUCTURE + DISCOUNT","NORMAL DOWNTREND","40.34","TRUE","FALSE","FALSE","LAGGING","LAGGARD (Passive)","0.72","0.72","DRY / QUIET","85.71","14.29","20.29","30.28","9.41","39.35","157.08","175.01","192.47","64763200","89754890","832","Supertrend bearish | RSI 20.3 lemah | Volume 0.72x | Crash filter aktif | RISEN NORMAL DOWNTREND","Full Grid (1-2-3-4)","100000000","183","174","172","169","0.1","0.2","0.3","0.4","546","1149","1744","2366","5805","99966600","33400","172.21","172.21","161","216","250","250","12.02","6.51","36.61","45.17","3.05","6.94"
"DRMA","2026-05-29","2026-05-29","561","FULL","975","0","AVOID","-","passive","FALSE","","BETA BREAKOUT","2026-02-23","","95d","95","DOWNTREND","BEARISH","BEARISH","BEARISH","STRUCTURE + DISCOUNT","SIDEWAYS","71.19","TRUE","FALSE","TRUE","LAGGING","LAGGARD (Passive)","2.23","2.23","VOLUME SURGE","75","25","42.94","13.54","16.56","17.47","990.22","999.56","1011.3","5157100","2311445","830","Supertrend bearish | RSI 42.9 lemah | Volume valid 2.23x | Lolos anti-crash ADX | RISEN SIDEWAYS","Full Grid (1-2-3-4)","100000000","1100","1010","990","960","0.1","0.2","0.3","0.4","90","198","303","416","1007","99831000","169000","991.37","991.45","915","1380","1655","1655","16.82","7.7","50.45","66.94","3","8.69"
"GDYR","2026-05-29","2026-05-29","561","FULL","1080","-1.8181818181818181","HOLD","-","passive","FALSE","","V-SHAPE","2026-03-04","","86d","86","UPTREND","BEARISH","BEARISH","BEARISH","DEMAND STRUCTURE","SIDEWAYS","60","TRUE","FALSE","FALSE","LAGGING","LAGGARD (Passive)","0.18","0.18","DRY / QUIET","42.86","57.14","47.13","12.7","19.02","16.55","1095.87","1100.63","1125.02","9700","53485","828","Supertrend bullish | RSI 47.1 lemah | Volume 0.18x | Lolos anti-crash ADX | RISEN SIDEWAYS","Full Grid (1-2-3-4)","100000000","1085","1065","1060","1055","0.1","0.2","0.3","0.4","92","187","283","379","941","99880000","120000","1061.42","1061.43","1035","1160","1275","1275","4.61","2.49","17.51","20.12","3.8","8.08"
"SULI","2026-05-29","2026-05-29","561","FULL","84","-1.1764705882352942","AVOID","-","passive","FALSE","","V-SHAPE","2026-03-04","","86d","86","DOWNTREND","BEARISH","BEARISH","BEARISH","STRUCTURE + DISCOUNT","NORMAL DOWNTREND","17.5","TRUE","FALSE","FALSE","LAGGING","LAGGARD (Passive)","0.23","0.23","DRY / QUIET","50","50","27.41","12.88","27.51","22.5","95.23","101.92","112.38","1406600","6080815","828","Supertrend bearish | RSI 27.4 lemah | Volume 0.23x | Lolos anti-crash ADX | RISEN NORMAL DOWNTREND","Full Grid (1-2-3-4)","100000000","117","112","110","108","0.1","0.2","0.3","0.4","854","1785","2727","3703","9069","99973200","26800","110.24","110.24","104","137","156","156","11.11","5.66","33.33","41.51","3","7.34"
"GPSO","2026-05-29","2026-05-29","561","FULL","505","3.909465020576132","HOLD","-","passive","FALSE","","V-SHAPE","2026-03-03","","87d","87","UPTREND","BULLISH","BULLISH","BULLISH","UPTREND DISCOUNT","NORMAL UPTREND","0","FALSE","TRUE","FALSE","WEAKENING","WEAKENING (Passive)","1.47","1.47","EXPANSION","80.77","19.23","75.41","59.52","42.12","4.89","441.57","420.18","489.57","30410000","20665750","826","Supertrend bullish | RSI 75.4 > 50 | Volume valid 1.47x | Lolos anti-crash ADX | RISEN NORMAL UPTREND","Full Grid (1-2-3-4)","100000000","396","384","380","376","0.1","0.2","0.3","0.4","252","520","789","1063","2624","99898000","102000","380.71","380.71","362","448","498","498","8.59","4.91","25.76","30.81","3","6.27"
"KOIN","2026-05-29","2026-05-29","561","FULL","76","-2.564102564102564","AVOID","-","passive","FALSE","","V-SHAPE","2026-03-03","","87d","87","DOWNTREND","BEARISH","BEARISH","BEARISH","DOWNTREND DISCOUNT","SIDEWAYS","45.18","TRUE","FALSE","FALSE","WEAKENING","WEAKENING (Passive)","0.1","0.1","DRY / QUIET","50","50","43.17","14.98","34.85","46.47","79.84","81.64","79.92","1300","13520","826","Supertrend bearish | RSI 43.2 lemah | Volume 0.1x | Lolos anti-crash ADX | RISEN SIDEWAYS","Full Grid (1-2-3-4)","100000000","90","84","83","81","0.1","0.2","0.3","0.4","1111","2380","3614","4938","12043","99985000","15000","83.02","83.02","77","110","129","129","14.44","7.25","43.33","55.38","3","7.63"
"RALS","2026-05-29","2026-05-29","561","FULL","380","-2.564102564102564","AVOID","-","passive","FALSE","","SMART GAMMA","2026-03-03","","87d","87","DOWNTREND","BEARISH","BEARISH","BEARISH","DOWNTREND DISCOUNT","NORMAL DOWNTREND","0","FALSE","FALSE","FALSE","LAGGING","LAGGARD (Passive)","1.84","1.84","EXPANSION","16.67","83.33","22.49","23.73","11.99","44.52","431.91","444","436.39","18380100","9995560","826","Supertrend bearish | RSI 22.5 lemah | Volume valid 1.84x | Lolos anti-crash ADX | RISEN NORMAL DOWNTREND","Full Grid (1-2-3-4)","100000000","530","470","456","436","0.1","0.2","0.3","0.4","188","425","657","917","2187","99879400","120600","456.7","456.72","406","715","900","900","23.4","11.1","69.81","97.07","2.98","8.74"
"SMAR","2026-05-29","2026-05-29","561","FULL","4910","-2.7722772277227725","AVOID","-","passive","FALSE","","V-SHAPE","2026-03-03","","87d","87","DOWNTREND","BEARISH","BEARISH","BEARISH","STRUCTURE + DISCOUNT","NORMAL DOWNTREND","25","TRUE","FALSE","FALSE","LAGGING","LAGGARD (Passive)","0.83","0.83","NORMAL","20.41","79.59","36.34","27.73","14.76","30.06","5569.3","5597.87","5160.19","167900","202125","826","Supertrend bearish | RSI 36.3 lemah | Volume 0.83x | Lolos anti-crash ADX | RISEN NORMAL DOWNTREND","Full Grid (1-2-3-4)","100000000","5975","5650","5550","5450","0.1","0.2","0.3","0.4","16","35","54","73","178","99090000","910000","5566.85","5568.45","5225","7100","8225","8225","12.55","6.14","37.66","47.75","3","7.78"
"APEX","2026-05-29","2026-05-29","561","FULL","140","0.7194244604316548","AVOID","-","passive","FALSE","","V-SHAPE","2026-03-02","","88d","88","DOWNTREND","BEARISH","BEARISH","BEARISH","STRUCTURE + DISCOUNT","NORMAL DOWNTREND","65","TRUE","FALSE","FALSE","LAGGING","LAGGARD (Passive)","0.38","0.38","DRY / QUIET","40","60","30.75","28.67","11.24","29.58","165.63","183.71","182.13","7345100","19081840","824","Supertrend bearish | RSI 30.8 lemah | Volume 0.38x | Lolos anti-crash ADX | RISEN NORMAL DOWNTREND","Full Grid (1-2-3-4)","100000000","258","228","220","210","0.1","0.2","0.3","0.4","387","877","1363","1904","4531","99950200","49800","220.59","220.6","193","356","454","454","25.19","12.51","75.97","105.81","3.02","8.46"
"BBSI","2026-05-29","2026-05-29","561","FULL","4420","0","AVOID","-","passive","FALSE","","SMART GAMMA","2026-03-02","","88d","88","DOWNTREND","BEARISH","BEARISH","BULLISH","DEMAND STRUCTURE","NORMAL DOWNTREND","53.95","TRUE","FALSE","FALSE","WEAKENING","WEAKENING (Passive)","0.12","0.12","DRY / QUIET","50","50","39.85","59.28","4.38","37.52","4602.24","4585.06","4319.99","400","3470","824","Supertrend bearish | RSI 39.9 lemah | Volume 0.12x | Crash filter aktif | RISEN NORMAL DOWNTREND","Full Grid (1-2-3-4)","100000000","5000","4180","3980","3700","0.1","0.2","0.3","0.4","20","47","75","108","250","99456000","544000","3978.24","3978.8","3310","7525","10075","10075","33.8","16.8","101.5","153.25","3","9.12"
"ESSA","2026-05-29","2026-05-29","561","FULL","670","-3.597122302158273","AVOID","-","passive","FALSE","","BETA BREAKOUT","2026-03-02","","88d","88","DOWNTREND","BEARISH","BEARISH","BEARISH","STRUCTURE + DISCOUNT","SIDEWAYS","25","TRUE","TRUE","FALSE","LAGGING","LAGGARD (Passive)","0.61","0.61","DRY / QUIET","0","100","36.49","27.75","11.45","24.27","765.56","765.2","702.53","74867000","122146945","824","Supertrend bearish | RSI 36.5 lemah | Volume 0.61x | Lolos anti-crash ADX | RISEN SIDEWAYS","Full Grid (1-2-3-4)","100000000","725","665","650","625","0.1","0.2","0.3","0.4","137","300","461","640","1538","99847500","152500","649.2","649.26","590","930","1130","1130","18.62","9.12","55.86","74.06","3","8.12"
"NASI","2026-05-29","2026-05-29","561","FULL","125","0.8064516129032258","AVOID","-","passive","FALSE","","SMART GAMMA","2026-02-04","","114d","114","DOWNTREND","BEARISH","BEARISH","BEARISH","DOWNTREND DISCOUNT","NORMAL DOWNTREND","65","TRUE","FALSE","FALSE","IMPROVING","IMPROVING (Passive)","0.16","0.16","DRY / QUIET","20","80","29.82","18.91","16.53","19.1","136.98","144.35","129.05","617700","3932940","822","Supertrend bearish | RSI 29.8 lemah | Volume 0.16x | Lolos anti-crash ADX | RISEN NORMAL DOWNTREND","Full Grid (1-2-3-4)","100000000","185","147","138","125","0.1","0.2","0.3","0.4","540","1360","2173","3200","7273","99969400","30600","137.45","137.46","106","304","422","422","42.7","22.88","128.11","207.01","3","9.05"
"ASRI","2026-05-29","2026-05-29","561","FULL","116","-2.5210084033613445","AVOID","-","passive","FALSE","","BETA BREAKOUT","2026-01-09","","140d","140","DOWNTREND","BEARISH","BEARISH","BEARISH","DOWNTREND DISCOUNT","NORMAL DOWNTREND","48.8","TRUE","FALSE","FALSE","LEADING","LEADING (Passive)","0.13","0.13","DRY / QUIET","0","100","34.72","23.01","16.35","32.96","124.44","132.78","148.75","2939100","21788635","820","Supertrend bearish | RSI 34.7 lemah | Volume 0.13x | Lolos anti-crash ADX | RISEN NORMAL DOWNTREND","Full Grid (1-2-3-4)","100000000","177","169","166","164","0.1","0.2","0.3","0.4","564","1183","1807","2439","5993","99971300","28700","166.81","166.82","159","204","232","232","10.17","4.68","31.07","39.08","3.06","8.34"
"ASSA","2026-05-29","2026-05-29","561","FULL","640","-1.5384615384615385","AVOID","-","passive","FALSE","","BETA BREAKOUT","2026-02-18","","100d","100","DOWNTREND","BEARISH","BEARISH","BEARISH","STRUCTURE + DISCOUNT","NORMAL DOWNTREND","31.83","TRUE","FALSE","FALSE","LAGGING","LAGGARD (Passive)","2.17","2.17","VOLUME SURGE","63.64","36.36","21.74","50.01","7.89","41.27","742.05","842.49","936.75","22073800","10158655","820","Supertrend bearish | RSI 21.7 lemah | Volume valid 2.17x | Crash filter aktif | RISEN NORMAL DOWNTREND","Full Grid (1-2-3-4)","100000000","1225","1115","1085","1050","0.1","0.2","0.3","0.4","81","179","276","380","916","99727000","273000","1088.72","1088.79","990","1580","1930","1930","19.18","9.07","57.55","77.27","3","8.52"
"AKKU","2026-05-29","2026-05-29","561","FULL","38","0","AVOID","-","passive","FALSE","","SMART GAMMA","2026-02-27","","91d","91","DOWNTREND","NEUTRAL","NEUTRAL","BULLISH","DEMAND STRUCTURE","SIDEWAYS","0","FALSE","FALSE","FALSE","LAGGING","LAGGARD (Passive)","0","0","NO VOLUME","50","50","49.78","7.67","31.15","26.7","38","37.96","34.3","0","0","818","Supertrend bearish | RSI 49.8 lemah | Volume NaNx | Lolos anti-crash ADX | RISEN SIDEWAYS","Full Grid (1-2-3-4)","100000000","39","35","34","33","0.1","0.2","0.3","0.4","2564","5714","8823","12121","29222","99996100","3900","34.22","34.22","30","53","66","66","23.08","12.33","69.23","92.87","3","7.53"
"DNAR","2026-05-29","2026-05-29","561","FULL","120","-4","AVOID","-","passive","FALSE","","V-SHAPE","2026-02-27","","91d","91","DOWNTREND","BEARISH","BEARISH","BEARISH","DOWNTREND DISCOUNT","NORMAL DOWNTREND","0","FALSE","FALSE","FALSE","LAGGING","LAGGARD (Passive)","0.65","0.65","DRY / QUIET","16.67","83.33","28.82","23.38","32.44","23.33","132.15","138.17","140.59","1789400","2758515","818","Supertrend bearish | RSI 28.8 lemah | Volume 0.65x | Lolos anti-crash ADX | RISEN NORMAL DOWNTREND","Full Grid (1-2-3-4)","100000000","160","149","146","143","0.1","0.2","0.3","0.4","625","1342","2054","2797","6818","99981300","18700","146.64","146.64","136","196","232","232","15","7.26","45","58.21","3","8.02"
"TAPG","2026-05-29","2026-05-29","561","FULL","1520","1.6722408026755853","AVOID","-","passive","FALSE","","SMART SNIPER","2026-02-27","Demand Structure","91d","91","DOWNTREND","BEARISH","BEARISH","BEARISH","STRUCTURE + DISCOUNT","SIDEWAYS","7.06","TRUE","FALSE","FALSE","LAGGING","LAGGARD (Passive)","1.8","1.8","EXPANSION","60","40","35.92","31.71","16.63","30","1736.64","1766.36","1581.91","75566500","41941190","818","Supertrend bearish | RSI 35.9 lemah | Volume valid 1.8x | Crash filter aktif | RISEN SIDEWAYS","Full Grid (1-2-3-4)","100000000","1625","1485","1450","1400","0.1","0.2","0.3","0.4","61","134","206","285","686","99581500","418500","1451.63","1451.74","1330","2070","2510","2510","18.15","8.38","54.46","72.91","3","8.7"
"STAR","2026-05-29","2026-05-29","561","FULL","442","2.314814814814815","AVOID","-","passive","FALSE","","BETA BREAKOUT","2026-02-26","","92d","92","DOWNTREND","BEARISH","BEARISH","BULLISH","DEMAND STRUCTURE","NORMAL DOWNTREND","26.59","TRUE","FALSE","FALSE","LAGGING","LAGGARD (Passive)","0.05","0.05","DRY / QUIET","63.64","36.36","27.86","44.19","17.13","22.83","535.65","572.39","411.3","17000","339230","816","Supertrend bearish | RSI 27.9 lemah | Volume 0.05x | Crash filter aktif | RISEN NORMAL DOWNTREND","Full Grid (1-2-3-4)","100000000","790","700","675","645","0.1","0.2","0.3","0.4","126","285","444","620","1475","99864000","136000","677.04","677.1","590","1090","1390","1390","25.32","12.86","75.95","105.3","3","8.19"
"GDST","2026-05-29","2026-05-29","561","FULL","90","0","AVOID","-","passive","FALSE","","BETA BREAKOUT","2026-01-06","","143d","143","DOWNTREND","BEARISH","BEARISH","BEARISH","STRUCTURE + DISCOUNT","NORMAL DOWNTREND","25","TRUE","FALSE","FALSE","LEADING","LEADING (Passive)","0.01","0.01","DRY / QUIET","50","50","36.17","21.82","22.51","21.26","95.97","101.02","107.74","309200","21094945","814","Supertrend bearish | RSI 36.2 lemah | Volume 0.01x | Lolos anti-crash ADX | RISEN NORMAL DOWNTREND","Full Grid (1-2-3-4)","100000000","134","125","122","119","0.1","0.2","0.3","0.4","746","1600","2459","3361","8166","99992100","7900","122.45","122.45","114","164","194","194","14.93","6.9","44.78","58.43","3","8.47"
"JAYA","2026-05-29","2026-05-29","561","FULL","128","-0.7751937984496124","HOLD","-","passive","FALSE","","BETA BREAKOUT","2026-02-25","","93d","93","UPTREND","BEARISH","BEARISH","BULLISH","STRUCTURE + DISCOUNT","SIDEWAYS","100","TRUE","FALSE","FALSE","WEAKENING","WEAKENING (Passive)","0.17","0.17","DRY / QUIET","40","60","43.97","28.51","16.91","15.85","133.8","132.98","119.53","2548400","14773515","814","Supertrend bullish | RSI 44.0 lemah | Volume 0.17x | Lolos anti-crash ADX | RISEN SIDEWAYS","Full Grid (1-2-3-4)","100000000","162","132","124","114","0.1","0.2","0.3","0.4","617","1515","2419","3508","8059","99980200","19800","124.06","124.06","99","256","352","352","38.89","20.2","117.28","183.73","3.02","9.1"
"NICE","2026-05-29","2026-05-29","556","FULL","284","2.898550724637681","AVOID","-","passive","FALSE","","SMART SNIPER","2026-01-06","Demand Structure","143d","143","DOWNTREND","BEARISH","BEARISH","BEARISH","STRUCTURE + DISCOUNT","NORMAL DOWNTREND","34.99","TRUE","FALSE","FALSE","LEADING","LEADING (Passive)","0.33","0.33","DRY / QUIET","62.5","37.5","40.63","22.08","15.21","23.16","294.76","310.22","362.56","214000","647215","814","Supertrend bearish | RSI 40.6 lemah | Volume 0.33x | Lolos anti-crash ADX | RISEN NORMAL DOWNTREND","Full Grid (1-2-3-4)","100000000","442","408","398","386","0.1","0.2","0.3","0.4","226","490","753","1036","2505","99940200","59800","398.96","398.97","370","550","660","660","16.29","7.26","49.32","65.43","3.03","9.01"
"NINE","2026-05-29","2026-05-29","561","FULL","100","2.0408163265306123","AVOID","-","passive","FALSE","","V-SHAPE","2026-02-25","","93d","93","DOWNTREND","BEARISH","BEARISH","BEARISH","STRUCTURE + DISCOUNT","NORMAL DOWNTREND","36.26","TRUE","FALSE","FALSE","LAGGING","LAGGARD (Passive)","0.36","0.36","DRY / QUIET","75","25","37.92","19.6","15.9","23.83","118.19","133.31","177.61","11753100","32633425","814","Supertrend bearish | RSI 37.9 lemah | Volume 0.36x | Lolos anti-crash ADX | RISEN NORMAL DOWNTREND","Full Grid (1-2-3-4)","100000000","150","126","120","112","0.1","0.2","0.3","0.4","666","1587","2500","3571","8324","99981400","18600","120.11","120.11","98","228","306","306","34.67","18.41","104","154.76","3","8.41"
"BVIC","2026-05-29","2026-05-29","561","FULL","99","0","AVOID","-","passive","FALSE","","SMART GAMMA","2026-01-05","","144d","144","DOWNTREND","BEARISH","BEARISH","BEARISH","DOWNTREND DISCOUNT","SIDEWAYS","97.31","TRUE","FALSE","FALSE","LEADING","LEADING (Passive)","0.95","0.95","NORMAL","100","0","35.86","27.69","9.65","23.17","102.17","106.39","108.1","1627700","1713470","812","Supertrend bearish | RSI 35.9 lemah | Volume 0.95x | Lolos anti-crash ADX | RISEN SIDEWAYS","Full Grid (1-2-3-4)","100000000","139","123","119","113","0.1","0.2","0.3","0.4","719","1626","2521","3539","8405","99984500","15500","118.96","118.96","104","192","244","244","25.18","12.57","75.54","105.11","3","8.36"
"CNMA","2026-05-29","2026-05-29","561","FULL","101","4.123711340206185","HOLD","-","passive","FALSE","","SMART SNIPER","2026-01-05","Structure + Discount","144d","144","UPTREND","BULLISH","BEARISH","BEARISH","STRUCTURE + DISCOUNT","NORMAL DOWNTREND","27.19","TRUE","FALSE","FALSE","LEADING","LEADING (Passive)","1.65","1.65","EXPANSION","100","0","50.78","35.83","12.06","21.05","99.72","103.5","118.77","25431900","15403715","812","Supertrend bullish | RSI 50.8 > 50 | Volume valid 1.65x | Crash filter aktif | RISEN NORMAL DOWNTREND","Full Grid (1-2-3-4)","100000000","128","121","119","117","0.1","0.2","0.3","0.4","781","1652","2521","3418","8372","99976500","23500","119.42","119.42","113","151","173","173","11.72","5.37","35.16","44.87","3","8.35"
"INCI","2026-05-29","2026-05-29","561","FULL","665","-4.316546762589928","AVOID","-","passive","FALSE","","G ACC","2026-02-24","","94d","94","DOWNTREND","BEARISH","BEARISH","BEARISH","STRUCTURE + DISCOUNT","NORMAL DOWNTREND","67.13","TRUE","FALSE","FALSE","WEAKENING","WEAKENING (Passive)","1.48","1.48","EXPANSION","0","100","28.93","21.27","6.71","22.28","706.37","712.54","683.67","65000","43975","812","Supertrend bearish | RSI 28.9 lemah | Volume valid 1.48x | Lolos anti-crash ADX | RISEN NORMAL DOWNTREND","Full Grid (1-2-3-4)","100000000","885","760","730","690","0.1","0.2","0.3","0.4","112","263","410","579","1364","99781000","219000","731.53","731.62","625","1275","1665","1665","29.38","14.56","88.14","127.6","3","8.76"
"MNCN","2026-05-29","2026-05-29","561","FULL","212","1.9230769230769231","AVOID","-","passive","FALSE","","BETA BREAKOUT","2026-01-05","","144d","144","DOWNTREND","BEARISH","BEARISH","BEARISH","STRUCTURE + DISCOUNT","NORMAL DOWNTREND","40.82","TRUE","FALSE","FALSE","LEADING","LEADING (Passive)","0.52","0.52","DRY / QUIET","75","25","38.16","31.33","14.93","25.3","221.88","231.28","249.99","14414900","27716600","812","Supertrend bearish | RSI 38.2 lemah | Volume 0.52x | Crash filter aktif | RISEN NORMAL DOWNTREND","Full Grid (1-2-3-4)","100000000","280","268","266","262","0.1","0.2","0.3","0.4","357","746","1127","1526","3756","99948200","51800","266.1","266.1","254","320","358","358","9.29","4.55","27.86","34.53","3","7.59"
"PTPP","2026-05-29","2026-05-29","561","FULL","202","-3.8095238095238098","AVOID","-","passive","FALSE","","BETA BREAKOUT","2026-02-24","","94d","94","DOWNTREND","BEARISH","BEARISH","BEARISH","DOWNTREND DISCOUNT","NORMAL DOWNTREND","0","FALSE","FALSE","FALSE","LAGGING","LAGGARD (Passive)","0.83","0.83","NORMAL","38.46","61.54","22.02","28.25","13.35","35.46","233.45","262.98","330.27","8652500","10380690","812","Supertrend bearish | RSI 22.0 lemah | Volume 0.83x | Lolos anti-crash ADX | RISEN NORMAL DOWNTREND","Full Grid (1-2-3-4)","100000000","374","336","326","312","0.1","0.2","0.3","0.4","267","595","920","1282","3064","99968200","31800","326.27","326.27","292","498","620","620","21.93","10.5","65.78","90.03","3","8.57"
"BAYU","2026-05-29","2026-05-29","561","FULL","1130","-1.7391304347826086","AVOID","-","passive","FALSE","","SMART GAMMA","2026-02-23","","95d","95","DOWNTREND","BEARISH","BEARISH","BEARISH","STRUCTURE + DISCOUNT","NORMAL DOWNTREND","25","TRUE","FALSE","FALSE","LAGGING","LAGGARD (Passive)","0.18","0.18","DRY / QUIET","45.45","54.55","21.69","42.01","7.94","34.94","1262.8","1313.83","1335.82","43000","238640","810","Supertrend bearish | RSI 21.7 lemah | Volume 0.18x | Crash filter aktif | RISEN NORMAL DOWNTREND","Full Grid (1-2-3-4)","100000000","1375","1290","1265","1235","0.1","0.2","0.3","0.4","72","155","237","323","787","99766000","234000","1267.67","1267.74","1195","1645","1915","1915","13.09","5.73","39.27","51.06","3","8.91"
"BBSS","2026-05-29","2026-05-29","561","FULL","129","-1.5267175572519083","AVOID","-","passive","FALSE","","V-SHAPE","2026-02-23","","95d","95","DOWNTREND","BEARISH","BEARISH","BEARISH","STRUCTURE + DISCOUNT","NORMAL DOWNTREND","62.97","TRUE","FALSE","FALSE","LAGGING","LAGGARD (Passive)","0.93","0.93","NORMAL","55.56","44.44","24.51","20.57","16.36","21.22","153.05","182.54","259.27","540900","584375","810","Supertrend bearish | RSI 24.5 lemah | Volume 0.93x | Lolos anti-crash ADX | RISEN NORMAL DOWNTREND","Full Grid (1-2-3-4)","100000000","276","258","252","246","0.1","0.2","0.3","0.4","362","775","1190","1626","3953","99973800","26200","252.91","252.91","230","346","414","414","16.67","9.06","50","63.7","3","7.03"
"KMTR","2026-05-29","2026-05-29","561","FULL","220","-3.508771929824561","AVOID","-","passive","FALSE","","V-SHAPE","2026-02-23","","95d","95","DOWNTREND","BEARISH","BEARISH","BEARISH","STRUCTURE + DISCOUNT","NORMAL DOWNTREND","30.8","TRUE","FALSE","FALSE","LAGGING","LAGGARD (Passive)","0.2","0.2","DRY / QUIET","55.56","44.44","29.7","29.76","15.41","22.8","241.38","253.07","271.6","34800","172970","810","Supertrend bearish | RSI 29.7 lemah | Volume 0.2x | Lolos anti-crash ADX | RISEN NORMAL DOWNTREND","Full Grid (1-2-3-4)","100000000","298","272","264","256","0.1","0.2","0.3","0.4","335","735","1136","1562","3768","99952600","47400","265.27","265.27","242","382","466","466","18.79","8.77","56.38","75.67","3","8.63"
"TRJA","2026-05-29","2026-05-29","561","FULL","122","0.8264462809917356","AVOID","-","passive","FALSE","","V-SHAPE","2026-02-23","","95d","95","DOWNTREND","BEARISH","BEARISH","BEARISH","DOWNTREND DISCOUNT","NORMAL DOWNTREND","32.97","TRUE","FALSE","FALSE","WEAKENING","WEAKENING (Passive)","0.04","0.04","DRY / QUIET","25","75","35.42","41.45","26.62","12.55","128.79","134.58","148.97","53700","1378275","810","Supertrend bearish | RSI 35.4 lemah | Volume 0.04x | Lolos anti-crash ADX | RISEN NORMAL DOWNTREND","Full Grid (1-2-3-4)","100000000","164","148","144","138","0.1","0.2","0.3","0.4","609","1351","2083","2898","6941","99970000","30000","144.03","144.03","129","216","270","270","21.34","10.43","64.63","87.46","3.03","8.38"
"TRUK","2026-05-29","2026-05-29","561","FULL","426","5.970149253731343","AVOID","-","passive","FALSE","","V-SHAPE","2026-01-29","","120d","120","DOWNTREND","BEARISH","BEARISH","BULLISH","DEMAND STRUCTURE","NORMAL DOWNTREND","25","TRUE","FALSE","FALSE","IMPROVING","IMPROVING (Passive)","0.19","0.19","DRY / QUIET","91.67","8.33","45.15","24.17","24.52","27.72","456.03","447.47","382.13","131800","682900","810","Supertrend bearish | RSI 45.1 lemah | Volume 0.19x | Lolos anti-crash ADX | RISEN NORMAL DOWNTREND","Full Grid (1-2-3-4)","100000000","535","474","460","440","0.1","0.2","0.3","0.4","186","421","652","909","2168","99894400","105600","460.77","460.8","404","730","930","930","24.49","12.32","73.83","101.84","3.02","8.27"
"NOBU","2026-05-29","2026-05-29","561","FULL","462","-2.5316455696202533","AVOID","-","passive","FALSE","","SMART GAMMA","2026-02-20","","98d","98","DOWNTREND","BEARISH","BEARISH","BEARISH","STRUCTURE + DISCOUNT","NORMAL DOWNTREND","64.17","TRUE","FALSE","FALSE","LAGGING","LAGGARD (Passive)","0.49","0.49","DRY / QUIET","0","100","29.11","20.98","15.6","28.99","499.84","525.09","551.33","1568800","3177005","804","Supertrend bearish | RSI 29.1 lemah | Volume 0.49x | Lolos anti-crash ADX | RISEN NORMAL DOWNTREND","Full Grid (1-2-3-4)","100000000","680","565","540","500","0.1","0.2","0.3","0.4","147","353","555","800","1855","99910500","89500","538.6","538.62","448","1030","1375","1375","34.12","16.82","102.21","155.29","3","9.23"
"ATAP","2026-05-29","2026-05-29","561","FULL","420","-2.7777777777777777","AVOID","-","passive","FALSE","","BETA BREAKOUT","2026-02-18","","100d","100","DOWNTREND","BEARISH","BEARISH","BULLISH","STRUCTURE + DISCOUNT","SIDEWAYS","91.89","TRUE","FALSE","FALSE","LAGGING","LAGGARD (Passive)","0.32","0.32","DRY / QUIET","0","100","32.39","14.1","14.03","21.69","465.86","518.4","409.6","441100","1365935","800","Supertrend bearish | RSI 32.4 lemah | Volume 0.32x | Lolos anti-crash ADX | RISEN SIDEWAYS","Full Grid (1-2-3-4)","100000000","850","730","700","660","0.1","0.2","0.3","0.4","117","273","428","606","1424","99830000","170000","701.05","701.14","595","1235","1615","1615","30","15.13","90","130.37","3","8.62"
"LIVE","2026-05-29","2026-05-29","536","FULL","206","-3.7383177570093453","HOLD","-","passive","FALSE","","BETA BREAKOUT","2026-02-18","","100d","100","UPTREND","BEARISH","BEARISH","BEARISH","STRUCTURE + DISCOUNT","SIDEWAYS","92.31","TRUE","FALSE","FALSE","WEAKENING","WEAKENING (Passive)","0.73","0.73","DRY / QUIET","0","100","39.5","28.2","21.33","16.05","219.04","222.07","216.94","475800","648845","800","Supertrend bullish | RSI 39.5 lemah | Volume 0.73x | Lolos anti-crash ADX | RISEN SIDEWAYS","Full Grid (1-2-3-4)","100000000","274","230","220","204","0.1","0.2","0.3","0.4","364","869","1363","1960","4556","99930600","69400","219.34","219.35","179","416","560","560","34.67","18.39","104.38","155.31","3.01","8.45"
"OASA","2026-05-29","2026-05-29","561","FULL","352","-1.1235955056179776","AVOID","-","passive","FALSE","","BETA BREAKOUT","2026-02-18","","100d","100","DOWNTREND","BEARISH","BEARISH","BULLISH","DEMAND STRUCTURE","NORMAL UPTREND","60","TRUE","TRUE","FALSE","WEAKENING","WEAKENING (Passive)","0.37","0.37","DRY / QUIET","18.18","81.82","45.52","19.98","17.28","19.41","379.19","363.78","302.13","35373300","96664645","800","Supertrend bearish | RSI 45.5 lemah | Volume 0.37x | Lolos anti-crash ADX | RISEN NORMAL UPTREND","Full Grid (1-2-3-4)","100000000","468","400","382","360","0.1","0.2","0.3","0.4","213","500","785","1111","2609","99951400","48600","383.1","383.12","320","690","910","910","31.62","16.47","94.44","137.53","2.99","8.35"
"TBIG","2026-05-29","2026-05-29","561","FULL","1525","3.741496598639456","HOLD","-","passive","FALSE","","G ACC","2025-12-29","","151d","151","UPTREND","BULLISH","BEARISH","BEARISH","UPTREND DISCOUNT","SIDEWAYS","17.23","TRUE","FALSE","FALSE","LEADING","LEADING (Passive)","0.54","0.54","DRY / QUIET","100","0","47.5","44.34","20.7","29.7","1521.35","1626.96","1833.9","1618900","3018650","798","Supertrend bullish | RSI 47.5 lemah | Volume 0.54x | Crash filter aktif | RISEN SIDEWAYS","Full Grid (1-2-3-4)","100000000","2810","2340","2230","2070","0.1","0.2","0.3","0.4","35","85","134","193","447","99558000","442000","2227.25","2228.05","1845","4260","5700","5700","34.34","17.16","102.85","155.92","2.99","9.09"
"AADI","2026-05-29","2026-05-29","344","FULL","8400","0.9009009009009009","AVOID","-","passive","FALSE","","SMART GAMMA","2026-01-22","","127d","127","DOWNTREND","BEARISH","BEARISH","BEARISH","DOWNTREND DISCOUNT","NORMAL UPTREND","35.37","TRUE","TRUE","FALSE","IMPROVING","IMPROVING (Passive)","0.92","0.92","NORMAL","57.14","42.86","35.73","37.44","13.04","31.3","9191.71","9599.09","8663.66","18290600","19885780","796","Supertrend bearish | RSI 35.7 lemah | Volume 0.92x | Crash filter aktif | RISEN NORMAL UPTREND","Full Grid (1-2-3-4)","100000000","7975","7475","7350","7175","0.1","0.2","0.3","0.4","12","26","40","55","133","97867500","2132500","7358.46","7360.49","6900","9600","11200","11200","13.48","6.23","40.44","52.21","3","8.38"
"ACRO","2026-05-29","2026-05-29","554","FULL","64","-1.5384615384615385","AVOID","-","passive","FALSE","","BETA BREAKOUT","2026-02-13","","105d","105","DOWNTREND","BEARISH","BEARISH","BEARISH","STRUCTURE + DISCOUNT","NORMAL DOWNTREND","33.01","TRUE","FALSE","FALSE","LAGGING","LAGGARD (Passive)","0.28","0.28","DRY / QUIET","33.33","66.67","34.92","20.84","18.41","19.7","69.33","73.43","78.72","1552200","5466690","790","Supertrend bearish | RSI 34.9 lemah | Volume 0.28x | Lolos anti-crash ADX | RISEN NORMAL DOWNTREND","Full Grid (1-2-3-4)","100000000","95","83","80","75","0.1","0.2","0.3","0.4","1052","2409","3750","5333","12544","99986200","13800","79.71","79.71","68","136","176","176","28.42","14.69","85.26","120.8","3","8.22"
"BDKR","2026-05-29","2026-05-29","561","FULL","144","-0.6896551724137931","AVOID","-","passive","FALSE","","BETA BREAKOUT","2026-02-13","","105d","105","DOWNTREND","BEARISH","BEARISH","BEARISH","STRUCTURE + DISCOUNT","SIDEWAYS","37.88","TRUE","FALSE","FALSE","WEAKENING","WEAKENING (Passive)","0.45","0.45","DRY / QUIET","66.67","33.33","33.97","23.36","11.79","19.76","153.73","157.35","177.19","8559500","18888765","790","Supertrend bearish | RSI 34.0 lemah | Volume 0.45x | Lolos anti-crash ADX | RISEN SIDEWAYS","Full Grid (1-2-3-4)","100000000","180","161","156","149","0.1","0.2","0.3","0.4","555","1242","1923","2684","6404","99976600","23400","156.12","156.12","139","242","304","304","22.78","10.96","68.89","94.73","3.02","8.64"
"BSWD","2026-05-29","2026-05-29","561","FULL","1400","0","AVOID","-","passive","FALSE","","BETA BREAKOUT","2026-02-13","","105d","105","DOWNTREND","BULLISH","BULLISH","BULLISH","DOWNTREND PREMIUM","NORMAL DOWNTREND","17.5","TRUE","FALSE","FALSE","WEAKENING","WEAKENING (Passive)","0","0","NO VOLUME","50","50","65.42","66.74","67.28","32.72","1389.11","1344.48","1340.93","0","125","790","Supertrend bearish | RSI 65.4 > 50 | Volume 0x | Lolos anti-crash ADX | RISEN NORMAL DOWNTREND","Full Grid (1-2-3-4)","100000000","1155","1105","1090","1070","0.1","0.2","0.3","0.4","86","180","275","373","914","99709000","291000","1090.91","1090.94","1045","1500","1750","1750","9.52","4.21","51.52","60.42","5.41","14.36"
"NRCA","2026-05-29","2026-05-29","561","FULL","490","2.510460251046025","AVOID","-","passive","FALSE","","V-SHAPE","2026-01-19","","130d","130","DOWNTREND","BEARISH","BEARISH","BEARISH","STRUCTURE + DISCOUNT","NORMAL DOWNTREND","62.3","TRUE","FALSE","FALSE","IMPROVING","IMPROVING (Passive)","0.87","0.87","NORMAL","50","50","37.6","32.63","12.67","30.39","542.01","624.66","789.95","6735700","7786070","790","Supertrend bearish | RSI 37.6 lemah | Volume 0.87x | Crash filter aktif | RISEN NORMAL DOWNTREND","Full Grid (1-2-3-4)","100000000","1345","1225","1195","1150","0.1","0.2","0.3","0.4","74","163","251","347","835","99820000","180000","1195.45","1195.48","1070","1935","2160","2160","20.45","10.49","60.59","80.69","2.96","7.69"
"PNLF","2026-05-29","2026-05-29","561","FULL","238","-0.8333333333333334","AVOID","-","passive","FALSE","","BETA BREAKOUT","2026-02-13","","105d","105","DOWNTREND","BEARISH","BEARISH","BEARISH","STRUCTURE + DISCOUNT","NORMAL DOWNTREND","25","TRUE","FALSE","FALSE","WEAKENING","WEAKENING (Passive)","0.43","0.43","DRY / QUIET","50","50","41.4","19.23","21.47","20.15","248.68","251.37","266.84","29099100","68156690","790","Supertrend bearish | RSI 41.4 lemah | Volume 0.43x | Lolos anti-crash ADX | RISEN NORMAL DOWNTREND","Full Grid (1-2-3-4)","100000000","288","260","254","244","0.1","0.2","0.3","0.4","347","769","1181","1639","3936","99976600","23400","254.01","254.01","230","376","462","462","20.14","9.45","60.42","81.89","3","8.66"
"PTPS","2026-05-29","2026-05-29","561","FULL","138","-1.4285714285714286","AVOID","-","passive","FALSE","","BETA BREAKOUT","2026-01-19","","130d","130","DOWNTREND","BEARISH","BEARISH","BEARISH","STRUCTURE + DISCOUNT","NORMAL DOWNTREND","25","TRUE","FALSE","FALSE","IMPROVING","IMPROVING (Passive)","0.27","0.27","DRY / QUIET","0","100","19.97","46.74","11.38","35.3","155.54","169.99","170.55","1420900","5186330","790","Supertrend bearish | RSI 20.0 lemah | Volume 0.27x | Crash filter aktif | RISEN NORMAL DOWNTREND","Full Grid (1-2-3-4)","100000000","204","193","190","187","0.1","0.2","0.3","0.4","490","1036","1578","2139","5243","99972100","27900","190.68","190.68","181","238","274","274","11.27","5.08","34.31","43.7","3.04","8.61"
"BPII","2026-05-29","2026-05-29","561","FULL","460","0","AVOID","-","passive","FALSE","","BETA BREAKOUT","2026-02-12","","106d","106","DOWNTREND","BEARISH","BEARISH","BEARISH","STRUCTURE + DISCOUNT","SIDEWAYS","78.2","TRUE","FALSE","FALSE","LAGGING","LAGGARD (Passive)","0","0","DRY / QUIET","50","50","46.55","47.51","36.26","9.38","466.46","472.64","584.05","300","121870","788","Supertrend bearish | RSI 46.5 lemah | Volume 0x | Lolos anti-crash ADX | RISEN SIDEWAYS","Full Grid (1-2-3-4)","100000000","555","476","458","432","0.1","0.2","0.3","0.4","180","420","655","925","2180","99941000","59000","458.44","458.44","388","805","1055","1055","30.09","15.37","90.09","130.13","2.99","8.47"
"TYRE","2026-05-29","2026-05-29","561","FULL","110","1.8518518518518516","AVOID","-","passive","FALSE","","EARLY SWEEP","2026-02-12","","106d","106","DOWNTREND","BEARISH","BEARISH","BEARISH","STRUCTURE + DISCOUNT","NORMAL DOWNTREND","60","TRUE","FALSE","FALSE","LAGGING","LAGGARD (Passive)","0.09","0.09","DRY / QUIET","87.5","12.5","43.43","20.54","9.96","15.22","112.96","115.19","121.64","146800","1634460","788","Supertrend bearish | RSI 43.4 lemah | Volume 0.09x | Lolos anti-crash ADX | RISEN NORMAL DOWNTREND","Full Grid (1-2-3-4)","100000000","128","124","123","122","0.1","0.2","0.3","0.4","781","1612","2439","3278","8110","99976900","23100","123.28","123.28","119","142","156","156","7.03","3.47","21.88","26.55","3.11","7.65"
"OKAS","2026-05-29","2026-05-29","561","FULL","104","-1.8867924528301887","AVOID","-","passive","FALSE","","SMART SNIPER","2026-02-10","Structure + Discount","108d","108","DOWNTREND","BEARISH","BEARISH","BEARISH","STRUCTURE + DISCOUNT","NORMAL DOWNTREND","56.78","TRUE","FALSE","FALSE","LAGGING","LAGGARD (Passive)","0.29","0.29","DRY / QUIET","80","20","35.73","24.3","13.64","31.47","113.04","118.31","137.96","850600","2899330","784","Supertrend bearish | RSI 35.7 lemah | Volume 0.29x | Lolos anti-crash ADX | RISEN NORMAL DOWNTREND","Full Grid (1-2-3-4)","100000000","147","126","121","114","0.1","0.2","0.3","0.4","680","1587","2479","3508","8254","99979300","20700","121.13","121.13","103","214","280","280","29.93","14.97","90.48","131.16","3.02","8.76"
"VAST","2026-05-29","2026-05-29","561","FULL","120","3.4482758620689653","AVOID","-","passive","FALSE","","SMART SNIPER","2026-02-10","Demand Structure","108d","108","DOWNTREND","BEARISH","BEARISH","BEARISH","STRUCTURE + DISCOUNT","SIDEWAYS","75.91","TRUE","FALSE","FALSE","WEAKENING","WEAKENING (Passive)","0.91","0.91","NORMAL","33.33","66.67","42.56","30.95","23.19","17.39","124.94","126.86","136.26","6625600","7295705","784","Supertrend bearish | RSI 42.6 lemah | Volume 0.91x | Lolos anti-crash ADX | RISEN SIDEWAYS","Full Grid (1-2-3-4)","100000000","171","145","138","129","0.1","0.2","0.3","0.4","584","1379","2173","3100","7236","99959300","40700","138.14","138.14","115","256","340","340","32.75","16.75","98.83","146.12","3.02","8.72"
"YULE","2026-05-29","2026-05-29","561","FULL","3360","3.7037037037037033","AVOID","-","passive","FALSE","","BETA BREAKOUT","2025-12-22","","158d","158","DOWNTREND","BULLISH","BULLISH","BULLISH","DEMAND STRUCTURE","SIDEWAYS","62.74","TRUE","FALSE","FALSE","LEADING","LEADING (Passive)","0.65","0.65","DRY / QUIET","100","0","55.89","30.33","31.91","16.18","3296.52","3302.15","3072.19","11600","17730","784","Supertrend bearish | RSI 55.9 > 50 | Volume 0.65x | Lolos anti-crash ADX | RISEN SIDEWAYS","Full Grid (1-2-3-4)","100000000","3200","2920","2850","2750","0.1","0.2","0.3","0.4","31","68","105","145","349","99576000","424000","2853.18","2853.39","2610","4090","4970","4970","18.44","8.52","55.31","74.19","3","8.7"
"MBMA","2026-05-29","2026-05-29","561","FULL","478","0.42016806722689076","AVOID","-","passive","FALSE","","SMART GAMMA","2026-01-13","","136d","136","DOWNTREND","BEARISH","BEARISH","BEARISH","STRUCTURE + DISCOUNT","NORMAL DOWNTREND","23.84","TRUE","FALSE","FALSE","IMPROVING","IMPROVING (Passive)","0.65","0.65","DRY / QUIET","46.67","53.33","33.63","43.28","8.06","32.29","563.87","631.4","615.31","161231400","249512100","778","Supertrend bearish | RSI 33.6 lemah | Volume 0.65x | Crash filter aktif | RISEN NORMAL DOWNTREND","Full Grid (1-2-3-4)","100000000","775","655","625","585","0.1","0.2","0.3","0.4","129","305","480","683","1597","99930500","69500","625.74","625.73","525","1150","1525","1525","32.26","16.1","96.77","143.71","3","8.93"
"MMIX","2026-05-29","2026-05-29","561","FULL","422","9.32642487046632","HOLD","-","passive","FALSE","","EARLY SWEEP","2025-12-19","","161d","161","UPTREND","BULLISH","BULLISH","BULLISH","UPTREND PREMIUM","NORMAL UPTREND","0","FALSE","TRUE","FALSE","LEADING","LEADING (Passive)","1.09","1.09","NORMAL","86.21","13.79","74.64","54.05","36.53","11.53","351.05","306.71","255.7","4974900","4558510","778","Supertrend bullish | RSI 74.6 > 50 | Volume 1.09x | Lolos anti-crash ADX | RISEN NORMAL UPTREND","Full Grid (1-2-3-4)","100000000","244","232","230","226","0.1","0.2","0.3","0.4","409","862","1304","1769","4344","99949400","50600","230.09","230.09","216","286","288","288","11.48","6.12","18.03","25.17","1.57","4.11"
"DVLA","2026-05-29","2026-05-29","561","FULL","1585","-0.6269592476489028","AVOID","-","passive","FALSE","","BETA BREAKOUT","2026-02-06","","112d","112","DOWNTREND","BEARISH","BEARISH","BEARISH","STRUCTURE + DISCOUNT","SIDEWAYS","67.09","TRUE","FALSE","FALSE","LAGGING","LAGGARD (Passive)","0.81","0.81","NORMAL","33.33","66.67","40.16","47.84","8.79","28.6","1596.18","1605.69","1627.75","14000","17385","776","Supertrend bearish | RSI 40.2 lemah | Volume 0.81x | Crash filter aktif | RISEN SIDEWAYS","Full Grid (1-2-3-4)","100000000","1680","1640","1625","1615","0.1","0.2","0.3","0.4","59","121","184","247","611","99546500","453500","1629.24","1629.28","1590","1815","1995","1995","5.36","2.41","18.75","22.45","3.5","9.32"
"FORU","2026-05-29","2026-05-29","561","FULL","1500","4.166666666666666","HOLD","-","passive","FALSE","","BETA BREAKOUT","2025-12-18","","162d","162","UPTREND","BULLISH","BULLISH","BULLISH","UPTREND PREMIUM","NORMAL UPTREND","23.66","TRUE","TRUE","FALSE","LEADING","LEADING (Passive)","0.69","0.69","DRY / QUIET","96.67","3.33","62.73","21.94","22.68","14.68","1345.41","1343.32","1435.59","187400","270495","776","Supertrend bullish | RSI 62.7 > 50 | Volume 0.69x | Lolos anti-crash ADX | RISEN NORMAL UPTREND","Full Grid (1-2-3-4)","100000000","1585","1285","1215","1115","0.1","0.2","0.3","0.4","63","155","246","358","822","99709000","291000","1213","1213.02","960","2520","3460","3460","39.43","20.86","118.3","185.24","3","8.88"
"LION","2026-05-29","2026-05-29","561","FULL","378","-0.5263157894736842","AVOID","-","passive","FALSE","","SMART GAMMA","2026-02-06","","112d","112","DOWNTREND","BEARISH","BEARISH","BEARISH","STRUCTURE + DISCOUNT","NORMAL DOWNTREND","65","TRUE","FALSE","FALSE","LAGGING","LAGGARD (Passive)","0.21","0.21","DRY / QUIET","0","100","35.93","12.81","18.27","21.26","397.14","411.84","438.67","14600","71125","776","Supertrend bearish | RSI 35.9 lemah | Volume 0.21x | Lolos anti-crash ADX | RISEN NORMAL DOWNTREND","Full Grid (1-2-3-4)","100000000","605","494","468","432","0.1","0.2","0.3","0.4","165","404","641","925","2135","99898900","101100","467.91","467.92","378","945","1285","1285","37.52","19.22","112.4","174.63","3","9.09"
"SMKL","2026-05-29","2026-05-29","561","FULL","146","-2.013422818791946","AVOID","-","passive","FALSE","","EARLY SWEEP","2026-02-06","","112d","112","DOWNTREND","BEARISH","BEARISH","BEARISH","STRUCTURE + DISCOUNT","NORMAL DOWNTREND","25","TRUE","FALSE","FALSE","LAGGING","LAGGARD (Passive)","0.09","0.09","DRY / QUIET","0","100","39.38","32.07","22.19","13.37","159.14","163.19","167.2","189900","2100585","776","Supertrend bearish | RSI 39.4 lemah | Volume 0.09x | Lolos anti-crash ADX | RISEN NORMAL DOWNTREND","Full Grid (1-2-3-4)","100000000","171","167","165","164","0.1","0.2","0.3","0.4","584","1197","1818","2439","6038","99972900","27100","165.57","165.57","161","186","204","204","5.85","2.76","19.3","23.21","3.3","8.4"
"SMIL","2026-05-29","2026-05-29","561","FULL","258","-4.444444444444445","AVOID","-","passive","FALSE","","EARLY SWEEP","2026-02-05","","113d","113","DOWNTREND","BEARISH","BEARISH","BEARISH","STRUCTURE + DISCOUNT","NORMAL UPTREND","60","TRUE","TRUE","FALSE","WEAKENING","WEAKENING (Passive)","0.72","0.72","DRY / QUIET","50","50","42.97","16.69","14.95","25.53","274.74","277.41","328.45","10050400","13993105","774","Supertrend bearish | RSI 43.0 lemah | Volume 0.72x | Lolos anti-crash ADX | RISEN NORMAL UPTREND","Full Grid (1-2-3-4)","100000000","372","358","354","350","0.1","0.2","0.3","0.4","268","558","847","1142","2815","99899800","100200","354.88","354.89","342","418","462","462","8.06","3.63","24.19","30.18","3","8.31"
"AGRO","2026-05-29","2026-05-29","561","FULL","165","0.6097560975609756","AVOID","-","passive","FALSE","","SMART GAMMA","2025-12-15","","165d","165","DOWNTREND","BEARISH","BEARISH","BEARISH","STRUCTURE + DISCOUNT","NORMAL DOWNTREND","30.21","TRUE","FALSE","FALSE","LEADING","LEADING (Passive)","0.44","0.44","DRY / QUIET","66.67","33.33","40.5","23.2","20.17","25.24","174.17","183.27","207.41","4672000","10572170","770","Supertrend bearish | RSI 40.5 lemah | Volume 0.44x | Lolos anti-crash ADX | RISEN NORMAL DOWNTREND","Full Grid (1-2-3-4)","100000000","248","228","224","216","0.1","0.2","0.3","0.4","403","877","1339","1851","4470","99965200","34800","223.64","223.64","206","312","374","374","16.94","7.89","50.81","67.24","3","8.53"
"BBHI","2026-05-29","2026-05-29","561","FULL","995","6.417112299465241","HOLD","-","passive","FALSE","","BETA BREAKOUT","2025-12-15","","165d","165","UPTREND","BEARISH","BEARISH","BEARISH","UPTREND DISCOUNT","NORMAL DOWNTREND","17.5","TRUE","FALSE","FALSE","LEADING","LEADING (Passive)","1.18","1.18","NORMAL","100","0","41.74","49.74","27.2","30.5","1051.35","1177.5","1271.35","470900","400315","770","Supertrend bullish | RSI 41.7 lemah | Volume 1.18x | Crash filter aktif | RISEN NORMAL DOWNTREND","Full Grid (1-2-3-4)","100000000","1535","1495","1480","1470","0.1","0.2","0.3","0.4","65","133","202","272","672","99741000","259000","1484.24","1484.26","1445","1670","1835","1835","5.86","2.64","19.54","23.63","3.33","8.94"
"DOSS","2026-05-29","2026-05-29","428","FULL","127","-1.550387596899225","AVOID","-","passive","FALSE","","EARLY SWEEP","2026-02-03","","115d","115","DOWNTREND","BEARISH","BEARISH","BEARISH","STRUCTURE + DISCOUNT","NORMAL DOWNTREND","50.99","TRUE","FALSE","FALSE","LAGGING","LAGGARD (Passive)","0.28","0.28","DRY / QUIET","25","75","29.26","23.11","12.17","26.92","141.62","151.32","167.06","425200","1502985","770","Supertrend bearish | RSI 29.3 lemah | Volume 0.28x | Lolos anti-crash ADX | RISEN NORMAL DOWNTREND","Full Grid (1-2-3-4)","100000000","160","151","149","146","0.1","0.2","0.3","0.4","625","1324","2013","2739","6701","99975500","24500","149.19","149.19","140","190","220","220","12.5","6.16","37.5","47.46","3","7.7"
"INPS","2026-05-29","2026-05-29","561","FULL","750","4.166666666666666","HOLD","-","passive","FALSE","","BETA BREAKOUT","2025-12-15","","165d","165","UPTREND","BULLISH","BULLISH","BULLISH","UPTREND PREMIUM","NORMAL UPTREND","36.45","TRUE","TRUE","FALSE","LEADING","LEADING (Passive)","0.3","0.3","DRY / QUIET","100","0","62.1","12.54","34.16","30.87","656.02","613.7","410.49","171700","573670","770","Supertrend bullish | RSI 62.1 > 50 | Volume 0.3x | Lolos anti-crash ADX | RISEN NORMAL UPTREND","Full Grid (1-2-3-4)","100000000","214","163","150","133","0.1","0.2","0.3","0.4","467","1226","2000","3007","6700","99970700","29300","149.21","149.21","109","372","530","530","49.07","26.95","147.66","255.2","3.01","9.47"
"EDGE","2026-05-29","2026-05-29","561","FULL","4790","0","HOLD","-","passive","FALSE","","V-SHAPE","2026-02-02","","116d","116","UPTREND","NEUTRAL","BULLISH","BULLISH","UPTREND","SIDEWAYS","0","FALSE","FALSE","FALSE","LAGGING","LAGGARD (Passive)","0","0","NO VOLUME","50","50","53.32","9.67","19.88","16.41","4789.91","4778.93","4605.36","0","0","768","Supertrend bullish | RSI 53.3 > 50 | Volume NaNx | Lolos anti-crash ADX | RISEN SIDEWAYS","Full Grid (1-2-3-4)","100000000","5200","4720","4600","4440","0.1","0.2","0.3","0.4","19","42","65","90","216","99564000","436000","4609.44","4610.18","4170","6750","8300","8300","19.81","9.53","59.62","80.07","3.01","8.4"
"AMOR","2026-05-29","2026-05-29","561","FULL","346","-1.1428571428571428","AVOID","-","passive","FALSE","","EARLY SWEEP","2026-01-29","","120d","120","DOWNTREND","BEARISH","BEARISH","BEARISH","STRUCTURE + DISCOUNT","NORMAL DOWNTREND","31.49","TRUE","FALSE","FALSE","LAGGING","LAGGARD (Passive)","1.09","1.09","NORMAL","0","100","45.67","20.62","18.15","23.57","349.8","352.02","409.12","223500","204285","760","Supertrend bearish | RSI 45.7 lemah | Volume 1.09x | Lolos anti-crash ADX | RISEN NORMAL DOWNTREND","Full Grid (1-2-3-4)","100000000","386","384","382","382","0.1","0.2","0.3","0.4","259","520","785","1047","2611","99947800","52200","382.8","382.8","378","482","496","496","2.07","1.25","28.5","29.57","13.75","23.61"
"BIRD","2026-05-29","2026-05-29","561","FULL","1555","0.3225806451612903","AVOID","-","passive","FALSE","","EARLY SWEEP","2025-12-10","","170d","170","DOWNTREND","BEARISH","BEARISH","BEARISH","STRUCTURE + DISCOUNT","NORMAL DOWNTREND","58.46","TRUE","FALSE","FALSE","LEADING","LEADING (Passive)","0.46","0.46","DRY / QUIET","33.33","66.67","43.28","35.36","13.6","23.38","1572.09","1612.4","1698.11","914900","1983595","760","Supertrend bearish | RSI 43.3 lemah | Volume 0.46x | Crash filter aktif | RISEN NORMAL DOWNTREND","Full Grid (1-2-3-4)","100000000","1815","1770","1755","1740","0.1","0.2","0.3","0.4","55","112","170","229","566","99487500","512500","1757.73","1757.73","1710","1975","2170","2170","5.79","2.72","19.56","23.45","3.38","8.64"
"HELI","2026-05-29","2026-05-29","561","FULL","168","-2.3255813953488373","AVOID","-","passive","FALSE","","EARLY SWEEP","2026-01-29","","120d","120","DOWNTREND","BEARISH","BEARISH","BEARISH","DOWNTREND DISCOUNT","NORMAL DOWNTREND","0","FALSE","FALSE","FALSE","LAGGING","LAGGARD (Passive)","0.82","0.82","NORMAL","0","100","28.94","39.95","25.74","18","187.33","195.25","222.35","671600","819685","760","Supertrend bearish | RSI 28.9 lemah | Volume 0.82x | Lolos anti-crash ADX | RISEN NORMAL DOWNTREND","Full Grid (1-2-3-4)","100000000","238","234","232","230","0.1","0.2","0.3","0.4","420","854","1293","1739","4306","99974200","25800","232.17","232.17","226","256","260","260","5.04","2.66","9.24","11.98","1.83","4.51"
"KBLI","2026-05-29","2026-05-29","561","FULL","322","0","AVOID","-","passive","FALSE","","EARLY SWEEP","2026-01-29","","120d","120","DOWNTREND","NEUTRAL","BEARISH","BEARISH","STRUCTURE + DISCOUNT","SIDEWAYS","25","TRUE","FALSE","FALSE","LAGGING","LAGGARD (Passive)","0.15","0.15","DRY / QUIET","0","100","47.59","15.71","15.23","15.84","322.61","324.43","338.41","145000","960910","760","Supertrend bearish | RSI 47.6 lemah | Volume 0.15x | Lolos anti-crash ADX | RISEN SIDEWAYS","Full Grid (1-2-3-4)","100000000","324","310","306","302","0.1","0.2","0.3","0.4","308","645","980","1324","3257","99947000","53000","306.87","306.87","294","370","384","384","9.26","4.19","18.52","25.14","2","5.99"
"MGRO","2026-05-29","2026-05-29","561","FULL","630","-3.816793893129771","AVOID","-","passive","FALSE","","EARLY SWEEP","2026-01-29","","120d","120","DOWNTREND","BEARISH","BEARISH","BEARISH","STRUCTURE + DISCOUNT","NORMAL DOWNTREND","60","TRUE","FALSE","FALSE","WEAKENING","WEAKENING (Passive)","0.88","0.88","NORMAL","0","100","32.8","42.58","8.73","23.36","672.49","693.08","716.71","2707400","3068560","760","Supertrend bearish | RSI 32.8 lemah | Volume 0.88x | Crash filter aktif | RISEN NORMAL DOWNTREND","Full Grid (1-2-3-4)","100000000","765","750","745","740","0.1","0.2","0.3","0.4","130","266","402","540","1338","99804000","196000","745.92","745.93","730","820","900","900","4.58","2.13","17.65","20.66","3.86","9.68"
"MLBI","2026-05-29","2026-05-29","561","FULL","6000","-1.2345679012345678","AVOID","-","passive","FALSE","","EARLY SWEEP","2026-01-29","","120d","120","DOWNTREND","BULLISH","BULLISH","BULLISH","DOWNTREND PREMIUM","NORMAL UPTREND","28.86","TRUE","TRUE","FALSE","WEAKENING","WEAKENING (Passive)","0.53","0.53","DRY / QUIET","42.86","57.14","54.44","43.63","24.02","13.53","5953.08","5827.79","5797.65","246700","462220","760","Supertrend bearish | RSI 54.4 > 50 | Volume 0.53x | Lolos anti-crash ADX | RISEN NORMAL UPTREND","Full Grid (1-2-3-4)","100000000","6475","6050","5925","5775","0.1","0.2","0.3","0.4","15","33","50","69","167","99150000","850000","5937.13","5938.28","5575","7825","9175","9175","13.9","6.1","41.7","54.54","3","8.94"
"PBID","2026-05-29","2026-05-29","561","FULL","496","1.639344262295082","AVOID","-","passive","FALSE","","EARLY SWEEP","2026-01-29","","120d","120","DOWNTREND","BEARISH","BEARISH","BEARISH","DOWNTREND DISCOUNT","NORMAL UPTREND","25","TRUE","TRUE","FALSE","WEAKENING","WEAKENING (Passive)","0.92","0.92","NORMAL","40","60","41.08","37.17","21.83","27","516.7","513.99","510.05","2612900","2850980","760","Supertrend bearish | RSI 41.1 lemah | Volume 0.92x | Crash filter aktif | RISEN NORMAL UPTREND","Full Grid (1-2-3-4)","100000000","488","478","474","470","0.1","0.2","0.3","0.4","204","418","632","851","2105","99889400","110600","474.53","474.54","464","525","540","540","4.92","2.22","10.66","13.8","2.17","6.21"
"SSIA","2026-05-29","2026-05-29","561","FULL","1675","1.82370820668693","AVOID","-","passive","FALSE","","V-SHAPE","2026-01-29","","120d","120","DOWNTREND","BULLISH","BULLISH","BULLISH","DEMAND STRUCTURE","SIDEWAYS","53","TRUE","FALSE","FALSE","LAGGING","LAGGARD (Passive)","0.59","0.59","DRY / QUIET","31.25","68.75","52.56","18.43","18.78","16.92","1654.12","1590.12","1582.49","15659800","26452910","760","Supertrend bearish | RSI 52.6 > 50 | Volume 0.59x | Lolos anti-crash ADX | RISEN SIDEWAYS","Full Grid (1-2-3-4)","100000000","1600","1440","1400","1345","0.1","0.2","0.3","0.4","62","138","214","297","711","99698500","301500","1402.23","1402.38","1255","2120","2640","2640","21.56","10.5","65","88.27","3.01","8.41"
"APII","2026-05-29","2026-05-29","561","FULL","185","-3.6458333333333335","AVOID","-","passive","FALSE","","V-SHAPE","2026-01-27","","122d","122","DOWNTREND","BEARISH","BEARISH","BEARISH","STRUCTURE + DISCOUNT","SIDEWAYS","50.28","TRUE","FALSE","FALSE","LAGGING","LAGGARD (Passive)","0.61","0.61","DRY / QUIET","0","100","43.91","27.89","18.25","11.16","189.18","190.56","189.06","88500","144640","756","Supertrend bearish | RSI 43.9 lemah | Volume 0.61x | Lolos anti-crash ADX | RISEN SIDEWAYS","Full Grid (1-2-3-4)","100000000","212","202","200","196","0.1","0.2","0.3","0.4","471","990","1500","2040","5001","99967200","32800","199.89","199.9","190","246","278","278","10.38","4.95","31.13","39.07","3","7.89"
"HILL","2026-05-29","2026-05-29","561","FULL","16","6.666666666666667","HOLD","-","passive","FALSE","","EARLY SWEEP","2026-01-02","","147d","147","UPTREND","BEARISH","BEARISH","BEARISH","STRUCTURE + DISCOUNT","NORMAL DOWNTREND","65","TRUE","FALSE","FALSE","IMPROVING","IMPROVING (Passive)","0.31","0.31","DRY / QUIET","100","0","32.54","41.31","19.09","47.13","18.16","30.83","232.7","18082000","58580260","756","Supertrend bullish | RSI 32.5 lemah | Volume 0.31x | Crash filter aktif | RISEN NORMAL DOWNTREND","Full Grid (1-2-3-4)","100000000","182","161","156","149","0.1","0.2","0.3","0.4","549","1242","1923","2684","6398","99978400","21600","156.27","156.27","138","248","314","314","24.18","11.69","72.53","100.94","3","8.64"
"BBRM","2026-05-29","2026-05-29","561","FULL","120","-1.639344262295082","AVOID","-","passive","FALSE","","V-SHAPE","2026-01-26","","123d","123","DOWNTREND","BEARISH","BEARISH","BEARISH","STRUCTURE + DISCOUNT","SIDEWAYS","86.96","TRUE","FALSE","FALSE","LAGGING","LAGGARD (Passive)","0.24","0.24","DRY / QUIET","0","100","27.44","12.72","16.02","18.46","135.32","146","136.25","684300","2810295","754","Supertrend bearish | RSI 27.4 lemah | Volume 0.24x | Lolos anti-crash ADX | RISEN SIDEWAYS","Full Grid (1-2-3-4)","100000000","252","220","212","200","0.1","0.2","0.3","0.4","396","909","1415","2000","4720","99975200","24800","211.81","211.82","181","358","466","466","28.17","14.55","84.92","120.01","3.01","8.25"
"MLPL","2026-05-29","2026-05-29","561","FULL","85","1.1904761904761905","AVOID","-","passive","FALSE","","SMART SNIPER","2026-01-26","Discount Only","123d","123","DOWNTREND","BEARISH","BEARISH","BEARISH","STRUCTURE + DISCOUNT","NORMAL DOWNTREND","53.14","TRUE","FALSE","FALSE","LAGGING","LAGGARD (Passive)","0.34","0.34","DRY / QUIET","66.67","33.33","34.51","20.54","15.64","29.62","93.18","99.98","118.38","9378200","27367290","754","Supertrend bearish | RSI 34.5 lemah | Volume 0.34x | Lolos anti-crash ADX | RISEN NORMAL DOWNTREND","Full Grid (1-2-3-4)","100000000","157","145","142","138","0.1","0.2","0.3","0.4","636","1379","2112","2898","7025","99963500","36500","142.3","142.3","131","196","236","236","16.56","7.94","50.32","65.85","3.04","8.29"
"INDF","2026-05-29","2026-05-29","561","FULL","6925","1.465201465201465","AVOID","-","passive","FALSE","","SMART SNIPER","2025-11-24","Structure + Discount","186d","186","DOWNTREND","BULLISH","BULLISH","BEARISH","DEMAND STRUCTURE","SIDEWAYS","21.87","TRUE","FALSE","TRUE","LEADING","LEADING (Passive)","3.67","3.67","VOLUME SURGE","58.33","41.67","54.78","19.83","21.95","17.66","6825.96","6757","6963.83","37318300","10155145","748","Supertrend bearish | RSI 54.8 > 50 | Volume valid 3.67x | Lolos anti-crash ADX | RISEN SIDEWAYS","Full Grid (1-2-3-4)","100000000","7450","7150","7075","6975","0.1","0.2","0.3","0.4","13","27","42","57","139","98462500","1537500","7083.63","7084.9","6825","8400","9325","9325","8.39","3.65","25.17","31.64","3","8.67"
"PJAA","2026-05-29","2026-05-29","561","FULL","480","0.8403361344537815","AVOID","-","passive","FALSE","","SMART GAMMA","2025-12-04","","176d","176","DOWNTREND","BEARISH","BEARISH","BEARISH","STRUCTURE + DISCOUNT","SIDEWAYS","72.78","TRUE","FALSE","FALSE","LEADING","LEADING (Passive)","0.64","0.64","DRY / QUIET","83.33","16.67","35.5","29.44","14.09","28.98","491.06","511.08","536.12","108800","170345","748","Supertrend bearish | RSI 35.5 lemah | Volume 0.64x | Lolos anti-crash ADX | RISEN SIDEWAYS","Full Grid (1-2-3-4)","100000000","690","595","575","540","0.1","0.2","0.3","0.4","144","336","521","740","1741","99845500","154500","573.5","573.55","494","985","1280","1280","28.41","13.86","85.51","123.19","3.01","8.89"
"SMSM","2026-05-29","2026-05-29","561","FULL","1705","-0.872093023255814","AVOID","-","passive","FALSE","","SMART SNIPER","2026-01-23","Discount Only","126d","126","DOWNTREND","BEARISH","BEARISH","BEARISH","STRUCTURE + DISCOUNT","NORMAL DOWNTREND","25","TRUE","FALSE","FALSE","WEAKENING","WEAKENING (Passive)","0.59","0.59","DRY / QUIET","16.67","83.33","37.46","24.36","17.55","30.2","1780.39","1788.34","1805.02","1270800","2136470","748","Supertrend bearish | RSI 37.5 lemah | Volume 0.59x | Lolos anti-crash ADX | RISEN NORMAL DOWNTREND","Full Grid (1-2-3-4)","100000000","1785","1720","1705","1685","0.1","0.2","0.3","0.4","56","116","175","237","584","99720000","280000","1707.53","1707.52","1650","1990","2190","2190","7.56","3.37","22.69","28.26","3","8.39"
"CLAY","2026-05-29","2026-05-29","561","FULL","2900","-0.3436426116838488","AVOID","-","passive","FALSE","","BETA BREAKOUT","2026-01-22","","127d","127","DOWNTREND","BULLISH","BULLISH","BULLISH","DEMAND STRUCTURE","SIDEWAYS","96.45","TRUE","FALSE","FALSE","LAGGING","LAGGARD (Passive)","1.12","1.12","NORMAL","90.48","9.52","59.56","11.77","12.84","26.4","2869.12","2819.65","2403.82","51500","45900","746","Supertrend bearish | RSI 59.6 > 50 | Volume 1.12x | Lolos anti-crash ADX | RISEN SIDEWAYS","Full Grid (1-2-3-4)","100000000","2680","2340","2260","2150","0.1","0.2","0.3","0.4","37","85","132","186","440","99628000","372000","2264.27","2264.63","1960","3760","4840","4840","26.87","13.44","80.6","113.76","3","8.47"
"GOLF","2026-05-29","2026-05-29","450","FULL","160","-3.614457831325301","AVOID","-","passive","FALSE","","SMART GAMMA","2026-01-22","","127d","127","DOWNTREND","BEARISH","BEARISH","BEARISH","STRUCTURE + DISCOUNT","NORMAL DOWNTREND","83.18","TRUE","FALSE","FALSE","LAGGING","LAGGARD (Passive)","1.01","1.01","NORMAL","25","75","26.56","19.87","11.98","26.06","179.94","190.96","210.65","5465200","5397540","746","Supertrend bearish | RSI 26.6 lemah | Volume 1.01x | Lolos anti-crash ADX | RISEN NORMAL DOWNTREND","Full Grid (1-2-3-4)","100000000","404","308","286","254","0.1","0.2","0.3","0.4","247","649","1048","1574","3518","99920400","79600","284.03","284.04","206","700","1000","1000","49.01","27.47","147.52","252.08","3.01","9.18"
"KBLV","2026-05-29","2026-05-29","561","FULL","90","1.1235955056179776","AVOID","-","passive","FALSE","","EARLY SWEEP","2026-01-22","","127d","127","DOWNTREND","BEARISH","BEARISH","BEARISH","DOWNTREND DISCOUNT","NORMAL DOWNTREND","52.3","TRUE","FALSE","FALSE","LAGGING","LAGGARD (Passive)","0.27","0.27","DRY / QUIET","75","25","28.85","23","15.41","24.93","103.27","114.8","141.55","1761600","6596695","746","Supertrend bearish | RSI 28.9 lemah | Volume 0.27x | Lolos anti-crash ADX | RISEN NORMAL DOWNTREND","Full Grid (1-2-3-4)","100000000","181","174","172","170","0.1","0.2","0.3","0.4","552","1149","1744","2352","5797","99964600","35400","172.44","172.44","163","236","246","246","9.94","5.48","35.91","42.66","3.61","7.79"
"LPKR","2026-05-29","2026-05-29","561","FULL","69","0","AVOID","-","passive","FALSE","","G ACC","2026-01-22","","127d","127","DOWNTREND","BEARISH","BEARISH","BEARISH","STRUCTURE + DISCOUNT","NORMAL DOWNTREND","57.39","TRUE","FALSE","FALSE","LAGGING","LAGGARD (Passive)","0.42","0.42","DRY / QUIET","0","100","30.02","25.11","11.07","26.98","77.28","82.03","88.35","22710900","54675695","746","Supertrend bearish | RSI 30.0 lemah | Volume 0.42x | Lolos anti-crash ADX | RISEN NORMAL DOWNTREND","Full Grid (1-2-3-4)","100000000","128","105","100","92","0.1","0.2","0.3","0.4","781","1904","3000","4347","10032","99981200","18800","99.66","99.66","81","199","270","270","36.72","18.73","110.94","170.91","3.02","9.13"
"MAHA","2026-05-29","2026-05-29","561","FULL","145","0","HOLD","-","passive","FALSE","","BETA BREAKOUT","2026-01-22","","127d","127","UPTREND","BEARISH","BEARISH","BEARISH","STRUCTURE + DISCOUNT","NORMAL DOWNTREND","99.24","TRUE","FALSE","FALSE","LAGGING","LAGGARD (Passive)","0.6","0.6","DRY / QUIET","0","100","41.72","15.02","16.88","14.69","147.99","149.97","155.17","5728900","9577695","746","Supertrend bullish | RSI 41.7 lemah | Volume 0.6x | Lolos anti-crash ADX | RISEN NORMAL DOWNTREND","Full Grid (1-2-3-4)","100000000","214","190","184","175","0.1","0.2","0.3","0.4","467","1052","1630","2285","5434","99961300","38700","183.96","183.96","162","292","370","370","24.3","11.94","72.9","101.14","3","8.47"
"SDRA","2026-05-29","2026-05-29","561","FULL","236","0","AVOID","-","passive","FALSE","","SMART SNIPER","2026-01-22","Structure + Discount","127d","127","DOWNTREND","BEARISH","BEARISH","BEARISH","STRUCTURE + DISCOUNT","NORMAL DOWNTREND","25","TRUE","FALSE","FALSE","LAGGING","LAGGARD (Passive)","0.09","0.09","DRY / QUIET","80","20","42.01","24.62","18.19","15.74","248.36","254.7","284.07","124300","1352675","746","Supertrend bearish | RSI 42.0 lemah | Volume 0.09x | Lolos anti-crash ADX | RISEN NORMAL DOWNTREND","Full Grid (1-2-3-4)","100000000","288","284","282","280","0.1","0.2","0.3","0.4","347","704","1063","1428","3542","99947800","52200","282.18","282.18","276","306","336","336","4.17","2.19","16.67","19.07","4","8.71"
"PSKT","2026-05-29","2026-05-29","561","FULL","222","9.900990099009901","AVOID","-","passive","FALSE","","BETA BREAKOUT","2026-01-21","","128d","128","DOWNTREND","BEARISH","BEARISH","BULLISH","STRUCTURE + DISCOUNT","NORMAL DOWNTREND","48.66","TRUE","FALSE","FALSE","LAGGING","LAGGARD (Passive)","1.34","1.34","EXPANSION","62.5","37.5","44.07","15.14","20.08","23.57","233.13","249.13","211.41","43887600","32785060","744","Supertrend bearish | RSI 44.1 lemah | Volume valid 1.34x | Lolos anti-crash ADX | RISEN NORMAL DOWNTREND","Full Grid (1-2-3-4)","100000000","402","326","308","282","0.1","0.2","0.3","0.4","248","613","974","1418","3253","99940200","59800","307.22","307.25","242","640","880","880","39.8","21.23","118.91","186.44","2.99","8.78"
"CARE","2026-05-29","2026-05-29","561","FULL","410","0","AVOID","-","passive","FALSE","","BETA BREAKOUT","2026-01-20","","129d","129","DOWNTREND","BEARISH","BEARISH","NEUTRAL","STRUCTURE + DISCOUNT","SIDEWAYS","65","TRUE","FALSE","FALSE","LAGGING","LAGGARD (Passive)","0.32","0.32","DRY / QUIET","50","50","42.39","34.43","27.75","9.84","412.2","427.12","410.38","511300","1617755","742","Supertrend bearish | RSI 42.4 lemah | Volume 0.32x | Lolos anti-crash ADX | RISEN SIDEWAYS","Full Grid (1-2-3-4)","100000000","825","700","665","625","0.1","0.2","0.3","0.4","121","285","451","640","1497","99924000","76000","667.49","667.53","560","1225","1620","1620","32.12","16.1","96.36","142.7","3","8.86"
"KEEN","2026-05-29","2026-05-29","561","FULL","855","-0.5813953488372093","AVOID","-","passive","FALSE","","BETA BREAKOUT","2026-01-20","","129d","129","DOWNTREND","BEARISH","BEARISH","BEARISH","STRUCTURE + DISCOUNT","NORMAL DOWNTREND","69.87","TRUE","FALSE","FALSE","WEAKENING","WEAKENING (Passive)","0.79","0.79","DRY / QUIET","0","100","43.24","17.47","19.24","19.82","888.64","913.18","931.77","6648300","8388125","742","Supertrend bearish | RSI 43.2 lemah | Volume 0.79x | Lolos anti-crash ADX | RISEN NORMAL DOWNTREND","Full Grid (1-2-3-4)","100000000","1285","1140","1105","1055","0.1","0.2","0.3","0.4","77","175","271","379","902","99774500","225500","1106.15","1106.32","980","1745","2200","2200","23.74","11.4","71.21","98.89","3","8.67"
"BWPT","2026-05-29","2026-05-29","561","FULL","83","-3.488372093023256","AVOID","-","passive","FALSE","","BETA BREAKOUT","2026-01-19","","130d","130","DOWNTREND","BEARISH","BEARISH","BEARISH","STRUCTURE + DISCOUNT","NORMAL DOWNTREND","25","TRUE","FALSE","FALSE","LAGGING","LAGGARD (Passive)","0.69","0.69","DRY / QUIET","28.57","71.43","21.79","38.1","9.32","36.06","107.61","119.38","123.54","60108100","87695920","740","Supertrend bearish | RSI 21.8 lemah | Volume 0.69x | Crash filter aktif | RISEN NORMAL DOWNTREND","Full Grid (1-2-3-4)","100000000","163","154","151","148","0.1","0.2","0.3","0.4","613","1298","1986","2702","6599","99959300","40700","151.48","151.48","142","195","226","226","12.88","6.26","38.65","49.2","3","7.86"
"EPMT","2026-05-29","2026-05-29","561","FULL","2290","-1.293103448275862","AVOID","-","passive","FALSE","","BETA BREAKOUT","2026-01-19","","130d","130","DOWNTREND","BEARISH","BEARISH","BEARISH","STRUCTURE + DISCOUNT","SIDEWAYS","17.95","TRUE","FALSE","FALSE","LAGGING","LAGGARD (Passive)","0.51","0.51","DRY / QUIET","75","25","41.9","23.02","19.63","22.35","2336.27","2338.81","2325.59","61800","121320","740","Supertrend bearish | RSI 41.9 lemah | Volume 0.51x | Lolos anti-crash ADX | RISEN SIDEWAYS","Full Grid (1-2-3-4)","100000000","2350","2310","2290","2280","0.1","0.2","0.3","0.4","42","86","131","175","434","99635000","365000","2295.74","2295.81","2260","2490","2740","2740","3.83","1.56","16.6","19.35","4.33","12.43"
"PTMP","2026-05-29","2026-05-29","561","FULL","62","0","AVOID","-","passive","FALSE","","BETA BREAKOUT","2026-01-19","","130d","130","DOWNTREND","BEARISH","BEARISH","BEARISH","STRUCTURE + DISCOUNT","SIDEWAYS","36.76","TRUE","FALSE","FALSE","LAGGING","LAGGARD (Passive)","0.03","0.03","DRY / QUIET","50","50","41.31","39.51","22.47","19.7","67.29","68.77","77.08","1933900","76510565","740","Supertrend bearish | RSI 41.3 lemah | Volume 0.03x | Lolos anti-crash ADX | RISEN SIDEWAYS","Full Grid (1-2-3-4)","100000000","93","87","86","84","0.1","0.2","0.3","0.4","1075","2298","3488","4761","11622","99979300","20700","86.03","86.03","80","113","132","132","13.98","7","41.94","53.44","3","7.63"
"DADA","2026-05-29","2026-05-29","561","FULL","50","0","AVOID","-","passive","FALSE","","SMART SNIPER","2026-01-07","Discount Only","142d","142","DOWNTREND","NEUTRAL","BEARISH","BULLISH","DOWNTREND DISCOUNT","SIDEWAYS","0","FALSE","FALSE","TRUE","LAGGING","LAGGARD (Passive)","3.11","3.11","VOLUME SURGE","50","50","43.12","85.63","65.97","1.55","50","50.18","47.12","3071100","987075","736","Supertrend bearish | RSI 43.1 lemah | Volume valid 3.11x | Lolos anti-crash ADX | RISEN SIDEWAYS","Full Grid (1-2-3-4)","100000000","60","34","27","18","0.1","0.2","0.3","0.4","1666","5882","11111","22222","40881","99994100","5900","24.46","24.46","7","163","240","240","88.33","71.38","300","881.2","3.4","12.34"
"AISA","2026-05-29","2026-05-29","561","FULL","107","0","AVOID","-","passive","FALSE","","BETA BREAKOUT","2026-01-15","","134d","134","DOWNTREND","BEARISH","BEARISH","BEARISH","STRUCTURE + DISCOUNT","NORMAL DOWNTREND","37.24","TRUE","FALSE","FALSE","LAGGING","LAGGARD (Passive)","0.52","0.52","DRY / QUIET","100","0","32.79","26.36","14.78","34.57","116.21","122.49","130.69","1857800","3559895","732","Supertrend bearish | RSI 32.8 lemah | Volume 0.52x | Lolos anti-crash ADX | RISEN NORMAL DOWNTREND","Full Grid (1-2-3-4)","100000000","153","141","138","133","0.1","0.2","0.3","0.4","653","1418","2173","3007","7251","99965200","34800","137.86","137.87","127","192","232","232","16.99","7.88","51.63","68.28","3.04","8.66"
"BTPS","2026-05-29","2026-05-29","561","FULL","930","-4.123711340206185","AVOID","-","passive","FALSE","","V-SHAPE","2026-01-15","","134d","134","DOWNTREND","BEARISH","BEARISH","BEARISH","DOWNTREND DISCOUNT","NORMAL DOWNTREND","0","FALSE","FALSE","FALSE","WEAKENING","WEAKENING (Passive)","0.9","0.9","NORMAL","0","100","30.85","32.32","12.47","31.82","994.16","1042.57","1172.02","5312700","5925785","732","Supertrend bearish | RSI 30.9 lemah | Volume 0.9x | Crash filter aktif | RISEN NORMAL DOWNTREND","Full Grid (1-2-3-4)","100000000","1210","1185","1175","1165","0.1","0.2","0.3","0.4","82","168","255","343","848","99752000","248000","1176.32","1176.35","1145","1310","1440","1440","5.37","2.66","19.01","22.42","3.54","8.42"
"SBMA","2026-05-29","2026-05-29","561","FULL","111","-0.8928571428571428","AVOID","-","passive","FALSE","","BETA BREAKOUT","2026-01-15","","134d","134","DOWNTREND","BEARISH","BEARISH","BEARISH","STRUCTURE + DISCOUNT","NORMAL DOWNTREND","49.51","TRUE","FALSE","FALSE","LAGGING","LAGGARD (Passive)","0.79","0.79","DRY / QUIET","50","50","32.43","25.41","13.79","22.92","115.55","119.39","125.76","668000","849100","732","Supertrend bearish | RSI 32.4 lemah | Volume 0.79x | Lolos anti-crash ADX | RISEN NORMAL DOWNTREND","Full Grid (1-2-3-4)","100000000","137","132","131","129","0.1","0.2","0.3","0.4","729","1515","2290","3100","7634","99974300","25700","130.96","130.96","126","154","170","170","8.03","3.79","24.09","29.81","3","7.87"
"AXIO","2026-05-29","2026-05-29","561","FULL","111","0","AVOID","-","passive","FALSE","","V-SHAPE","2026-01-14","","135d","135","DOWNTREND","BEARISH","BEARISH","BEARISH","STRUCTURE + DISCOUNT","SIDEWAYS","100","TRUE","FALSE","FALSE","LAGGING","LAGGARD (Passive)","0.43","0.43","DRY / QUIET","50","50","37.78","21.32","14.85","12.52","113.98","115.84","122.52","215500","501090","730","Supertrend bearish | RSI 37.8 lemah | Volume 0.43x | Lolos anti-crash ADX | RISEN SIDEWAYS","Full Grid (1-2-3-4)","100000000","129","128","127","127","0.1","0.2","0.3","0.4","775","1562","2362","3149","7848","99980800","19200","127.4","127.4","125","135","149","149","3.1","1.88","15.5","16.96","5","9.01"
"TAMU","2026-05-29","2026-05-29","561","FULL","21","-4.545454545454546","HOLD","-","passive","FALSE","","SMART GAMMA","2026-01-14","","135d","135","UPTREND","BEARISH","BEARISH","BEARISH","STRUCTURE + DISCOUNT","NORMAL DOWNTREND","60.11","TRUE","FALSE","FALSE","LAGGING","LAGGARD (Passive)","0.72","0.72","DRY / QUIET","0","100","34.06","24.95","27.02","47","25.34","28.81","29.95","5340800","7425870","730","Supertrend bullish | RSI 34.1 lemah | Volume 0.72x | Lolos anti-crash ADX | RISEN NORMAL DOWNTREND","Full Grid (1-2-3-4)","100000000","69","48","42","35","0.1","0.2","0.3","0.4","1449","4166","7142","11428","24185","99989300","10700","41.34","41.34","25","135","202","202","63.77","39.53","192.75","388.59","3.02","9.83"
"WINE","2026-05-29","2026-05-29","561","FULL","156","-1.8867924528301887","AVOID","-","passive","FALSE","","V-SHAPE","2026-01-14","","135d","135","DOWNTREND","BEARISH","BEARISH","BEARISH","DOWNTREND DISCOUNT","NORMAL DOWNTREND","0","FALSE","FALSE","FALSE","LAGGING","LAGGARD (Passive)","0.81","0.81","NORMAL","0","100","16.47","42.51","3.08","24.52","172.62","180.35","204.53","1120500","1378310","730","Supertrend bearish | RSI 16.5 lemah | Volume 0.81x | Crash filter aktif | RISEN NORMAL DOWNTREND","Full Grid (1-2-3-4)","100000000","208","200","198","195","0.1","0.2","0.3","0.4","480","1000","1515","2051","5046","99975500","24500","198.13","198.13","191","234","260","260","8.17","3.6","25","31.23","3.06","8.68"
"ZINC","2026-05-29","2026-05-29","561","FULL","30","0","AVOID","-","passive","FALSE","","G ACC","2026-01-14","","135d","135","DOWNTREND","BEARISH","BEARISH","BEARISH","STRUCTURE + DISCOUNT","SIDEWAYS","0","FALSE","FALSE","FALSE","LAGGING","LAGGARD (Passive)","0","0","NO VOLUME","50","50","42.01","23.7","25.95","42.43","30.08","31.17","30.33","0","0","730","Supertrend bearish | RSI 42.0 lemah | Volume NaNx | Lolos anti-crash ADX | RISEN SIDEWAYS","Full Grid (1-2-3-4)","100000000","46","38","36","33","0.1","0.2","0.3","0.4","2173","5263","8333","12121","27890","99993300","6700","35.85","35.85","30","70","94","94","34.78","16.32","104.35","162.18","3","9.94"
"PALM","2026-05-29","2026-05-29","561","FULL","340","0","AVOID","-","passive","FALSE","","BETA BREAKOUT + V-SHAPE","2026-01-13","","136d","136","DOWNTREND","BEARISH","BEARISH","BEARISH","STRUCTURE + DISCOUNT","NORMAL DOWNTREND","44.41","TRUE","FALSE","FALSE","LAGGING","LAGGARD (Passive)","0.42","0.42","DRY / QUIET","28.57","71.43","37.08","19.93","14.04","27.34","354.67","362.97","378.01","416300","985340","728","Supertrend bearish | RSI 37.1 lemah | Volume 0.42x | Lolos anti-crash ADX | RISEN NORMAL DOWNTREND","Full Grid (1-2-3-4)","100000000","408","388","384","376","0.1","0.2","0.3","0.4","245","515","781","1063","2604","99937200","62800","383.78","383.78","366","472","535","535","10.29","4.63","31.13","39.4","3.02","8.5"
"SNLK","2026-05-29","2026-05-29","561","FULL","244","-0.8130081300813009","AVOID","-","passive","FALSE","","SMART SNIPER","2025-11-24","Structure + Discount","186d","186","DOWNTREND","NEUTRAL","BEARISH","BEARISH","STRUCTURE + DISCOUNT","SIDEWAYS","66.41","TRUE","FALSE","FALSE","LEADING","LEADING (Passive)","0.96","0.96","NORMAL","14.29","85.71","49.15","16.46","14.3","11.98","243.63","259.04","364.77","13573100","14203555","728","Supertrend bearish | RSI 49.1 lemah | Volume 0.96x | Lolos anti-crash ADX | RISEN SIDEWAYS","Full Grid (1-2-3-4)","100000000","414","408","406","404","0.1","0.2","0.3","0.4","241","490","738","990","2459","99928200","71800","406.38","406.38","400","448","555","555","3.38","1.57","34.06","36.57","10.07","23.3"
"BUDI","2026-05-29","2026-05-29","561","FULL","204","-2.857142857142857","AVOID","-","passive","FALSE","","V-SHAPE","2026-01-02","","147d","147","DOWNTREND","BEARISH","BEARISH","BEARISH","STRUCTURE + DISCOUNT","SIDEWAYS","43.85","TRUE","FALSE","TRUE","WEAKENING","WEAKENING (Passive)","7.53","7.53","VOLUME SURGE","33.33","66.67","38.17","17.01","16.21","24.62","209.28","211.2","216.51","2359400","313510","726","Supertrend bearish | RSI 38.2 lemah | Volume valid 7.53x | Lolos anti-crash ADX | RISEN SIDEWAYS","Full Grid (1-2-3-4)","100000000","216","214","214","212","0.1","0.2","0.3","0.4","462","934","1401","1886","4683","99931400","68600","213.39","213.39","210","226","248","248","2.78","1.59","14.81","16.22","5.33","10.2"
"DKHH","2026-05-29","2026-05-29","250","FULL","63","-3.076923076923077","AVOID","-","passive","FALSE","","SMART GAMMA","2026-01-12","","137d","137","DOWNTREND","BEARISH","BEARISH","BEARISH","STRUCTURE + DISCOUNT","SIDEWAYS","25","TRUE","FALSE","FALSE","LAGGING","LAGGARD (Passive)","0.17","0.17","DRY / QUIET","40","60","38.85","25.38","21.82","19.67","71.41","72.68","87.23","18177200","108165670","726","Supertrend bearish | RSI 38.9 lemah | Volume 0.17x | Lolos anti-crash ADX | RISEN SIDEWAYS","Full Grid (1-2-3-4)","100000000","116","99","95","89","0.1","0.2","0.3","0.4","862","2020","3157","4494","10533","99985300","14700","94.93","94.93","81","169","222","222","30.17","14.67","91.38","133.87","3.03","9.13"
"CSIS","2026-05-29","2026-05-29","561","FULL","149","1.3605442176870748","AVOID","-","passive","FALSE","","BETA BREAKOUT","2025-12-15","","165d","165","DOWNTREND","BEARISH","BEARISH","BEARISH","STRUCTURE + DISCOUNT","SIDEWAYS","45.09","TRUE","FALSE","FALSE","IMPROVING","IMPROVING (Passive)","0.2","0.2","DRY / QUIET","60","40","40.4","23.29","17.13","25.37","161.51","180.02","203.46","974200","4897115","720","Supertrend bearish | RSI 40.4 lemah | Volume 0.2x | Lolos anti-crash ADX | RISEN SIDEWAYS","Full Grid (1-2-3-4)","100000000","550","464","442","414","0.1","0.2","0.3","0.4","181","431","678","966","2256","99913400","86600","442.88","442.92","368","825","1095","1095","33.09","16.91","99.09","147.25","2.99","8.71"
"DART","2026-05-29","2026-05-29","561","FULL","126","-3.816793893129771","AVOID","-","passive","FALSE","","BETA BREAKOUT + V-SHAPE","2025-12-15","","165d","165","DOWNTREND","BEARISH","BEARISH","BEARISH","STRUCTURE + DISCOUNT","NORMAL DOWNTREND","25","TRUE","FALSE","FALSE","IMPROVING","IMPROVING (Passive)","0.1","0.1","DRY / QUIET","55.56","44.44","37.56","26.18","29.59","20.08","139.67","148.3","160.2","308000","3189150","720","Supertrend bearish | RSI 37.6 lemah | Volume 0.1x | Lolos anti-crash ADX | RISEN NORMAL DOWNTREND","Full Grid (1-2-3-4)","100000000","214","194","189","183","0.1","0.2","0.3","0.4","467","1030","1587","2185","5269","99955600","44400","189.71","189.71","171","278","344","344","20.09","9.86","60.75","81.33","3.02","8.25"
"KRAS","2026-05-29","2026-05-29","561","FULL","214","0","AVOID","-","passive","FALSE","","BETA BREAKOUT","2026-01-09","","140d","140","DOWNTREND","BEARISH","BEARISH","BEARISH","STRUCTURE + DISCOUNT","NORMAL DOWNTREND","26.59","TRUE","FALSE","FALSE","LAGGING","LAGGARD (Passive)","0.29","0.29","DRY / QUIET","40","60","23.98","33.63","13.52","40.92","254.99","281.45","293.94","2433100","8451340","720","Supertrend bearish | RSI 24.0 lemah | Volume 0.29x | Crash filter aktif | RISEN NORMAL DOWNTREND","Full Grid (1-2-3-4)","100000000","380","368","364","360","0.1","0.2","0.3","0.4","263","543","824","1111","2741","99966000","34000","364.71","364.71","350","426","470","470","7.89","4.03","23.68","28.87","3","7.16"
"MLIA","2026-05-29","2026-05-29","561","FULL","248","0","AVOID","-","passive","FALSE","","BETA BREAKOUT","2026-01-09","","140d","140","DOWNTREND","BEARISH","BEARISH","BEARISH","DOWNTREND DISCOUNT","NORMAL DOWNTREND","65","TRUE","FALSE","FALSE","LAGGING","LAGGARD (Passive)","0.61","0.61","DRY / QUIET","50","50","15.52","75.69","4.09","43","259.17","274.58","307.16","73700","121390","720","Supertrend bearish | RSI 15.5 lemah | Volume 0.61x | Crash filter aktif | RISEN NORMAL DOWNTREND","Full Grid (1-2-3-4)","100000000","350","340","336","332","0.1","0.2","0.3","0.4","285","588","892","1204","2969","99911000","89000","336.51","336.52","326","386","424","424","6.86","3.12","21.14","26","3.08","8.32"
"SKLT","2026-05-29","2026-05-29","561","FULL","198","2.5906735751295336","AVOID","-","passive","FALSE","","BETA BREAKOUT","2025-11-20","","190d","190","DOWNTREND","BEARISH","BEARISH","BEARISH","STRUCTURE + DISCOUNT","SIDEWAYS","73.77","TRUE","FALSE","FALSE","LEADING","LEADING (Passive)","0.62","0.62","DRY / QUIET","83.33","16.67","39.35","24.74","12.57","21.43","206.21","218.95","221.81","129800","208845","720","Supertrend bearish | RSI 39.4 lemah | Volume 0.62x | Lolos anti-crash ADX | RISEN SIDEWAYS","Full Grid (1-2-3-4)","100000000","270","214","200","182","0.1","0.2","0.3","0.4","370","934","1500","2197","5001","99963000","37000","199.89","199.89","155","442","615","615","42.59","22.46","127.78","207.68","3","9.25"
"SLIS","2026-05-29","2026-05-29","561","FULL","75","0","AVOID","-","passive","FALSE","","V-SHAPE","2025-11-20","","190d","190","DOWNTREND","BEARISH","BEARISH","BEARISH","STRUCTURE + DISCOUNT","NORMAL DOWNTREND","36.13","TRUE","FALSE","FALSE","LEADING","LEADING (Passive)","0.08","0.08","DRY / QUIET","25","75","40.72","16.85","22.95","22.35","80.1","83.59","81.71","2856100","33724955","720","Supertrend bearish | RSI 40.7 lemah | Volume 0.08x | Lolos anti-crash ADX | RISEN NORMAL DOWNTREND","Full Grid (1-2-3-4)","100000000","83","76","74","71","0.1","0.2","0.3","0.4","1204","2631","4054","5633","13522","99982700","17300","73.94","73.94","67","107","131","131","19.28","9.39","57.83","77.17","3","8.22"
"GWSA","2026-05-29","2026-05-29","561","FULL","128","-1.5384615384615385","AVOID","-","passive","FALSE","","G ACC","2026-01-07","","142d","142","DOWNTREND","BEARISH","BEARISH","BEARISH","DOWNTREND DISCOUNT","NORMAL DOWNTREND","65","TRUE","FALSE","FALSE","LAGGING","LAGGARD (Passive)","0.76","0.76","DRY / QUIET","60","40","29.06","17.44","15.85","23.43","140.43","149.25","154.47","1364200","1801220","716","Supertrend bearish | RSI 29.1 lemah | Volume 0.76x | Lolos anti-crash ADX | RISEN NORMAL DOWNTREND","Full Grid (1-2-3-4)","100000000","166","156","154","150","0.1","0.2","0.3","0.4","602","1282","1948","2666","6498","99981600","18400","153.87","153.87","145","198","230","230","12.65","5.76","38.55","49.48","3.05","8.59"
"POWR","2026-05-29","2026-05-29","561","FULL","710","0.7092198581560284","AVOID","-","passive","FALSE","","SMART GAMMA","2026-01-07","","142d","142","DOWNTREND","BEARISH","BEARISH","BEARISH","STRUCTURE + DISCOUNT","NORMAL DOWNTREND","17.5","TRUE","FALSE","FALSE","WEAKENING","WEAKENING (Passive)","0.72","0.72","DRY / QUIET","100","0","39.38","24.71","15.57","19.66","733.13","731.98","715.11","4407500","6102665","716","Supertrend bearish | RSI 39.4 lemah | Volume 0.72x | Lolos anti-crash ADX | RISEN NORMAL DOWNTREND","Full Grid (1-2-3-4)","100000000","715","700","695","685","0.1","0.2","0.3","0.4","139","285","431","583","1438","99778500","221500","693.87","693.88","680","770","845","845","4.9","2","18.18","21.78","3.71","10.9"
"BGTG","2026-05-29","2026-05-29","561","FULL","116","-1.694915254237288","AVOID","-","passive","FALSE","","BETA BREAKOUT","2026-01-06","","143d","143","DOWNTREND","BEARISH","BEARISH","BULLISH","DOWNTREND DISCOUNT","SIDEWAYS","97.8","TRUE","FALSE","FALSE","LAGGING","LAGGARD (Passive)","0.81","0.81","NORMAL","0","100","41.47","22.7","10.41","17.86","119.03","121.38","115.56","3889700","4827980","714","Supertrend bearish | RSI 41.5 lemah | Volume 0.81x | Lolos anti-crash ADX | RISEN SIDEWAYS","Full Grid (1-2-3-4)","100000000","144","126","122","116","0.1","0.2","0.3","0.4","694","1587","2459","3448","8188","99986400","13600","122.11","122.11","106","202","258","258","26.39","13.2","79.17","111.28","3","8.43"
"NICL","2026-05-29","2026-05-29","561","FULL","570","4.587155963302752","AVOID","-","passive","FALSE","","G ACC","2026-01-06","","143d","143","DOWNTREND","BEARISH","BEARISH","BEARISH","STRUCTURE + DISCOUNT","NORMAL DOWNTREND","48.02","TRUE","FALSE","FALSE","LAGGING","LAGGARD (Passive)","0.79","0.79","DRY / QUIET","50","50","26.6","40.7","8.01","35.36","713.98","840.75","957.99","12592300","16037365","714","Supertrend bearish | RSI 26.6 lemah | Volume 0.79x | Crash filter aktif | RISEN NORMAL DOWNTREND","Full Grid (1-2-3-4)","100000000","1840","1410","1305","1160","0.1","0.2","0.3","0.4","54","141","229","344","768","99605500","394500","1296.95","1297.18","955","3170","4500","4500","48.1","26.37","144.57","246.97","3.01","9.37"
"RAFI","2026-05-29","2026-05-29","561","FULL","36","0","AVOID","-","passive","FALSE","","BETA BREAKOUT","2026-01-06","","143d","143","DOWNTREND","NEUTRAL","BEARISH","BULLISH","DEMAND STRUCTURE","SIDEWAYS","0","FALSE","FALSE","FALSE","LAGGING","LAGGARD (Passive)","0","0","NO VOLUME","50","50","40.45","37.21","20.15","44.11","36.01","36.28","33.37","0","0","714","Supertrend bearish | RSI 40.5 lemah | Volume NaNx | Crash filter aktif | RISEN SIDEWAYS","Full Grid (1-2-3-4)","100000000","38","34","33","32","0.1","0.2","0.3","0.4","2631","5882","9090","12500","30103","99993600","6400","33.22","33.22","30","50","62","62","21.05","9.69","63.16","86.65","3","8.95"
"VICO","2026-05-29","2026-05-29","561","FULL","142","0","AVOID","-","passive","FALSE","","V-SHAPE","2026-01-06","","143d","143","DOWNTREND","BEARISH","BEARISH","BEARISH","STRUCTURE + DISCOUNT","NORMAL DOWNTREND","25","TRUE","FALSE","FALSE","LAGGING","LAGGARD (Passive)","0.22","0.22","DRY / QUIET","100","0","35","33.63","28.92","20.41","153.34","160.63","172.77","224600","1024090","714","Supertrend bearish | RSI 35.0 lemah | Volume 0.22x | Lolos anti-crash ADX | RISEN NORMAL DOWNTREND","Full Grid (1-2-3-4)","100000000","212","204","202","200","0.1","0.2","0.3","0.4","471","980","1485","2000","4936","99974200","25800","202.54","202.54","194","240","266","266","8.49","4.22","25.47","31.33","3","7.43"
"ASJT","2026-05-29","2026-05-29","561","FULL","170","-2.2988505747126435","AVOID","-","passive","FALSE","","G ACC","2026-01-05","","144d","144","DOWNTREND","BEARISH","BEARISH","BULLISH","STRUCTURE + DISCOUNT","NORMAL DOWNTREND","53.11","TRUE","FALSE","FALSE","WEAKENING","WEAKENING (Passive)","0.08","0.08","DRY / QUIET","0","100","30.74","33.77","7.07","26.52","180.85","184.46","163.71","28100","347035","712","Supertrend bearish | RSI 30.7 lemah | Volume 0.08x | Crash filter aktif | RISEN NORMAL DOWNTREND","Full Grid (1-2-3-4)","100000000","254","178","159","134","0.1","0.2","0.3","0.4","393","1123","1886","2985","6387","99958000","42000","156.5","156.52","97","490","725","725","61.81","38.02","185.43","363.25","3","9.55"
"ASRM","2026-05-29","2026-05-29","561","FULL","272","-0.7299270072992701","AVOID","-","passive","FALSE","","SMART SNIPER","2026-01-05","Structure + Discount","144d","144","DOWNTREND","BEARISH","BEARISH","BEARISH","STRUCTURE + DISCOUNT","NORMAL DOWNTREND","70.17","TRUE","FALSE","FALSE","LAGGING","LAGGARD (Passive)","0.81","0.81","NORMAL","0","100","38.52","31","9.76","27.56","280.43","286.96","315.39","12000","14750","712","Supertrend bearish | RSI 38.5 lemah | Volume 0.81x | Crash filter aktif | RISEN NORMAL DOWNTREND","Full Grid (1-2-3-4)","100000000","354","334","328","320","0.1","0.2","0.3","0.4","282","598","914","1250","3044","99935200","64800","328.3","328.31","310","420","486","486","12.43","5.57","37.29","48.03","3","8.62"
"BCIC","2026-05-29","2026-05-29","561","FULL","116","-1.694915254237288","AVOID","-","passive","FALSE","","SMART SNIPER","2026-01-05","Structure + Discount","144d","144","DOWNTREND","BEARISH","BEARISH","BEARISH","STRUCTURE + DISCOUNT","NORMAL DOWNTREND","17.5","TRUE","FALSE","FALSE","LAGGING","LAGGARD (Passive)","0.69","0.69","DRY / QUIET","23.08","76.92","34.82","20.1","36.42","16.87","122.33","129.61","149.05","458000","666570","712","Supertrend bearish | RSI 34.8 lemah | Volume 0.69x | Lolos anti-crash ADX | RISEN NORMAL DOWNTREND","Full Grid (1-2-3-4)","100000000","168","154","151","146","0.1","0.2","0.3","0.4","595","1298","1986","2739","6618","99963200","36800","151.05","151.05","138","214","258","258","17.86","8.64","53.57","70.81","3","8.2"
"MMLP","2026-05-29","2026-05-29","561","FULL","314","-1.257861635220126","AVOID","-","passive","FALSE","","V-SHAPE","2026-01-02","","147d","147","DOWNTREND","BEARISH","BEARISH","BEARISH","STRUCTURE + DISCOUNT","NORMAL DOWNTREND","65.91","TRUE","FALSE","FALSE","WEAKENING","WEAKENING (Passive)","0.88","0.88","NORMAL","77.78","22.22","34.65","17.18","14.61","29.61","332.53","356.86","447.74","834300","945950","706","Supertrend bearish | RSI 34.6 lemah | Volume 0.88x | Lolos anti-crash ADX | RISEN NORMAL DOWNTREND","Full Grid (1-2-3-4)","100000000","555","520","510","500","0.1","0.2","0.3","0.4","180","384","588","800","1952","99946000","54000","512.02","512.02","478","670","785","785","13.87","6.64","41.44","53.31","2.99","8.02"
"TEBE","2026-05-29","2026-05-29","561","FULL","1005","-0.49504950495049505","AVOID","-","passive","FALSE","","SMART SNIPER + V-SHAPE","2025-12-08","Demand Structure","172d","172","DOWNTREND","BEARISH","BEARISH","BEARISH","STRUCTURE + DISCOUNT","NORMAL DOWNTREND","52.91","TRUE","FALSE","FALSE","IMPROVING","IMPROVING (Passive)","0.42","0.42","DRY / QUIET","8.33","91.67","34.15","33.23","11.63","33.39","1142.18","1292.41","1555.34","614000","1446320","706","Supertrend bearish | RSI 34.1 lemah | Volume 0.42x | Crash filter aktif | RISEN NORMAL DOWNTREND","Full Grid (1-2-3-4)","100000000","2500","2230","2170","2080","0.1","0.2","0.3","0.4","40","89","138","192","459","99729000","271000","2172.75","2172.77","1925","3360","4230","4230","23","11.4","69.2","94.68","3.01","8.3"
"CMNP","2026-05-29","2026-05-29","561","FULL","1400","-0.3558718861209964","AVOID","-","passive","FALSE","","G ACC","2025-12-30","","150d","150","DOWNTREND","BEARISH","BEARISH","BEARISH","STRUCTURE + DISCOUNT","SIDEWAYS","56.24","TRUE","FALSE","FALSE","WEAKENING","WEAKENING (Passive)","0.35","0.35","DRY / QUIET","25","75","38.79","17.1","19.59","20.69","1473.28","1478.66","1465.88","131300","378295","700","Supertrend bearish | RSI 38.8 lemah | Volume 0.35x | Lolos anti-crash ADX | RISEN SIDEWAYS","Full Grid (1-2-3-4)","100000000","1765","1535","1480","1400","0.1","0.2","0.3","0.4","56","130","202","285","673","99635000","365000","1480.46","1480.68","1285","2490","3500","3500","27.2","13.2","98.3","136.41","3.61","10.33"
"IMPC","2026-05-29","2026-05-29","561","FULL","1825","3.6931818181818183","AVOID","-","passive","FALSE","","G ACC","2025-12-05","","175d","175","DOWNTREND","BEARISH","BEARISH","BEARISH","STRUCTURE + DISCOUNT","NORMAL DOWNTREND","40.15","TRUE","FALSE","FALSE","IMPROVING","IMPROVING (Passive)","0.65","0.65","DRY / QUIET","64","36","38.82","21.2","16.01","22.24","1991.26","2139.12","2088.76","16626600","25718220","700","Supertrend bearish | RSI 38.8 lemah | Volume 0.65x | Lolos anti-crash ADX | RISEN NORMAL DOWNTREND","Full Grid (1-2-3-4)","100000000","3790","2040","1625","1040","0.1","0.2","0.3","0.4","26","98","184","384","692","99682000","318000","1440.49","1441.64","244","9100","14425","14425","93.56","83.06","280.61","901.39","3","10.85"
"BACA","2026-05-29","2026-05-29","561","FULL","122","0","AVOID","-","passive","FALSE","","SMART GAMMA","2025-12-29","","151d","151","DOWNTREND","BEARISH","BEARISH","BEARISH","STRUCTURE + DISCOUNT","NORMAL DOWNTREND","28.24","TRUE","FALSE","FALSE","WEAKENING","WEAKENING (Passive)","0.36","0.36","DRY / QUIET","40","60","32.03","21.84","12.54","23.01","130.41","137.44","146.5","607300","1670655","698","Supertrend bearish | RSI 32.0 lemah | Volume 0.36x | Lolos anti-crash ADX | RISEN NORMAL DOWNTREND","Full Grid (1-2-3-4)","100000000","252","195","181","162","0.1","0.2","0.3","0.4","396","1025","1657","2469","5547","99956200","43800","180.2","180.21","134","430","605","605","46.83","25.64","140.08","235.74","2.99","9.2"
"BPTR","2026-05-29","2026-05-29","561","FULL","72","-1.36986301369863","AVOID","-","passive","FALSE","","V-SHAPE","2025-12-29","","151d","151","DOWNTREND","BEARISH","BEARISH","BEARISH","DOWNTREND DISCOUNT","NORMAL DOWNTREND","25","TRUE","FALSE","FALSE","LAGGING","LAGGARD (Passive)","0.1","0.1","DRY / QUIET","50","50","39.85","32.05","29.11","20.29","79.89","82.22","86.02","1630700","16070575","698","Supertrend bearish | RSI 39.9 lemah | Volume 0.1x | Lolos anti-crash ADX | RISEN NORMAL DOWNTREND","Full Grid (1-2-3-4)","100000000","91","88","87","86","0.1","0.2","0.3","0.4","1098","2272","3448","4651","11469","99981600","18400","87.18","87.18","84","102","112","112","7.69","3.64","23.08","28.48","3","7.82"
"COCO","2026-05-29","2026-05-29","561","FULL","248","5.084745762711865","AVOID","-","passive","FALSE","","EARLY SWEEP","2025-12-29","","151d","151","DOWNTREND","BEARISH","BEARISH","BEARISH","STRUCTURE + DISCOUNT","NORMAL DOWNTREND","25","TRUE","FALSE","FALSE","LAGGING","LAGGARD (Passive)","0.31","0.31","DRY / QUIET","40","60","38.24","19.89","19.2","26.69","300.88","327.61","328.01","21517300","68639695","698","Supertrend bearish | RSI 38.2 lemah | Volume 0.31x | Lolos anti-crash ADX | RISEN NORMAL DOWNTREND","Full Grid (1-2-3-4)","100000000","444","328","300","260","0.1","0.2","0.3","0.4","225","609","1000","1538","3372","99953200","46800","296.42","296.43","194","820","1195","1195","56.31","34.55","169.14","303.14","3","8.77"
"GZCO","2026-05-29","2026-05-29","561","FULL","155","4.72972972972973","AVOID","-","passive","FALSE","","EARLY SWEEP","2025-12-29","","151d","151","DOWNTREND","BEARISH","BEARISH","BEARISH","STRUCTURE + DISCOUNT","NORMAL DOWNTREND","24.99","TRUE","FALSE","FALSE","LAGGING","LAGGARD (Passive)","1.04","1.04","NORMAL","41.18","58.82","34.92","35.19","11.57","29.16","182.11","198.27","204.42","28146400","27097080","698","Supertrend bearish | RSI 34.9 lemah | Volume 1.04x | Crash filter aktif | RISEN NORMAL DOWNTREND","Full Grid (1-2-3-4)","100000000","394","238","202","149","0.1","0.2","0.3","0.4","253","840","1485","2684","5262","99948800","51200","189.94","189.97","75","875","1350","1350","80.96","60.51","242.64","610.73","3","10.09"
"AVIA","2026-05-29","2026-05-29","561","FULL","348","1.1627906976744187","AVOID","-","passive","FALSE","","BETA BREAKOUT","2025-11-05","","205d","205","DOWNTREND","BEARISH","BEARISH","BEARISH","STRUCTURE + DISCOUNT","NORMAL DOWNTREND","24.74","TRUE","FALSE","FALSE","LEADING","LEADING (Passive)","1.44","1.44","EXPANSION","100","0","37.4","33.81","11.78","29.76","361.21","381","419.27","27050200","18795910","690","Supertrend bearish | RSI 37.4 lemah | Volume valid 1.44x | Crash filter aktif | RISEN NORMAL DOWNTREND","Full Grid (1-2-3-4)","100000000","458","436","430","424","0.1","0.2","0.3","0.4","218","458","697","943","2316","99907400","92600","431.38","431.38","412","525","595","595","10.04","4.49","29.91","37.93","2.98","8.44"
"PLAN","2026-05-29","2026-05-29","561","FULL","40","-9.090909090909092","AVOID","-","passive","FALSE","","EARLY SWEEP","2025-12-24","","156d","156","DOWNTREND","BEARISH","BEARISH","BEARISH","STRUCTURE + DISCOUNT","NORMAL DOWNTREND","36.4","TRUE","FALSE","FALSE","LAGGING","LAGGARD (Passive)","1.41","1.41","EXPANSION","0","100","39.87","13.04","23.5","24.86","46.03","50.1","51.61","7404000","5250365","688","Supertrend bearish | RSI 39.9 lemah | Volume valid 1.41x | Lolos anti-crash ADX | RISEN NORMAL DOWNTREND","Full Grid (1-2-3-4)","100000000","53","49","47","46","0.1","0.2","0.3","0.4","1886","4081","6382","8695","21044","99985100","14900","47.51","47.51","43","68","83","83","18.87","9.5","56.6","74.69","3","7.86"
"BSML","2026-05-29","2026-05-29","561","FULL","410","1.9900497512437811","HOLD","-","passive","FALSE","","V-SHAPE","2025-12-22","","158d","158","UPTREND","BULLISH","BULLISH","BULLISH","UPTREND PREMIUM","NORMAL UPTREND","71.4","TRUE","TRUE","FALSE","WEAKENING","WEAKENING (Passive)","0.99","0.99","NORMAL","57.14","42.86","55.27","29.2","24.22","16.73","406.61","381.3","272.88","16079900","16283195","684","Supertrend bullish | RSI 55.3 > 50 | Volume 0.99x | Lolos anti-crash ADX | RISEN NORMAL UPTREND","Full Grid (1-2-3-4)","100000000","254","230","224","214","0.1","0.2","0.3","0.4","393","869","1339","1869","4470","99959400","40600","223.62","223.63","202","332","410","410","20.47","9.67","61.42","83.34","3","8.62"
"WINS","2026-05-29","2026-05-29","561","FULL","510","2","AVOID","-","passive","FALSE","","G ACC","2025-12-18","","162d","162","DOWNTREND","BEARISH","BEARISH","BULLISH","DEMAND STRUCTURE","SIDEWAYS","69.33","TRUE","FALSE","FALSE","WEAKENING","WEAKENING (Passive)","0.37","0.37","DRY / QUIET","66.67","33.33","43.6","18.39","17.22","20.29","527.85","525.85","486.59","967600","2638345","676","Supertrend bearish | RSI 43.6 lemah | Volume 0.37x | Lolos anti-crash ADX | RISEN SIDEWAYS","Full Grid (1-2-3-4)","100000000","515","462","448","430","0.1","0.2","0.3","0.4","194","432","669","930","2225","99910600","89400","449.04","449.04","404","680","850","850","21.55","10.03","65.05","89.29","3.02","8.9"
"MINE","2026-05-29","2026-05-29","284","FULL","242","-6.923076923076923","AVOID","-","passive","FALSE","","EARLY SWEEP","2025-12-15","","165d","165","DOWNTREND","BEARISH","BEARISH","BEARISH","DOWNTREND DISCOUNT","NORMAL DOWNTREND","0","FALSE","FALSE","FALSE","LAGGING","LAGGARD (Passive)","1.65","1.65","EXPANSION","16.67","83.33","21.8","27.25","12.27","33.08","299.88","337.26","410.91","1262300","764310","670","Supertrend bearish | RSI 21.8 lemah | Volume valid 1.65x | Lolos anti-crash ADX | RISEN NORMAL DOWNTREND","Full Grid (1-2-3-4)","100000000","484","480","478","476","0.1","0.2","0.3","0.4","206","416","627","840","2089","99893000","107000","478.19","478.19","472","530","535","535","2.48","1.29","10.54","11.88","4.25","9.18"
"TUGU","2026-05-29","2026-05-29","561","FULL","1125","-3.0172413793103448","AVOID","-","passive","FALSE","","BETA BREAKOUT","2025-12-15","","165d","165","DOWNTREND","BEARISH","BEARISH","BEARISH","DOWNTREND DISCOUNT","NORMAL DOWNTREND","0","FALSE","FALSE","FALSE","WEAKENING","WEAKENING (Passive)","0.7","0.7","DRY / QUIET","20","80","30.72","26.78","9.56","27.85","1201.57","1229.66","1164.81","2108000","3000005","670","Supertrend bearish | RSI 30.7 lemah | Volume 0.7x | Lolos anti-crash ADX | RISEN NORMAL DOWNTREND","Full Grid (1-2-3-4)","100000000","1165","1110","1095","1080","0.1","0.2","0.3","0.4","85","180","273","370","908","99736000","264000","1098.41","1098.47","1050","1340","1510","1510","9.87","4.41","29.61","37.47","3","8.5"
"SGRO","2026-05-29","2026-05-29","561","FULL","2810","-3.767123287671233","AVOID","-","passive","FALSE","","SMART GAMMA","2025-11-19","","191d","191","DOWNTREND","BEARISH","BEARISH","BEARISH","STRUCTURE + DISCOUNT","NORMAL DOWNTREND","65","TRUE","FALSE","FALSE","IMPROVING","IMPROVING (Passive)","0.27","0.27","DRY / QUIET","0","100","22.42","54.16","10.72","41.77","3631.77","4583.46","5168.61","50200","184355","668","Supertrend bearish | RSI 22.4 lemah | Volume 0.27x | Crash filter aktif | RISEN NORMAL DOWNTREND","Full Grid (1-2-3-4)","100000000","7225","5900","5600","5150","0.1","0.2","0.3","0.4","13","33","53","77","176","98197500","1802500","5579.4","5587.2","4510","11300","15375","15375","37.58","19.17","112.8","175.57","3","9.16"
"TSPC","2026-05-29","2026-05-29","561","FULL","2370","-0.8368200836820083","AVOID","-","passive","FALSE","","V-SHAPE","2025-12-12","","168d","168","DOWNTREND","BEARISH","BEARISH","BEARISH","STRUCTURE + DISCOUNT","SIDEWAYS","36.87","TRUE","FALSE","FALSE","LAGGING","LAGGARD (Passive)","0.41","0.41","DRY / QUIET","0","100","38.81","17.06","17.66","20.64","2421.88","2480.99","2556.09","512200","1235280","664","Supertrend bearish | RSI 38.8 lemah | Volume 0.41x | Lolos anti-crash ADX | RISEN SIDEWAYS","Full Grid (1-2-3-4)","100000000","2770","2720","2710","2690","0.1","0.2","0.3","0.4","36","73","110","148","367","99450000","550000","2709.81","2709.8","2660","2940","3230","3230","3.97","1.84","16.61","19.2","4.18","10.44"
"BSBK","2026-05-29","2026-05-29","561","FULL","52","0","AVOID","-","passive","FALSE","","BETA BREAKOUT + V-SHAPE","2025-12-04","","176d","176","DOWNTREND","BEARISH","BEARISH","BEARISH","STRUCTURE + DISCOUNT","NORMAL DOWNTREND","72.4","TRUE","FALSE","FALSE","LAGGING","LAGGARD (Passive)","0.69","0.69","DRY / QUIET","50","50","32.47","20.39","14.13","22.07","56.1","58.96","63.16","17458400","25270335","648","Supertrend bearish | RSI 32.5 lemah | Volume 0.69x | Lolos anti-crash ADX | RISEN NORMAL DOWNTREND","Full Grid (1-2-3-4)","100000000","87","76","73","69","0.1","0.2","0.3","0.4","1149","2631","4109","5797","13686","99986900","13100","73.06","73.06","63","123","159","159","27.59","13.77","82.76","117.64","3","8.54"
"MANG","2026-05-29","2026-05-29","554","FULL","48","2.127659574468085","AVOID","-","passive","FALSE","","SMART GAMMA","2025-12-03","","177d","177","DOWNTREND","BEARISH","BEARISH","BEARISH","STRUCTURE + DISCOUNT","SIDEWAYS","40.86","TRUE","TRUE","FALSE","LAGGING","LAGGARD (Passive)","1.33","1.33","EXPANSION","50","50","47.59","22.72","23.69","16.86","49.23","50.41","56","12766600","9594640","646","Supertrend bearish | RSI 47.6 lemah | Volume valid 1.33x | Lolos anti-crash ADX | RISEN SIDEWAYS","Full Grid (1-2-3-4)","100000000","79","65","61","56","0.1","0.2","0.3","0.4","1265","3076","4918","7142","16401","99982500","17500","60.96","60.96","49","124","169","169","37.97","19.62","113.92","177.23","3","9.03"
"LUCY","2026-05-29","2026-05-29","561","FULL","1020","-0.4878048780487805","AVOID","-","passive","FALSE","","G ACC","2025-12-01","","179d","179","DOWNTREND","BEARISH","BEARISH","BULLISH","DEMAND STRUCTURE","NORMAL UPTREND","22.99","TRUE","TRUE","FALSE","LAGGING","LAGGARD (Passive)","0.97","0.97","NORMAL","76","24","33.5","22.45","18.88","38.9","1320.44","1396.39","926","421600","436440","642","Supertrend bearish | RSI 33.5 lemah | Volume 0.97x | Lolos anti-crash ADX | RISEN NORMAL UPTREND","Full Grid (1-2-3-4)","100000000","194","145","133","117","0.1","0.2","0.3","0.4","515","1379","2255","3418","7567","99968600","31400","132.11","132.11","94","344","494","494","51.55","28.85","154.64","273.93","3","9.5"
"JKON","2026-05-29","2026-05-29","561","FULL","70","-1.4084507042253522","AVOID","-","passive","FALSE","","V-SHAPE","2025-11-28","","182d","182","DOWNTREND","BEARISH","BEARISH","BEARISH","STRUCTURE + DISCOUNT","NORMAL DOWNTREND","46.71","TRUE","FALSE","FALSE","WEAKENING","WEAKENING (Passive)","0.22","0.22","DRY / QUIET","0","100","33.52","26.23","14.58","11.31","73.49","75.05","79.83","4250900","19641665","636","Supertrend bearish | RSI 33.5 lemah | Volume 0.22x | Lolos anti-crash ADX | RISEN NORMAL DOWNTREND","Full Grid (1-2-3-4)","100000000","87","84","83","82","0.1","0.2","0.3","0.4","1149","2380","3614","4878","12021","99984100","15900","83.17","83.17","80","98","108","108","8.05","3.82","24.14","29.85","3","7.82"
"SAPX","2026-05-29","2026-05-29","561","FULL","200","0","AVOID","-","passive","FALSE","","BETA BREAKOUT","2025-11-27","","183d","183","DOWNTREND","BEARISH","BEARISH","BEARISH","DOWNTREND DISCOUNT","NORMAL DOWNTREND","21.38","TRUE","FALSE","FALSE","LAGGING","LAGGARD (Passive)","0.89","0.89","NORMAL","14.29","85.71","20.64","48.39","6.74","20.66","227.95","245.09","362.73","116000","129975","634","Supertrend bearish | RSI 20.6 lemah | Volume 0.89x | Crash filter aktif | RISEN NORMAL DOWNTREND","Full Grid (1-2-3-4)","100000000","352","318","310","298","0.1","0.2","0.3","0.4","284","628","967","1342","3221","99935800","64200","310.26","310.27","280","460","570","570","20.45","9.75","61.93","83.71","3.03","8.58"
"INRU","2026-05-29","2026-05-29","561","FULL","590","0","AVOID","-","passive","FALSE","","V-SHAPE","2025-11-26","","184d","184","DOWNTREND","NEUTRAL","BEARISH","BEARISH","DOWNTREND DISCOUNT","NORMAL DOWNTREND","0","FALSE","FALSE","FALSE","LAGGING","LAGGARD (Passive)","0","0","NO VOLUME","50","50","30.67","22.65","13.3","21.1","590.01","592.08","625.32","0","0","632","Supertrend bearish | RSI 30.7 lemah | Volume NaNx | Lolos anti-crash ADX | RISEN NORMAL DOWNTREND","Full Grid (1-2-3-4)","100000000","740","710","705","695","0.1","0.2","0.3","0.4","135","281","425","575","1416","99866000","134000","705.27","705.27","670","845","950","950","9.46","5","28.38","34.7","3","6.94"
"YUPI","2026-05-29","2026-05-29","273","FULL","1430","0","AVOID","-","passive","FALSE","","V-SHAPE","2025-11-26","","184d","184","DOWNTREND","BEARISH","BEARISH","BEARISH","STRUCTURE + DISCOUNT","NORMAL DOWNTREND","39.11","TRUE","FALSE","FALSE","WEAKENING","WEAKENING (Passive)","0.66","0.66","DRY / QUIET","100","0","35.08","32.15","9.21","26.79","1487.32","1512.98","1648.53","15100","22975","632","Supertrend bearish | RSI 35.1 lemah | Volume 0.66x | Crash filter aktif | RISEN NORMAL DOWNTREND","Full Grid (1-2-3-4)","100000000","1675","1645","1640","1630","0.1","0.2","0.3","0.4","59","121","182","245","607","99570000","430000","1640.36","1640.4","1605","1790","1985","1985","4.18","2.16","18.51","21.01","4.43","9.75"
"HAIS","2026-05-29","2026-05-29","561","FULL","174","-1.1363636363636365","AVOID","-","passive","FALSE","","BETA BREAKOUT","2025-11-25","","185d","185","DOWNTREND","BEARISH","BEARISH","BEARISH","STRUCTURE + DISCOUNT","NORMAL DOWNTREND","63.48","TRUE","FALSE","FALSE","LAGGING","LAGGARD (Passive)","0.43","0.43","DRY / QUIET","33.33","66.67","26.54","56.89","5.09","30.26","184.55","194.73","207.42","578200","1341460","630","Supertrend bearish | RSI 26.5 lemah | Volume 0.43x | Crash filter aktif | RISEN NORMAL DOWNTREND","Full Grid (1-2-3-4)","100000000","244","222","216","210","0.1","0.2","0.3","0.4","409","900","1388","1904","4601","99924400","75600","217.18","217.18","197","314","386","386","19.26","9.29","58.2","77.73","3.02","8.37"
"MPRO","2026-05-29","2026-05-29","561","FULL","9000","0","AVOID","-","passive","FALSE","","BETA BREAKOUT","2025-11-25","","185d","185","DOWNTREND","BEARISH","BEARISH","BULLISH","DEMAND STRUCTURE","SIDEWAYS","83.68","TRUE","FALSE","FALSE","LAGGING","LAGGARD (Passive)","0","0","NO VOLUME","50","50","7.2","84.94","3.51","93.32","9187.14","9511.25","8308.37","0","50","630","Supertrend bearish | RSI 7.2 lemah | Volume 0x | Crash filter aktif | RISEN SIDEWAYS","Full Grid (1-2-3-4)","100000000","9650","5875","4990","3720","0.1","0.2","0.3","0.4","10","34","60","107","211","99369000","631000","4709.43","4715.82","1965","21175","32700","32700","79.64","58.28","238.86","594.35","3","10.2"
"KDSI","2026-05-29","2026-05-29","561","FULL","448","-0.4444444444444444","HOLD","-","passive","FALSE","","V-SHAPE","2025-11-24","","186d","186","UPTREND","BEARISH","BEARISH","BEARISH","DEMAND STRUCTURE","SIDEWAYS","60","TRUE","FALSE","FALSE","LAGGING","LAGGARD (Passive)","0.13","0.13","DRY / QUIET","87.5","12.5","48.3","20.64","7.38","15.02","449.34","449.5","485.92","5900","45705","628","Supertrend bullish | RSI 48.3 lemah | Volume 0.13x | Lolos anti-crash ADX | RISEN SIDEWAYS","Full Grid (1-2-3-4)","100000000","462","454","452","450","0.1","0.2","0.3","0.4","216","440","663","888","2207","99882800","117200","452.57","452.57","442","492","540","540","4.33","2.34","16.88","19.32","3.9","8.27"
"CCSI","2026-05-29","2026-05-29","561","FULL","252","0","HOLD","-","passive","FALSE","","V-SHAPE","2025-11-14","","196d","196","UPTREND","BEARISH","BEARISH","BEARISH","STRUCTURE + DISCOUNT","NORMAL DOWNTREND","25","TRUE","FALSE","FALSE","WEAKENING","WEAKENING (Passive)","0.18","0.18","DRY / QUIET","60","40","45.23","31.65","29.28","13.21","261.95","267.82","305.53","256900","1429900","608","Supertrend bullish | RSI 45.2 lemah | Volume 0.18x | Lolos anti-crash ADX | RISEN NORMAL DOWNTREND","Full Grid (1-2-3-4)","100000000","350","346","344","342","0.1","0.2","0.3","0.4","285","578","872","1169","2904","99950400","49600","344.18","344.18","336","372","410","410","4","2.38","17.14","19.12","4.29","8.04"
"JECC","2026-05-29","2026-05-29","561","FULL","520","-9.565217391304348","AVOID","-","passive","FALSE","","BETA BREAKOUT + V-SHAPE","2025-11-13","","197d","197","DOWNTREND","BEARISH","BEARISH","BEARISH","DOWNTREND DISCOUNT","NORMAL DOWNTREND","0","FALSE","FALSE","FALSE","LAGGING","LAGGARD (Passive)","1.17","1.17","NORMAL","0","100","10.69","34.78","12.07","62.06","775.77","868.28","983.42","40600","34700","606","Supertrend bearish | RSI 10.7 lemah | Volume 1.17x | Crash filter aktif | RISEN NORMAL DOWNTREND","Full Grid (1-2-3-4)","100000000","1375","1230","1195","1145","0.1","0.2","0.3","0.4","72","162","251","349","834","99781000","219000","1196.41","1196.57","1060","1850","2320","2320","22.91","11.4","68.73","93.91","3","8.24"
"TRGU","2026-05-29","2026-05-29","561","FULL","179","1.7045454545454544","AVOID","-","passive","FALSE","","BETA BREAKOUT","2025-09-24","","247d","247","DOWNTREND","BEARISH","BEARISH","BEARISH","DEMAND STRUCTURE","SIDEWAYS","46.73","TRUE","FALSE","FALSE","LEADING","LEADING (Passive)","0.07","0.07","DRY / QUIET","100","0","44.77","47.73","6.03","24.44","181.5","184.44","187.5","9700","143090","606","Supertrend bearish | RSI 44.8 lemah | Volume 0.07x | Crash filter aktif | RISEN SIDEWAYS","Full Grid (1-2-3-4)","100000000","188","177","174","171","0.1","0.2","0.3","0.4","531","1129","1724","2339","5723","99960600","39400","174.66","174.67","165","222","258","258","12.23","5.53","37.23","47.71","3.04","8.62"
"MARI","2026-05-29","2026-05-29","561","FULL","28","-3.4482758620689653","HOLD","-","passive","FALSE","","SMART GAMMA","2025-09-22","","249d","249","UPTREND","BEARISH","BEARISH","BEARISH","STRUCTURE + DISCOUNT","SIDEWAYS","25","TRUE","FALSE","FALSE","LEADING","LEADING (Passive)","0.57","0.57","DRY / QUIET","0","100","47.65","23.18","26.9","36.61","28.2","29.5","33.59","1609800","2819790","602","Supertrend bullish | RSI 47.6 lemah | Volume 0.57x | Lolos anti-crash ADX | RISEN SIDEWAYS","Full Grid (1-2-3-4)","100000000","48","36","33","29","0.1","0.2","0.3","0.4","2083","5555","9090","13793","30521","99993100","6900","32.76","32.76","24","84","120","120","50","26.74","150","266.28","3","9.96"
"GLVA","2026-05-29","2026-05-29","561","FULL","332","-3.488372093023256","AVOID","-","passive","FALSE","","SMART GAMMA","2025-11-10","","200d","200","DOWNTREND","BEARISH","BEARISH","BEARISH","STRUCTURE + DISCOUNT","SIDEWAYS","82.5","TRUE","FALSE","FALSE","LAGGING","LAGGARD (Passive)","0.32","0.32","DRY / QUIET","0","100","45.76","16.35","14.36","15.15","339.33","344.33","356.54","13900","43145","600","Supertrend bearish | RSI 45.8 lemah | Volume 0.32x | Lolos anti-crash ADX | RISEN SIDEWAYS","Full Grid (1-2-3-4)","100000000","462","388","370","344","0.1","0.2","0.3","0.4","216","515","810","1162","2703","99904000","96000","369.6","369.62","308","695","925","925","33.33","16.67","100.22","150.27","3.01","9.02"
"ITIC","2026-05-29","2026-05-29","561","FULL","214","-0.9259259259259258","AVOID","-","passive","FALSE","","BETA BREAKOUT","2025-10-30","","211d","211","DOWNTREND","BEARISH","BEARISH","BEARISH","DOWNTREND DISCOUNT","NORMAL DOWNTREND","63.43","TRUE","FALSE","FALSE","LAGGING","LAGGARD (Passive)","0.18","0.18","DRY / QUIET","25","75","29.97","16.84","17.31","18.61","240.29","260.41","299.55","247100","1370350","578","Supertrend bearish | RSI 30.0 lemah | Volume 0.18x | Lolos anti-crash ADX | RISEN NORMAL DOWNTREND","Full Grid (1-2-3-4)","100000000","474","404","386","362","0.1","0.2","0.3","0.4","210","495","777","1104","2586","99909000","91000","386.35","386.37","324","700","925","925","31.65","16.14","95.15","139.42","3.01","8.64"
"MTFN","2026-05-29","2026-05-29","561","FULL","17","6.25","HOLD","-","passive","FALSE","","SMART GAMMA","2025-09-29","","242d","242","UPTREND","BEARISH","BEARISH","BEARISH","STRUCTURE + DISCOUNT","NORMAL DOWNTREND","63.9","TRUE","FALSE","FALSE","IMPROVING","IMPROVING (Passive)","0.93","0.93","NORMAL","100","0","38.91","35.61","23.27","46.98","18.98","21.67","20.59","49937500","53598145","566","Supertrend bullish | RSI 38.9 lemah | Volume 0.93x | Crash filter aktif | RISEN NORMAL DOWNTREND","Full Grid (1-2-3-4)","100000000","24","18","17","15","0.1","0.2","0.3","0.4","4166","11111","17647","26666","59590","99997100","2900","16.78","16.78","12","42","60","60","50","28.49","150","257.55","3","9.04"
"LPGI","2026-05-29","2026-05-29","561","FULL","700","0","HOLD","-","passive","FALSE","","SMART GAMMA","2025-10-22","","219d","219","UPTREND","BULLISH","BULLISH","BULLISH","DEMAND STRUCTURE","SIDEWAYS","56.4","TRUE","FALSE","FALSE","LAGGING","LAGGARD (Passive)","0.05","0.05","DRY / QUIET","81.82","18.18","52.89","20.9","12.31","14.79","695.61","684.23","684.33","4900","96935","562","Supertrend bullish | RSI 52.9 > 50 | Volume 0.05x | Lolos anti-crash ADX | RISEN SIDEWAYS","Full Grid (1-2-3-4)","100000000","770","595","555","496","0.1","0.2","0.3","0.4","129","336","540","806","1811","99872600","127400","551.48","551.57","406","3500","3550","3550","47.27","26.38","361.04","543.73","7.64","20.61"
"SPTO","2026-05-29","2026-05-29","561","FULL","570","2.7027027027027026","AVOID","-","passive","FALSE","","BETA BREAKOUT","2025-08-25","","277d","277","DOWNTREND","BEARISH","BEARISH","BEARISH","STRUCTURE + DISCOUNT","NORMAL DOWNTREND","25","TRUE","FALSE","FALSE","LEADING","LEADING (Passive)","0.92","0.92","NORMAL","66.67","33.33","33.19","63.59","14.5","37.25","587.09","613.14","637.65","2008100","2175240","546","Supertrend bearish | RSI 33.2 lemah | Volume 0.92x | Crash filter aktif | RISEN NORMAL DOWNTREND","Full Grid (1-2-3-4)","100000000","685","660","655","645","0.1","0.2","0.3","0.4","145","303","458","620","1526","99919500","80500","654.78","654.8","630","770","850","850","8.03","3.78","24.09","29.81","3","7.88"
"PPRI","2026-05-29","2026-05-29","561","FULL","149","-0.6666666666666667","AVOID","-","passive","FALSE","","SMART GAMMA","2025-10-10","","231d","231","DOWNTREND","BEARISH","BEARISH","BEARISH","STRUCTURE + DISCOUNT","SIDEWAYS","62.84","TRUE","FALSE","FALSE","LAGGING","LAGGARD (Passive)","0.41","0.41","DRY / QUIET","0","100","34.64","18.97","15.57","25.04","167.53","189.83","239.86","923700","2235385","538","Supertrend bearish | RSI 34.6 lemah | Volume 0.41x | Lolos anti-crash ADX | RISEN SIDEWAYS","Full Grid (1-2-3-4)","100000000","510","320","276","212","0.1","0.2","0.3","0.4","196","625","1086","1886","3793","99952800","47200","263.52","263.52","121","1095","1675","1675","76.27","54.08","228.43","535.63","2.99","9.9"
"CHIP","2026-05-29","2026-05-29","561","FULL","970","-0.5128205128205128","AVOID","-","passive","FALSE","","SMART GAMMA","2025-10-08","","233d","233","DOWNTREND","BEARISH","BEARISH","BEARISH","STRUCTURE + DISCOUNT","NORMAL DOWNTREND","61.82","TRUE","FALSE","FALSE","LAGGING","LAGGARD (Passive)","1.4","1.4","EXPANSION","10","90","22.87","68.93","11.33","27.63","1007.99","1063.78","1234.81","160900","114640","534","Supertrend bearish | RSI 22.9 lemah | Volume valid 1.4x | Crash filter aktif | RISEN NORMAL DOWNTREND","Full Grid (1-2-3-4)","100000000","1595","1475","1445","1405","0.1","0.2","0.3","0.4","62","135","207","284","688","99615000","385000","1447.89","1448.02","1345","1970","2210","2210","15.67","7.11","38.56","52.64","2.46","7.41"
"MENN","2026-05-29","2026-05-29","561","FULL","53","0","AVOID","-","passive","FALSE","","V-SHAPE","2025-10-08","","233d","233","DOWNTREND","NEUTRAL","NEUTRAL","BULLISH","STRUCTURE + DISCOUNT","NORMAL UPTREND","0","FALSE","TRUE","FALSE","LAGGING","LAGGARD (Passive)","0","0","NO VOLUME","50","50","46.21","23.53","21.84","13.52","53","53.01","51.14","0","0","534","Supertrend bearish | RSI 46.2 lemah | Volume NaNx | Lolos anti-crash ADX | RISEN NORMAL UPTREND","Full Grid (1-2-3-4)","100000000","55","50","49","47","0.1","0.2","0.3","0.4","1818","4000","6122","8510","20450","99993800","6200","48.9","48.9","44","72","88","88","20","10.01","60","79.97","3","7.99"
"AMAR","2026-05-29","2026-05-29","561","FULL","194","-1.0204081632653061","AVOID","-","passive","FALSE","","BETA BREAKOUT","2025-10-07","","234d","234","DOWNTREND","BEARISH","BEARISH","BEARISH","STRUCTURE + DISCOUNT","SIDEWAYS","53.39","TRUE","FALSE","FALSE","LAGGING","LAGGARD (Passive)","1.75","1.75","EXPANSION","45.45","54.55","44.24","16.51","15.85","28.16","196.16","199.19","206.42","1113700","638000","532","Supertrend bearish | RSI 44.2 lemah | Volume valid 1.75x | Lolos anti-crash ADX | RISEN SIDEWAYS","Full Grid (1-2-3-4)","100000000","230","214","210","204","0.1","0.2","0.3","0.4","434","934","1428","1960","4756","99941600","58400","210.14","210.14","195","282","336","336","15.22","7.2","46.09","59.89","3.03","8.31"
"MTPS","2026-05-29","2026-05-29","561","FULL","81","0","HOLD","-","passive","FALSE","","SMART GAMMA","2025-10-06","","235d","235","UPTREND","NEUTRAL","NEUTRAL","BULLISH","UPTREND PREMIUM","SIDEWAYS","0","FALSE","FALSE","FALSE","LAGGING","LAGGARD (Passive)","0","0","NO VOLUME","50","50","62.02","33.1","46.47","23.36","81","80.89","69.4","0","0","530","Supertrend bullish | RSI 62.0 > 50 | Volume NaNx | Lolos anti-crash ADX | RISEN SIDEWAYS","Full Grid (1-2-3-4)","100000000","55","48","46","43","0.1","0.2","0.3","0.4","1818","4166","6521","9302","21807","99991000","9000","45.85","45.85","39","79","103","103","29.09","14.95","87.27","124.63","3","8.34"
"MCAS","2026-05-29","2026-05-29","561","FULL","252","-3.076923076923077","AVOID","-","passive","FALSE","","SMART SNIPER","2025-10-02","Structure + Discount","239d","239","DOWNTREND","BEARISH","BEARISH","BEARISH","STRUCTURE + DISCOUNT","NORMAL DOWNTREND","44.52","TRUE","FALSE","FALSE","LAGGING","LAGGARD (Passive)","0.22","0.22","DRY / QUIET","50","50","15.83","19.8","17.06","32.31","303.14","359.77","646.04","81600","371155","522","Supertrend bearish | RSI 15.8 lemah | Volume 0.22x | Lolos anti-crash ADX | RISEN NORMAL DOWNTREND","Full Grid (1-2-3-4)","100000000","990","870","840","800","0.1","0.2","0.3","0.4","101","229","357","500","1187","99910000","90000","841.7","841.72","735","1375","1755","1755","25.76","12.68","77.27","108.51","3","8.56"
"BIMA","2026-05-29","2026-05-29","561","FULL","82","0","HOLD","-","passive","FALSE","","BETA BREAKOUT","2025-09-29","","242d","242","UPTREND","NEUTRAL","NEUTRAL","BULLISH","UPTREND PREMIUM","SIDEWAYS","0","FALSE","FALSE","FALSE","LAGGING","LAGGARD (Passive)","0","0","NO VOLUME","50","50","60.95","12.02","28.25","35.97","82","81.93","78.06","0","0","516","Supertrend bullish | RSI 61.0 > 50 | Volume NaNx | Lolos anti-crash ADX | RISEN SIDEWAYS","Full Grid (1-2-3-4)","100000000","87","64","58","50","0.1","0.2","0.3","0.4","1149","3125","5172","8000","17446","99993900","6100","57.32","57.32","39","159","232","232","55.17","31.96","166.67","304.77","3.02","9.54"
"MKPI","2026-05-29","2026-05-29","561","FULL","21900","0","AVOID","-","passive","FALSE","","BETA BREAKOUT","2025-08-05","","297d","297","DOWNTREND","BEARISH","BEARISH","BEARISH","STRUCTURE + DISCOUNT","NORMAL DOWNTREND","60.35","TRUE","FALSE","FALSE","LEADING","LEADING (Passive)","0.99","0.99","NORMAL","100","0","40.62","71.63","6.93","38.69","22054.97","22529.87","23629.9","41200","41635","506","Supertrend bearish | RSI 40.6 lemah | Volume 0.99x | Crash filter aktif | RISEN NORMAL DOWNTREND","Full Grid (1-2-3-4)","100000000","24500","23150","22825","22350","0.1","0.2","0.3","0.4","4","8","13","17","42","95987500","4012500","22854.17","22851.13","21625","28825","33125","33125","11.73","5.38","35.2","44.94","3","8.36"
"GLOB","2026-05-29","2026-05-29","561","FULL","155","0","HOLD","-","passive","FALSE","","SMART SNIPER","2025-09-15","Structure + Discount","256d","256","UPTREND","NEUTRAL","NEUTRAL","BULLISH","UPTREND PREMIUM","NORMAL UPTREND","0","FALSE","TRUE","FALSE","LAGGING","LAGGARD (Passive)","0","0","NO VOLUME","50","50","77.8","43.39","61.93","24.45","155","154.74","134.47","0","0","488","Supertrend bullish | RSI 77.8 > 50 | Volume NaNx | Lolos anti-crash ADX | RISEN NORMAL UPTREND","Full Grid (1-2-3-4)","100000000","57","54","53","52","0.1","0.2","0.3","0.4","1754","3703","5660","7692","18809","99990400","9600","53.16","53.16","51","66","104","104","10.53","4.06","82.46","95.63","7.83","23.53"
"SURI","2026-05-29","2026-05-29","561","FULL","69","-1.4285714285714286","AVOID","-","passive","FALSE","","BETA BREAKOUT","2025-09-15","","256d","256","DOWNTREND","BEARISH","BEARISH","BEARISH","STRUCTURE + DISCOUNT","NORMAL DOWNTREND","25","TRUE","FALSE","FALSE","LAGGING","LAGGARD (Passive)","0.04","0.04","DRY / QUIET","40","60","42.32","42.53","26.08","16.71","74.61","75.21","85.56","2128200","50769960","488","Supertrend bearish | RSI 42.3 lemah | Volume 0.04x | Lolos anti-crash ADX | RISEN NORMAL DOWNTREND","Full Grid (1-2-3-4)","100000000","151","124","117","108","0.1","0.2","0.3","0.4","662","1612","2564","3703","8541","99976200","23800","117.05","117.06","93","238","326","326","38.41","20.55","115.89","178.5","3.02","8.69"
"DPNS","2026-05-29","2026-05-29","561","FULL","310","0","AVOID","-","passive","FALSE","","BETA BREAKOUT","2025-09-09","","262d","262","DOWNTREND","NEUTRAL","NEUTRAL","BULLISH","DOWNTREND PREMIUM","SIDEWAYS","0","FALSE","FALSE","FALSE","LAGGING","LAGGARD (Passive)","0","0","NO VOLUME","50","50","54.26","31.12","24.39","12.81","310","309.92","302.25","0","0","476","Supertrend bearish | RSI 54.3 > 50 | Volume NaNx | Lolos anti-crash ADX | RISEN SIDEWAYS","Full Grid (1-2-3-4)","100000000","302","270","262","252","0.1","0.2","0.3","0.4","331","740","1145","1587","3803","99967600","32400","262.87","262.87","234","404","505","505","22.52","10.98","67.22","92.11","2.99","8.39"
"MKTR","2026-05-29","2026-05-29","561","FULL","125","0","AVOID","-","passive","FALSE","","BETA BREAKOUT","2025-09-02","","269d","269","DOWNTREND","BEARISH","BEARISH","BEARISH","STRUCTURE + DISCOUNT","SIDEWAYS","100","TRUE","FALSE","FALSE","LAGGING","LAGGARD (Passive)","0.57","0.57","DRY / QUIET","100","0","41.17","18.14","10.14","13.52","128.16","130.7","133.29","332300","578730","462","Supertrend bearish | RSI 41.2 lemah | Volume 0.57x | Lolos anti-crash ADX | RISEN SIDEWAYS","Full Grid (1-2-3-4)","100000000","145","117","110","101","0.1","0.2","0.3","0.4","689","1709","2727","3960","9085","99978800","21200","110.05","110.05","88","230","316","316","39.31","20.04","117.93","187.15","3","9.34"
"PNSE","2026-05-29","2026-05-29","561","FULL","515","0","AVOID","-","passive","FALSE","","BETA BREAKOUT","2025-09-02","","269d","269","DOWNTREND","BEARISH","BEARISH","BEARISH","STRUCTURE + DISCOUNT","NORMAL DOWNTREND","45.94","TRUE","FALSE","FALSE","LAGGING","LAGGARD (Passive)","1.61","1.61","EXPANSION","8","92","32.93","22.33","16.44","9.4","589.34","628.39","678.56","55500","34445","462","Supertrend bearish | RSI 32.9 lemah | Volume valid 1.61x | Lolos anti-crash ADX | RISEN NORMAL DOWNTREND","Full Grid (1-2-3-4)","100000000","885","765","735","690","0.1","0.2","0.3","0.4","112","261","408","579","1360","99817500","182500","733.95","734.05","625","1275","1665","1665","29.38","14.84","88.14","126.85","3","8.55"
"PTSN","2026-05-29","2026-05-29","561","FULL","270","0","AVOID","-","passive","FALSE","","G ACC","2025-09-02","","269d","269","DOWNTREND","BEARISH","BEARISH","BEARISH","STRUCTURE + DISCOUNT","NORMAL DOWNTREND","61.76","TRUE","FALSE","FALSE","LAGGING","LAGGARD (Passive)","0.6","0.6","DRY / QUIET","60","40","26.43","21.51","12.97","28.14","290.68","311.59","330.39","424800","713530","462","Supertrend bearish | RSI 26.4 lemah | Volume 0.6x | Lolos anti-crash ADX | RISEN NORMAL DOWNTREND","Full Grid (1-2-3-4)","100000000","442","322","292","252","0.1","0.2","0.3","0.4","226","621","1027","1587","3461","99966200","33800","288.84","288.85","193","815","1190","1190","56.33","33.18","169.23","312","3","9.4"
"WMUU","2026-05-29","2026-05-29","561","FULL","55","-3.508771929824561","AVOID","-","passive","FALSE","","SMART GAMMA","2025-08-22","","280d","280","DOWNTREND","BEARISH","BEARISH","BULLISH","DOWNTREND DISCOUNT","NORMAL UPTREND","53.47","TRUE","TRUE","FALSE","LAGGING","LAGGARD (Passive)","0.55","0.55","DRY / QUIET","25","75","36.35","18.42","16.04","24.54","63.75","66.56","52.49","139866400","256380230","440","Supertrend bearish | RSI 36.4 lemah | Volume 0.55x | Lolos anti-crash ADX | RISEN NORMAL UPTREND","Full Grid (1-2-3-4)","100000000","15","12","11","9","0.1","0.2","0.3","0.4","6666","16666","27272","44444","95048","99997000","3000","10.52","10.52","8","26","36","36","46.67","23.96","140","242.18","3","10.11"
"PRIM","2026-05-29","2026-05-29","561","FULL","83","-1.1904761904761905","AVOID","-","passive","FALSE","","SMART GAMMA","2025-08-21","","281d","281","DOWNTREND","BEARISH","BULLISH","BULLISH","DOWNTREND DISCOUNT","SIDEWAYS","25","TRUE","FALSE","FALSE","WEAKENING","WEAKENING (Passive)","0.07","0.07","DRY / QUIET","33.33","66.67","48.9","41.89","31.02","16.51","84.66","81.71","78.29","5892200","90287200","438","Supertrend bearish | RSI 48.9 lemah | Volume 0.07x | Lolos anti-crash ADX | RISEN SIDEWAYS","Full Grid (1-2-3-4)","100000000","90","73","68","62","0.1","0.2","0.3","0.4","1111","2739","4411","6451","14712","99984700","15300","67.96","67.96","54","144","198","198","40","20.54","120","191.34","3","9.31"
"SICO","2026-05-29","2026-05-29","561","FULL","111","0","AVOID","-","passive","FALSE","","G ACC","2025-06-23","","340d","340","DOWNTREND","BEARISH","BEARISH","BEARISH","DOWNTREND DISCOUNT","NORMAL DOWNTREND","65","TRUE","FALSE","FALSE","LEADING","LEADING (Passive)","0.22","0.22","DRY / QUIET","75","25","33.81","22.27","20.23","23.63","117.83","123.23","123.97","1399100","6285685","420","Supertrend bearish | RSI 33.8 lemah | Volume 0.22x | Lolos anti-crash ADX | RISEN NORMAL DOWNTREND","Full Grid (1-2-3-4)","100000000","135","112","107","99","0.1","0.2","0.3","0.4","740","1785","2803","4040","9368","99970100","29900","106.71","106.72","88","206","276","276","34.81","17.54","104.44","158.63","3","9.05"
"NFCX","2026-05-29","2026-05-29","561","FULL","1705","0.29411764705882354","AVOID","-","passive","FALSE","","BETA BREAKOUT","2025-07-21","","312d","312","DOWNTREND","BEARISH","BEARISH","BEARISH","DEMAND STRUCTURE","SIDEWAYS","70.65","TRUE","FALSE","FALSE","LAGGING","LAGGARD (Passive)","1","1","NORMAL","96.77","3.23","37.12","38.76","5.63","36.01","1741.8","1747.8","1719.13","38800","38675","376","Supertrend bearish | RSI 37.1 lemah | Volume 1x | Crash filter aktif | RISEN SIDEWAYS","Full Grid (1-2-3-4)","100000000","1950","1825","1795","1755","0.1","0.2","0.3","0.4","51","109","167","227","554","99652500","347500","1798.78","1798.81","1680","2360","2760","2760","13.85","6.6","41.54","53.44","3","8.09"
"KIAS","2026-05-29","2026-05-29","561","FULL","21","0","HOLD","-","passive","FALSE","","V-SHAPE","2025-07-02","","331d","331","UPTREND","NEUTRAL","NEUTRAL","BULLISH","UPTREND PREMIUM","SIDEWAYS","0","FALSE","FALSE","FALSE","LAGGING","LAGGARD (Passive)","0","0","NO VOLUME","50","50","56.2","14.65","22.46","16.72","21","21","20.77","0","0","338","Supertrend bullish | RSI 56.2 > 50 | Volume NaNx | Lolos anti-crash ADX | RISEN SIDEWAYS","Full Grid (1-2-3-4)","100000000","19","18","18","17","0.1","0.2","0.3","0.4","5263","11111","16666","23529","56569","99997600","2400","17.68","17.68","17","22","25","25","10.53","3.83","31.58","41.43","3","10.82"
"SWAT","2026-05-29","2026-05-29","561","FULL","16","0","AVOID","-","passive","FALSE","","EARLY SWEEP","2025-06-10","","353d","353","DOWNTREND","NEUTRAL","NEUTRAL","BEARISH","DOWNTREND PREMIUM","SIDEWAYS","0","FALSE","FALSE","FALSE","LAGGING","LAGGARD (Passive)","0","0","NO VOLUME","50","50","32.31","40.29","22.79","53.54","16","16","17","0","0","294","Supertrend bearish | RSI 32.3 lemah | Volume NaNx | Crash filter aktif | RISEN SIDEWAYS","Full Grid (1-2-3-4)","100000000","28","24","22","21","0.1","0.2","0.3","0.4","3571","8333","13636","19047","44587","99995900","4100","22.43","22.43","19","42","55","55","32.14","15.28","96.43","145.24","3","9.5"
"MTMH","2026-05-29","2026-05-29","561","FULL","945","-1.0471204188481675","HOLD","-","passive","FALSE","","EARLY SWEEP","2025-06-03","","360d","360","UPTREND","BEARISH","BEARISH","BEARISH","STRUCTURE + DISCOUNT","NORMAL DOWNTREND","52.5","TRUE","FALSE","FALSE","WEAKENING","WEAKENING (Passive)","1.01","1.01","NORMAL","0","100","44.69","28.66","30.52","13.01","989.03","1003.9","1053.18","26400","26190","280","Supertrend bullish | RSI 44.7 lemah | Volume 1.01x | Lolos anti-crash ADX | RISEN NORMAL DOWNTREND","Full Grid (1-2-3-4)","100000000","875","855","845","840","0.1","0.2","0.3","0.4","114","233","355","476","1178","99878000","122000","847.86","847.87","825","970","1005","1005","5.71","2.7","14.86","18.53","2.6","6.87"
"TGRA","2026-05-29","2026-05-29","561","FULL","27","0","AVOID","-","passive","FALSE","","V-SHAPE","2025-05-27","","367d","367","DOWNTREND","NEUTRAL","NEUTRAL","BEARISH","DOWNTREND PREMIUM","SIDEWAYS","0","FALSE","FALSE","FALSE","LAGGING","LAGGARD (Passive)","0","0","NO VOLUME","50","50","28.01","49.1","20.59","60.31","27","27","27.65","0","0","266","Supertrend bearish | RSI 28.0 lemah | Volume NaNx | Crash filter aktif | RISEN SIDEWAYS","Full Grid (1-2-3-4)","100000000","36","34","33","32","0.1","0.2","0.3","0.4","2777","5882","9090","12500","30249","99993000","7000","33.06","33.06","31","50","51","51","13.89","6.22","41.67","54.28","3","8.72"
"TGUK","2026-05-29","2026-05-29","561","FULL","137","0","HOLD","-","passive","FALSE","","G ACC","2025-05-23","","371d","371","UPTREND","NEUTRAL","NEUTRAL","BULLISH","UPTREND PREMIUM","NORMAL UPTREND","0","FALSE","TRUE","FALSE","LAGGING","LAGGARD (Passive)","0","0","NO VOLUME","50","50","81.24","67.69","41.46","7.99","137","137","130.12","0","0","258","Supertrend bullish | RSI 81.2 > 50 | Volume NaNx | Lolos anti-crash ADX | RISEN NORMAL UPTREND","Full Grid (1-2-3-4)","100000000","137","94","83","69","0.1","0.2","0.3","0.4","729","2127","3614","5797","12267","99976600","23400","81.5","81.51","48","270","404","404","64.96","41.1","194.89","395.7","3","9.63"
"PMMP","2026-05-29","2026-05-29","561","FULL","50","0","AVOID","-","passive","FALSE","","SMART SNIPER","2025-05-06","Structure + Discount","388d","388","DOWNTREND","NEUTRAL","NEUTRAL","BEARISH","DEMAND STRUCTURE","SIDEWAYS","0","FALSE","FALSE","FALSE","LAGGING","LAGGARD (Passive)","0","0","NO VOLUME","50","50","31.32","17.15","14.16","20.03","50","50","55.47","0","0","224","Supertrend bearish | RSI 31.3 lemah | Volume NaNx | Lolos anti-crash ADX | RISEN SIDEWAYS","Full Grid (1-2-3-4)","100000000","59","55","53","52","0.1","0.2","0.3","0.4","1694","3636","5660","7692","18682","99989000","11000","53.52","53.52","49","74","89","89","16.95","8.45","50.85","66.29","3","7.85"
"ALTO","2026-05-29","2026-05-29","561","FULL","18","0","AVOID","-","passive","FALSE","","EARLY SWEEP","2025-04-15","","409d","409","DOWNTREND","NEUTRAL","NEUTRAL","NEUTRAL","DOWNTREND PREMIUM","SIDEWAYS","0","FALSE","FALSE","FALSE","LAGGING","LAGGARD (Passive)","0","0","NO VOLUME","50","50","49.07","10.4","36.3","44.72","18","18","18.02","0","0","182","Supertrend bearish | RSI 49.1 lemah | Volume NaNx | Lolos anti-crash ADX | RISEN SIDEWAYS","Full Grid (1-2-3-4)","100000000","22","19","18","17","0.1","0.2","0.3","0.4","4545","10526","16666","23529","55266","99996500","3500","18.09","18.09","16","31","40","40","27.27","11.57","81.82","121.07","3","10.46"
"PTMR","2026-05-29","2026-05-29","385","FULL","374","0","HOLD","-","passive","FALSE","","SMART SNIPER","2025-04-15","Structure + Discount","409d","409","UPTREND","NEUTRAL","NEUTRAL","BULLISH","UPTREND PREMIUM","NORMAL UPTREND","0","FALSE","TRUE","FALSE","LAGGING","LAGGARD (Passive)","0","0","NO VOLUME","50","50","97.28","97.14","74.14","1.07","374","373.97","348.54","0","0","182","Supertrend bullish | RSI 97.3 > 50 | Volume NaNx | Lolos anti-crash ADX | RISEN NORMAL UPTREND","Full Grid (1-2-3-4)","100000000","132","127","125","123","0.1","0.2","0.3","0.4","757","1574","2400","3252","7983","99981800","18200","125.24","125.24","120","150","168","168","9.09","4.19","27.27","34.14","3","8.15"
"HITS","2026-05-29","2026-05-29","561","FULL","116","0","AVOID","-","passive","FALSE","","SMART SNIPER + V-SHAPE","2025-02-28","Demand Structure","455d","455","DOWNTREND","NEUTRAL","NEUTRAL","BEARISH","DOWNTREND PREMIUM","SIDEWAYS","0","FALSE","FALSE","FALSE","LAGGING","LAGGARD (Passive)","0","0","NO VOLUME","50","50","15.01","55.29","11.87","41.21","116","116","130.49","0","0","90","Supertrend bearish | RSI 15.0 lemah | Volume NaNx | Crash filter aktif | RISEN SIDEWAYS","Full Grid (1-2-3-4)","100000000","364","322","312","298","0.1","0.2","0.3","0.4","274","621","961","1342","3198","99944600","55400","312.52","312.53","276","496","630","630","24.18","11.69","73.08","101.59","3.02","8.69"
"WIKA","2026-05-29","2026-05-29","561","FULL","204","0","AVOID","-","passive","FALSE","","EARLY SWEEP","2025-02-12","","471d","471","DOWNTREND","NEUTRAL","NEUTRAL","BEARISH","DOWNTREND PREMIUM","NORMAL DOWNTREND","0","FALSE","FALSE","FALSE","LAGGING","LAGGARD (Passive)","0","0","NO VOLUME","50","50","39.98","14.93","17.98","24.3","204","204","207.35","0","0","58","Supertrend bearish | RSI 40.0 lemah | Volume NaNx | Lolos anti-crash ADX | RISEN NORMAL DOWNTREND","Full Grid (1-2-3-4)","100000000","250","234","228","224","0.1","0.2","0.3","0.4","400","854","1315","1785","4354","99949600","50400","229.56","229.56","212","380","426","426","15.2","7.65","70.4","85.57","4.63","11.19"
"ZBRA","2026-05-29","2026-05-29","561","FULL","50","0","AVOID","-","passive","FALSE","","EARLY SWEEP","2025-01-31","","483d","483","DOWNTREND","NEUTRAL","NEUTRAL","BEARISH","DOWNTREND PREMIUM","SIDEWAYS","0","FALSE","FALSE","FALSE","LAGGING","LAGGARD (Passive)","0","0","NO VOLUME","50","50","36.27","32.76","27.84","14.1","50","50","56.77","0","0","34","Supertrend bearish | RSI 36.3 lemah | Volume NaNx | Lolos anti-crash ADX | RISEN SIDEWAYS","Full Grid (1-2-3-4)","100000000","71","67","66","65","0.1","0.2","0.3","0.4","1408","2985","4545","6153","15091","99987800","12200","66.26","66.26","61","116","128","128","14.08","7.93","80.28","93.19","5.7","11.75"
"ARMY","2026-05-29","2026-05-29","561","FULL","50","0","HOLD","-","passive","FALSE","","-","","","-","","UPTREND","NEUTRAL","NEUTRAL","NEUTRAL","UPTREND PREMIUM","N/A","0","FALSE","FALSE","FALSE","LAGGING","LAGGARD (Passive)","0","0","NO VOLUME","50","50","100","0","0","0","50","50","50","0","0","0","Supertrend bullish | RSI 100.0 > 50 | Volume NaNx | Lolos anti-crash ADX | RISEN N/A","","","","","","","","","","","","","","","","","","","","","","","","","","","","",""
"BIKA","2026-05-29","2026-05-29","561","FULL","55","0","AVOID","-","passive","FALSE","","-","","","-","","DOWNTREND","NEUTRAL","NEUTRAL","NEUTRAL","DOWNTREND PREMIUM","SIDEWAYS","0","FALSE","FALSE","FALSE","LAGGING","LAGGARD (Passive)","0","0","NO VOLUME","50","50","52.09","7.21","43.08","37.28","55","55","54.98","0","0","0","Supertrend bearish | RSI 52.1 > 50 | Volume NaNx | Lolos anti-crash ADX | RISEN SIDEWAYS","","","","","","","","","","","","","","","","","","","","","","","","","","","","",""
"BOSS","2026-05-29","2026-05-29","561","FULL","50","0","HOLD","-","passive","FALSE","","-","","","-","","UPTREND","NEUTRAL","NEUTRAL","NEUTRAL","UPTREND PREMIUM","N/A","0","FALSE","FALSE","FALSE","LAGGING","LAGGARD (Passive)","0","0","NO VOLUME","50","50","100","0","0","0","50","50","50","0","0","0","Supertrend bullish | RSI 100.0 > 50 | Volume NaNx | Lolos anti-crash ADX | RISEN N/A","","","","","","","","","","","","","","","","","","","","","","","","","","","","",""
"BTEL","2026-05-29","2026-05-29","561","FULL","50","0","HOLD","-","passive","FALSE","","-","","","-","","UPTREND","NEUTRAL","NEUTRAL","NEUTRAL","UPTREND PREMIUM","N/A","0","FALSE","FALSE","FALSE","LAGGING","LAGGARD (Passive)","0","0","NO VOLUME","50","50","100","0","0","0","50","50","50","0","0","0","Supertrend bullish | RSI 100.0 > 50 | Volume NaNx | Lolos anti-crash ADX | RISEN N/A","","","","","","","","","","","","","","","","","","","","","","","","","","","","",""
"CBMF","2026-05-29","2026-05-29","561","FULL","50","0","HOLD","-","passive","FALSE","","-","","","-","","UPTREND","NEUTRAL","NEUTRAL","NEUTRAL","UPTREND PREMIUM","N/A","0","FALSE","FALSE","FALSE","LAGGING","LAGGARD (Passive)","0","0","NO VOLUME","50","50","100","0","0","0","50","50","50","0","0","0","Supertrend bullish | RSI 100.0 > 50 | Volume NaNx | Lolos anti-crash ADX | RISEN N/A","","","","","","","","","","","","","","","","","","","","","","","","","","","","",""
"CHEK","2026-05-29","2026-05-29","212","IPO / SHORT","122","0.8264462809917356","AVOID","-","passive","FALSE","","-","","","-","","DOWNTREND","BEARISH","BEARISH","BEARISH","STRUCTURE + DISCOUNT","NORMAL DOWNTREND","25","TRUE","FALSE","FALSE","LAGGING","LAGGARD (Passive)","0.06","0.06","DRY / QUIET","60","40","36.66","29.18","36.29","17.74","130.47","136.55","156.57","848600","14526390","0","Supertrend bearish | RSI 36.7 lemah | Volume 0.06x | Lolos anti-crash ADX | RISEN NORMAL DOWNTREND","","","","","","","","","","","","","","","","","","","","","","","","","","","","",""
"CNTB","2026-05-29","2026-05-29","561","FULL","250","0","HOLD","-","passive","FALSE","","-","","","-","","UPTREND","NEUTRAL","NEUTRAL","NEUTRAL","UPTREND PREMIUM","N/A","0","FALSE","FALSE","FALSE","LAGGING","LAGGARD (Passive)","0","0","NO VOLUME","50","50","100","0","0","0","250","250","250","0","0","0","Supertrend bullish | RSI 100.0 > 50 | Volume NaNx | Lolos anti-crash ADX | RISEN N/A","","","","","","","","","","","","","","","","","","","","","","","","","","","","",""
"CNTX","2026-05-29","2026-05-29","561","FULL","142","0","HOLD","-","passive","FALSE","","-","","","-","","UPTREND","NEUTRAL","NEUTRAL","NEUTRAL","UPTREND PREMIUM","SIDEWAYS","0","FALSE","FALSE","FALSE","LAGGING","LAGGARD (Passive)","0","0","NO VOLUME","50","50","100","100","100","0","142","142","141.88","0","0","0","Supertrend bullish | RSI 100.0 > 50 | Volume NaNx | Lolos anti-crash ADX | RISEN SIDEWAYS","","","","","","","","","","","","","","","","","","","","","","","","","","","","",""
"COWL","2026-05-29","2026-05-29","561","FULL","50","0","HOLD","-","passive","FALSE","","-","","","-","","UPTREND","NEUTRAL","NEUTRAL","NEUTRAL","UPTREND PREMIUM","N/A","0","FALSE","FALSE","FALSE","LAGGING","LAGGARD (Passive)","0","0","NO VOLUME","50","50","100","0","0","0","50","50","50","0","0","0","Supertrend bullish | RSI 100.0 > 50 | Volume NaNx | Lolos anti-crash ADX | RISEN N/A","","","","","","","","","","","","","","","","","","","","","","","","","","","","",""
"CPRI","2026-05-29","2026-05-29","561","FULL","50","0","HOLD","-","passive","FALSE","","-","","","-","","UPTREND","NEUTRAL","NEUTRAL","NEUTRAL","UPTREND PREMIUM","N/A","0","FALSE","FALSE","FALSE","LAGGING","LAGGARD (Passive)","0","0","NO VOLUME","50","50","100","0","0","0","50","50","50","0","0","0","Supertrend bullish | RSI 100.0 > 50 | Volume NaNx | Lolos anti-crash ADX | RISEN N/A","","","","","","","","","","","","","","","","","","","","","","","","","","","","",""
"DEAL","2026-05-29","2026-05-29","561","FULL","6","0","HOLD","-","passive","FALSE","","-","","","-","","UPTREND","NEUTRAL","NEUTRAL","NEUTRAL","UPTREND PREMIUM","SIDEWAYS","0","FALSE","FALSE","FALSE","LAGGING","LAGGARD (Passive)","0","0","NO VOLUME","50","50","42.75","16.23","31.35","43.5","6","6","6.01","0","0","0","Supertrend bullish | RSI 42.8 lemah | Volume NaNx | Lolos anti-crash ADX | RISEN SIDEWAYS","","","","","","","","","","","","","","","","","","","","","","","","","","","","",""
"DUCK","2026-05-29","2026-05-29","561","FULL","176","0","HOLD","-","passive","FALSE","","-","","","-","","UPTREND","NEUTRAL","NEUTRAL","NEUTRAL","UPTREND PREMIUM","N/A","0","FALSE","FALSE","FALSE","LAGGING","LAGGARD (Passive)","0","0","NO VOLUME","50","50","100","0","0","0","176","176","176","0","0","0","Supertrend bullish | RSI 100.0 > 50 | Volume NaNx | Lolos anti-crash ADX | RISEN N/A","","","","","","","","","","","","","","","","","","","","","","","","","","","","",""
"ENVY","2026-05-29","2026-05-29","561","FULL","50","0","HOLD","-","passive","FALSE","","-","","","-","","UPTREND","NEUTRAL","NEUTRAL","NEUTRAL","UPTREND PREMIUM","N/A","0","FALSE","FALSE","FALSE","LAGGING","LAGGARD (Passive)","0","0","NO VOLUME","50","50","100","0","0","0","50","50","50","0","0","0","Supertrend bullish | RSI 100.0 > 50 | Volume NaNx | Lolos anti-crash ADX | RISEN N/A","","","","","","","","","","","","","","","","","","","","","","","","","","","","",""
"ETWA","2026-05-29","2026-05-29","561","FULL","70","0","AVOID","-","passive","FALSE","","-","","","-","","DOWNTREND","NEUTRAL","NEUTRAL","NEUTRAL","DOWNTREND PREMIUM","SIDEWAYS","0","FALSE","FALSE","FALSE","LAGGING","LAGGARD (Passive)","0","0","NO VOLUME","50","50","24.91","72.6","8.26","52","70","70","70.12","0","0","0","Supertrend bearish | RSI 24.9 lemah | Volume NaNx | Crash filter aktif | RISEN SIDEWAYS","","","","","","","","","","","","","","","","","","","","","","","","","","","","",""
"FASW","2026-05-29","2026-05-29","561","FULL","5275","0","AVOID","-","passive","FALSE","","-","","","-","","DOWNTREND","NEUTRAL","NEUTRAL","BEARISH","DOWNTREND PREMIUM","SIDEWAYS","0","FALSE","FALSE","FALSE","LAGGING","LAGGARD (Passive)","0","0","NO VOLUME","50","50","0.83","97.73","1.13","98.75","5275","5275.02","5293.83","0","0","0","Supertrend bearish | RSI 0.8 lemah | Volume NaNx | Crash filter aktif | RISEN SIDEWAYS","","","","","","","","","","","","","","","","","","","","","","","","","","","","",""
"GAMA","2026-05-29","2026-05-29","561","FULL","18","0","HOLD","-","passive","FALSE","","-","","","-","","UPTREND","NEUTRAL","NEUTRAL","NEUTRAL","UPTREND PREMIUM","N/A","0","FALSE","FALSE","FALSE","LAGGING","LAGGARD (Passive)","0","0","NO VOLUME","50","50","100","0","0","0","18","18","18","0","0","0","Supertrend bullish | RSI 100.0 > 50 | Volume NaNx | Lolos anti-crash ADX | RISEN N/A","","","","","","","","","","","","","","","","","","","","","","","","","","","","",""
"GOLL","2026-05-29","2026-05-29","561","FULL","50","0","HOLD","-","passive","FALSE","","-","","","-","","UPTREND","NEUTRAL","NEUTRAL","NEUTRAL","UPTREND PREMIUM","N/A","0","FALSE","FALSE","FALSE","LAGGING","LAGGARD (Passive)","0","0","NO VOLUME","50","50","100","0","0","0","50","50","50","0","0","0","Supertrend bullish | RSI 100.0 > 50 | Volume NaNx | Lolos anti-crash ADX | RISEN N/A","","","","","","","","","","","","","","","","","","","","","","","","","","","","",""
"GOTOM","2026-05-29","2026-05-29","359","FULL","68","0","HOLD","-","passive","FALSE","","-","","","-","","UPTREND","NEUTRAL","NEUTRAL","NEUTRAL","UPTREND PREMIUM","N/A","0","FALSE","FALSE","FALSE","LAGGING","LAGGARD (Passive)","0","0","NO VOLUME","50","50","100","0","0","0","68","68","68","0","0","0","Supertrend bullish | RSI 100.0 > 50 | Volume NaNx | Lolos anti-crash ADX | RISEN N/A","","","","","","","","","","","","","","","","","","","","","","","","","","","","",""
"HKMU","2026-05-29","2026-05-29","561","FULL","50","0","HOLD","-","passive","FALSE","","-","","","-","","UPTREND","NEUTRAL","NEUTRAL","NEUTRAL","UPTREND PREMIUM","N/A","0","FALSE","FALSE","FALSE","LAGGING","LAGGARD (Passive)","0","0","NO VOLUME","50","50","100","0","0","0","50","50","50","0","0","0","Supertrend bullish | RSI 100.0 > 50 | Volume NaNx | Lolos anti-crash ADX | RISEN N/A","","","","","","","","","","","","","","","","","","","","","","","","","","","","",""
"HOME","2026-05-29","2026-05-29","561","FULL","50","0","HOLD","-","passive","FALSE","","-","","","-","","UPTREND","NEUTRAL","NEUTRAL","NEUTRAL","UPTREND PREMIUM","N/A","0","FALSE","FALSE","FALSE","LAGGING","LAGGARD (Passive)","0","0","NO VOLUME","50","50","100","0","0","0","50","50","50","0","0","0","Supertrend bullish | RSI 100.0 > 50 | Volume NaNx | Lolos anti-crash ADX | RISEN N/A","","","","","","","","","","","","","","","","","","","","","","","","","","","","",""
"HOTL","2026-05-29","2026-05-29","561","FULL","50","0","HOLD","-","passive","FALSE","","-","","","-","","UPTREND","NEUTRAL","NEUTRAL","NEUTRAL","UPTREND PREMIUM","N/A","0","FALSE","FALSE","FALSE","LAGGING","LAGGARD (Passive)","0","0","NO VOLUME","50","50","100","0","0","0","50","50","50","0","0","0","Supertrend bullish | RSI 100.0 > 50 | Volume NaNx | Lolos anti-crash ADX | RISEN N/A","","","","","","","","","","","","","","","","","","","","","","","","","","","","",""
"IIKP","2026-05-29","2026-05-29","561","FULL","50","0","HOLD","-","passive","FALSE","","-","","","-","","UPTREND","NEUTRAL","NEUTRAL","NEUTRAL","UPTREND PREMIUM","N/A","0","FALSE","FALSE","FALSE","LAGGING","LAGGARD (Passive)","0","0","NO VOLUME","50","50","100","0","0","0","50","50","50","0","0","0","Supertrend bullish | RSI 100.0 > 50 | Volume NaNx | Lolos anti-crash ADX | RISEN N/A","","","","","","","","","","","","","","","","","","","","","","","","","","","","",""
"JSKY","2026-05-29","2026-05-29","561","FULL","52","0","HOLD","-","passive","FALSE","","-","","","-","","UPTREND","NEUTRAL","NEUTRAL","NEUTRAL","UPTREND PREMIUM","N/A","0","FALSE","FALSE","FALSE","LAGGING","LAGGARD (Passive)","0","0","NO VOLUME","50","50","100","0","0","0","52","52","52","0","0","0","Supertrend bullish | RSI 100.0 > 50 | Volume NaNx | Lolos anti-crash ADX | RISEN N/A","","","","","","","","","","","","","","","","","","","","","","","","","","","","",""
"KAYU","2026-05-29","2026-05-29","561","FULL","18","0","AVOID","-","passive","FALSE","","-","","","-","","DOWNTREND","NEUTRAL","NEUTRAL","BEARISH","DOWNTREND PREMIUM","NORMAL DOWNTREND","0","FALSE","FALSE","FALSE","LAGGING","LAGGARD (Passive)","0","0","NO VOLUME","50","50","0","100","0","100","18","18","18.32","0","0","0","Supertrend bearish | RSI 0.0 lemah | Volume NaNx | Crash filter aktif | RISEN NORMAL DOWNTREND","","","","","","","","","","","","","","","","","","","","","","","","","","","","",""
"KBRI","2026-05-29","2026-05-29","561","FULL","50","0","HOLD","-","passive","FALSE","","-","","","-","","UPTREND","NEUTRAL","NEUTRAL","NEUTRAL","UPTREND PREMIUM","N/A","0","FALSE","FALSE","FALSE","LAGGING","LAGGARD (Passive)","0","0","NO VOLUME","50","50","100","0","0","0","50","50","50","0","0","0","Supertrend bullish | RSI 100.0 > 50 | Volume NaNx | Lolos anti-crash ADX | RISEN N/A","","","","","","","","","","","","","","","","","","","","","","","","","","","","",""
"LCGP","2026-05-29","2026-05-29","561","FULL","114","0","HOLD","-","passive","FALSE","","-","","","-","","UPTREND","NEUTRAL","NEUTRAL","NEUTRAL","UPTREND PREMIUM","N/A","0","FALSE","FALSE","FALSE","LAGGING","LAGGARD (Passive)","0","0","NO VOLUME","50","50","100","0","0","0","114","114","114","0","0","0","Supertrend bullish | RSI 100.0 > 50 | Volume NaNx | Lolos anti-crash ADX | RISEN N/A","","","","","","","","","","","","","","","","","","","","","","","","","","","","",""
"LMAS","2026-05-29","2026-05-29","561","FULL","50","0","HOLD","-","passive","FALSE","","-","","","-","","UPTREND","NEUTRAL","NEUTRAL","NEUTRAL","UPTREND PREMIUM","N/A","0","FALSE","FALSE","FALSE","LAGGING","LAGGARD (Passive)","0","0","NO VOLUME","50","50","100","0","0","0","50","50","50","0","0","0","Supertrend bullish | RSI 100.0 > 50 | Volume NaNx | Lolos anti-crash ADX | RISEN N/A","","","","","","","","","","","","","","","","","","","","","","","","","","","","",""
"MABA","2026-05-29","2026-05-29","561","FULL","50","0","HOLD","-","passive","FALSE","","-","","","-","","UPTREND","NEUTRAL","NEUTRAL","NEUTRAL","UPTREND PREMIUM","N/A","0","FALSE","FALSE","FALSE","LAGGING","LAGGARD (Passive)","0","0","NO VOLUME","50","50","100","0","0","0","50","50","50","0","0","0","Supertrend bullish | RSI 100.0 > 50 | Volume NaNx | Lolos anti-crash ADX | RISEN N/A","","","","","","","","","","","","","","","","","","","","","","","","","","","","",""
"MAGP","2026-05-29","2026-05-29","561","FULL","50","0","HOLD","-","passive","FALSE","","-","","","-","","UPTREND","NEUTRAL","NEUTRAL","NEUTRAL","UPTREND PREMIUM","N/A","0","FALSE","FALSE","FALSE","LAGGING","LAGGARD (Passive)","0","0","NO VOLUME","50","50","100","0","0","0","50","50","50","0","0","0","Supertrend bullish | RSI 100.0 > 50 | Volume NaNx | Lolos anti-crash ADX | RISEN N/A","","","","","","","","","","","","","","","","","","","","","","","","","","","","",""
"META","2026-05-29","2026-05-29","561","FULL","238","0","HOLD","-","passive","FALSE","","-","","","-","","UPTREND","NEUTRAL","NEUTRAL","NEUTRAL","UPTREND PREMIUM","N/A","0","FALSE","FALSE","FALSE","LAGGING","LAGGARD (Passive)","0","0","NO VOLUME","50","50","100","0","0","0","238","238","238","0","0","0","Supertrend bullish | RSI 100.0 > 50 | Volume NaNx | Lolos anti-crash ADX | RISEN N/A","","","","","","","","","","","","","","","","","","","","","","","","","","","","",""
"MKNT","2026-05-29","2026-05-29","561","FULL","1","0","AVOID","-","passive","FALSE","","-","","","-","","DOWNTREND","NEUTRAL","NEUTRAL","BEARISH","DOWNTREND PREMIUM","SIDEWAYS","0","FALSE","FALSE","FALSE","LAGGING","LAGGARD (Passive)","0","0","NO VOLUME","50","50","44.11","54.76","3.84","13.13","1","1","1.01","0","0","0","Supertrend bearish | RSI 44.1 lemah | Volume NaNx | Crash filter aktif | RISEN SIDEWAYS","","","","","","","","","","","","","","","","","","","","","","","","","","","","",""
"MTRA","2026-05-29","2026-05-29","561","FULL","244","0","HOLD","-","passive","FALSE","","-","","","-","","UPTREND","NEUTRAL","NEUTRAL","NEUTRAL","UPTREND PREMIUM","N/A","0","FALSE","FALSE","FALSE","LAGGING","LAGGARD (Passive)","0","0","NO VOLUME","50","50","100","0","0","0","244","244","244","0","0","0","Supertrend bullish | RSI 100.0 > 50 | Volume NaNx | Lolos anti-crash ADX | RISEN N/A","","","","","","","","","","","","","","","","","","","","","","","","","","","","",""
"NUSA","2026-05-29","2026-05-29","561","FULL","50","0","HOLD","-","passive","FALSE","","-","","","-","","UPTREND","NEUTRAL","NEUTRAL","NEUTRAL","UPTREND PREMIUM","N/A","0","FALSE","FALSE","FALSE","LAGGING","LAGGARD (Passive)","0","0","NO VOLUME","50","50","100","0","0","0","50","50","50","0","0","0","Supertrend bullish | RSI 100.0 > 50 | Volume NaNx | Lolos anti-crash ADX | RISEN N/A","","","","","","","","","","","","","","","","","","","","","","","","","","","","",""
"OCAP","2026-05-29","2026-05-29","561","FULL","159","0","HOLD","-","passive","FALSE","","-","","","-","","UPTREND","NEUTRAL","NEUTRAL","NEUTRAL","UPTREND PREMIUM","N/A","0","FALSE","FALSE","FALSE","LAGGING","LAGGARD (Passive)","0","0","NO VOLUME","50","50","100","0","0","0","159","159","159","0","0","0","Supertrend bullish | RSI 100.0 > 50 | Volume NaNx | Lolos anti-crash ADX | RISEN N/A","","","","","","","","","","","","","","","","","","","","","","","","","","","","",""
"PJHB","2026-05-29","2026-05-29","129","IPO / SHORT","191","-1.5463917525773196","AVOID","-","passive","FALSE","","-","","","-","","DOWNTREND","BEARISH","BEARISH","BEARISH","STRUCTURE + DISCOUNT","NORMAL DOWNTREND","45.44","TRUE","FALSE","FALSE","LAGGING","LAGGARD (Passive)","0.72","0.72","DRY / QUIET","64.29","35.71","36.58","14.42","19.69","28.75","210.6","230.23","328.28","2411600","3329555","0","Supertrend bearish | RSI 36.6 lemah | Volume 0.72x | Lolos anti-crash ADX | RISEN NORMAL DOWNTREND","","","","","","","","","","","","","","","","","","","","","","","","","","","","",""
"PLAS","2026-05-29","2026-05-29","561","FULL","50","0","HOLD","-","passive","FALSE","","-","","","-","","UPTREND","NEUTRAL","NEUTRAL","NEUTRAL","UPTREND PREMIUM","N/A","0","FALSE","FALSE","FALSE","LAGGING","LAGGARD (Passive)","0","0","NO VOLUME","50","50","100","0","0","0","50","50","50","0","0","0","Supertrend bullish | RSI 100.0 > 50 | Volume NaNx | Lolos anti-crash ADX | RISEN N/A","","","","","","","","","","","","","","","","","","","","","","","","","","","","",""
"POOL","2026-05-29","2026-05-29","561","FULL","50","0","HOLD","-","passive","FALSE","","-","","","-","","UPTREND","NEUTRAL","NEUTRAL","NEUTRAL","UPTREND PREMIUM","N/A","0","FALSE","FALSE","FALSE","LAGGING","LAGGARD (Passive)","0","0","NO VOLUME","50","50","100","0","0","0","50","50","50","0","0","0","Supertrend bullish | RSI 100.0 > 50 | Volume NaNx | Lolos anti-crash ADX | RISEN N/A","","","","","","","","","","","","","","","","","","","","","","","","","","","","",""
"POSA","2026-05-29","2026-05-29","561","FULL","50","0","HOLD","-","passive","FALSE","","-","","","-","","UPTREND","NEUTRAL","NEUTRAL","NEUTRAL","UPTREND PREMIUM","N/A","0","FALSE","FALSE","FALSE","LAGGING","LAGGARD (Passive)","0","0","NO VOLUME","50","50","100","0","0","0","50","50","50","0","0","0","Supertrend bullish | RSI 100.0 > 50 | Volume NaNx | Lolos anti-crash ADX | RISEN N/A","","","","","","","","","","","","","","","","","","","","","","","","","","","","",""
"PURE","2026-05-29","2026-05-29","561","FULL","51","0","HOLD","-","passive","FALSE","","-","","","-","","UPTREND","NEUTRAL","NEUTRAL","NEUTRAL","UPTREND PREMIUM","N/A","0","FALSE","FALSE","FALSE","LAGGING","LAGGARD (Passive)","0","0","NO VOLUME","50","50","100","0","0","0","51","51","51","0","0","0","Supertrend bullish | RSI 100.0 > 50 | Volume NaNx | Lolos anti-crash ADX | RISEN N/A","","","","","","","","","","","","","","","","","","","","","","","","","","","","",""
"RIMO","2026-05-29","2026-05-29","561","FULL","50","0","HOLD","-","passive","FALSE","","-","","","-","","UPTREND","NEUTRAL","NEUTRAL","NEUTRAL","UPTREND PREMIUM","N/A","0","FALSE","FALSE","FALSE","LAGGING","LAGGARD (Passive)","0","0","NO VOLUME","50","50","100","0","0","0","50","50","50","0","0","0","Supertrend bullish | RSI 100.0 > 50 | Volume NaNx | Lolos anti-crash ADX | RISEN N/A","","","","","","","","","","","","","","","","","","","","","","","","","","","","",""
"RLCO","2026-05-29","2026-05-29","107","IPO / SHORT","2820","4.059040590405904","AVOID","-","passive","FALSE","","-","","","-","","DOWNTREND","BEARISH","BEARISH","BEARISH","STRUCTURE + DISCOUNT","SIDEWAYS","63.65","TRUE","FALSE","FALSE","LAGGING","LAGGARD (Passive)","0.42","0.42","DRY / QUIET","55","45","27.73","40.82","9.25","41.21","4038.19","4786.94","3465.16","576300","1373715","0","Supertrend bearish | RSI 27.7 lemah | Volume 0.42x | Crash filter aktif | RISEN SIDEWAYS","","","","","","","","","","","","","","","","","","","","","","","","","","","","",""
"SBAT","2026-05-29","2026-05-29","561","FULL","1","0","AVOID","-","passive","FALSE","","-","","","-","","DOWNTREND","NEUTRAL","NEUTRAL","BEARISH","DOWNTREND PREMIUM","SIDEWAYS","0","FALSE","FALSE","FALSE","LAGGING","LAGGARD (Passive)","0","0","NO VOLUME","50","50","45.46","99.66","0.03","20.53","1","1","1.03","0","0","0","Supertrend bearish | RSI 45.5 lemah | Volume NaNx | Crash filter aktif | RISEN SIDEWAYS","","","","","","","","","","","","","","","","","","","","","","","","","","","","",""
"SCPI","2026-05-29","2026-05-29","561","FULL","29000","0","HOLD","-","passive","FALSE","","-","","","-","","UPTREND","NEUTRAL","NEUTRAL","NEUTRAL","UPTREND PREMIUM","N/A","0","FALSE","FALSE","FALSE","LAGGING","LAGGARD (Passive)","0","0","NO VOLUME","50","50","100","0","0","0","29000","29000","29000","0","0","0","Supertrend bullish | RSI 100.0 > 50 | Volume NaNx | Lolos anti-crash ADX | RISEN N/A","","","","","","","","","","","","","","","","","","","","","","","","","","","","",""
"SIMA","2026-05-29","2026-05-29","561","FULL","50","0","HOLD","-","passive","FALSE","","-","","","-","","UPTREND","NEUTRAL","NEUTRAL","NEUTRAL","UPTREND PREMIUM","N/A","0","FALSE","FALSE","FALSE","LAGGING","LAGGARD (Passive)","0","0","NO VOLUME","50","50","100","0","0","0","50","50","50","0","0","0","Supertrend bullish | RSI 100.0 > 50 | Volume NaNx | Lolos anti-crash ADX | RISEN N/A","","","","","","","","","","","","","","","","","","","","","","","","","","","","",""
"SKYB","2026-05-29","2026-05-29","561","FULL","51","0","HOLD","-","passive","FALSE","","-","","","-","","UPTREND","NEUTRAL","NEUTRAL","NEUTRAL","UPTREND PREMIUM","N/A","0","FALSE","FALSE","FALSE","LAGGING","LAGGARD (Passive)","0","0","NO VOLUME","50","50","100","0","0","0","51","51","51","0","0","0","Supertrend bullish | RSI 100.0 > 50 | Volume NaNx | Lolos anti-crash ADX | RISEN N/A","","","","","","","","","","","","","","","","","","","","","","","","","","","","",""
"SMRU","2026-05-29","2026-05-29","561","FULL","50","0","HOLD","-","passive","FALSE","","-","","","-","","UPTREND","NEUTRAL","NEUTRAL","NEUTRAL","UPTREND PREMIUM","N/A","0","FALSE","FALSE","FALSE","LAGGING","LAGGARD (Passive)","0","0","NO VOLUME","50","50","100","0","0","0","50","50","50","0","0","0","Supertrend bullish | RSI 100.0 > 50 | Volume NaNx | Lolos anti-crash ADX | RISEN N/A","","","","","","","","","","","","","","","","","","","","","","","","","","","","",""
"SRIL","2026-05-29","2026-05-29","561","FULL","146","0","HOLD","-","passive","FALSE","","-","","","-","","UPTREND","NEUTRAL","NEUTRAL","NEUTRAL","UPTREND PREMIUM","N/A","0","FALSE","FALSE","FALSE","LAGGING","LAGGARD (Passive)","0","0","NO VOLUME","50","50","100","0","0","0","146","146","146","0","0","0","Supertrend bullish | RSI 100.0 > 50 | Volume NaNx | Lolos anti-crash ADX | RISEN N/A","","","","","","","","","","","","","","","","","","","","","","","","","","","","",""
"SUGI","2026-05-29","2026-05-29","561","FULL","50","0","HOLD","-","passive","FALSE","","-","","","-","","UPTREND","NEUTRAL","NEUTRAL","NEUTRAL","UPTREND PREMIUM","N/A","0","FALSE","FALSE","FALSE","LAGGING","LAGGARD (Passive)","0","0","NO VOLUME","50","50","100","0","0","0","50","50","50","0","0","0","Supertrend bullish | RSI 100.0 > 50 | Volume NaNx | Lolos anti-crash ADX | RISEN N/A","","","","","","","","","","","","","","","","","","","","","","","","","","","","",""
"SUPA","2026-05-29","2026-05-29","100","IPO / SHORT","840","0","AVOID","-","passive","FALSE","","-","","","-","","DOWNTREND","BEARISH","BEARISH","BEARISH","STRUCTURE + DISCOUNT","SIDEWAYS","98.27","TRUE","FALSE","FALSE","LAGGING","LAGGARD (Passive)","0.51","0.51","DRY / QUIET","50","50","44.62","8.82","18.76","16.78","853.93","874.48","869.73","18375600","36047595","0","Supertrend bearish | RSI 44.6 lemah | Volume 0.51x | Lolos anti-crash ADX | RISEN SIDEWAYS","","","","","","","","","","","","","","","","","","","","","","","","","","","","",""
"SUPR","2026-05-29","2026-05-29","561","FULL","43850","0","AVOID","-","passive","FALSE","","-","","","-","","DOWNTREND","NEUTRAL","NEUTRAL","NEUTRAL","DOWNTREND PREMIUM","NORMAL UPTREND","0","FALSE","TRUE","FALSE","LAGGING","LAGGARD (Passive)","0","0","NO VOLUME","50","50","0.19","99.61","0.19","99.8","43850","43850","43794.5","0","0","0","Supertrend bearish | RSI 0.2 lemah | Volume NaNx | Crash filter aktif | RISEN NORMAL UPTREND","","","","","","","","","","","","","","","","","","","","","","","","","","","","",""
"TDPM","2026-05-29","2026-05-29","561","FULL","119","0","HOLD","-","passive","FALSE","","-","","","-","","UPTREND","NEUTRAL","NEUTRAL","NEUTRAL","UPTREND PREMIUM","N/A","0","FALSE","FALSE","FALSE","LAGGING","LAGGARD (Passive)","0","0","NO VOLUME","50","50","100","0","0","0","119","119","119","0","0","0","Supertrend bullish | RSI 100.0 > 50 | Volume NaNx | Lolos anti-crash ADX | RISEN N/A","","","","","","","","","","","","","","","","","","","","","","","","","","","","",""
"TECH","2026-05-29","2026-05-29","561","FULL","50","0","HOLD","-","passive","FALSE","","-","","","-","","UPTREND","NEUTRAL","NEUTRAL","NEUTRAL","UPTREND PREMIUM","N/A","0","FALSE","FALSE","FALSE","LAGGING","LAGGARD (Passive)","0","0","NO VOLUME","50","50","100","0","0","0","50","50","50","0","0","0","Supertrend bullish | RSI 100.0 > 50 | Volume NaNx | Lolos anti-crash ADX | RISEN N/A","","","","","","","","","","","","","","","","","","","","","","","","","","","","",""
"TELE","2026-05-29","2026-05-29","561","FULL","9","0","HOLD","-","passive","FALSE","","-","","","-","","UPTREND","NEUTRAL","NEUTRAL","BEARISH","UPTREND PREMIUM","SIDEWAYS","0","FALSE","FALSE","FALSE","LAGGING","LAGGARD (Passive)","0","0","NO VOLUME","50","50","39.56","3.05","30.29","32.2","9","9","9.27","0","0","0","Supertrend bullish | RSI 39.6 lemah | Volume NaNx | Lolos anti-crash ADX | RISEN SIDEWAYS","","","","","","","","","","","","","","","","","","","","","","","","","","","","",""
"TOPS","2026-05-29","2026-05-29","561","FULL","1","0","AVOID","-","passive","FALSE","","-","","","-","","DOWNTREND","NEUTRAL","NEUTRAL","BEARISH","DOWNTREND PREMIUM","SIDEWAYS","0","FALSE","FALSE","FALSE","LAGGING","LAGGARD (Passive)","0","0","NO VOLUME","50","50","42.95","21.92","11.24","7.2","1","1","1.04","0","0","0","Supertrend bearish | RSI 43.0 lemah | Volume NaNx | Lolos anti-crash ADX | RISEN SIDEWAYS","","","","","","","","","","","","","","","","","","","","","","","","","","","","",""
"TOYS","2026-05-29","2026-05-29","561","FULL","8","0","HOLD","-","passive","FALSE","","-","","","-","","UPTREND","NEUTRAL","NEUTRAL","BEARISH","UPTREND PREMIUM","SIDEWAYS","0","FALSE","FALSE","FALSE","LAGGING","LAGGARD (Passive)","0","0","NO VOLUME","50","50","27.99","55.8","20.78","73.25","8","8","8.34","0","0","0","Supertrend bullish | RSI 28.0 lemah | Volume NaNx | Crash filter aktif | RISEN SIDEWAYS","","","","","","","","","","","","","","","","","","","","","","","","","","","","",""
"TRAM","2026-05-29","2026-05-29","561","FULL","50","0","HOLD","-","passive","FALSE","","-","","","-","","UPTREND","NEUTRAL","NEUTRAL","NEUTRAL","UPTREND PREMIUM","N/A","0","FALSE","FALSE","FALSE","LAGGING","LAGGARD (Passive)","0","0","NO VOLUME","50","50","100","0","0","0","50","50","50","0","0","0","Supertrend bullish | RSI 100.0 > 50 | Volume NaNx | Lolos anti-crash ADX | RISEN N/A","","","","","","","","","","","","","","","","","","","","","","","","","","","","",""
"TRIL","2026-05-29","2026-05-29","561","FULL","50","0","HOLD","-","passive","FALSE","","-","","","-","","UPTREND","NEUTRAL","NEUTRAL","NEUTRAL","UPTREND PREMIUM","N/A","0","FALSE","FALSE","FALSE","LAGGING","LAGGARD (Passive)","0","0","NO VOLUME","50","50","100","0","0","0","50","50","50","0","0","0","Supertrend bullish | RSI 100.0 > 50 | Volume NaNx | Lolos anti-crash ADX | RISEN N/A","","","","","","","","","","","","","","","","","","","","","","","","","","","","",""
"TRIO","2026-05-29","2026-05-29","561","FULL","426","0","HOLD","-","passive","FALSE","","-","","","-","","UPTREND","NEUTRAL","NEUTRAL","NEUTRAL","UPTREND PREMIUM","N/A","0","FALSE","FALSE","FALSE","LAGGING","LAGGARD (Passive)","0","0","NO VOLUME","50","50","100","0","0","0","426","426","426","0","0","0","Supertrend bullish | RSI 100.0 > 50 | Volume NaNx | Lolos anti-crash ADX | RISEN N/A","","","","","","","","","","","","","","","","","","","","","","","","","","","","",""
"UNIT","2026-05-29","2026-05-29","561","FULL","316","0","HOLD","-","passive","FALSE","","-","","","-","","UPTREND","NEUTRAL","NEUTRAL","NEUTRAL","UPTREND PREMIUM","N/A","0","FALSE","FALSE","FALSE","LAGGING","LAGGARD (Passive)","0","0","NO VOLUME","50","50","100","0","0","0","316","316","316","0","0","0","Supertrend bullish | RSI 100.0 > 50 | Volume NaNx | Lolos anti-crash ADX | RISEN N/A","","","","","","","","","","","","","","","","","","","","","","","","","","","","",""
"WICO","2026-05-29","2026-05-29","561","FULL","123","0","AVOID","-","passive","FALSE","","-","","","-","","DOWNTREND","NEUTRAL","NEUTRAL","NEUTRAL","DOWNTREND PREMIUM","NORMAL UPTREND","0","FALSE","TRUE","FALSE","LAGGING","LAGGARD (Passive)","0","0","NO VOLUME","50","50","31.93","36.15","31.93","68.07","123","123","122.99","0","0","0","Supertrend bearish | RSI 31.9 lemah | Volume NaNx | Crash filter aktif | RISEN NORMAL UPTREND","","","","","","","","","","","","","","","","","","","","","","","","","","","","",""
"WSKT","2026-05-29","2026-05-29","561","FULL","202","0","HOLD","-","passive","FALSE","","-","","","-","","UPTREND","NEUTRAL","NEUTRAL","NEUTRAL","UPTREND PREMIUM","N/A","0","FALSE","FALSE","FALSE","LAGGING","LAGGARD (Passive)","0","0","NO VOLUME","50","50","100","0","0","0","202","202","202","0","0","0","Supertrend bullish | RSI 100.0 > 50 | Volume NaNx | Lolos anti-crash ADX | RISEN N/A","","","","","","","","","","","","","","","","","","","","","","","","","","","","",""
"PLIN","2026-05-29","2026-05-29","561","FULL","2510","0","AVOID","-","passive","FALSE","","EARLY SWEEP","2025-01-10","","504d","504","DOWNTREND","NEUTRAL","NEUTRAL","NEUTRAL","DEMAND STRUCTURE","SIDEWAYS","0","FALSE","FALSE","FALSE","LAGGING","LAGGARD (Passive)","0","0","NO VOLUME","50","50","47.41","3.51","47.01","50.43","2510","2510","2513.11","0","0","-8","Supertrend bearish | RSI 47.4 lemah | Volume NaNx | Lolos anti-crash ADX | RISEN SIDEWAYS","Full Grid (1-2-3-4)","100000000","2850","2680","2630","2570","0.1","0.2","0.3","0.4","35","74","114","155","378","99624000","376000","2635.56","2635.57","2490","3390","3930","3930","12.63","5.52","37.89","49.11","3","8.89"
"BEBS","2026-05-29","2026-05-29","561","FULL","5","0","AVOID","-","passive","FALSE","","SMART SNIPER","2025-01-09","Structure + Discount","505d","505","DOWNTREND","NEUTRAL","NEUTRAL","BEARISH","DEMAND STRUCTURE","SIDEWAYS","0","FALSE","FALSE","FALSE","LAGGING","LAGGARD (Passive)","0","0","NO VOLUME","50","50","44.12","25.79","12.05","20.43","5","5","5.46","0","0","-10","Supertrend bearish | RSI 44.1 lemah | Volume NaNx | Lolos anti-crash ADX | RISEN SIDEWAYS","Full Grid (1-2-3-4)","100000000","6","5","5","4","0.1","0.2","0.3","0.4","16666","40000","60000","100000","216666","99999600","400","4.62","4.62","4","9","10","10","33.33","13.33","66.67","116.67","2","8.75"
"MYTX","2026-05-29","2026-05-29","561","FULL","48","4.3478260869565215","AVOID","-","passive","FALSE","","BETA BREAKOUT","2025-01-07","","507d","507","DOWNTREND","BEARISH","BEARISH","BULLISH","DOWNTREND DISCOUNT","NORMAL UPTREND","35.43","TRUE","TRUE","FALSE","LAGGING","LAGGARD (Passive)","0.31","0.31","DRY / QUIET","100","0","45.7","17.88","36.32","32.89","51.56","51.99","45.44","60800","196280","-14","Supertrend bearish | RSI 45.7 lemah | Volume 0.31x | Lolos anti-crash ADX | RISEN NORMAL UPTREND","Full Grid (1-2-3-4)","100000000","37","29","26","24","0.1","0.2","0.3","0.4","2702","6896","11538","16666","37802","99993000","7000","26.45","26.45","20","63","88","88","45.95","24.39","137.84","232.68","3","9.54"
"FIMP","2026-05-29","2026-05-29","561","FULL","69","0","AVOID","-","passive","FALSE","","SMART SNIPER","2024-12-27","Demand Structure","518d","518","DOWNTREND","NEUTRAL","NEUTRAL","BEARISH","DEMAND STRUCTURE","NORMAL DOWNTREND","0","FALSE","FALSE","FALSE","LAGGING","LAGGARD (Passive)","0","0","NO VOLUME","50","50","37.98","31.81","32.39","62.62","69","69.01","71.31","0","0","-36","Supertrend bearish | RSI 38.0 lemah | Volume NaNx | Crash filter aktif | RISEN NORMAL DOWNTREND","Full Grid (1-2-3-4)","100000000","45","43","43","42","0.1","0.2","0.3","0.4","2222","4651","6976","9523","23372","99991700","8300","42.78","42.78","41","51","55","55","8.89","4.17","22.22","28.56","2.5","6.85"
"LMSH","2026-05-29","2026-05-29","561","FULL","256","0","AVOID","-","passive","FALSE","","EARLY SWEEP","2024-12-11","","534d","534","DOWNTREND","NEUTRAL","NEUTRAL","BEARISH","DOWNTREND PREMIUM","SIDEWAYS","0","FALSE","FALSE","FALSE","LAGGING","LAGGARD (Passive)","0","0","NO VOLUME","50","50","16.1","77.46","7.69","60.56","256","256","262.01","0","0","-68","Supertrend bearish | RSI 16.1 lemah | Volume NaNx | Crash filter aktif | RISEN SIDEWAYS","Full Grid (1-2-3-4)","100000000","400","380","374","366","0.1","0.2","0.3","0.4","250","526","802","1092","2670","99950000","50000","374.34","374.34","358","464","525","525","10.5","4.37","31.25","40.25","2.98","9.22"
"MTSM","2026-05-29","2026-05-29","561","FULL","500","0","HOLD","-","passive","FALSE","","BETA BREAKOUT","2024-12-11","","534d","534","UPTREND","NEUTRAL","NEUTRAL","BULLISH","UPTREND PREMIUM","SIDEWAYS","0","FALSE","FALSE","FALSE","LAGGING","LAGGARD (Passive)","0","0","NO VOLUME","50","50","49.97","22.32","29.77","46.88","500","500","490.86","0","0","-68","Supertrend bullish | RSI 50.0 lemah | Volume NaNx | Lolos anti-crash ADX | RISEN SIDEWAYS","Full Grid (1-2-3-4)","100000000","715","398","324","218","0.1","0.2","0.3","0.4","139","502","925","1834","3400","99869300","130700","293.73","293.84","71","1680","2650","2650","90.07","75.83","270.63","802.18","3","10.58"
"MFMI","2026-05-29","2026-05-29","561","FULL","1300","0","HOLD","-","passive","FALSE","","BETA BREAKOUT","2024-10-25","","581d","581","UPTREND","NEUTRAL","NEUTRAL","BULLISH","UPTREND PREMIUM","SIDEWAYS","0","FALSE","FALSE","FALSE","LAGGING","LAGGARD (Passive)","0","0","NO VOLUME","50","50","85.45","70.31","75.58","13.18","1300","1300","1284.22","0","0","-162","Supertrend bullish | RSI 85.5 > 50 | Volume NaNx | Lolos anti-crash ADX | RISEN SIDEWAYS","Full Grid (1-2-3-4)","100000000","1100","990","965","925","0.1","0.2","0.3","0.4","90","202","310","432","1034","99773000","227000","964.92","965.03","870","1445","1790","1790","20.91","9.84","62.73","85.51","3","8.69"
"ALMI","2026-05-29","2026-05-29","561","FULL","74","0","AVOID","-","passive","FALSE","","SMART SNIPER","2024-10-18","Discount Only","588d","588","DOWNTREND","NEUTRAL","NEUTRAL","BEARISH","DOWNTREND PREMIUM","SIDEWAYS","0","FALSE","FALSE","FALSE","LAGGING","LAGGARD (Passive)","0","0","NO VOLUME","50","50","52.05","13.85","47.25","35.75","74","74","74.54","0","0","-176","Supertrend bearish | RSI 52.0 > 50 | Volume NaNx | Lolos anti-crash ADX | RISEN SIDEWAYS","Full Grid (1-2-3-4)","100000000","75","69","68","66","0.1","0.2","0.3","0.4","1333","2898","4411","6060","14702","99984500","15500","68.01","68.01","62","100","194","194","17.33","8.83","158.67","185.26","9.15","20.97"
"PTDU","2026-05-29","2026-05-29","561","FULL","70","0","AVOID","-","passive","FALSE","","SMART SNIPER","2024-10-18","Discount Only","588d","588","DOWNTREND","NEUTRAL","BEARISH","BULLISH","DOWNTREND DISCOUNT","SIDEWAYS","0","FALSE","FALSE","FALSE","LAGGING","LAGGARD (Passive)","0","0","NO VOLUME","50","50","38.23","26.96","28.49","49.29","70.04","71.36","59.95","0","0","-176","Supertrend bearish | RSI 38.2 lemah | Volume NaNx | Lolos anti-crash ADX | RISEN SIDEWAYS","Full Grid (1-2-3-4)","100000000","22","16","15","13","0.1","0.2","0.3","0.4","4545","12500","20000","30769","67814","99998700","1300","14.75","14.75","10","40","58","58","54.55","32.19","163.64","293.33","3","9.11"
"SMCB","2026-05-29","2026-05-29","561","FULL","775","0","HOLD","-","passive","FALSE","","EARLY SWEEP","2024-10-10","","596d","596","UPTREND","NEUTRAL","NEUTRAL","BEARISH","UPTREND PREMIUM","SIDEWAYS","0","FALSE","FALSE","FALSE","LAGGING","LAGGARD (Passive)","0","0","NO VOLUME","50","50","64.76","30.17","51.18","27.45","775","775","779.62","0","0","-192","Supertrend bullish | RSI 64.8 > 50 | Volume NaNx | Lolos anti-crash ADX | RISEN SIDEWAYS","Full Grid (1-2-3-4)","100000000","1400","1345","1330","1310","0.1","0.2","0.3","0.4","71","148","225","305","749","99726000","274000","1331.46","1331.5","1280","1580","1760","1760","8.57","3.86","25.71","32.19","3","8.33"
"PPRO","2026-05-29","2026-05-29","561","FULL","15","0","AVOID","-","passive","FALSE","","EARLY SWEEP","2024-10-09","","597d","597","DOWNTREND","BEARISH","BEARISH","BEARISH","DOWNTREND DISCOUNT","NORMAL UPTREND","65","TRUE","TRUE","FALSE","LAGGING","LAGGARD (Passive)","0.52","0.52","DRY / QUIET","50","50","21.59","52.66","7.45","44.75","18.77","22.03","22.86","22757400","43647680","-194","Supertrend bearish | RSI 21.6 lemah | Volume 0.52x | Crash filter aktif | RISEN NORMAL UPTREND","Full Grid (1-2-3-4)","100000000","12","10","9","8","0.1","0.2","0.3","0.4","8333","20000","33333","50000","111666","99999300","700","8.96","8.96","7","20","27","27","41.67","21.83","125","201.5","3","9.23"
"SFAN","2026-05-29","2026-05-29","561","FULL","1960","0.5128205128205128","AVOID","-","passive","FALSE","","V-SHAPE","2024-09-04","","632d","632","DOWNTREND","BULLISH","BULLISH","BULLISH","DEMAND STRUCTURE","NORMAL UPTREND","41.98","TRUE","TRUE","FALSE","LAGGING","LAGGARD (Passive)","0.82","0.82","NORMAL","100","0","58.4","25.27","21.53","24.98","1952.12","1942.93","1926.8","42600","51725","-264","Supertrend bearish | RSI 58.4 > 50 | Volume 0.82x | Lolos anti-crash ADX | RISEN NORMAL UPTREND","Full Grid (1-2-3-4)","100000000","1820","1810","1805","1800","0.1","0.2","0.3","0.4","54","110","166","222","552","99661000","339000","1805.45","1805.48","1795","1860","2050","2050","1.37","0.58","12.64","13.54","9.2","23.4"
"IPPE","2026-05-29","2026-05-29","561","FULL","14","0","HOLD","-","passive","FALSE","","SMART SNIPER","2024-08-09","Discount Only","658d","658","UPTREND","NEUTRAL","NEUTRAL","BEARISH","UPTREND PREMIUM","SIDEWAYS","0","FALSE","FALSE","FALSE","LAGGING","LAGGARD (Passive)","0","0","NO VOLUME","50","50","59.01","24.17","28.35","17.31","14","14","14.21","0","0","-316","Supertrend bullish | RSI 59.0 > 50 | Volume NaNx | Lolos anti-crash ADX | RISEN SIDEWAYS","Full Grid (1-2-3-4)","100000000","12","11","11","10","0.1","0.2","0.3","0.4","8333","18181","27272","40000","93786","99997900","2100","10.66","10.66","10","15","18","18","16.67","6.21","50","68.82","3","11.08"
"INAF","2026-05-29","2026-05-29","561","FULL","126","0","AVOID","-","passive","FALSE","","EARLY SWEEP","2024-05-22","","737d","737","DOWNTREND","NEUTRAL","NEUTRAL","BEARISH","DOWNTREND PREMIUM","SIDEWAYS","0","FALSE","FALSE","FALSE","LAGGING","LAGGARD (Passive)","0","0","NO VOLUME","50","50","25.91","42.37","27.88","68.88","126","126","128.54","0","0","-474","Supertrend bearish | RSI 25.9 lemah | Volume NaNx | Crash filter aktif | RISEN SIDEWAYS","Full Grid (1-2-3-4)","100000000","436","408","402","392","0.1","0.2","0.3","0.4","229","490","746","1020","2485","99949600","50400","402.21","402.22","376","525","615","615","13.76","6.52","41.06","52.9","2.98","8.12"
"POLL","2026-05-29","2026-05-29","561","FULL","112","0","AVOID","-","passive","FALSE","","EARLY SWEEP","2024-04-19","","770d","770","DOWNTREND","NEUTRAL","NEUTRAL","BEARISH","DEMAND STRUCTURE","SIDEWAYS","0","FALSE","FALSE","FALSE","LAGGING","LAGGARD (Passive)","0","0","NO VOLUME","50","50","41.32","10.98","15.43","19.24","112","112","112.29","0","0","-540","Supertrend bearish | RSI 41.3 lemah | Volume NaNx | Lolos anti-crash ADX | RISEN SIDEWAYS","Full Grid (1-2-3-4)","100000000","148","145","144","143","0.1","0.2","0.3","0.4","675","1379","2083","2797","6934","99977800","22200","144.18","144.19","140","162","178","178","5.41","2.9","20.27","23.45","3.75","8.08"
"ARTI","2026-05-29","2026-05-29","561","FULL","2","0","AVOID","-","passive","FALSE","","EARLY SWEEP","2024-03-13","","807d","807","DOWNTREND","NEUTRAL","NEUTRAL","BEARISH","DEMAND STRUCTURE","SIDEWAYS","0","FALSE","FALSE","FALSE","LAGGING","LAGGARD (Passive)","0","0","NO VOLUME","50","50","39.83","94.97","1.35","52.41","2","2","2.02","0","0","-614","Supertrend bearish | RSI 39.8 lemah | Volume NaNx | Crash filter aktif | RISEN SIDEWAYS","Full Grid (1-2-3-4)","100000000","5","5","4","4","0.1","0.2","0.3","0.4","20000","40000","75000","100000","235000","100000000","0","4.26","4.26","4","7","8","8","20","6","60","88","3","14.67"
