"Ticker","Date","LatestAvailableDate","HistoryBars","HistoryQuality","Price","ChangePct","Signal","ActiveSignals","SignalGroup","ActiveSignal","SniperLocation","LastActiveSignals","LastActiveDate","LastSniperLocation","SignalAgeLabel","AgeDays","Trend","TrendShort","TrendMedium","TrendLong","Structure","Regime","RisenScore","RisenInsideRolling","RisenRecentUpBreak","RisenVolSurge","Quadrant","AlphaStatus","RVol","VolPower","VolRegime","XRayBuyPowerPct","XRaySellPowerPct","RSI","ADX","PlusDI","MinusDI","EMA21","EMA50","EMA200","Volume","VolumeSMA20","Score","LogicNotes","Strategy","PortfolioCapital","Buy1","Buy2","Buy3","Buy4","Weight1","Weight2","Weight3","Weight4","Lot1","Lot2","Lot3","Lot4","TotalLots","TotalDeployed","CashLeft","AvgEntry","TheoreticalAvgEntry","StopLoss","TP1","TP2","TP2Fib","RiskBuy1Pct","RiskAvgPct","UpsideBuy1Pct","UpsideAvgPct","RewardRiskBuy1","RewardRiskAvg"
"DNET","2026-05-26","2026-05-26","560","FULL","9900","1.5384615384615385","SMART GAMMA","SMART GAMMA","momentum","TRUE","","SMART GAMMA","2026-05-26","","NEW","0","UPTREND","BULLISH","BULLISH","BULLISH","UPTREND PREMIUM","EXPLOSIVE BULL","0","FALSE","TRUE","TRUE","LEADING","LEADING (Gamma)","3.05","3.05","VOLUME SURGE","88","12","74.36","21.86","19.2","8.76","9472.75","9318.79","9109.68","27800","9110","5220","Supertrend bullish | RSI 74.4 > 50 | Volume valid 3.05x | Lolos anti-crash ADX | RISEN EXPLOSIVE BULL","Full Grid (1-2-3-4)","100000000","9900","9075","8875","8600","0.1","0.2","0.3","0.4","10","22","33","46","111","98712500","1287500","8893.02","8892.52","8200","12450","15000","15000","17.17","7.79","51.52","68.67","3","8.81"
"GULA","2026-05-26","2026-05-26","560","FULL","500","9.170305676855897","G ACC","G ACC","momentum","TRUE","","G ACC","2026-05-26","","NEW","0","UPTREND","BULLISH","BULLISH","BULLISH","UPTREND PREMIUM","EXPLOSIVE BULL","0","FALSE","TRUE","TRUE","LEADING","LEADING (Gamma)","2.76","2.76","VOLUME SURGE","89.8","10.2","80.17","28.17","42.58","11.76","407.68","376.49","352.91","109138500","39548720","5170","Supertrend bullish | RSI 80.2 > 50 | Volume valid 2.76x | Lolos anti-crash ADX | RISEN EXPLOSIVE BULL","Full Grid (1-2-3-4)","100000000","500","400","376","342","0.1","0.2","0.3","0.4","200","500","797","1169","2666","99947000","53000","374.89","374.89","292","810","1125","1125","41.6","22.11","125","200.08","3","9.05"
"MPMX","2026-05-26","2026-05-26","560","FULL","1090","5.314009661835748","G ACC","G ACC","momentum","TRUE","","G ACC","2026-05-26","","NEW","0","UPTREND","BULLISH","BULLISH","BULLISH","DEMAND STRUCTURE","EXPLOSIVE BULL","0","FALSE","TRUE","TRUE","LEADING","LEADING (Gamma)","6.48","6.48","VOLUME SURGE","88.24","11.76","77.21","21.75","40.03","11.63","1011.1","1003.45","988.91","36022300","5561670","5170","Supertrend bullish | RSI 77.2 > 50 | Volume valid 6.48x | Lolos anti-crash ADX | RISEN EXPLOSIVE BULL","Full Grid (1-2-3-4)","100000000","1090","1035","1020","1000","0.1","0.2","0.3","0.4","91","193","294","400","978","99882500","117500","1021.29","1021.35","970","1270","1450","1450","11.01","5.02","33.03","41.98","3","8.36"
"NZIA","2026-05-26","2026-05-26","560","FULL","137","18.103448275862068","V-SHAPE","V-SHAPE","reversal","TRUE","","V-SHAPE","2026-05-26","","NEW","0","DOWNTREND","BEARISH","BEARISH","BEARISH","STRUCTURE + DISCOUNT","EXPLOSIVE BULL","19.95","TRUE","TRUE","TRUE","IMPROVING","IMPROVING (V-Shape)","3.44","3.44","VOLUME SURGE","51.28","48.72","43.23","10.74","32.03","23.65","151.96","170.35","149.09","108048300","31388370","5020","Supertrend bearish | RSI 43.2 lemah | Volume valid 3.44x | Lolos anti-crash ADX | RISEN EXPLOSIVE BULL","Full Grid (1-2-3-4)","100000000","137","124","121","117","0.1","0.2","0.3","0.4","729","1612","2479","3418","8238","99962600","37400","121.34","121.34","107","182","228","228","21.9","11.82","66.42","87.9","3.03","7.44"
"BEER","2026-05-26","2026-05-26","560","FULL","87","6.097560975609756","V-SHAPE","V-SHAPE","reversal","TRUE","","V-SHAPE","2026-05-26","","NEW","0","DOWNTREND","BEARISH","BEARISH","BEARISH","DOWNTREND DISCOUNT","CRASH / SELL-OFF","21.39","TRUE","FALSE","TRUE","LAGGING","LAGGARD (V-Shape)","5.6","5.6","VOLUME SURGE","31.25","68.75","28.48","21.17","21.25","22.81","111.35","130.35","146.15","26521100","4732480","4870","Supertrend bearish | RSI 28.5 lemah | Volume valid 5.6x | Lolos anti-crash ADX | RISEN CRASH / SELL-OFF","Full Grid (1-2-3-4)","100000000","87","85","84","83","0.1","0.2","0.3","0.4","1149","2352","3571","4819","11891","99982400","17600","84.08","84.08","79","99","101","101","9.2","6.04","16.09","20.12","1.75","3.33"
"AWAN","2026-05-26","2026-05-26","560","FULL","160","12.676056338028168","SMART SNIPER","SMART SNIPER","reversal","TRUE","Structure + Discount","SMART SNIPER","2026-05-26","Structure + Discount","NEW","0","UPTREND","BULLISH","BULLISH","BEARISH","STRUCTURE + DISCOUNT","SIDEWAYS","10.16","TRUE","FALSE","TRUE","LEADING","LEADING (Sniper)","2.64","2.64","VOLUME SURGE","100","0","60.17","16.59","21.62","19.94","147.94","154.94","200.23","2685000","1017135","4770","Supertrend bullish | RSI 60.2 > 50 | Volume valid 2.64x | Lolos anti-crash ADX | RISEN SIDEWAYS","Full Grid (1-2-3-4)","100000000","160","140","135","128","0.1","0.2","0.3","0.4","625","1428","2222","3125","7400","99989000","11000","135.12","135.12","117","224","290","290","26.88","13.41","81.25","114.62","3.02","8.55"
"PTIS","2026-05-26","2026-05-26","560","FULL","314","12.142857142857142","SMART SNIPER","SMART SNIPER + V-SHAPE","reversal","TRUE","Structure + Discount","SMART SNIPER + V-SHAPE","2026-05-26","Structure + Discount","NEW","0","UPTREND","BULLISH","BULLISH","BEARISH","STRUCTURE + DISCOUNT","SIDEWAYS","78.92","TRUE","FALSE","TRUE","LEADING","LEADING (Sniper)","2.42","2.42","VOLUME SURGE","100","0","57.17","18.34","19.03","19.88","301.46","304.62","327.87","130400","53980","4770","Supertrend bullish | RSI 57.2 > 50 | Volume valid 2.42x | Lolos anti-crash ADX | RISEN SIDEWAYS","Full Grid (1-2-3-4)","100000000","314","294","288","280","0.1","0.2","0.3","0.4","318","680","1041","1428","3467","99942000","58000","288.27","288.27","268","384","452","452","14.65","7.03","43.95","56.8","3","8.08"
"INTA","2026-05-26","2026-05-26","560","FULL","75","5.633802816901409","V-SHAPE","V-SHAPE","reversal","TRUE","","V-SHAPE","2026-05-26","","NEW","0","DOWNTREND","BULLISH","BEARISH","BULLISH","STRUCTURE + DISCOUNT","SIDEWAYS","44.68","TRUE","FALSE","TRUE","LEADING","LEADING (V-Shape)","5.46","5.46","VOLUME SURGE","100","0","49.08","19.08","17.6","35.66","74.84","80.12","72.18","4868600","891980","4570","Supertrend bearish | RSI 49.1 lemah | Volume valid 5.46x | Lolos anti-crash ADX | RISEN SIDEWAYS","Full Grid (1-2-3-4)","100000000","75","67","65","62","0.1","0.2","0.3","0.4","1333","2985","4615","6451","15384","99990700","9300","65","65","58","101","126","126","22.67","10.76","68","93.86","3","8.72"
"RGAS","2026-05-26","2026-05-26","560","FULL","100","3.0927835051546393","V-SHAPE","V-SHAPE","reversal","TRUE","","V-SHAPE","2026-05-26","","NEW","0","UPTREND","BULLISH","BULLISH","BULLISH","UPTREND PREMIUM","SIDEWAYS","35","TRUE","FALSE","TRUE","LEADING","LEADING (V-Shape)","3.19","3.19","VOLUME SURGE","100","0","57.4","30.27","21.98","13.02","95.33","93.76","98.56","42483000","13310605","4570","Supertrend bullish | RSI 57.4 > 50 | Volume valid 3.19x | Lolos anti-crash ADX | RISEN SIDEWAYS","Full Grid (1-2-3-4)","100000000","100","93","91","89","0.1","0.2","0.3","0.4","1000","2150","3296","4494","10940","99985200","14800","91.39","91.39","85","123","145","145","15","7","45","58.65","3","8.38"
"BELI","2026-05-26","2026-05-26","560","FULL","340","2.4096385542168677","V-SHAPE","V-SHAPE","reversal","TRUE","","V-SHAPE","2026-05-26","","NEW","0","DOWNTREND","BEARISH","BEARISH","BEARISH","DOWNTREND DISCOUNT","NORMAL DOWNTREND","38.12","TRUE","FALSE","FALSE","LEADING","LEADING (V-Shape)","1.41","1.41","EXPANSION","87.5","12.5","29.73","16.35","17.59","21.55","358.25","384.73","413.62","1235600","875185","4550","Supertrend bearish | RSI 29.7 lemah | Volume valid 1.41x | Lolos anti-crash ADX | RISEN NORMAL DOWNTREND","Full Grid (1-2-3-4)","100000000","340","334","332","328","0.1","0.2","0.3","0.4","294","598","903","1219","3014","99932000","68000","331.56","331.56","324","376","378","378","4.71","2.28","11.18","14.01","2.38","6.14"
"INDR","2026-05-26","2026-05-26","560","FULL","2250","2.272727272727273","V-SHAPE","V-SHAPE","reversal","TRUE","","V-SHAPE","2026-05-26","","NEW","0","DOWNTREND","BEARISH","BEARISH","BEARISH","STRUCTURE + DISCOUNT","NORMAL DOWNTREND","20.84","TRUE","FALSE","FALSE","LEADING","LEADING (V-Shape)","1.66","1.66","EXPANSION","70","30","39.33","26.38","13.43","23.16","2415.45","2617.52","2781.5","153900","92960","4550","Supertrend bearish | RSI 39.3 lemah | Volume valid 1.66x | Lolos anti-crash ADX | RISEN NORMAL DOWNTREND","Full Grid (1-2-3-4)","100000000","2250","2130","2100","2060","0.1","0.2","0.3","0.4","44","93","142","194","473","99493000","507000","2103.45","2103.61","1975","2660","3080","3080","12.22","6.11","36.89","46.43","3.02","7.6"
"SDPC","2026-05-26","2026-05-26","560","FULL","190","5.555555555555555","V-SHAPE","V-SHAPE","reversal","TRUE","","V-SHAPE","2026-05-26","","NEW","0","DOWNTREND","BULLISH","BULLISH","BULLISH","DEMAND STRUCTURE","SIDEWAYS","54.1","TRUE","FALSE","FALSE","LEADING","LEADING (V-Shape)","1.34","1.34","EXPANSION","66.67","33.33","51.7","20.48","14.25","19.71","187.83","188.73","169.5","418400","311640","4550","Supertrend bearish | RSI 51.7 > 50 | Volume valid 1.34x | Lolos anti-crash ADX | RISEN SIDEWAYS","Full Grid (1-2-3-4)","100000000","190","180","178","174","0.1","0.2","0.3","0.4","526","1111","1685","2298","5620","99970200","29800","177.88","177.88","168","224","256","256","11.58","5.56","34.74","43.91","3","7.9"
"BLTZ","2026-05-26","2026-05-26","560","FULL","2910","9.811320754716983","BETA BREAKOUT","BETA BREAKOUT","breakout","TRUE","","BETA BREAKOUT","2026-05-26","","NEW","0","UPTREND","BULLISH","BULLISH","BULLISH","DEMAND STRUCTURE","NORMAL UPTREND","0","FALSE","TRUE","TRUE","LEADING","LEADING (Beta)","2.93","2.93","VOLUME SURGE","100","0","66.97","20.24","21.88","21.96","2671.64","2679.46","2564.08","600","205","4520","Supertrend bullish | RSI 67.0 > 50 | Volume valid 2.93x | Lolos anti-crash ADX | RISEN NORMAL UPTREND","Full Grid (1-2-3-4)","100000000","2910","2570","2480","2370","0.1","0.2","0.3","0.4","34","77","120","168","399","99259000","741000","2487.69","2488","2200","3980","5050","5050","24.4","11.56","73.54","103","3.01","8.91"
"SATU","2026-05-26","2026-05-26","560","FULL","264","3.125","BETA BREAKOUT","BETA BREAKOUT","breakout","TRUE","","BETA BREAKOUT","2026-05-26","","NEW","0","UPTREND","BULLISH","BULLISH","BULLISH","DEMAND STRUCTURE","SIDEWAYS","11.1","TRUE","FALSE","FALSE","LEADING","LEADING (Beta)","1.45","1.45","EXPANSION","100","0","55.76","23.27","19.55","24.98","260.32","260.88","250.86","1650700","1134755","4500","Supertrend bullish | RSI 55.8 > 50 | Volume valid 1.45x | Lolos anti-crash ADX | RISEN SIDEWAYS","Full Grid (1-2-3-4)","100000000","264","256","252","250","0.1","0.2","0.3","0.4","378","781","1190","1600","3949","99960800","39200","253.13","253.13","246","292","322","322","6.82","2.82","21.97","27.21","3.22","9.66"
"BRPT","2026-05-26","2026-05-26","560","FULL","1555","5.0675675675675675","V-SHAPE","V-SHAPE","reversal","TRUE","","V-SHAPE","2026-05-26","","NEW","0","DOWNTREND","BEARISH","BEARISH","BEARISH","STRUCTURE + DISCOUNT","SIDEWAYS","14.8","TRUE","FALSE","FALSE","LAGGING","LAGGARD (V-Shape)","1.84","1.84","EXPANSION","28.36","71.64","39.61","18.23","19.48","24.62","1863.09","1950.15","2238.32","722089900","393474720","4450","Supertrend bearish | RSI 39.6 lemah | Volume valid 1.84x | Lolos anti-crash ADX | RISEN SIDEWAYS","Full Grid (1-2-3-4)","100000000","1555","1510","1495","1480","0.1","0.2","0.3","0.4","64","132","200","270","666","99744000","256000","1497.66","1497.68","1415","1765","1975","1975","9","5.52","27.01","31.87","3","5.77"
"INAI","2026-05-26","2026-05-26","560","FULL","169","3.048780487804878","V-SHAPE","V-SHAPE","reversal","TRUE","","V-SHAPE","2026-05-26","","NEW","0","DOWNTREND","BEARISH","BEARISH","BEARISH","STRUCTURE + DISCOUNT","NORMAL DOWNTREND","48.5","TRUE","FALSE","FALSE","LAGGING","LAGGARD (V-Shape)","1.66","1.66","EXPANSION","28.57","71.43","36.03","21.09","19.05","23.84","178.38","184.95","176.93","1320900","794840","4450","Supertrend bearish | RSI 36.0 lemah | Volume valid 1.66x | Lolos anti-crash ADX | RISEN NORMAL DOWNTREND","Full Grid (1-2-3-4)","100000000","169","155","151","146","0.1","0.2","0.3","0.4","591","1290","1986","2739","6606","99960900","39100","151.32","151.32","137","218","266","266","18.93","9.46","57.4","75.79","3.03","8.01"
"MIRA","2026-05-26","2026-05-26","560","FULL","21","5","EARLY SWEEP","EARLY SWEEP","reversal","TRUE","","EARLY SWEEP","2026-05-26","","NEW","0","UPTREND","BEARISH","BEARISH","BEARISH","UPTREND DISCOUNT","SIDEWAYS","53.89","TRUE","FALSE","FALSE","LEADING","LEADING (Early)","0.26","0.26","DRY / QUIET","100","0","46.86","16.71","28.24","31.45","21.31","23.52","28.11","1188000","4599610","4100","Supertrend bullish | RSI 46.9 lemah | Volume 0.26x | Lolos anti-crash ADX | RISEN SIDEWAYS","Full Grid (1-2-3-4)","100000000","25","24","23","23","0.1","0.2","0.3","0.4","4000","8333","13043","17391","42767","99997400","2600","23.38","23.38","22","36","39","39","12","5.91","56","66.8","4.67","11.3"
"SIPD","2026-05-26","2026-05-26","560","FULL","860","7.5","EARLY SWEEP","EARLY SWEEP","reversal","TRUE","","EARLY SWEEP","2026-05-26","","NEW","0","DOWNTREND","BEARISH","BEARISH","BEARISH","STRUCTURE + DISCOUNT","NORMAL UPTREND","70.47","TRUE","TRUE","FALSE","LEADING","LEADING (Early)","1.23","1.23","EXPANSION","74.19","25.81","42.41","16.22","16.93","17.93","900.31","986.18","991.79","44400","36105","4100","Supertrend bearish | RSI 42.4 lemah | Volume valid 1.23x | Lolos anti-crash ADX | RISEN NORMAL UPTREND","Full Grid (1-2-3-4)","100000000","980","955","945","935","0.1","0.2","0.3","0.4","102","209","317","427","1055","99836500","163500","946.32","946.31","905","1095","1205","1205","7.65","4.37","22.96","27.34","3","6.26"
"CSAP","2026-05-26","2026-05-26","560","FULL","266","0","EARLY SWEEP","EARLY SWEEP","reversal","TRUE","","EARLY SWEEP","2026-05-26","","NEW","0","DOWNTREND","BEARISH","BEARISH","BEARISH","DOWNTREND DISCOUNT","NORMAL DOWNTREND","82.13","TRUE","FALSE","FALSE","WEAKENING","WEAKENING (Early)","0.01","0.01","DRY / QUIET","100","0","35.44","40.61","33.72","27.97","280.19","287.63","310.09","500","44810","4000","Supertrend bearish | RSI 35.4 lemah | Volume 0.01x | Lolos anti-crash ADX | RISEN NORMAL DOWNTREND","Full Grid (1-2-3-4)","100000000","332","316","310","306","0.1","0.2","0.3","0.4","301","632","967","1307","3207","99935600","64400","311.62","311.62","294","390","446","446","11.45","5.65","34.34","43.12","3","7.63"
"UDNG","2026-05-26","2026-05-26","560","FULL","1195","7.657657657657657","EARLY SWEEP","EARLY SWEEP","reversal","TRUE","","EARLY SWEEP","2026-05-26","","NEW","0","DOWNTREND","BULLISH","BEARISH","BEARISH","STRUCTURE + DISCOUNT","SIDEWAYS","49.36","TRUE","FALSE","FALSE","WEAKENING","WEAKENING (Early)","0.68","0.68","DRY / QUIET","75","25","49.67","20.03","27.48","22.89","1187.93","1420.37","1995.7","1482400","2188600","4000","Supertrend bearish | RSI 49.7 lemah | Volume 0.68x | Lolos anti-crash ADX | RISEN SIDEWAYS","Full Grid (1-2-3-4)","100000000","3560","3240","3160","3060","0.1","0.2","0.3","0.4","28","61","94","130","313","99216000","784000","3169.84","3169.83","2820","4670","5775","5775","20.79","11.04","62.22","82.19","2.99","7.45"
"GRIA","2026-05-26","2026-05-26","560","FULL","139","-10.897435897435898","HOLD","-","passive","FALSE","","SMART GAMMA","2026-05-25","","NEW","1","UPTREND","BULLISH","BULLISH","BULLISH","UPTREND PREMIUM","EXPLOSIVE BULL","0","TRUE","TRUE","TRUE","LEADING","LEADING (Passive)","3.77","3.77","VOLUME SURGE","31.58","68.42","65.96","44.37","42.83","7.54","115.88","110.44","108.73","57197000","15156875","1618","Supertrend bullish | RSI 66.0 > 50 | Volume valid 3.77x | Lolos anti-crash ADX | RISEN EXPLOSIVE BULL","Full Grid (1-2-3-4)","100000000","156","123","115","104","0.1","0.2","0.3","0.4","641","1626","2608","3846","8721","99989800","10200","114.65","114.65","88","258","360","360","43.59","23.25","130.77","213.99","3","9.2"
"IBFN","2026-05-26","2026-05-26","560","FULL","74","8.823529411764707","HOLD","-","passive","FALSE","","V-SHAPE","2026-05-22","","4d","4","UPTREND","BEARISH","BEARISH","BEARISH","UPTREND DISCOUNT","EXPLOSIVE BULL","9.74","TRUE","TRUE","TRUE","LEADING","LEADING (Passive)","4","4","VOLUME SURGE","50","50","47.76","25.55","26.23","42.13","74.95","83.64","79.56","3089400","773180","1612","Supertrend bullish | RSI 47.8 lemah | Volume valid 4x | Lolos anti-crash ADX | RISEN EXPLOSIVE BULL","Full Grid (1-2-3-4)","100000000","62","57","56","54","0.1","0.2","0.3","0.4","1612","3508","5357","7407","17884","99987000","13000","55.91","55.91","51","79","90","90","17.74","8.78","45.16","60.98","2.55","6.95"
"PPGL","2026-05-26","2026-05-26","560","FULL","234","9.345794392523365","HOLD","-","passive","FALSE","","SMART GAMMA","2026-04-14","","42d","42","UPTREND","BULLISH","BULLISH","BULLISH","UPTREND PREMIUM","EXPLOSIVE BULL","0","FALSE","TRUE","TRUE","LEADING","LEADING (Passive)","9.52","9.52","VOLUME SURGE","100","0","58.25","15.4","27.59","16","210.92","212.53","182.67","26903000","2826730","1536","Supertrend bullish | RSI 58.3 > 50 | Volume valid 9.52x | Lolos anti-crash ADX | RISEN EXPLOSIVE BULL","Full Grid (1-2-3-4)","100000000","228","204","197","189","0.1","0.2","0.3","0.4","438","980","1522","2116","5056","99954200","45800","197.69","197.7","175","308","388","388","23.25","11.48","70.18","96.26","3.02","8.39"
"SINI","2026-05-26","2026-05-26","560","FULL","11225","9.7799511002445","HOLD","-","passive","FALSE","","V-SHAPE","2026-05-22","","4d","4","UPTREND","BEARISH","BEARISH","BULLISH","UPTREND","EXPLOSIVE BULL","5.75","TRUE","TRUE","TRUE","LAGGING","LAGGARD (Passive)","2.03","2.03","VOLUME SURGE","100","0","44.84","24.68","31.54","43.8","11868.65","12652.88","10292.37","2439700","1198920","1512","Supertrend bullish | RSI 44.8 lemah | Volume valid 2.03x | Lolos anti-crash ADX | RISEN EXPLOSIVE BULL","Full Grid (1-2-3-4)","100000000","9300","8775","8650","8475","0.1","0.2","0.3","0.4","10","22","34","47","113","97847500","2152500","8659.07","8663.68","8075","11150","12975","12975","13.17","6.75","39.52","49.84","3","7.39"
"UNIC","2026-05-26","2026-05-26","560","FULL","15350","1.487603305785124","HOLD","-","passive","FALSE","","BETA BREAKOUT","2026-03-26","","61d","61","UPTREND","BULLISH","BULLISH","BULLISH","UPTREND PREMIUM","EXPLOSIVE BULL","0","TRUE","TRUE","TRUE","LEADING","LEADING (Passive)","3.87","3.87","VOLUME SURGE","57.14","42.86","79.07","49.07","48.19","8.65","13237.86","12198.5","10150.01","103300","26720","1498","Supertrend bullish | RSI 79.1 > 50 | Volume valid 3.87x | Lolos anti-crash ADX | RISEN EXPLOSIVE BULL","Full Grid (1-2-3-4)","100000000","11400","10475","10250","9925","0.1","0.2","0.3","0.4","8","19","29","40","96","98447500","1552500","10254.95","10263.19","9400","14400","17400","17400","17.54","8.34","52.63","69.67","3","8.36"
"ARTA","2026-05-26","2026-05-26","560","FULL","2500","25","UNSAFE DIP","-","risk","FALSE","","EARLY SWEEP","2026-05-13","","13d","13","UPTREND","BULLISH","BEARISH","BEARISH","STRUCTURE + DISCOUNT","CRASH / SELL-OFF","43.75","TRUE","FALSE","TRUE","LEADING","LEADING (Risk)","6.02","6.02","VOLUME SURGE","100","0","50.39","31.56","40.09","14.94","2432.97","2617.79","2776.78","61300","10180","1494","Supertrend bullish | RSI 50.4 > 50 | Volume valid 6.02x | Lolos anti-crash ADX | RISEN CRASH / SELL-OFF","Full Grid (1-2-3-4)","100000000","3450","2950","2830","2660","0.1","0.2","0.3","0.4","28","67","106","150","351","99323000","677000","2829.72","2831.54","2370","5075","6700","6700","31.3","16.25","94.2","136.77","3.01","8.42"
"MTEL","2026-05-26","2026-05-26","560","FULL","500","-1.9607843137254901","AVOID","-","passive","FALSE","","V-SHAPE","2026-05-05","","21d","21","DOWNTREND","BEARISH","BEARISH","BEARISH","STRUCTURE + DISCOUNT","CRASH / SELL-OFF","56.4","TRUE","FALSE","TRUE","LEADING","LEADING (Passive)","2.85","2.85","VOLUME SURGE","16.67","83.33","35.84","22.17","10.77","17","511.14","522","559.92","27647000","9691690","1478","Supertrend bearish | RSI 35.8 lemah | Volume valid 2.85x | Lolos anti-crash ADX | RISEN CRASH / SELL-OFF","Full Grid (1-2-3-4)","100000000","510","505","505","500","0.1","0.2","0.3","0.4","196","396","594","800","1986","99991000","9000","503.48","503.48","498","545","550","550","2.35","1.09","7.84","9.24","3.33","8.49"
"FAST","2026-05-26","2026-05-26","560","FULL","246","4.23728813559322","AVOID","-","passive","FALSE","","EARLY SWEEP","2026-05-13","","13d","13","DOWNTREND","BEARISH","BEARISH","BEARISH","STRUCTURE + DISCOUNT","CRASH / SELL-OFF","45.17","TRUE","FALSE","TRUE","IMPROVING","IMPROVING (Passive)","2.51","2.51","VOLUME SURGE","11.11","88.89","32.99","31.35","19.52","28.62","274.19","317.26","406.84","4554700","1811340","1444","Supertrend bearish | RSI 33.0 lemah | Volume valid 2.51x | Crash filter aktif | RISEN CRASH / SELL-OFF","Full Grid (1-2-3-4)","100000000","288","282","280","278","0.1","0.2","0.3","0.4","347","709","1071","1438","3565","99951800","48200","280.37","280.37","272","350","362","362","5.56","2.99","25.69","29.12","4.63","9.75"
"MGNA","2026-05-26","2026-05-26","560","FULL","118","34.090909090909086","AVOID","-","passive","FALSE","","V-SHAPE","2026-05-07","","19d","19","DOWNTREND","BEARISH","BEARISH","BEARISH","STRUCTURE + DISCOUNT","CRASH / SELL-OFF","0","TRUE","FALSE","TRUE","IMPROVING","IMPROVING (Passive)","8.55","8.55","VOLUME SURGE","100","0","35.84","41.19","12.39","24.16","138.91","162.93","138.78","26066100","3048585","1432","Supertrend bearish | RSI 35.8 lemah | Volume valid 8.55x | Crash filter aktif | RISEN CRASH / SELL-OFF","Full Grid (1-2-3-4)","100000000","170","166","164","163","0.1","0.2","0.3","0.4","588","1204","1829","2453","6074","99961900","38100","164.57","164.57","159","187","198","198","6.47","3.39","16.47","20.31","2.55","6"
"STRK","2026-05-26","2026-05-26","560","FULL","83","-7.777777777777778","AVOID","-","passive","FALSE","","EARLY SWEEP","2026-05-20","","6d","6","DOWNTREND","BEARISH","BEARISH","BEARISH","DOWNTREND DISCOUNT","CRASH / SELL-OFF","0","FALSE","FALSE","TRUE","LAGGING","LAGGARD (Passive)","3.91","3.91","VOLUME SURGE","10.34","89.66","30.81","22.32","21.9","17.28","101.3","114.63","137.09","14008200","3579235","1408","Supertrend bearish | RSI 30.8 lemah | Volume valid 3.91x | Lolos anti-crash ADX | RISEN CRASH / SELL-OFF","Full Grid (1-2-3-4)","100000000","118","104","101","96","0.1","0.2","0.3","0.4","847","1923","2970","4166","9906","99984400","15600","100.93","100.93","88","163","208","208","25.42","12.81","76.27","106.08","3","8.28"
"CINT","2026-05-26","2026-05-26","560","FULL","179","4.678362573099415","AVOID","-","passive","FALSE","","V-SHAPE","2026-05-19","","7d","7","DOWNTREND","BEARISH","BEARISH","BEARISH","STRUCTURE + DISCOUNT","CRASH / SELL-OFF","6.75","TRUE","FALSE","TRUE","LAGGING","LAGGARD (Passive)","3.6","3.6","VOLUME SURGE","19.57","80.43","38.96","18.48","34.95","20.71","192.32","198.87","191.43","5220700","1451090","1406","Supertrend bearish | RSI 39.0 lemah | Volume valid 3.6x | Lolos anti-crash ADX | RISEN CRASH / SELL-OFF","Full Grid (1-2-3-4)","100000000","200","190","187","183","0.1","0.2","0.3","0.4","500","1052","1604","2185","5341","99968300","31700","187.17","187.17","177","234","270","270","11.5","5.43","35","44.25","3.04","8.14"
"EURO","2026-05-26","2026-05-26","560","FULL","1745","-9.819121447028424","AVOID","-","passive","FALSE","","SMART GAMMA","2026-03-30","","57d","57","DOWNTREND","BEARISH","BEARISH","BULLISH","DOWNTREND","EXPLOSIVE BULL","0","FALSE","TRUE","TRUE","LAGGING","LAGGARD (Passive)","2.8","2.8","VOLUME SURGE","0","100","32.47","35.34","20.97","40.82","2470.59","2312.73","1253.54","1890900","674790","1406","Supertrend bearish | RSI 32.5 lemah | Volume valid 2.8x | Crash filter aktif | RISEN EXPLOSIVE BULL","Full Grid (1-2-3-4)","100000000","2230","1405","1205","930","0.1","0.2","0.3","0.4","44","142","248","430","864","99637000","363000","1153.21","1154.39","540","4770","7300","7300","75.78","53.17","227.35","533.02","3","10.02"
"TOWR","2026-05-26","2026-05-26","560","FULL","390","-0.5102040816326531","AVOID","-","passive","FALSE","","EARLY SWEEP","2026-05-12","","14d","14","DOWNTREND","BEARISH","BEARISH","BEARISH","STRUCTURE + DISCOUNT","CRASH / SELL-OFF","0","TRUE","FALSE","TRUE","LAGGING","LAGGARD (Passive)","2.43","2.43","VOLUME SURGE","27.27","72.73","17.91","40.65","6.35","39.14","445.67","473.15","533.47","68815700","28333450","1392","Supertrend bearish | RSI 17.9 lemah | Volume valid 2.43x | Crash filter aktif | RISEN CRASH / SELL-OFF","Full Grid (1-2-3-4)","100000000","505","494","490","486","0.1","0.2","0.3","0.4","198","404","612","823","2037","99942400","57600","490.64","490.64","480","545","600","600","4.95","2.17","18.81","22.29","3.8","10.28"
"IKAN","2026-05-26","2026-05-26","560","FULL","84","6.329113924050633","AVOID","-","passive","FALSE","","SMART GAMMA","2026-05-06","","20d","20","DOWNTREND","BEARISH","BEARISH","BEARISH","STRUCTURE + DISCOUNT","CRASH / SELL-OFF","16.03","TRUE","FALSE","TRUE","LAGGING","LAGGARD (Passive)","7.87","7.87","VOLUME SURGE","25","75","39.34","16.54","32.29","18.87","91.11","96.05","101.86","143493000","18224570","1380","Supertrend bearish | RSI 39.3 lemah | Volume valid 7.87x | Lolos anti-crash ADX | RISEN CRASH / SELL-OFF","Full Grid (1-2-3-4)","100000000","106","92","89","84","0.1","0.2","0.3","0.4","943","2173","3370","4761","11247","99972800","27200","88.89","88.89","77","150","193","193","27.36","13.37","82.08","117.13","3","8.76"
"TPIA","2026-05-26","2026-05-26","560","FULL","1900","7.64872521246459","AVOID","-","passive","FALSE","","V-SHAPE","2026-05-05","","21d","21","DOWNTREND","BEARISH","BEARISH","BEARISH","DOWNTREND DISCOUNT","CRASH / SELL-OFF","0","TRUE","FALSE","TRUE","LAGGING","LAGGARD (Passive)","6.06","6.06","VOLUME SURGE","33.33","66.67","22.42","31.57","14.85","50.17","3969.42","4932.35","6497.42","538559300","88821135","1378","Supertrend bearish | RSI 22.4 lemah | Volume valid 6.06x | Crash filter aktif | RISEN CRASH / SELL-OFF","Full Grid (1-2-3-4)","100000000","6075","5525","5400","5225","0.1","0.2","0.3","0.4","16","36","55","76","183","99020000","980000","5410.93","5412.12","4890","7850","9625","9625","19.51","9.63","58.44","77.88","3","8.09"
"AMRT","2026-05-26","2026-05-26","560","FULL","1190","-8.108108108108109","AVOID","-","passive","FALSE","","V-SHAPE","2026-05-04","","22d","22","DOWNTREND","BEARISH","BEARISH","BEARISH","DOWNTREND DISCOUNT","CRASH / SELL-OFF","0","FALSE","FALSE","TRUE","LAGGING","LAGGARD (Passive)","4.77","4.77","VOLUME SURGE","28.57","71.43","29.47","17.29","13.25","34.96","1407.33","1483.88","1823.75","369282900","77362000","1376","Supertrend bearish | RSI 29.5 lemah | Volume valid 4.77x | Lolos anti-crash ADX | RISEN CRASH / SELL-OFF","Full Grid (1-2-3-4)","100000000","1425","1365","1350","1330","0.1","0.2","0.3","0.4","70","146","222","300","738","99774000","226000","1351.95","1351.95","1290","1630","1830","1830","9.47","4.58","28.42","35.36","3","7.72"
"GOOD","2026-05-26","2026-05-26","560","FULL","330","-0.6024096385542169","AVOID","-","passive","FALSE","","V-SHAPE","2026-05-06","","20d","20","DOWNTREND","BEARISH","BEARISH","BEARISH","STRUCTURE + DISCOUNT","CRASH / SELL-OFF","7.5","TRUE","FALSE","TRUE","LAGGING","LAGGARD (Passive)","1.88","1.88","EXPANSION","66.67","33.33","30.88","28.03","7.28","19.22","339.76","344.79","357.89","357500","190110","1360","Supertrend bearish | RSI 30.9 lemah | Volume valid 1.88x | Lolos anti-crash ADX | RISEN CRASH / SELL-OFF","Full Grid (1-2-3-4)","100000000","350","342","338","336","0.1","0.2","0.3","0.4","285","584","887","1190","2946","99912400","87600","339.15","339.15","330","380","418","418","5.71","2.7","19.43","23.25","3.4","8.62"
"DAAZ","2026-05-26","2026-05-26","360","FULL","1475","0.3401360544217687","AVOID","-","passive","FALSE","","V-SHAPE","2026-04-24","","32d","32","DOWNTREND","BEARISH","BEARISH","BEARISH","DOWNTREND DISCOUNT","CRASH / SELL-OFF","40","TRUE","FALSE","TRUE","LAGGING","LAGGARD (Passive)","3.18","3.18","VOLUME SURGE","69.44","30.56","20.34","41.62","6.54","39.58","2031.28","2390.17","2882.56","2598300","817110","1356","Supertrend bearish | RSI 20.3 lemah | Volume valid 3.18x | Crash filter aktif | RISEN CRASH / SELL-OFF","Full Grid (1-2-3-4)","100000000","2370","2310","2290","2270","0.1","0.2","0.3","0.4","42","86","131","176","435","99771000","229000","2293.59","2293.63","2200","2700","2750","2750","7.17","4.08","16.03","19.9","2.24","4.88"
"JSPT","2026-05-26","2026-05-26","560","FULL","1270","1.6","AVOID","-","passive","FALSE","","SMART SNIPER","2026-04-21","Structure + Discount","35d","35","DOWNTREND","BEARISH","BEARISH","BEARISH","STRUCTURE + DISCOUNT","CRASH / SELL-OFF","80.65","TRUE","FALSE","TRUE","LAGGING","LAGGARD (Passive)","2.31","2.31","VOLUME SURGE","7.84","92.16","34.93","17.28","26.37","19.83","1387.68","1579.68","2988.01","40900","17735","1350","Supertrend bearish | RSI 34.9 lemah | Volume valid 2.31x | Lolos anti-crash ADX | RISEN CRASH / SELL-OFF","Full Grid (1-2-3-4)","100000000","1680","1445","1390","1310","0.1","0.2","0.3","0.4","59","138","215","305","717","99693000","307000","1390.42","1390.62","1180","2430","3180","3180","29.76","15.13","89.29","128.71","3","8.5"
"ESTI","2026-05-26","2026-05-26","560","FULL","128","-5.88235294117647","AVOID","-","passive","FALSE","","SMART SNIPER","2026-04-07","Demand Structure","49d","49","DOWNTREND","BEARISH","BEARISH","BEARISH","STRUCTURE + DISCOUNT","CRASH / SELL-OFF","79.27","TRUE","FALSE","TRUE","LAGGING","LAGGARD (Passive)","1.9","1.9","EXPANSION","0","100","28.68","14.71","24.97","18.97","152.8","163.82","138.63","12592400","6640125","1302","Supertrend bearish | RSI 28.7 lemah | Volume valid 1.9x | Lolos anti-crash ADX | RISEN CRASH / SELL-OFF","Full Grid (1-2-3-4)","100000000","181","146","137","125","0.1","0.2","0.3","0.4","552","1369","2189","3200","7310","99967900","32100","136.75","136.76","104","296","412","412","42.54","23.95","127.62","201.27","3","8.4"
"DNAR","2026-05-26","2026-05-26","560","FULL","125","0.8064516129032258","AVOID","-","passive","FALSE","","V-SHAPE","2026-02-27","","88d","88","DOWNTREND","BEARISH","BEARISH","BEARISH","DOWNTREND DISCOUNT","CRASH / SELL-OFF","7.37","TRUE","FALSE","TRUE","LAGGING","LAGGARD (Passive)","4.52","4.52","VOLUME SURGE","7.41","92.59","33.66","23.92","34.38","20.74","133.36","138.91","140.8","12455700","2755890","1244","Supertrend bearish | RSI 33.7 lemah | Volume valid 4.52x | Lolos anti-crash ADX | RISEN CRASH / SELL-OFF","Full Grid (1-2-3-4)","100000000","160","149","146","143","0.1","0.2","0.3","0.4","625","1342","2054","2797","6818","99981300","18700","146.64","146.64","136","196","232","232","15","7.26","45","58.21","3","8.02"
"SCNP","2026-05-26","2026-05-26","560","FULL","149","2.054794520547945","AVOID","-","passive","FALSE","","BETA BREAKOUT + V-SHAPE","2026-02-25","","90d","90","DOWNTREND","BEARISH","BEARISH","BEARISH","DOWNTREND DISCOUNT","CRASH / SELL-OFF","0","TRUE","FALSE","TRUE","WEAKENING","WEAKENING (Passive)","9.16","9.16","VOLUME SURGE","22.81","77.19","30.82","28.47","31.82","14.23","160.72","167.9","171.08","16270900","1776790","1240","Supertrend bearish | RSI 30.8 lemah | Volume valid 9.16x | Lolos anti-crash ADX | RISEN CRASH / SELL-OFF","Full Grid (1-2-3-4)","100000000","224","195","188","178","0.1","0.2","0.3","0.4","446","1025","1595","2247","5313","99960500","39500","188.14","188.15","161","318","414","414","28.13","14.43","84.82","120.05","3.02","8.32"
"BCIC","2026-05-26","2026-05-26","560","FULL","118","0","AVOID","-","passive","FALSE","","SMART SNIPER","2026-01-05","Structure + Discount","141d","141","DOWNTREND","BEARISH","BEARISH","BEARISH","STRUCTURE + DISCOUNT","CRASH / SELL-OFF","0","TRUE","FALSE","TRUE","LEADING","LEADING (Passive)","4.91","4.91","VOLUME SURGE","7.14","92.86","37.53","18.82","40.08","16.25","122.97","130.17","149.38","3244400","660600","1238","Supertrend bearish | RSI 37.5 lemah | Volume valid 4.91x | Lolos anti-crash ADX | RISEN CRASH / SELL-OFF","Full Grid (1-2-3-4)","100000000","168","154","151","146","0.1","0.2","0.3","0.4","595","1298","1986","2739","6618","99963200","36800","151.05","151.05","138","214","258","258","17.86","8.64","53.57","70.81","3","8.2"
"CNMA","2026-05-26","2026-05-26","560","FULL","97","1.0416666666666665","AVOID","-","passive","FALSE","","SMART SNIPER","2026-01-05","Structure + Discount","141d","141","DOWNTREND","BEARISH","BEARISH","BEARISH","STRUCTURE + DISCOUNT","CRASH / SELL-OFF","14.55","TRUE","FALSE","TRUE","LEADING","LEADING (Passive)","2.56","2.56","VOLUME SURGE","42.86","57.14","40.85","36.5","13.97","22.41","99.59","103.61","118.95","38542400","15046940","1238","Supertrend bearish | RSI 40.9 lemah | Volume valid 2.56x | Crash filter aktif | RISEN CRASH / SELL-OFF","Full Grid (1-2-3-4)","100000000","128","121","119","117","0.1","0.2","0.3","0.4","781","1652","2521","3418","8372","99976500","23500","119.42","119.42","113","151","173","173","11.72","5.37","35.16","44.87","3","8.35"
"BBSS","2026-05-26","2026-05-26","560","FULL","131","0.7692307692307693","AVOID","-","passive","FALSE","","V-SHAPE","2026-02-23","","92d","92","DOWNTREND","BEARISH","BEARISH","BEARISH","STRUCTURE + DISCOUNT","CRASH / SELL-OFF","50.94","TRUE","FALSE","TRUE","LAGGING","LAGGARD (Passive)","2.38","2.38","VOLUME SURGE","29.27","70.73","25.32","21.15","17","22.05","155.46","184.73","260.58","1438800","605610","1236","Supertrend bearish | RSI 25.3 lemah | Volume valid 2.38x | Lolos anti-crash ADX | RISEN CRASH / SELL-OFF","Full Grid (1-2-3-4)","100000000","276","258","252","246","0.1","0.2","0.3","0.4","362","775","1190","1626","3953","99973800","26200","252.91","252.91","230","346","414","414","16.67","9.06","50","63.7","3","7.03"
"ASRM","2026-05-26","2026-05-26","560","FULL","274","-0.7246376811594203","AVOID","-","passive","FALSE","","SMART SNIPER","2026-01-05","Structure + Discount","141d","141","DOWNTREND","BEARISH","BEARISH","BEARISH","STRUCTURE + DISCOUNT","CRASH / SELL-OFF","50.49","TRUE","FALSE","TRUE","LEADING","LEADING (Passive)","1.98","1.98","EXPANSION","75","25","40.25","29.72","9.96","28.1","281.27","287.57","315.83","29900","15085","1218","Supertrend bearish | RSI 40.3 lemah | Volume valid 1.98x | Lolos anti-crash ADX | RISEN CRASH / SELL-OFF","Full Grid (1-2-3-4)","100000000","354","334","328","320","0.1","0.2","0.3","0.4","282","598","914","1250","3044","99935200","64800","328.3","328.31","310","420","486","486","12.43","5.57","37.29","48.03","3","8.62"
"BBHI","2026-05-26","2026-05-26","560","FULL","935","-4.591836734693878","HOLD","-","passive","FALSE","","BETA BREAKOUT","2025-12-15","","162d","162","UPTREND","BEARISH","BEARISH","BEARISH","STRUCTURE + DISCOUNT","CRASH / SELL-OFF","0","TRUE","FALSE","TRUE","IMPROVING","IMPROVING (Passive)","5.22","5.22","VOLUME SURGE","10.53","89.47","35.25","53.12","30.72","29.53","1056.99","1184.95","1274.13","2050900","392700","1146","Supertrend bullish | RSI 35.3 lemah | Volume valid 5.22x | Lolos anti-crash ADX | RISEN CRASH / SELL-OFF","Full Grid (1-2-3-4)","100000000","1535","1495","1480","1470","0.1","0.2","0.3","0.4","65","133","202","272","672","99741000","259000","1484.24","1484.26","1445","1670","1835","1835","5.86","2.64","19.54","23.63","3.33","8.94"
"PMUI","2026-05-26","2026-05-26","211","IPO / SHORT","84","5","AVOID","-","passive","FALSE","","BETA BREAKOUT","2025-12-29","","148d","148","DOWNTREND","BEARISH","BEARISH","BEARISH","STRUCTURE + DISCOUNT","CRASH / SELL-OFF","11.65","TRUE","FALSE","TRUE","LAGGING","LAGGARD (Passive)","4.07","4.07","VOLUME SURGE","20","80","33.54","28.55","26.21","27.67","95.59","103.18","125","12035200","2960435","1124","Supertrend bearish | RSI 33.5 lemah | Volume valid 4.07x | Lolos anti-crash ADX | RISEN CRASH / SELL-OFF","Full Grid (1-2-3-4)","100000000","155","139","135","129","0.1","0.2","0.3","0.4","645","1438","2222","3100","7405","99972700","27300","135.01","135.01","120","208","260","260","22.58","11.12","67.74","92.58","3","8.33"
"MASB","2026-05-26","2026-05-26","560","FULL","3340","-0.2985074626865672","HOLD","-","passive","FALSE","","SMART SNIPER","2026-05-25","Demand Structure","NEW","1","UPTREND","BULLISH","BULLISH","BULLISH","DEMAND STRUCTURE","SIDEWAYS","55.12","TRUE","FALSE","FALSE","LEADING","LEADING (Passive)","2.09","2.09","VOLUME SURGE","100","0","60.51","24.54","41.6","19.58","3264.8","3247.92","3264.14","16400","7830","1118","Supertrend bullish | RSI 60.5 > 50 | Volume valid 2.09x | Lolos anti-crash ADX | RISEN SIDEWAYS","Full Grid (1-2-3-4)","100000000","3350","3200","3160","3110","0.1","0.2","0.3","0.4","29","62","94","128","313","99067000","933000","3165.08","3165.51","3040","3820","4280","4280","9.25","3.95","27.76","35.23","3","8.91"
"IDPR","2026-05-26","2026-05-26","560","FULL","300","2.0408163265306123","AVOID","-","passive","FALSE","","EARLY SWEEP","2026-05-20","","6d","6","DOWNTREND","NEUTRAL","NEUTRAL","BULLISH","STRUCTURE + DISCOUNT","SIDEWAYS","40.87","TRUE","FALSE","TRUE","LEADING","LEADING (Passive)","3.35","3.35","VOLUME SURGE","40","60","48.5","21.64","15.26","21.93","300.58","300.28","287.01","222300","66305","1108","Supertrend bearish | RSI 48.5 lemah | Volume valid 3.35x | Lolos anti-crash ADX | RISEN SIDEWAYS","Full Grid (1-2-3-4)","100000000","302","284","278","272","0.1","0.2","0.3","0.4","331","704","1079","1470","3584","99970000","30000","278.93","278.93","262","362","422","422","13.25","6.07","39.74","51.29","3","8.45"
"BCAP","2026-05-26","2026-05-26","560","FULL","50","-1.9607843137254901","AVOID","-","passive","FALSE","","EARLY SWEEP","2026-05-25","","NEW","1","DOWNTREND","BEARISH","BEARISH","BEARISH","DOWNTREND DISCOUNT","SIDEWAYS","93.28","TRUE","FALSE","FALSE","LEADING","LEADING (Passive)","0.3","0.3","DRY / QUIET","0","100","42.65","37.69","17.52","7.74","51.11","52.12","55.71","8345500","27520505","1098","Supertrend bearish | RSI 42.6 lemah | Volume 0.3x | Lolos anti-crash ADX | RISEN SIDEWAYS","Full Grid (1-2-3-4)","100000000","59","55","54","53","0.1","0.2","0.3","0.4","1694","3636","5555","7547","18432","99988700","11300","54.25","54.25","51","71","83","83","13.56","5.99","40.68","53","3","8.85"
"BINA","2026-05-26","2026-05-26","560","FULL","3960","-0.2518891687657431","AVOID","-","passive","FALSE","","EARLY SWEEP","2026-05-25","","NEW","1","DOWNTREND","BEARISH","BEARISH","BEARISH","STRUCTURE + DISCOUNT","NORMAL DOWNTREND","40.45","TRUE","FALSE","FALSE","LEADING","LEADING (Passive)","1.84","1.84","EXPANSION","100","0","38.45","22.82","13.45","14.7","4057.5","4202.49","4375.38","452600","246005","1098","Supertrend bearish | RSI 38.5 lemah | Volume valid 1.84x | Lolos anti-crash ADX | RISEN NORMAL DOWNTREND","Full Grid (1-2-3-4)","100000000","4500","4370","4330","4290","0.1","0.2","0.3","0.4","22","45","69","93","229","99339000","661000","4337.95","4338.15","4220","4920","5400","5400","6.22","2.72","20","24.48","3.21","9"
"BKDP","2026-05-26","2026-05-26","560","FULL","125","9.649122807017543","HOLD","-","passive","FALSE","","BETA BREAKOUT","2026-05-25","","NEW","1","UPTREND","BULLISH","BULLISH","BULLISH","UPTREND PREMIUM","NORMAL UPTREND","0","FALSE","TRUE","FALSE","LEADING","LEADING (Passive)","1.65","1.65","EXPANSION","100","0","77.4","46.43","50.22","15.75","94.05","78.75","57.87","8340400","5045225","1098","Supertrend bullish | RSI 77.4 > 50 | Volume valid 1.65x | Lolos anti-crash ADX | RISEN NORMAL UPTREND","Full Grid (1-2-3-4)","100000000","114","78","70","57","0.1","0.2","0.3","0.4","877","2564","4285","7017","14743","99988900","11100","67.82","67.82","41","224","334","334","64.04","39.55","192.98","392.47","3.01","9.92"
"BMBL","2026-05-26","2026-05-26","560","FULL","34","0","AVOID","-","passive","FALSE","","EARLY SWEEP","2026-05-25","","NEW","1","DOWNTREND","BEARISH","BEARISH","BEARISH","STRUCTURE + DISCOUNT","SIDEWAYS","68.13","TRUE","FALSE","FALSE","LEADING","LEADING (Passive)","0.27","0.27","DRY / QUIET","100","0","43.59","21.59","17.33","19.46","35.32","37.8","40.94","1812300","6630470","1098","Supertrend bearish | RSI 43.6 lemah | Volume 0.27x | Lolos anti-crash ADX | RISEN SIDEWAYS","Full Grid (1-2-3-4)","100000000","36","32","31","30","0.1","0.2","0.3","0.4","2777","6250","9677","13333","32037","99994900","5100","31.21","31.21","27","50","63","63","25","13.5","75","101.84","3","7.55"
"BMSR","2026-05-26","2026-05-26","560","FULL","302","-5.031446540880504","HOLD","-","passive","FALSE","","V-SHAPE","2026-05-25","","NEW","1","UPTREND","BEARISH","BEARISH","BEARISH","UPTREND DISCOUNT","NORMAL DOWNTREND","48.87","TRUE","FALSE","FALSE","LEADING","LEADING (Passive)","1.53","1.53","EXPANSION","45","55","43.85","31.45","23.74","14.68","315.63","321.3","312.22","76900","50125","1098","Supertrend bullish | RSI 43.9 lemah | Volume valid 1.53x | Lolos anti-crash ADX | RISEN NORMAL DOWNTREND","Full Grid (1-2-3-4)","100000000","318","300","296","290","0.1","0.2","0.3","0.4","314","666","1013","1379","3372","99941000","59000","296.38","296.39","278","378","438","438","12.58","6.2","37.74","47.78","3","7.7"
"CAKK","2026-05-26","2026-05-26","560","FULL","156","-1.8867924528301887","AVOID","-","passive","FALSE","","EARLY SWEEP","2026-05-25","","NEW","1","DOWNTREND","BEARISH","BEARISH","BEARISH","STRUCTURE + DISCOUNT","NORMAL DOWNTREND","43.95","TRUE","FALSE","FALSE","LEADING","LEADING (Passive)","0.72","0.72","DRY / QUIET","84.62","15.38","47.21","14.83","15.83","19.38","158.14","162.47","164.03","246100","340165","1098","Supertrend bearish | RSI 47.2 lemah | Volume 0.72x | Lolos anti-crash ADX | RISEN NORMAL DOWNTREND","Full Grid (1-2-3-4)","100000000","158","153","152","150","0.1","0.2","0.3","0.4","632","1307","1973","2666","6578","99962300","37700","151.96","151.97","147","175","193","193","6.96","3.27","22.15","27","3.18","8.27"
"CARS","2026-05-26","2026-05-26","560","FULL","91","-3.1914893617021276","HOLD","-","passive","FALSE","","SMART SNIPER","2026-05-25","Structure + Discount","NEW","1","UPTREND","BEARISH","BEARISH","BEARISH","STRUCTURE + DISCOUNT","SIDEWAYS","19.73","TRUE","FALSE","FALSE","LEADING","LEADING (Passive)","0.49","0.49","DRY / QUIET","25","75","47.68","16.91","22.19","25.32","91.66","95.52","104.75","4855400","10007390","1098","Supertrend bullish | RSI 47.7 lemah | Volume 0.49x | Lolos anti-crash ADX | RISEN SIDEWAYS","Full Grid (1-2-3-4)","100000000","94","85","82","79","0.1","0.2","0.3","0.4","1063","2352","3658","5063","12136","99977500","22500","82.38","82.38","74","124","154","154","21.28","10.17","63.83","86.94","3","8.55"
"CRAB","2026-05-26","2026-05-26","560","FULL","208","0.9708737864077669","AVOID","-","passive","FALSE","","EARLY SWEEP","2026-05-25","","NEW","1","DOWNTREND","BEARISH","BEARISH","BEARISH","STRUCTURE + DISCOUNT","SIDEWAYS","59.87","TRUE","FALSE","FALSE","LEADING","LEADING (Passive)","1.2","1.2","NORMAL","66.67","33.33","46.54","17.42","18.1","20.11","208.86","218.07","241.82","1508400","1257385","1098","Supertrend bearish | RSI 46.5 lemah | Volume 1.2x | Lolos anti-crash ADX | RISEN SIDEWAYS","Full Grid (1-2-3-4)","100000000","212","208","208","206","0.1","0.2","0.3","0.4","471","961","1442","1941","4815","99952200","47800","207.59","207.59","202","244","248","248","4.72","2.69","16.98","19.47","3.6","7.24"
"EAST","2026-05-26","2026-05-26","560","FULL","89","-1.1111111111111112","AVOID","-","passive","FALSE","","EARLY SWEEP","2026-05-25","","NEW","1","DOWNTREND","BEARISH","BEARISH","BEARISH","STRUCTURE + DISCOUNT","NORMAL DOWNTREND","48.27","TRUE","FALSE","FALSE","LEADING","LEADING (Passive)","0.2","0.2","DRY / QUIET","50","50","42.99","21.73","10.66","15.39","90.37","91.28","94.78","590200","2932595","1098","Supertrend bearish | RSI 43.0 lemah | Volume 0.2x | Lolos anti-crash ADX | RISEN NORMAL DOWNTREND","Full Grid (1-2-3-4)","100000000","94","92","91","90","0.1","0.2","0.3","0.4","1063","2173","3296","4444","10976","99973400","26600","91.08","91.08","89","102","112","112","5.32","2.29","19.15","22.96","3.6","10.04"
"HEXA","2026-05-26","2026-05-26","560","FULL","4410","-1.342281879194631","HOLD","-","passive","FALSE","","BETA BREAKOUT","2026-05-25","","NEW","1","UPTREND","BEARISH","BEARISH","BEARISH","DEMAND STRUCTURE","SIDEWAYS","38.29","TRUE","FALSE","FALSE","LEADING","LEADING (Passive)","0.68","0.68","DRY / QUIET","12.5","87.5","45.66","21.9","21.74","27.33","4443.24","4447.29","4605.2","141000","207905","1098","Supertrend bullish | RSI 45.7 lemah | Volume 0.68x | Lolos anti-crash ADX | RISEN SIDEWAYS","Full Grid (1-2-3-4)","100000000","4470","4390","4360","4340","0.1","0.2","0.3","0.4","22","45","68","92","227","99165000","835000","4368.5","4368.67","4290","4740","5225","5225","4.03","1.8","16.89","19.61","4.19","10.91"
"KREN","2026-05-26","2026-05-26","560","FULL","15","0","AVOID","-","passive","FALSE","","EARLY SWEEP","2026-05-25","","NEW","1","DOWNTREND","BEARISH","BEARISH","BEARISH","STRUCTURE + DISCOUNT","NORMAL DOWNTREND","46.33","TRUE","FALSE","FALSE","LEADING","LEADING (Passive)","0.68","0.68","DRY / QUIET","50","50","44.22","27.47","20.47","28.58","15.65","16.67","17.27","17560300","25708570","1098","Supertrend bearish | RSI 44.2 lemah | Volume 0.68x | Lolos anti-crash ADX | RISEN NORMAL DOWNTREND","Full Grid (1-2-3-4)","100000000","23","19","17","16","0.1","0.2","0.3","0.4","4347","10526","17647","25000","57520","99997400","2600","17.38","17.38","14","37","50","50","39.13","19.47","117.39","187.61","3","9.64"
"LAJU","2026-05-26","2026-05-26","560","FULL","70","-9.090909090909092","HOLD","-","passive","FALSE","","SMART SNIPER","2026-05-25","Structure + Discount","NEW","1","UPTREND","BEARISH","BEARISH","BEARISH","STRUCTURE + DISCOUNT","NORMAL DOWNTREND","22.52","TRUE","FALSE","FALSE","LEADING","LEADING (Passive)","1.29","1.29","EXPANSION","16.67","83.33","43.73","21.58","26.27","24.67","75.09","78.8","74.66","40942400","31753735","1098","Supertrend bullish | RSI 43.7 lemah | Volume valid 1.29x | Lolos anti-crash ADX | RISEN NORMAL DOWNTREND","Full Grid (1-2-3-4)","100000000","77","66","63","59","0.1","0.2","0.3","0.4","1298","3030","4761","6779","15868","99983000","17000","63.01","63.01","53","113","149","149","31.17","15.89","93.51","136.47","3","8.59"
"MBSS","2026-05-26","2026-05-26","560","FULL","2450","-1.2096774193548387","HOLD","-","passive","FALSE","","SMART GAMMA","2026-05-25","","NEW","1","UPTREND","BULLISH","BULLISH","BULLISH","UPTREND","NORMAL UPTREND","37.45","TRUE","TRUE","FALSE","LEADING","LEADING (Passive)","1.29","1.29","EXPANSION","47.06","52.94","60.5","25.32","27.82","17.64","2207.58","2087.06","1831.94","6486800","5011515","1098","Supertrend bullish | RSI 60.5 > 50 | Volume valid 1.29x | Lolos anti-crash ADX | RISEN NORMAL UPTREND","Full Grid (1-2-3-4)","100000000","2480","2150","2070","1960","0.1","0.2","0.3","0.4","40","93","144","204","481","99707000","293000","2072.91","2073.16","1780","3530","4580","4580","28.23","14.13","84.68","120.95","3","8.56"
"SOFA","2026-05-26","2026-05-26","560","FULL","406","9.72972972972973","HOLD","-","passive","FALSE","","V-SHAPE","2026-05-25","","NEW","1","UPTREND","BULLISH","BEARISH","BULLISH","UPTREND PREMIUM","NORMAL DOWNTREND","47.79","TRUE","FALSE","FALSE","LEADING","LEADING (Passive)","0.86","0.86","NORMAL","50","50","51.72","25.96","21.34","27.44","389.57","417.73","335.39","4200500","4902145","1098","Supertrend bullish | RSI 51.7 > 50 | Volume 0.86x | Lolos anti-crash ADX | RISEN NORMAL DOWNTREND","Full Grid (1-2-3-4)","100000000","370","332","322","308","0.1","0.2","0.3","0.4","270","602","931","1298","3101","99933000","67000","322.26","322.26","284","500","515","515","23.24","11.87","39.19","59.81","1.69","5.04"
"SPMA","2026-05-26","2026-05-26","560","FULL","210","-0.9433962264150944","AVOID","-","passive","FALSE","","V-SHAPE","2026-05-25","","NEW","1","DOWNTREND","NEUTRAL","BEARISH","BEARISH","STRUCTURE + DISCOUNT","SIDEWAYS","69.16","TRUE","FALSE","FALSE","LEADING","LEADING (Passive)","1.34","1.34","EXPANSION","0","100","48.48","17.82","17.92","13.31","210.26","215.68","247.4","619300","461580","1098","Supertrend bearish | RSI 48.5 lemah | Volume valid 1.34x | Lolos anti-crash ADX | RISEN SIDEWAYS","Full Grid (1-2-3-4)","100000000","212","208","206","204","0.1","0.2","0.3","0.4","471","961","1456","1960","4848","99951600","48400","206.17","206.17","200","230","232","232","5.66","2.99","9.43","12.53","1.67","4.19"
"TALF","2026-05-26","2026-05-26","560","FULL","830","-14.871794871794872","HOLD","-","passive","FALSE","","BETA BREAKOUT","2026-05-25","","NEW","1","UPTREND","BULLISH","BULLISH","BULLISH","DEMAND STRUCTURE","NORMAL UPTREND","38.59","TRUE","TRUE","FALSE","LEADING","LEADING (Passive)","0.87","0.87","NORMAL","0","100","56.11","34.92","32.67","10.85","739.83","694.43","559.71","303600","349450","1098","Supertrend bullish | RSI 56.1 > 50 | Volume 0.87x | Lolos anti-crash ADX | RISEN NORMAL UPTREND","Full Grid (1-2-3-4)","100000000","975","795","750","690","0.1","0.2","0.3","0.4","102","251","400","579","1332","99850500","149500","749.63","749.71","590","1555","2130","2130","39.49","21.29","118.46","184.14","3","8.65"
"WSBP","2026-05-26","2026-05-26","560","FULL","16","0","AVOID","-","passive","FALSE","","EARLY SWEEP","2026-05-25","","NEW","1","DOWNTREND","BEARISH","BEARISH","BEARISH","DOWNTREND DISCOUNT","NORMAL DOWNTREND","49.69","TRUE","FALSE","FALSE","LEADING","LEADING (Passive)","0.78","0.78","DRY / QUIET","0","100","39.86","15.55","37.35","28.3","17.04","18.27","20.25","14949300","19069735","1098","Supertrend bearish | RSI 39.9 lemah | Volume 0.78x | Lolos anti-crash ADX | RISEN NORMAL DOWNTREND","Full Grid (1-2-3-4)","100000000","19","18","18","17","0.1","0.2","0.3","0.4","5263","11111","16666","23529","56569","99997600","2400","17.68","17.68","17","22","29","29","10.53","3.83","52.63","64.05","5","16.72"
"ZYRX","2026-05-26","2026-05-26","560","FULL","136","-0.7299270072992701","AVOID","-","passive","FALSE","","V-SHAPE","2026-05-25","","NEW","1","DOWNTREND","BEARISH","BEARISH","BEARISH","STRUCTURE + DISCOUNT","SIDEWAYS","75.51","TRUE","FALSE","FALSE","LEADING","LEADING (Passive)","0.65","0.65","DRY / QUIET","16.67","83.33","41.61","21.97","15.74","22.32","139.57","144.24","148.72","467500","720340","1098","Supertrend bearish | RSI 41.6 lemah | Volume 0.65x | Lolos anti-crash ADX | RISEN SIDEWAYS","Full Grid (1-2-3-4)","100000000","137","132","131","129","0.1","0.2","0.3","0.4","729","1515","2290","3100","7634","99974300","25700","130.96","130.96","125","155","158","158","8.76","4.55","15.33","20.65","1.75","4.54"
"AMIN","2026-05-26","2026-05-26","560","FULL","254","3.2520325203252036","AVOID","-","passive","FALSE","","EARLY SWEEP","2026-05-22","","4d","4","DOWNTREND","BULLISH","BULLISH","BULLISH","DEMAND STRUCTURE","NORMAL UPTREND","39.94","TRUE","TRUE","FALSE","LEADING","LEADING (Passive)","0.18","0.18","DRY / QUIET","100","0","52.79","22.19","22.57","28.91","248.08","247.89","234.92","116900","636240","1092","Supertrend bearish | RSI 52.8 > 50 | Volume 0.18x | Lolos anti-crash ADX | RISEN NORMAL UPTREND","Full Grid (1-2-3-4)","100000000","258","238","232","224","0.1","0.2","0.3","0.4","387","840","1293","1785","4305","99958200","41800","232.19","232.19","214","324","390","390","17.05","7.83","51.16","67.97","3","8.68"
"BALI","2026-05-26","2026-05-26","560","FULL","1235","0","HOLD","-","passive","FALSE","","V-SHAPE","2026-05-22","","4d","4","UPTREND","BEARISH","BEARISH","BEARISH","STRUCTURE + DISCOUNT","SIDEWAYS","98.07","TRUE","FALSE","FALSE","LEADING","LEADING (Passive)","0.8","0.8","NORMAL","84.62","15.38","43.43","10.25","13.05","15.29","1257.75","1292","1350.31","3900","4870","1092","Supertrend bullish | RSI 43.4 lemah | Volume 0.8x | Lolos anti-crash ADX | RISEN SIDEWAYS","Full Grid (1-2-3-4)","100000000","1250","1215","1205","1195","0.1","0.2","0.3","0.4","80","164","248","334","826","99723000","277000","1207.3","1207.29","1170","1370","1505","1505","6.4","3.09","20.4","24.66","3.19","7.98"
"BBTN","2026-05-26","2026-05-26","560","FULL","1340","-3.597122302158273","HOLD","-","passive","FALSE","","EARLY SWEEP","2026-05-22","","4d","4","UPTREND","BULLISH","BULLISH","BULLISH","DEMAND STRUCTURE","SIDEWAYS","56.37","TRUE","TRUE","FALSE","LEADING","LEADING (Passive)","0.34","0.34","DRY / QUIET","9.09","90.91","50.44","16.13","27.72","20.34","1336.51","1325.02","1258.41","8260400","24073050","1092","Supertrend bullish | RSI 50.4 > 50 | Volume 0.34x | Lolos anti-crash ADX | RISEN SIDEWAYS","Full Grid (1-2-3-4)","100000000","1490","1360","1330","1285","0.1","0.2","0.3","0.4","67","147","225","311","750","99863500","136500","1331.51","1331.52","1220","1895","2300","2300","18.12","8.37","54.36","72.74","3","8.68"
"BNII","2026-05-26","2026-05-26","560","FULL","195","0","AVOID","-","passive","FALSE","","V-SHAPE","2026-05-22","","4d","4","DOWNTREND","BEARISH","BEARISH","BEARISH","STRUCTURE + DISCOUNT","NORMAL DOWNTREND","67.06","TRUE","FALSE","FALSE","LEADING","LEADING (Passive)","0.18","0.18","DRY / QUIET","66.67","33.33","38.25","27.4","9.74","24.21","199.74","203.8","207.62","301400","1652365","1092","Supertrend bearish | RSI 38.3 lemah | Volume 0.18x | Lolos anti-crash ADX | RISEN NORMAL DOWNTREND","Full Grid (1-2-3-4)","100000000","194","191","190","189","0.1","0.2","0.3","0.4","515","1047","1578","2116","5256","99963100","36900","190.19","190.19","187","204","224","224","3.61","1.68","15.46","17.78","4.29","10.6"
"BSSR","2026-05-26","2026-05-26","560","FULL","3960","-0.5025125628140703","HOLD","-","passive","FALSE","","V-SHAPE","2026-05-22","","4d","4","UPTREND","BEARISH","BEARISH","BEARISH","STRUCTURE + DISCOUNT","NORMAL DOWNTREND","30.39","TRUE","FALSE","FALSE","LEADING","LEADING (Passive)","0.46","0.46","DRY / QUIET","0","100","44.92","17.69","14.78","20.21","3985.27","3991.42","3992.35","197100","431730","1092","Supertrend bullish | RSI 44.9 lemah | Volume 0.46x | Lolos anti-crash ADX | RISEN NORMAL DOWNTREND","Full Grid (1-2-3-4)","100000000","3960","3880","3850","3830","0.1","0.2","0.3","0.4","25","51","77","104","257","99165000","835000","3858.56","3858.63","3780","4230","4650","4650","4.55","2.04","17.42","20.51","3.83","10.07"
"CBRE","2026-05-26","2026-05-26","560","FULL","845","-3.428571428571429","AVOID","-","passive","FALSE","","V-SHAPE","2026-05-22","","4d","4","DOWNTREND","BEARISH","BEARISH","BULLISH","STRUCTURE + DISCOUNT","NORMAL DOWNTREND","28.18","TRUE","FALSE","FALSE","LEADING","LEADING (Passive)","1","1","NORMAL","35.71","64.29","47.26","20.14","20.62","21.96","879.47","880.54","774.93","48092200","47969595","1092","Supertrend bearish | RSI 47.3 lemah | Volume 1x | Lolos anti-crash ADX | RISEN NORMAL DOWNTREND","Full Grid (1-2-3-4)","100000000","865","745","715","675","0.1","0.2","0.3","0.4","115","268","419","592","1394","99832000","168000","716.15","716.21","605","1255","1645","1645","30.06","15.52","90.17","129.7","3","8.36"
"CGAS","2026-05-26","2026-05-26","556","FULL","175","-1.6853932584269662","AVOID","-","passive","FALSE","","EARLY SWEEP","2026-05-22","","4d","4","DOWNTREND","BULLISH","BULLISH","BULLISH","DEMAND STRUCTURE","SIDEWAYS","25","TRUE","TRUE","FALSE","LEADING","LEADING (Passive)","0.39","0.39","DRY / QUIET","20","80","52.42","16.72","27.22","21.59","172.21","171.37","160.16","4880200","12451685","1092","Supertrend bearish | RSI 52.4 > 50 | Volume 0.39x | Lolos anti-crash ADX | RISEN SIDEWAYS","Full Grid (1-2-3-4)","100000000","173","167","166","164","0.1","0.2","0.3","0.4","578","1197","1807","2439","6021","99985100","14900","166.06","166.06","159","194","216","216","8.09","4.25","24.86","30.07","3.07","7.07"
"CLEO","2026-05-26","2026-05-26","560","FULL","390","0","AVOID","-","passive","FALSE","","V-SHAPE","2026-05-22","","4d","4","DOWNTREND","BEARISH","BEARISH","BEARISH","STRUCTURE + DISCOUNT","SIDEWAYS","55.94","TRUE","FALSE","FALSE","LEADING","LEADING (Passive)","0.42","0.42","DRY / QUIET","25","75","42.86","16","18.6","24.44","395.37","402.14","532","1788100","4249330","1092","Supertrend bearish | RSI 42.9 lemah | Volume 0.42x | Lolos anti-crash ADX | RISEN SIDEWAYS","Full Grid (1-2-3-4)","100000000","392","384","382","380","0.1","0.2","0.3","0.4","255","520","785","1052","2612","99927000","73000","382.57","382.57","374","420","462","462","4.59","2.24","17.86","20.76","3.89","9.27"
"CTBN","2026-05-26","2026-05-26","560","FULL","5800","1.7543859649122806","HOLD","-","passive","FALSE","","SMART SNIPER + V-SHAPE","2026-05-22","Structure + Discount","4d","4","UPTREND","BULLISH","BULLISH","BULLISH","UPTREND DISCOUNT","SIDEWAYS","0","FALSE","FALSE","FALSE","LEADING","LEADING (Passive)","0.74","0.74","DRY / QUIET","83.33","16.67","54.76","13.13","25.41","29.09","5489.98","5632.22","5559.9","2200","2955","1092","Supertrend bullish | RSI 54.8 > 50 | Volume 0.74x | Lolos anti-crash ADX | RISEN SIDEWAYS","Full Grid (1-2-3-4)","100000000","5750","5150","5025","4820","0.1","0.2","0.3","0.4","17","38","59","82","196","98516500","1483500","5026.35","5027.27","4500","7625","9500","9500","21.74","10.47","65.22","89","3","8.5"
"DGWG","2026-05-26","2026-05-26","320","FULL","342","0.5882352941176471","AVOID","-","passive","FALSE","","EARLY SWEEP","2026-05-22","","4d","4","DOWNTREND","BEARISH","BEARISH","BEARISH","STRUCTURE + DISCOUNT","SIDEWAYS","60.29","TRUE","FALSE","FALSE","LEADING","LEADING (Passive)","1.06","1.06","NORMAL","75","25","41.34","17.12","16.34","25.39","357.07","372.7","388.2","12078700","11357985","1092","Supertrend bearish | RSI 41.3 lemah | Volume 1.06x | Lolos anti-crash ADX | RISEN SIDEWAYS","Full Grid (1-2-3-4)","100000000","468","392","374","348","0.1","0.2","0.3","0.4","213","510","802","1149","2674","99940400","59600","373.75","373.77","312","700","935","935","33.33","16.52","99.79","150.17","2.99","9.09"
"DMND","2026-05-26","2026-05-26","560","FULL","625","0","AVOID","-","passive","FALSE","","EARLY SWEEP","2026-05-22","","4d","4","DOWNTREND","BEARISH","BEARISH","BEARISH","STRUCTURE + DISCOUNT","SIDEWAYS","100","TRUE","FALSE","FALSE","LEADING","LEADING (Passive)","0.46","0.46","DRY / QUIET","100","0","44.31","16.23","11.74","21.89","630.56","650.13","671.83","15700","34155","1092","Supertrend bearish | RSI 44.3 lemah | Volume 0.46x | Lolos anti-crash ADX | RISEN SIDEWAYS","Full Grid (1-2-3-4)","100000000","740","670","650","625","0.1","0.2","0.3","0.4","135","298","461","640","1534","99921000","79000","651.38","651.39","590","965","1190","1190","20.27","9.42","60.81","82.69","3","8.78"
"ERAL","2026-05-26","2026-05-26","560","FULL","292","-1.3513513513513513","AVOID","-","passive","FALSE","","EARLY SWEEP","2026-05-22","","4d","4","DOWNTREND","BEARISH","BEARISH","BEARISH","STRUCTURE + DISCOUNT","NORMAL DOWNTREND","54.59","TRUE","FALSE","FALSE","LEADING","LEADING (Passive)","0.46","0.46","DRY / QUIET","33.33","66.67","38.52","10.89","19.73","19.29","300.76","311.45","317.47","4064700","8889510","1092","Supertrend bearish | RSI 38.5 lemah | Volume 0.46x | Lolos anti-crash ADX | RISEN NORMAL DOWNTREND","Full Grid (1-2-3-4)","100000000","390","352","344","330","0.1","0.2","0.3","0.4","256","568","872","1212","2908","99970400","29600","343.78","343.78","310","510","630","630","20.51","9.83","61.54","83.26","3","8.47"
"FILM","2026-05-26","2026-05-26","560","FULL","2520","0","HOLD","-","passive","FALSE","","EARLY SWEEP","2026-05-22","","4d","4","UPTREND","BULLISH","BEARISH","BEARISH","UPTREND DISCOUNT","SIDEWAYS","71.45","TRUE","FALSE","FALSE","LEADING","LEADING (Passive)","1.13","1.13","NORMAL","42.86","57.14","47.5","23.58","26.87","25.88","2469.92","3515.53","5404.96","5838200","5186670","1092","Supertrend bullish | RSI 47.5 lemah | Volume 1.13x | Lolos anti-crash ADX | RISEN SIDEWAYS","Full Grid (1-2-3-4)","100000000","14500","10875","10025","8800","0.1","0.2","0.3","0.4","6","18","29","45","98","96947500","3052500","9892.6","9933.73","7025","25725","36925","36925","51.55","28.99","154.66","273.26","3","9.43"
"GEMA","2026-05-26","2026-05-26","560","FULL","87","0","AVOID","-","passive","FALSE","","EARLY SWEEP","2026-05-22","","4d","4","DOWNTREND","BEARISH","BEARISH","BEARISH","STRUCTURE + DISCOUNT","NORMAL DOWNTREND","81.36","TRUE","FALSE","FALSE","LEADING","LEADING (Passive)","0.38","0.38","DRY / QUIET","60","40","47.72","13.57","19.52","17.1","87.29","88.83","102.45","887100","2318805","1092","Supertrend bearish | RSI 47.7 lemah | Volume 0.38x | Lolos anti-crash ADX | RISEN NORMAL DOWNTREND","Full Grid (1-2-3-4)","100000000","89","87","87","86","0.1","0.2","0.3","0.4","1123","2298","3448","4651","11520","99983500","16500","86.79","86.79","84","97","98","98","5.62","3.22","10.11","12.91","1.8","4.02"
"GRPM","2026-05-26","2026-05-26","560","FULL","288","2.857142857142857","AVOID","-","passive","FALSE","","V-SHAPE","2026-05-22","","4d","4","DOWNTREND","BEARISH","BEARISH","BULLISH","DEMAND STRUCTURE","NORMAL DOWNTREND","49.61","TRUE","FALSE","FALSE","LEADING","LEADING (Passive)","0.8","0.8","NORMAL","64.29","35.71","45.14","13.13","17.2","25.37","299.08","299.22","199.2","1585900","1976215","1092","Supertrend bearish | RSI 45.1 lemah | Volume 0.8x | Lolos anti-crash ADX | RISEN NORMAL DOWNTREND","Full Grid (1-2-3-4)","100000000","284","262","256","250","0.1","0.2","0.3","0.4","352","763","1171","1600","3886","99965000","35000","257.24","257.24","234","360","370","370","17.61","9.04","30.28","43.83","1.72","4.85"
"HRTA","2026-05-26","2026-05-26","560","FULL","2370","-1.6597510373443984","AVOID","-","passive","FALSE","","V-SHAPE","2026-05-22","","4d","4","DOWNTREND","BEARISH","BEARISH","BULLISH","DOWNTREND PREMIUM","NORMAL UPTREND","34.82","TRUE","TRUE","FALSE","LEADING","LEADING (Passive)","0.38","0.38","DRY / QUIET","25","75","42.49","26.44","17.49","31.08","2514.77","2555.65","1949.07","6447800","16933325","1092","Supertrend bearish | RSI 42.5 lemah | Volume 0.38x | Lolos anti-crash ADX | RISEN NORMAL UPTREND","Full Grid (1-2-3-4)","100000000","2330","2180","2140","2090","0.1","0.2","0.3","0.4","42","91","140","191","464","99503000","497000","2144.46","2144.84","1995","2830","3340","3340","14.38","6.97","43.35","55.75","3.01","8"
"ICBP","2026-05-26","2026-05-26","560","FULL","6875","-3.169014084507042","HOLD","-","passive","FALSE","","EARLY SWEEP","2026-05-22","","4d","4","UPTREND","BEARISH","BEARISH","BEARISH","STRUCTURE + DISCOUNT","NORMAL DOWNTREND","53.11","TRUE","FALSE","FALSE","LEADING","LEADING (Passive)","0.53","0.53","DRY / QUIET","0","100","46.89","22.65","21.33","16.7","6926.81","7158.13","8268.28","3354100","6275785","1092","Supertrend bullish | RSI 46.9 lemah | Volume 0.53x | Lolos anti-crash ADX | RISEN NORMAL DOWNTREND","Full Grid (1-2-3-4)","100000000","8375","7800","7675","7475","0.1","0.2","0.3","0.4","11","25","39","53","128","98262500","1737500","7676.76","7681.61","7175","10175","11975","11975","14.33","6.54","42.99","55.99","3","8.57"
"INPP","2026-05-26","2026-05-26","560","FULL","795","1.9230769230769231","HOLD","-","passive","FALSE","","G ACC","2026-05-12","","14d","14","UPTREND","BULLISH","BULLISH","BULLISH","DEMAND STRUCTURE","SIDEWAYS","63.17","TRUE","FALSE","TRUE","LEADING","LEADING (Passive)","7.93","7.93","VOLUME SURGE","100","0","54.34","70.23","5.79","46.32","788.16","785.31","781.49","142500","17970","1092","Supertrend bullish | RSI 54.3 > 50 | Volume valid 7.93x | Crash filter aktif | RISEN SIDEWAYS","Full Grid (1-2-3-4)","100000000","800","770","760","750","0.1","0.2","0.3","0.4","125","259","394","533","1311","99862000","138000","761.72","761.72","730","905","1010","1010","8.75","4.16","26.25","32.59","3","7.83"
"MDKA","2026-05-26","2026-05-26","560","FULL","2720","-4.56140350877193","HOLD","-","passive","FALSE","","V-SHAPE","2026-05-22","","4d","4","UPTREND","BEARISH","BEARISH","BEARISH","UPTREND DISCOUNT","NORMAL DOWNTREND","17.5","TRUE","FALSE","FALSE","LEADING","LEADING (Passive)","0.85","0.85","NORMAL","0","100","44.07","24.9","21.92","26","2865.26","3035.5","2774.22","103528900","121984070","1092","Supertrend bullish | RSI 44.1 lemah | Volume 0.85x | Lolos anti-crash ADX | RISEN NORMAL DOWNTREND","Full Grid (1-2-3-4)","100000000","2720","2440","2370","2270","0.1","0.2","0.3","0.4","36","81","126","176","419","99370000","630000","2371.6","2372.33","2100","3650","4580","4580","22.79","11.45","68.38","93.12","3","8.13"
"MDKI","2026-05-26","2026-05-26","560","FULL","190","0","AVOID","-","passive","FALSE","","EARLY SWEEP","2026-05-22","","4d","4","DOWNTREND","BEARISH","BEARISH","BEARISH","STRUCTURE + DISCOUNT","SIDEWAYS","53.59","TRUE","FALSE","FALSE","LEADING","LEADING (Passive)","1.14","1.14","NORMAL","20","80","46.98","16.5","15.08","18.56","191.45","194.14","192.04","583500","513445","1092","Supertrend bearish | RSI 47.0 lemah | Volume 1.14x | Lolos anti-crash ADX | RISEN SIDEWAYS","Full Grid (1-2-3-4)","100000000","197","191","190","188","0.1","0.2","0.3","0.4","507","1047","1578","2127","5259","99955200","44800","190.07","190.07","184","216","238","238","6.6","3.19","20.81","25.22","3.15","7.9"
"MSTI","2026-05-26","2026-05-26","560","FULL","1385","-1.0714285714285714","HOLD","-","passive","FALSE","","V-SHAPE","2026-05-22","","4d","4","UPTREND","NEUTRAL","NEUTRAL","BEARISH","STRUCTURE + DISCOUNT","SIDEWAYS","64.92","TRUE","FALSE","FALSE","LEADING","LEADING (Passive)","0.87","0.87","NORMAL","0","100","49.65","12.79","19.59","16.18","1386.38","1385.16","1419.89","1252500","1433855","1092","Supertrend bullish | RSI 49.6 lemah | Volume 0.87x | Lolos anti-crash ADX | RISEN SIDEWAYS","Full Grid (1-2-3-4)","100000000","1380","1360","1350","1345","0.1","0.2","0.3","0.4","72","147","222","297","738","99844500","155500","1352.91","1352.92","1330","1455","1600","1600","3.62","1.69","15.94","18.26","4.4","10.79"
"NISP","2026-05-26","2026-05-26","560","FULL","1295","-1.1450381679389312","AVOID","-","passive","FALSE","","EARLY SWEEP","2026-05-22","","4d","4","DOWNTREND","BEARISH","BEARISH","BEARISH","STRUCTURE + DISCOUNT","NORMAL DOWNTREND","25","TRUE","FALSE","FALSE","LEADING","LEADING (Passive)","0.25","0.25","DRY / QUIET","0","100","36.59","17.3","21.41","20.93","1332.51","1375.23","1391.93","1375000","5497430","1092","Supertrend bearish | RSI 36.6 lemah | Volume 0.25x | Lolos anti-crash ADX | RISEN NORMAL DOWNTREND","Full Grid (1-2-3-4)","100000000","1505","1465","1455","1440","0.1","0.2","0.3","0.4","66","136","206","277","685","99718000","282000","1455.74","1455.76","1420","1635","1800","1800","5.65","2.45","19.6","23.65","3.47","9.63"
"PSAB","2026-05-26","2026-05-26","560","FULL","468","4.932735426008969","HOLD","-","passive","FALSE","","V-SHAPE","2026-05-22","","4d","4","UPTREND","BEARISH","BEARISH","BEARISH","UPTREND DISCOUNT","NORMAL DOWNTREND","17.5","TRUE","FALSE","FALSE","LEADING","LEADING (Passive)","1.01","1.01","NORMAL","68.75","31.25","46.46","20.62","23.31","29.1","480.33","507.25","504.96","78317100","77912485","1092","Supertrend bullish | RSI 46.5 lemah | Volume 1.01x | Lolos anti-crash ADX | RISEN NORMAL DOWNTREND","Full Grid (1-2-3-4)","100000000","426","394","386","374","0.1","0.2","0.3","0.4","234","507","777","1069","2587","99917000","83000","386.23","386.24","352","535","650","650","17.37","8.86","52.58","68.29","3.03","7.71"
"RSCH","2026-05-26","2026-05-26","560","FULL","270","3.0534351145038165","AVOID","-","passive","FALSE","","V-SHAPE","2026-05-22","","4d","4","DOWNTREND","BEARISH","BEARISH","BEARISH","STRUCTURE + DISCOUNT","NORMAL DOWNTREND","32.61","TRUE","FALSE","FALSE","LEADING","LEADING (Passive)","1.58","1.58","EXPANSION","71.43","28.57","43.42","11.24","14.77","13.85","279.1","307.54","355.06","37959300","23964145","1092","Supertrend bearish | RSI 43.4 lemah | Volume valid 1.58x | Lolos anti-crash ADX | RISEN NORMAL DOWNTREND","Full Grid (1-2-3-4)","100000000","260","254","252","250","0.1","0.2","0.3","0.4","384","787","1190","1600","3961","99961800","38200","252.37","252.37","244","284","312","312","6.15","3.31","20","23.63","3.25","7.13"
"TFAS","2026-05-26","2026-05-26","560","FULL","214","0","AVOID","-","passive","FALSE","","V-SHAPE","2026-05-22","","4d","4","DOWNTREND","BEARISH","BEARISH","BEARISH","STRUCTURE + DISCOUNT","SIDEWAYS","98.53","TRUE","FALSE","FALSE","LEADING","LEADING (Passive)","0.21","0.21","DRY / QUIET","66.67","33.33","45.56","19.84","18.31","12.97","217.24","222.67","219.99","74400","357060","1092","Supertrend bearish | RSI 45.6 lemah | Volume 0.21x | Lolos anti-crash ADX | RISEN SIDEWAYS","Full Grid (1-2-3-4)","100000000","212","206","204","202","0.1","0.2","0.3","0.4","471","970","1470","1980","4891","99951200","48800","204.36","204.36","196","236","256","256","7.55","4.09","20.75","25.27","2.75","6.18"
"TINS","2026-05-26","2026-05-26","560","FULL","3220","-9.295774647887324","AVOID","-","passive","FALSE","","V-SHAPE","2026-05-22","","4d","4","DOWNTREND","BEARISH","BEARISH","BULLISH","STRUCTURE + DISCOUNT","NORMAL UPTREND","20.56","TRUE","TRUE","FALSE","LEADING","LEADING (Passive)","0.81","0.81","NORMAL","2.86","97.14","43.06","19.37","21.41","30.73","3506.83","3579.73","2965","73333400","90063760","1092","Supertrend bearish | RSI 43.1 lemah | Volume 0.81x | Lolos anti-crash ADX | RISEN NORMAL UPTREND","Full Grid (1-2-3-4)","100000000","3580","3200","3110","2980","0.1","0.2","0.3","0.4","27","62","96","134","319","99294000","706000","3112.66","3114.06","2760","4810","6050","6050","22.91","11.33","68.99","94.37","3.01","8.33"
"VINS","2026-05-26","2026-05-26","560","FULL","148","-1.9867549668874174","AVOID","-","passive","FALSE","","EARLY SWEEP","2026-05-22","","4d","4","DOWNTREND","BEARISH","BEARISH","BEARISH","STRUCTURE + DISCOUNT","NORMAL DOWNTREND","80.78","TRUE","FALSE","FALSE","LEADING","LEADING (Passive)","0.13","0.13","DRY / QUIET","25","75","40.91","16.06","15.97","20.82","156.62","164.19","159.71","51900","392175","1092","Supertrend bearish | RSI 40.9 lemah | Volume 0.13x | Lolos anti-crash ADX | RISEN NORMAL DOWNTREND","Full Grid (1-2-3-4)","100000000","232","188","178","163","0.1","0.2","0.3","0.4","431","1063","1685","2453","5632","99960500","39500","177.49","177.49","140","370","510","510","39.66","21.12","119.83","187.35","3.02","8.87"
"APLI","2026-05-26","2026-05-26","560","FULL","262","1.550387596899225","HOLD","-","passive","FALSE","","SMART SNIPER","2026-05-21","Structure + Discount","5d","5","UPTREND","BULLISH","BULLISH","BEARISH","STRUCTURE + DISCOUNT","SIDEWAYS","52.5","TRUE","FALSE","FALSE","LEADING","LEADING (Passive)","0.56","0.56","DRY / QUIET","0","100","56.87","34.02","31.76","8.93","242.67","259.47","362.31","383200","680515","1090","Supertrend bullish | RSI 56.9 > 50 | Volume 0.56x | Lolos anti-crash ADX | RISEN SIDEWAYS","Full Grid (1-2-3-4)","100000000","272","236","228","216","0.1","0.2","0.3","0.4","367","847","1315","1851","4380","99935200","64800","228.16","228.17","193","390","424","424","29.04","15.41","55.88","85.83","1.92","5.57"
"BMAS","2026-05-26","2026-05-26","560","FULL","500","-0.9900990099009901","HOLD","-","passive","FALSE","","SMART SNIPER","2026-05-21","Structure + Discount","5d","5","UPTREND","BULLISH","BEARISH","BEARISH","STRUCTURE + DISCOUNT","SIDEWAYS","37.17","TRUE","FALSE","FALSE","LEADING","LEADING (Passive)","0.54","0.54","DRY / QUIET","28.57","71.43","51.18","42.55","27.11","10.83","497.56","508.06","568.69","15100","27775","1090","Supertrend bullish | RSI 51.2 > 50 | Volume 0.54x | Lolos anti-crash ADX | RISEN SIDEWAYS","Full Grid (1-2-3-4)","100000000","498","480","474","468","0.1","0.2","0.3","0.4","200","416","632","854","2102","99852000","148000","475.03","475.04","456","560","625","625","8.43","4.01","25.5","31.57","3.02","7.88"
"BPFI","2026-05-26","2026-05-26","560","FULL","264","0","HOLD","-","passive","FALSE","","EARLY SWEEP","2026-05-21","","5d","5","UPTREND","BEARISH","BEARISH","BEARISH","STRUCTURE + DISCOUNT","SIDEWAYS","61.59","TRUE","FALSE","FALSE","LEADING","LEADING (Passive)","0.67","0.67","DRY / QUIET","0","100","45.41","20.38","27.08","13.17","267.23","273","298.51","163600","243815","1090","Supertrend bullish | RSI 45.4 lemah | Volume 0.67x | Lolos anti-crash ADX | RISEN SIDEWAYS","Full Grid (1-2-3-4)","100000000","358","304","290","272","0.1","0.2","0.3","0.4","279","657","1034","1470","3440","99931000","69000","290.5","290.5","244","530","700","700","31.84","16.01","95.53","140.97","3","8.81"
"HBAT","2026-05-26","2026-05-26","560","FULL","505","1.8145161290322582","HOLD","-","passive","FALSE","","BETA BREAKOUT","2026-05-21","","5d","5","UPTREND","BULLISH","BULLISH","BULLISH","UPTREND PREMIUM","NORMAL UPTREND","12.77","TRUE","TRUE","FALSE","LEADING","LEADING (Passive)","1.57","1.57","EXPANSION","91.07","8.93","66.2","23.7","28.62","16.81","437.43","408.97","305.89","4885900","3115270","1090","Supertrend bullish | RSI 66.2 > 50 | Volume valid 1.57x | Lolos anti-crash ADX | RISEN NORMAL UPTREND","Full Grid (1-2-3-4)","100000000","470","414","400","382","0.1","0.2","0.3","0.4","212","483","750","1047","2492","99955600","44400","401.11","401.13","350","650","830","830","25.53","12.74","76.6","106.93","3","8.39"
"HMSP","2026-05-26","2026-05-26","560","FULL","735","0.684931506849315","HOLD","-","passive","FALSE","","V-SHAPE","2026-05-21","","5d","5","UPTREND","BEARISH","BEARISH","BEARISH","STRUCTURE + DISCOUNT","SIDEWAYS","66.38","TRUE","FALSE","FALSE","LEADING","LEADING (Passive)","1.61","1.61","EXPANSION","50","50","46.11","11.44","12.2","16.15","743.01","756.92","745.59","38698400","24001800","1090","Supertrend bullish | RSI 46.1 lemah | Volume valid 1.61x | Lolos anti-crash ADX | RISEN SIDEWAYS","Full Grid (1-2-3-4)","100000000","745","730","725","720","0.1","0.2","0.3","0.4","134","273","413","555","1375","99814500","185500","725.92","725.93","710","800","880","880","4.7","2.19","18.12","21.22","3.86","9.68"
"STTP","2026-05-26","2026-05-26","560","FULL","9800","1.5544041450777202","AVOID","-","passive","FALSE","","EARLY SWEEP","2026-05-21","","5d","5","DOWNTREND","NEUTRAL","BEARISH","BEARISH","DOWNTREND DISCOUNT","SIDEWAYS","17.5","TRUE","FALSE","FALSE","LEADING","LEADING (Passive)","0.51","0.51","DRY / QUIET","87.5","12.5","49.54","26.48","37.16","15.57","9809.16","9867.52","10163.94","500","985","1090","Supertrend bearish | RSI 49.5 lemah | Volume 0.51x | Lolos anti-crash ADX | RISEN SIDEWAYS","Full Grid (1-2-3-4)","100000000","11225","10400","10200","9900","0.1","0.2","0.3","0.4","8","19","29","40","96","97920000","2080000","10200","10208.74","9500","13825","16400","16400","15.37","6.86","46.1","60.78","3","8.86"
"ARKA","2026-05-26","2026-05-26","560","FULL","31","3.3333333333333335","AVOID","-","passive","FALSE","","V-SHAPE","2026-05-20","","6d","6","DOWNTREND","NEUTRAL","BEARISH","BEARISH","STRUCTURE + DISCOUNT","SIDEWAYS","56.66","TRUE","FALSE","FALSE","LEADING","LEADING (Passive)","0.55","0.55","DRY / QUIET","0","100","48.84","30.84","19.8","23.89","31.01","32.03","31.69","1486700","2683320","1088","Supertrend bearish | RSI 48.8 lemah | Volume 0.55x | Crash filter aktif | RISEN SIDEWAYS","Full Grid (1-2-3-4)","100000000","32","31","31","30","0.1","0.2","0.3","0.4","3125","6451","9677","13333","32586","99995800","4200","30.69","30.69","30","35","39","39","6.25","2.24","21.88","27.09","3.5","12.11"
"BABP","2026-05-26","2026-05-26","560","FULL","50","0","AVOID","-","passive","FALSE","","EARLY SWEEP","2026-05-20","","6d","6","DOWNTREND","BEARISH","BEARISH","BEARISH","DOWNTREND DISCOUNT","SIDEWAYS","94.9","TRUE","FALSE","FALSE","LEADING","LEADING (Passive)","1.2","1.2","NORMAL","0","100","41.51","17.63","12.79","7.08","50.98","52.25","54.53","20498300","17104170","1088","Supertrend bearish | RSI 41.5 lemah | Volume 1.2x | Lolos anti-crash ADX | RISEN SIDEWAYS","Full Grid (1-2-3-4)","100000000","57","55","54","53","0.1","0.2","0.3","0.4","1754","3636","5555","7547","18492","99991900","8100","54.07","54.07","52","65","72","72","8.77","3.83","26.32","33.15","3","8.65"
"BBMD","2026-05-26","2026-05-26","560","FULL","1915","-0.7772020725388601","AVOID","-","passive","FALSE","","EARLY SWEEP","2026-05-20","","6d","6","DOWNTREND","BEARISH","BEARISH","BEARISH","STRUCTURE + DISCOUNT","NORMAL DOWNTREND","35.14","TRUE","FALSE","FALSE","LEADING","LEADING (Passive)","0.43","0.43","DRY / QUIET","50","50","43.51","12.29","38.14","38.63","1940.79","1959.52","2005.69","500","1170","1088","Supertrend bearish | RSI 43.5 lemah | Volume 0.43x | Lolos anti-crash ADX | RISEN NORMAL DOWNTREND","Full Grid (1-2-3-4)","100000000","1970","1955","1950","1945","0.1","0.2","0.3","0.4","50","102","153","205","510","99498500","501500","1950.95","1950.97","1935","2020","2100","2100","1.78","0.82","6.6","7.64","3.71","9.34"
"HOKI","2026-05-26","2026-05-26","560","FULL","61","0","AVOID","-","passive","FALSE","","V-SHAPE","2026-05-20","","6d","6","DOWNTREND","BEARISH","BEARISH","BEARISH","STRUCTURE + DISCOUNT","NORMAL DOWNTREND","32.61","TRUE","FALSE","FALSE","LEADING","LEADING (Passive)","0.29","0.29","DRY / QUIET","0","100","34.66","20.99","12.12","20.29","64.11","66.73","76.64","5364000","18697475","1088","Supertrend bearish | RSI 34.7 lemah | Volume 0.29x | Lolos anti-crash ADX | RISEN NORMAL DOWNTREND","Full Grid (1-2-3-4)","100000000","63","62","61","61","0.1","0.2","0.3","0.4","1587","3225","4918","6557","16287","99990600","9400","61.39","61.39","59","71","73","73","6.35","3.9","15.87","18.91","2.5","4.85"
"IKPM","2026-05-26","2026-05-26","560","FULL","193","-0.5154639175257731","AVOID","-","passive","FALSE","","EARLY SWEEP","2026-05-20","","6d","6","DOWNTREND","BEARISH","BEARISH","BEARISH","STRUCTURE + DISCOUNT","NORMAL DOWNTREND","43.68","TRUE","FALSE","FALSE","LEADING","LEADING (Passive)","0.05","0.05","DRY / QUIET","80","20","43.84","37.36","25.48","10.98","199.34","209.74","224.77","54000","1060685","1088","Supertrend bearish | RSI 43.8 lemah | Volume 0.05x | Lolos anti-crash ADX | RISEN NORMAL DOWNTREND","Full Grid (1-2-3-4)","100000000","262","232","224","214","0.1","0.2","0.3","0.4","381","862","1339","1869","4451","99970800","29200","224.6","224.61","196","362","460","460","25.19","12.73","75.57","104.81","3","8.23"
"IPCM","2026-05-26","2026-05-26","560","FULL","324","-0.6134969325153374","HOLD","-","passive","FALSE","","V-SHAPE","2026-05-20","","6d","6","UPTREND","BEARISH","BEARISH","BULLISH","STRUCTURE + DISCOUNT","SIDEWAYS","83.09","TRUE","FALSE","FALSE","LEADING","LEADING (Passive)","0.47","0.47","DRY / QUIET","50","50","47.04","18.37","15.42","16.17","325.46","328.36","321.34","482400","1027070","1088","Supertrend bullish | RSI 47.0 lemah | Volume 0.47x | Lolos anti-crash ADX | RISEN SIDEWAYS","Full Grid (1-2-3-4)","100000000","324","320","320","318","0.1","0.2","0.3","0.4","308","625","937","1257","3127","99935800","64200","319.59","319.59","314","344","348","348","3.09","1.75","7.41","8.89","2.4","5.08"
"JSMR","2026-05-26","2026-05-26","560","FULL","2970","-1","AVOID","-","passive","FALSE","","EARLY SWEEP","2026-05-20","","6d","6","DOWNTREND","BEARISH","BEARISH","BEARISH","STRUCTURE + DISCOUNT","NORMAL DOWNTREND","53.05","TRUE","FALSE","FALSE","LEADING","LEADING (Passive)","1.9","1.9","EXPANSION","14.29","85.71","40.33","26.78","13.67","21.98","3032.56","3146.38","3470.88","6761700","3562645","1088","Supertrend bearish | RSI 40.3 lemah | Volume valid 1.9x | Lolos anti-crash ADX | RISEN NORMAL DOWNTREND","Full Grid (1-2-3-4)","100000000","3450","3390","3380","3360","0.1","0.2","0.3","0.4","28","58","88","119","293","99050000","950000","3380.55","3380.8","3320","3650","4020","4020","3.77","1.79","16.52","18.92","4.38","10.56"
"MPIX","2026-05-26","2026-05-26","536","FULL","85","-2.2988505747126435","AVOID","-","passive","FALSE","","V-SHAPE","2026-05-20","","6d","6","DOWNTREND","NEUTRAL","BULLISH","BULLISH","STRUCTURE + DISCOUNT","SIDEWAYS","79.14","TRUE","FALSE","FALSE","LEADING","LEADING (Passive)","0.15","0.15","DRY / QUIET","0","100","49.95","38.64","27.5","10.15","85.01","84.79","79.38","3475300","22954935","1088","Supertrend bearish | RSI 50.0 lemah | Volume 0.15x | Lolos anti-crash ADX | RISEN SIDEWAYS","Full Grid (1-2-3-4)","100000000","89","82","80","78","0.1","0.2","0.3","0.4","1123","2439","3750","5128","12440","99992900","7100","80.38","80.38","74","112","134","134","16.85","7.94","50.56","66.71","3","8.4"
"PTPW","2026-05-26","2026-05-26","560","FULL","935","0","AVOID","-","passive","FALSE","","EARLY SWEEP","2026-05-20","","6d","6","DOWNTREND","BEARISH","BEARISH","BEARISH","STRUCTURE + DISCOUNT","NORMAL UPTREND","36.04","TRUE","TRUE","FALSE","LEADING","LEADING (Passive)","0.14","0.14","DRY / QUIET","0","100","40.44","14.88","30.6","29.61","946","957.88","959.7","14200","104265","1088","Supertrend bearish | RSI 40.4 lemah | Volume 0.14x | Lolos anti-crash ADX | RISEN NORMAL UPTREND","Full Grid (1-2-3-4)","100000000","1000","985","980","970","0.1","0.2","0.3","0.4","100","203","306","412","1021","99947500","52500","978.92","978.91","965","1055","1160","1160","3.5","1.42","16","18.5","4.57","13.01"
"RANC","2026-05-26","2026-05-26","560","FULL","535","1.9047619047619049","AVOID","-","passive","FALSE","","EARLY SWEEP","2026-05-20","","6d","6","DOWNTREND","BEARISH","BEARISH","BEARISH","STRUCTURE + DISCOUNT","SIDEWAYS","88.78","TRUE","FALSE","FALSE","LEADING","LEADING (Passive)","0.44","0.44","DRY / QUIET","81.82","18.18","45.56","11.52","17.97","19.05","547.78","586.31","655.26","34900","79485","1088","Supertrend bearish | RSI 45.6 lemah | Volume 0.44x | Lolos anti-crash ADX | RISEN SIDEWAYS","Full Grid (1-2-3-4)","100000000","705","665","655","640","0.1","0.2","0.3","0.4","141","300","458","625","1524","99889500","110500","655.44","655.48","615","875","1220","1220","12.77","6.17","73.05","86.13","5.72","13.96"
"SURE","2026-05-26","2026-05-26","560","FULL","2590","1.968503937007874","HOLD","-","passive","FALSE","","BETA BREAKOUT + V-SHAPE","2026-05-20","","6d","6","UPTREND","BEARISH","BEARISH","BEARISH","STRUCTURE + DISCOUNT","SIDEWAYS","40.89","TRUE","FALSE","FALSE","LEADING","LEADING (Passive)","0.09","0.09","DRY / QUIET","28.57","71.43","47.97","15.06","25.48","18.41","2632.92","2674.37","2689.57","1300","14535","1088","Supertrend bullish | RSI 48.0 lemah | Volume 0.09x | Lolos anti-crash ADX | RISEN SIDEWAYS","Full Grid (1-2-3-4)","100000000","2960","2650","2570","2460","0.1","0.2","0.3","0.4","33","75","116","162","386","99307000","693000","2572.72","2573.42","2290","3970","4970","4970","22.64","10.99","67.91","93.18","3","8.48"
"BRIS","2026-05-26","2026-05-26","560","FULL","1930","-0.2583979328165375","HOLD","-","passive","FALSE","","V-SHAPE","2026-05-19","","7d","7","UPTREND","BULLISH","BEARISH","BEARISH","UPTREND DISCOUNT","NORMAL DOWNTREND","46.7","TRUE","FALSE","FALSE","LEADING","LEADING (Passive)","1.44","1.44","EXPANSION","50","50","52.78","23.28","24.32","22.44","1872.94","1980.15","2275.77","40107000","27773400","1086","Supertrend bullish | RSI 52.8 > 50 | Volume valid 1.44x | Lolos anti-crash ADX | RISEN NORMAL DOWNTREND","Full Grid (1-2-3-4)","100000000","1770","1735","1725","1715","0.1","0.2","0.3","0.4","56","115","173","233","577","99666500","333500","1727.32","1727.35","1685","2190","2330","2330","4.8","2.45","31.64","34.89","6.59","14.24"
"KEJU","2026-05-26","2026-05-26","560","FULL","575","1.7699115044247788","HOLD","-","passive","FALSE","","SMART SNIPER + V-SHAPE","2026-05-19","Structure + Discount","7d","7","UPTREND","BULLISH","BULLISH","BEARISH","STRUCTURE + DISCOUNT","SIDEWAYS","0","FALSE","FALSE","FALSE","LEADING","LEADING (Passive)","0.96","0.96","NORMAL","75","25","58.96","14.83","13.9","13.5","556.31","558.72","635.54","323900","337775","1086","Supertrend bullish | RSI 59.0 > 50 | Volume 0.96x | Lolos anti-crash ADX | RISEN SIDEWAYS","Full Grid (1-2-3-4)","100000000","555","545","540","535","0.1","0.2","0.3","0.4","180","366","555","747","1848","99871500","128500","540.43","540.43","525","600","605","605","5.41","2.86","9.01","11.95","1.67","4.18"
"SQMI","2026-05-26","2026-05-26","560","FULL","47","0","AVOID","-","passive","FALSE","","EARLY SWEEP","2026-05-19","","7d","7","DOWNTREND","BEARISH","BEARISH","BEARISH","DOWNTREND DISCOUNT","SIDEWAYS","21.56","TRUE","FALSE","FALSE","LEADING","LEADING (Passive)","0.72","0.72","DRY / QUIET","50","50","43.92","33.93","20.77","37.19","48.64","51.77","47.96","3073100","4267020","1086","Supertrend bearish | RSI 43.9 lemah | Volume 0.72x | Crash filter aktif | RISEN SIDEWAYS","Full Grid (1-2-3-4)","100000000","48","44","43","42","0.1","0.2","0.3","0.4","2083","4545","6976","9523","23127","99989800","10200","43.24","43.24","40","60","72","72","16.67","7.48","50","66.53","3","8.89"
"BBCA","2026-05-26","2026-05-26","560","FULL","5975","-2.0491803278688523","AVOID","-","passive","FALSE","","EARLY SWEEP","2026-05-18","","8d","8","DOWNTREND","BEARISH","BEARISH","BEARISH","STRUCTURE + DISCOUNT","NORMAL DOWNTREND","48.09","TRUE","FALSE","FALSE","LEADING","LEADING (Passive)","1.06","1.06","NORMAL","16.67","83.33","41.61","18.62","23.73","21.99","6107.63","6420.47","7466.64","225158700","211930170","1084","Supertrend bearish | RSI 41.6 lemah | Volume 1.06x | Lolos anti-crash ADX | RISEN NORMAL DOWNTREND","Full Grid (1-2-3-4)","100000000","7200","6800","6700","6550","0.1","0.2","0.3","0.4","13","29","44","61","147","98515000","1485000","6701.7","6704.86","6325","8700","8750","8750","12.15","5.62","21.53","30.56","1.77","5.44"
"BTON","2026-05-26","2026-05-26","560","FULL","378","0","AVOID","-","passive","FALSE","","EARLY SWEEP","2026-05-18","","8d","8","DOWNTREND","NEUTRAL","BEARISH","BEARISH","DEMAND STRUCTURE","SIDEWAYS","25","TRUE","FALSE","FALSE","LEADING","LEADING (Passive)","0.34","0.34","DRY / QUIET","75","25","49.44","26.17","11.61","16.7","378.16","380.03","386.06","3000","8855","1084","Supertrend bearish | RSI 49.4 lemah | Volume 0.34x | Lolos anti-crash ADX | RISEN SIDEWAYS","Full Grid (1-2-3-4)","100000000","390","374","368","364","0.1","0.2","0.3","0.4","256","534","815","1098","2703","99914800","85200","369.64","369.65","354","444","498","498","9.23","4.23","27.69","34.72","3","8.2"
"CANI","2026-05-26","2026-05-26","560","FULL","138","-6.756756756756757","AVOID","-","passive","FALSE","","EARLY SWEEP","2026-05-18","","8d","8","DOWNTREND","BEARISH","BEARISH","BULLISH","STRUCTURE + DISCOUNT","SIDEWAYS","53.45","TRUE","FALSE","TRUE","LEADING","LEADING (Passive)","1.7","1.7","EXPANSION","100","0","45.79","14.56","24.94","41.02","148.2","154.4","125.42","782900","459760","1084","Supertrend bearish | RSI 45.8 lemah | Volume valid 1.7x | Lolos anti-crash ADX | RISEN SIDEWAYS","Full Grid (1-2-3-4)","100000000","57","50","48","45","0.1","0.2","0.3","0.4","1754","4000","6250","8888","20892","99993800","6200","47.86","47.86","42","80","102","102","26.32","12.25","78.95","113.11","3","9.23"
"MYOR","2026-05-26","2026-05-26","560","FULL","1850","-2.1164021164021163","HOLD","-","passive","FALSE","","EARLY SWEEP","2026-05-18","","8d","8","UPTREND","BULLISH","BEARISH","BEARISH","STRUCTURE + DISCOUNT","SIDEWAYS","67.2","TRUE","FALSE","FALSE","LEADING","LEADING (Passive)","0.52","0.52","DRY / QUIET","40","60","51.79","17.51","23.06","20.36","1829.08","1880.37","2059.79","6233300","11901705","1084","Supertrend bullish | RSI 51.8 > 50 | Volume 0.52x | Lolos anti-crash ADX | RISEN SIDEWAYS","Full Grid (1-2-3-4)","100000000","2510","2460","2450","2430","0.1","0.2","0.3","0.4","39","81","122","164","406","99457000","543000","2449.68","2449.78","2390","2690","2960","2960","4.78","2.44","17.93","20.83","3.75","8.55"
"PGAS","2026-05-26","2026-05-26","560","FULL","1895","1.0666666666666667","AVOID","-","passive","FALSE","","EARLY SWEEP","2026-05-18","","8d","8","DOWNTREND","BULLISH","BEARISH","BULLISH","STRUCTURE + DISCOUNT","SIDEWAYS","90.74","TRUE","FALSE","FALSE","LEADING","LEADING (Passive)","1.15","1.15","NORMAL","50","50","52.2","21.85","20.1","22.29","1870.21","1915.11","1871.33","29151000","25407000","1084","Supertrend bearish | RSI 52.2 > 50 | Volume 1.15x | Lolos anti-crash ADX | RISEN SIDEWAYS","Full Grid (1-2-3-4)","100000000","2040","1965","1945","1920","0.1","0.2","0.3","0.4","49","101","154","208","512","99731500","268500","1947.88","1947.89","1865","2300","2310","2310","8.58","4.25","13.24","18.59","1.54","4.37"
"PNBS","2026-05-26","2026-05-26","560","FULL","50","0","AVOID","-","passive","FALSE","","EARLY SWEEP","2026-05-18","","8d","8","DOWNTREND","BEARISH","BEARISH","BEARISH","DOWNTREND DISCOUNT","SIDEWAYS","76.26","TRUE","FALSE","FALSE","LEADING","LEADING (Passive)","0.34","0.34","DRY / QUIET","0","100","44.82","52.64","19","3.5","50.51","51","52.16","7738400","22779300","1084","Supertrend bearish | RSI 44.8 lemah | Volume 0.34x | Lolos anti-crash ADX | RISEN SIDEWAYS","Full Grid (1-2-3-4)","100000000","53","52","51","51","0.1","0.2","0.3","0.4","1886","3846","5882","7843","19457","99992500","7500","51.39","51.39","50","58","64","64","5.66","2.71","20.75","24.53","3.67","9.06"
"SCMA","2026-05-26","2026-05-26","560","FULL","228","-0.8695652173913043","AVOID","-","passive","FALSE","","EARLY SWEEP","2026-05-18","","8d","8","DOWNTREND","BEARISH","BEARISH","BEARISH","STRUCTURE + DISCOUNT","NORMAL DOWNTREND","67.79","TRUE","FALSE","FALSE","LEADING","LEADING (Passive)","0.65","0.65","DRY / QUIET","33.33","66.67","37.01","25.7","14.88","25.82","245.31","260.99","278.72","27136000","41627905","1084","Supertrend bearish | RSI 37.0 lemah | Volume 0.65x | Lolos anti-crash ADX | RISEN NORMAL DOWNTREND","Full Grid (1-2-3-4)","100000000","308","262","252","236","0.1","0.2","0.3","0.4","324","763","1190","1694","3971","99936200","63800","251.67","251.67","212","452","595","595","31.17","15.76","93.18","136.43","2.99","8.66"
"TLKM","2026-05-26","2026-05-26","560","FULL","3090","5.460750853242321","AVOID","-","passive","FALSE","","SMART SNIPER","2026-05-18","Structure + Discount","8d","8","DOWNTREND","BULLISH","BULLISH","BEARISH","STRUCTURE + DISCOUNT","SIDEWAYS","45.07","TRUE","FALSE","FALSE","LEADING","LEADING (Passive)","1.13","1.13","NORMAL","93.75","6.25","56.41","21.17","26","25.11","2992.93","3071.16","3174.92","136083800","120119345","1084","Supertrend bearish | RSI 56.4 > 50 | Volume 1.13x | Lolos anti-crash ADX | RISEN SIDEWAYS","Full Grid (1-2-3-4)","100000000","3080","2920","2880","2820","0.1","0.2","0.3","0.4","32","68","104","141","345","99426000","574000","2881.91","2882.08","2730","3610","4130","4130","11.36","5.27","34.09","43.31","3","8.22"
"LRNA","2026-05-26","2026-05-26","560","FULL","197","6.486486486486487","AVOID","-","passive","FALSE","","V-SHAPE","2026-05-07","","19d","19","DOWNTREND","NEUTRAL","BEARISH","BEARISH","STRUCTURE + DISCOUNT","SIDEWAYS","31.35","TRUE","FALSE","TRUE","LEADING","LEADING (Passive)","3.24","3.24","VOLUME SURGE","29.79","70.21","48.86","36.97","32.46","13.99","196.82","203.44","200.2","4302600","1328975","1082","Supertrend bearish | RSI 48.9 lemah | Volume valid 3.24x | Lolos anti-crash ADX | RISEN SIDEWAYS","Full Grid (1-2-3-4)","100000000","206","200","199","197","0.1","0.2","0.3","0.4","485","1000","1507","2030","5022","99971300","28700","199.07","199.07","192","228","250","250","6.8","3.55","21.36","25.59","3.14","7.21"
"CPIN","2026-05-26","2026-05-26","560","FULL","4480","1.8181818181818181","HOLD","-","passive","FALSE","","V-SHAPE","2026-05-13","","13d","13","UPTREND","BULLISH","BULLISH","BULLISH","UPTREND PREMIUM","NORMAL DOWNTREND","0","FALSE","FALSE","FALSE","LEADING","LEADING (Passive)","1.87","1.87","EXPANSION","75","25","62.08","17.04","31.02","16.74","4219.84","4213.75","4423.1","10649900","5683315","1074","Supertrend bullish | RSI 62.1 > 50 | Volume valid 1.87x | Lolos anti-crash ADX | RISEN NORMAL DOWNTREND","Full Grid (1-2-3-4)","100000000","4160","4060","4040","4000","0.1","0.2","0.3","0.4","24","49","74","100","247","99774000","226000","4039.43","4039.47","3930","4540","4640","4640","5.53","2.71","11.54","14.87","2.09","5.49"
"KINO","2026-05-26","2026-05-26","560","FULL","1150","1.7699115044247788","HOLD","-","passive","FALSE","","SMART SNIPER","2026-05-13","Structure + Discount","13d","13","UPTREND","BULLISH","NEUTRAL","BEARISH","STRUCTURE + DISCOUNT","SIDEWAYS","100","TRUE","FALSE","FALSE","LEADING","LEADING (Passive)","0.17","0.17","DRY / QUIET","100","0","55.28","10.26","14.23","12.17","1126.83","1149.1","1195.81","5200","30440","1074","Supertrend bullish | RSI 55.3 > 50 | Volume 0.17x | Lolos anti-crash ADX | RISEN SIDEWAYS","Full Grid (1-2-3-4)","100000000","1155","1125","1115","1105","0.1","0.2","0.3","0.4","86","177","269","361","893","99729500","270500","1116.79","1116.81","1080","1270","1395","1395","6.49","3.29","20.78","24.91","3.2","7.56"
"MRAT","2026-05-26","2026-05-26","560","FULL","442","0.45454545454545453","HOLD","-","passive","FALSE","","SMART GAMMA","2026-05-13","","13d","13","UPTREND","BULLISH","BULLISH","BULLISH","STRUCTURE + DISCOUNT","SIDEWAYS","90.29","TRUE","FALSE","FALSE","LEADING","LEADING (Passive)","1.11","1.11","NORMAL","20","80","57.84","17.79","24.27","18.96","429.39","430.01","404.87","415200","372745","1074","Supertrend bullish | RSI 57.8 > 50 | Volume 1.11x | Lolos anti-crash ADX | RISEN SIDEWAYS","Full Grid (1-2-3-4)","100000000","440","418","412","404","0.1","0.2","0.3","0.4","227","478","728","990","2423","99958000","42000","412.54","412.54","392","510","585","585","10.91","4.98","32.95","41.81","3.02","8.4"
"NASA","2026-05-26","2026-05-26","560","FULL","37","5.714285714285714","AVOID","-","passive","FALSE","","SMART SNIPER","2026-05-13","Structure + Discount","13d","13","DOWNTREND","BEARISH","BEARISH","BULLISH","STRUCTURE + DISCOUNT","SIDEWAYS","57.22","TRUE","FALSE","FALSE","LEADING","LEADING (Passive)","0.3","0.3","DRY / QUIET","100","0","47.69","16.04","29.53","40.08","37.49","38.22","35.4","379900","1255655","1074","Supertrend bearish | RSI 47.7 lemah | Volume 0.3x | Lolos anti-crash ADX | RISEN SIDEWAYS","Full Grid (1-2-3-4)","100000000","39","38","37","37","0.1","0.2","0.3","0.4","2564","5263","8108","10810","26745","99995600","4400","37.39","37.39","36","44","48","48","7.69","3.71","23.08","28.38","3","7.64"
"PGJO","2026-05-26","2026-05-26","560","FULL","815","2.515723270440252","HOLD","-","passive","FALSE","","SMART GAMMA","2026-05-13","","13d","13","UPTREND","BULLISH","BULLISH","BULLISH","UPTREND DISCOUNT","SIDEWAYS","44.9","TRUE","FALSE","FALSE","LEADING","LEADING (Passive)","0.19","0.19","DRY / QUIET","0","100","52.75","25.35","42.07","29.09","795.61","783.96","796.2","74200","391475","1074","Supertrend bullish | RSI 52.8 > 50 | Volume 0.19x | Lolos anti-crash ADX | RISEN SIDEWAYS","Full Grid (1-2-3-4)","100000000","880","705","660","600","0.1","0.2","0.3","0.4","113","283","454","666","1516","99819500","180500","658.44","658.53","515","1430","1975","1975","41.48","21.78","124.43","199.95","3","9.18"
"RIGS","2026-05-26","2026-05-26","560","FULL","695","1.4598540145985401","AVOID","-","passive","FALSE","","V-SHAPE","2026-05-13","","13d","13","DOWNTREND","BULLISH","NEUTRAL","BEARISH","STRUCTURE + DISCOUNT","SIDEWAYS","53.53","TRUE","FALSE","FALSE","LEADING","LEADING (Passive)","1.52","1.52","EXPANSION","100","0","54.57","22.44","10.39","15.03","685.43","695.98","732.33","120600","79370","1074","Supertrend bearish | RSI 54.6 > 50 | Volume valid 1.52x | Lolos anti-crash ADX | RISEN SIDEWAYS","Full Grid (1-2-3-4)","100000000","685","665","655","650","0.1","0.2","0.3","0.4","145","300","458","615","1518","99856500","143500","657.82","657.84","635","760","835","835","7.3","3.47","21.9","26.94","3","7.77"
"TOTO","2026-05-26","2026-05-26","560","FULL","252","-0.7874015748031495","AVOID","-","passive","FALSE","","EARLY SWEEP","2026-05-13","","13d","13","DOWNTREND","BEARISH","BEARISH","BEARISH","DOWNTREND DISCOUNT","NORMAL DOWNTREND","35.38","TRUE","FALSE","FALSE","LEADING","LEADING (Passive)","0.3","0.3","DRY / QUIET","66.67","33.33","40.48","33.79","12.01","22.14","257.52","264.35","262.66","475200","1582475","1074","Supertrend bearish | RSI 40.5 lemah | Volume 0.3x | Crash filter aktif | RISEN NORMAL DOWNTREND","Full Grid (1-2-3-4)","100000000","282","258","252","242","0.1","0.2","0.3","0.4","354","775","1190","1652","3971","99944200","55800","251.69","251.69","230","360","438","438","18.44","8.62","55.32","74.03","3","8.59"
"VRNA","2026-05-26","2026-05-26","560","FULL","79","-2.4691358024691357","HOLD","-","passive","FALSE","","SMART SNIPER + V-SHAPE","2026-05-13","Demand Structure","13d","13","UPTREND","BEARISH","BEARISH","BEARISH","STRUCTURE + DISCOUNT","SIDEWAYS","77.3","TRUE","FALSE","FALSE","LEADING","LEADING (Passive)","0.13","0.13","DRY / QUIET","0","100","48.15","30.06","18.11","11.29","79.65","79.77","82.21","95800","758775","1074","Supertrend bullish | RSI 48.1 lemah | Volume 0.13x | Lolos anti-crash ADX | RISEN SIDEWAYS","Full Grid (1-2-3-4)","100000000","83","77","76","74","0.1","0.2","0.3","0.4","1204","2597","3947","5405","13153","99984300","15700","76.02","76.02","70","103","122","122","15.66","7.91","46.99","60.49","3","7.64"
"AMMS","2026-05-26","2026-05-26","560","FULL","378","2.717391304347826","AVOID","-","passive","FALSE","","V-SHAPE","2026-05-12","","14d","14","DOWNTREND","BEARISH","BEARISH","BULLISH","STRUCTURE + DISCOUNT","SIDEWAYS","78.14","TRUE","FALSE","FALSE","LEADING","LEADING (Passive)","1.19","1.19","NORMAL","92.31","7.69","45.11","20.97","11.59","17.38","384.26","398.82","352.09","387800","325215","1072","Supertrend bearish | RSI 45.1 lemah | Volume 1.19x | Lolos anti-crash ADX | RISEN SIDEWAYS","Full Grid (1-2-3-4)","100000000","390","370","364","356","0.1","0.2","0.3","0.4","256","540","824","1123","2743","99936400","63600","364.33","364.34","342","462","466","466","12.31","6.13","19.49","27.91","1.58","4.55"
"CSRA","2026-05-26","2026-05-26","560","FULL","855","1.183431952662722","AVOID","-","passive","FALSE","","EARLY SWEEP","2026-05-12","","14d","14","DOWNTREND","BEARISH","BEARISH","BEARISH","STRUCTURE + DISCOUNT","NORMAL DOWNTREND","32.39","TRUE","FALSE","FALSE","LEADING","LEADING (Passive)","0.13","0.13","DRY / QUIET","66.67","33.33","40.05","17.77","15.14","24.34","882.06","906.18","875.51","79200","606350","1072","Supertrend bearish | RSI 40.0 lemah | Volume 0.13x | Lolos anti-crash ADX | RISEN NORMAL DOWNTREND","Full Grid (1-2-3-4)","100000000","905","855","840","820","0.1","0.2","0.3","0.4","110","233","357","487","1187","99798500","201500","840.76","840.79","790","1080","1250","1250","12.71","6.04","38.12","48.67","3","8.06"
"MAIN","2026-05-26","2026-05-26","560","FULL","835","0.6024096385542169","AVOID","-","passive","FALSE","","EARLY SWEEP","2026-05-12","","14d","14","DOWNTREND","BEARISH","BEARISH","BULLISH","STRUCTURE + DISCOUNT","NORMAL UPTREND","42.6","TRUE","TRUE","FALSE","LEADING","LEADING (Passive)","0.25","0.25","DRY / QUIET","50","50","38.43","33.96","10.7","25.26","874.26","889.33","823.94","1223500","4807770","1072","Supertrend bearish | RSI 38.4 lemah | Volume 0.25x | Crash filter aktif | RISEN NORMAL UPTREND","Full Grid (1-2-3-4)","100000000","1010","840","800","745","0.1","0.2","0.3","0.4","99","238","375","536","1248","99923000","77000","800.67","800.63","660","1535","2060","2060","34.65","17.57","103.96","157.29","3","8.95"
"GJTL","2026-05-26","2026-05-26","560","FULL","1195","-0.4166666666666667","HOLD","-","passive","FALSE","","G ACC","2026-05-11","","15d","15","UPTREND","BULLISH","BULLISH","BULLISH","DEMAND STRUCTURE","NORMAL UPTREND","54.11","TRUE","TRUE","FALSE","LEADING","LEADING (Passive)","0.47","0.47","DRY / QUIET","25","75","53.2","23.22","19.85","17.68","1186.43","1156.82","1101.86","3172800","6692040","1070","Supertrend bullish | RSI 53.2 > 50 | Volume 0.47x | Lolos anti-crash ADX | RISEN NORMAL UPTREND","Full Grid (1-2-3-4)","100000000","1240","1120","1090","1050","0.1","0.2","0.3","0.4","80","178","275","380","913","99731000","269000","1092.34","1092.42","995","1610","1975","1975","19.76","8.91","59.27","80.8","3","9.07"
"GPRA","2026-05-26","2026-05-26","560","FULL","103","0.9803921568627451","AVOID","-","passive","FALSE","","EARLY SWEEP","2026-05-11","","15d","15","DOWNTREND","BEARISH","BEARISH","BEARISH","STRUCTURE + DISCOUNT","NORMAL DOWNTREND","31.41","TRUE","FALSE","FALSE","LEADING","LEADING (Passive)","1.14","1.14","NORMAL","42.86","57.14","42.19","17.97","15.58","16.07","107.71","110.84","119.01","44271100","38912410","1070","Supertrend bearish | RSI 42.2 lemah | Volume 1.14x | Lolos anti-crash ADX | RISEN NORMAL DOWNTREND","Full Grid (1-2-3-4)","100000000","115","104","101","98","0.1","0.2","0.3","0.4","869","1923","2970","4081","9843","99983500","16500","101.58","101.58","92","150","184","184","20","9.43","60","81.14","3","8.61"
"MICE","2026-05-26","2026-05-26","560","FULL","505","-0.9803921568627451","AVOID","-","passive","FALSE","","EARLY SWEEP","2026-05-11","","15d","15","DOWNTREND","NEUTRAL","BEARISH","BEARISH","STRUCTURE + DISCOUNT","SIDEWAYS","71.16","TRUE","FALSE","FALSE","LEADING","LEADING (Passive)","0.04","0.04","DRY / QUIET","0","100","49.79","46.08","29.61","13.11","504.08","511.83","525.7","1400","36950","1070","Supertrend bearish | RSI 49.8 lemah | Volume 0.04x | Lolos anti-crash ADX | RISEN SIDEWAYS","Full Grid (1-2-3-4)","100000000","494","472","466","460","0.1","0.2","0.3","0.4","202","423","643","869","2137","99882200","117800","467.39","467.4","446","565","640","640","9.72","4.58","29.55","36.93","3.04","8.07"
"PEVE","2026-05-26","2026-05-26","560","FULL","352","-1.675977653631285","AVOID","-","passive","FALSE","","V-SHAPE","2026-05-11","","15d","15","DOWNTREND","BEARISH","BEARISH","BEARISH","STRUCTURE + DISCOUNT","NORMAL DOWNTREND","34.99","TRUE","FALSE","FALSE","LEADING","LEADING (Passive)","0.05","0.05","DRY / QUIET","70","30","38.72","27.67","16.73","24.45","377.79","428.19","456.12","24300","537490","1070","Supertrend bearish | RSI 38.7 lemah | Volume 0.05x | Lolos anti-crash ADX | RISEN NORMAL DOWNTREND","Full Grid (1-2-3-4)","100000000","400","380","376","368","0.1","0.2","0.3","0.4","250","526","797","1086","2659","99920000","80000","375.78","375.78","354","500","530","530","11.5","5.8","32.5","41.04","2.83","7.08"
"SAGE","2026-05-26","2026-05-26","560","FULL","32","-5.88235294117647","HOLD","-","passive","FALSE","","EARLY SWEEP","2026-05-11","","15d","15","UPTREND","BULLISH","BULLISH","BULLISH","STRUCTURE + DISCOUNT","NORMAL DOWNTREND","38.63","TRUE","FALSE","FALSE","LEADING","LEADING (Passive)","0.78","0.78","DRY / QUIET","0","100","53.65","17.35","40.41","21.66","30.83","31.64","30.96","2963500","3813705","1070","Supertrend bullish | RSI 53.6 > 50 | Volume 0.78x | Lolos anti-crash ADX | RISEN NORMAL DOWNTREND","Full Grid (1-2-3-4)","100000000","34","32","31","30","0.1","0.2","0.3","0.4","2941","6250","9677","13333","32201","99997100","2900","31.05","31.05","29","42","52","52","14.71","6.61","52.94","67.45","3.6","10.2"
"TRST","2026-05-26","2026-05-26","560","FULL","460","-2.127659574468085","AVOID","-","passive","FALSE","","V-SHAPE","2026-05-11","","15d","15","DOWNTREND","BEARISH","BEARISH","BEARISH","DEMAND STRUCTURE","SIDEWAYS","52.21","TRUE","FALSE","FALSE","LEADING","LEADING (Passive)","0.17","0.17","DRY / QUIET","36.36","63.64","47.79","15.81","15.92","16.05","464.77","467.26","475.34","18500","110310","1070","Supertrend bearish | RSI 47.8 lemah | Volume 0.17x | Lolos anti-crash ADX | RISEN SIDEWAYS","Full Grid (1-2-3-4)","100000000","486","444","434","420","0.1","0.2","0.3","0.4","205","450","691","952","2298","99916400","83600","434.8","434.81","398","620","750","750","18.11","8.46","54.32","72.49","3","8.57"
"VTNY","2026-05-26","2026-05-26","560","FULL","62","0","AVOID","-","passive","FALSE","","V-SHAPE","2026-05-11","","15d","15","DOWNTREND","BEARISH","BEARISH","BEARISH","STRUCTURE + DISCOUNT","NORMAL DOWNTREND","24.36","TRUE","FALSE","FALSE","LEADING","LEADING (Passive)","0.98","0.98","NORMAL","66.67","33.33","40.13","17.11","17.88","23.56","66.2","70.39","90.76","17638500","17998630","1070","Supertrend bearish | RSI 40.1 lemah | Volume 0.98x | Lolos anti-crash ADX | RISEN NORMAL DOWNTREND","Full Grid (1-2-3-4)","100000000","73","65","63","60","0.1","0.2","0.3","0.4","1369","3076","4761","6666","15872","99978000","22000","62.99","62.99","56","99","124","124","23.29","11.1","69.86","96.86","3","8.73"
"RONY","2026-05-26","2026-05-26","560","FULL","1235","-5.363984674329502","AVOID","-","passive","FALSE","","EARLY SWEEP","2026-05-25","","NEW","1","DOWNTREND","BEARISH","BEARISH","BEARISH","STRUCTURE + DISCOUNT","SIDEWAYS","30.25","TRUE","FALSE","FALSE","IMPROVING","IMPROVING (Passive)","2.05","2.05","VOLUME SURGE","16.48","83.52","39.79","20.27","31.56","15.37","1388.51","1738.98","2540.59","120200","58555","1068","Supertrend bearish | RSI 39.8 lemah | Volume valid 2.05x | Lolos anti-crash ADX | RISEN SIDEWAYS","Full Grid (1-2-3-4)","100000000","2590","2420","2370","2310","0.1","0.2","0.3","0.4","38","82","126","173","419","99511000","489000","2374.96","2375.31","2170","3270","3360","3360","16.22","8.63","29.73","41.48","1.83","4.81"
"IFII","2026-05-26","2026-05-26","560","FULL","224","0","AVOID","-","passive","FALSE","","V-SHAPE","2026-05-08","","18d","18","DOWNTREND","NEUTRAL","BEARISH","BEARISH","STRUCTURE + DISCOUNT","SIDEWAYS","43.69","TRUE","FALSE","FALSE","LEADING","LEADING (Passive)","1.57","1.57","EXPANSION","33.33","66.67","49.55","28.76","22.54","9.28","223.97","226.55","229.9","339500","216305","1064","Supertrend bearish | RSI 49.5 lemah | Volume valid 1.57x | Lolos anti-crash ADX | RISEN SIDEWAYS","Full Grid (1-2-3-4)","100000000","226","218","216","214","0.1","0.2","0.3","0.4","442","917","1388","1869","4616","99957200","42800","216.55","216.55","208","254","280","280","7.96","3.95","23.89","29.3","3","7.43"
"CEKA","2026-05-26","2026-05-26","560","FULL","2370","2.1551724137931036","HOLD","-","passive","FALSE","","SMART SNIPER","2026-04-27","Discount Only","29d","29","UPTREND","BULLISH","BULLISH","BEARISH","STRUCTURE + DISCOUNT","SIDEWAYS","55.33","TRUE","FALSE","TRUE","LEADING","LEADING (Passive)","3.11","3.11","VOLUME SURGE","100","0","54.28","35.54","15.8","19.67","2348.69","2341.96","2397.04","180300","58005","1062","Supertrend bullish | RSI 54.3 > 50 | Volume valid 3.11x | Crash filter aktif | RISEN SIDEWAYS","Full Grid (1-2-3-4)","100000000","2370","2280","2250","2220","0.1","0.2","0.3","0.4","42","87","133","180","442","99675000","325000","2255.09","2255.16","2170","2670","2970","2970","8.44","3.77","25.32","31.7","3","8.4"
"MAPA","2026-05-26","2026-05-26","560","FULL","605","-1.6260162601626018","AVOID","-","passive","FALSE","","V-SHAPE","2026-05-07","","19d","19","DOWNTREND","BEARISH","BEARISH","BEARISH","STRUCTURE + DISCOUNT","NORMAL DOWNTREND","60.56","TRUE","FALSE","FALSE","LEADING","LEADING (Passive)","0.14","0.14","DRY / QUIET","0","100","45.4","12.09","21.42","21.63","618.18","634.42","670.56","3219100","22932330","1062","Supertrend bearish | RSI 45.4 lemah | Volume 0.14x | Lolos anti-crash ADX | RISEN NORMAL DOWNTREND","Full Grid (1-2-3-4)","100000000","625","615","610","605","0.1","0.2","0.3","0.4","160","325","491","661","1637","99929000","71000","610.44","610.44","595","670","690","690","4.8","2.53","10.4","13.03","2.17","5.15"
"NIRO","2026-05-26","2026-05-26","560","FULL","172","-9.473684210526317","AVOID","-","passive","FALSE","","V-SHAPE","2026-05-07","","19d","19","DOWNTREND","BEARISH","BEARISH","BEARISH","STRUCTURE + DISCOUNT","NORMAL DOWNTREND","41.43","TRUE","FALSE","FALSE","LEADING","LEADING (Passive)","0.14","0.14","DRY / QUIET","12.5","87.5","43.9","36.69","27.22","9.43","187.99","201.72","210.14","1482700","10604535","1062","Supertrend bearish | RSI 43.9 lemah | Volume 0.14x | Lolos anti-crash ADX | RISEN NORMAL DOWNTREND","Full Grid (1-2-3-4)","100000000","210","194","190","185","0.1","0.2","0.3","0.4","476","1030","1578","2162","5246","99957000","43000","190.54","190.54","173","266","322","322","17.62","9.21","53.33","68.99","3.03","7.5"
"PCAR","2026-05-26","2026-05-26","560","FULL","39","8.333333333333332","HOLD","-","passive","FALSE","","EARLY SWEEP","2026-05-07","","19d","19","UPTREND","BULLISH","BULLISH","BEARISH","UPTREND DISCOUNT","SIDEWAYS","65.06","TRUE","FALSE","FALSE","LEADING","LEADING (Passive)","1.29","1.29","EXPANSION","50","50","56.72","14.89","33.29","21.22","37.01","38.26","39.93","4589700","3550055","1062","Supertrend bullish | RSI 56.7 > 50 | Volume valid 1.29x | Lolos anti-crash ADX | RISEN SIDEWAYS","Full Grid (1-2-3-4)","100000000","46","41","40","38","0.1","0.2","0.3","0.4","2173","4878","7500","10526","25077","99994400","5600","39.87","39.88","36","61","76","76","21.74","9.72","65.22","90.6","3","9.32"
"PWON","2026-05-26","2026-05-26","560","FULL","292","-1.3513513513513513","AVOID","-","passive","FALSE","","EARLY SWEEP","2026-05-07","","19d","19","DOWNTREND","BEARISH","BEARISH","BEARISH","STRUCTURE + DISCOUNT","NORMAL DOWNTREND","25","TRUE","FALSE","FALSE","LEADING","LEADING (Passive)","0.53","0.53","DRY / QUIET","0","100","27.86","33.4","11.51","26.12","312.25","327.73","354.38","24264200","45844705","1062","Supertrend bearish | RSI 27.9 lemah | Volume 0.53x | Crash filter aktif | RISEN NORMAL DOWNTREND","Full Grid (1-2-3-4)","100000000","352","348","348","346","0.1","0.2","0.3","0.4","284","574","862","1156","2876","99967200","32800","347.59","347.59","342","372","380","380","2.84","1.61","7.95","9.32","2.8","5.8"
"UNTD","2026-05-26","2026-05-26","536","FULL","76","0","AVOID","-","passive","FALSE","","EARLY SWEEP","2026-05-07","","19d","19","DOWNTREND","BEARISH","BEARISH","BEARISH","DOWNTREND DISCOUNT","NORMAL DOWNTREND","36.13","TRUE","FALSE","FALSE","LEADING","LEADING (Passive)","1.05","1.05","NORMAL","50","50","39.37","19.54","15.8","21.79","80.6","83.51","88.29","16218200","15448890","1062","Supertrend bearish | RSI 39.4 lemah | Volume 1.05x | Lolos anti-crash ADX | RISEN NORMAL DOWNTREND","Full Grid (1-2-3-4)","100000000","123","99","93","84","0.1","0.2","0.3","0.4","813","2020","3225","4761","10819","99982800","17200","92.41","92.41","72","200","276","276","41.46","22.09","124.39","198.66","3","8.99"
"BAJA","2026-05-26","2026-05-26","560","FULL","146","0.6896551724137931","AVOID","-","passive","FALSE","","V-SHAPE","2026-05-06","","20d","20","DOWNTREND","BEARISH","BEARISH","BEARISH","STRUCTURE + DISCOUNT","NORMAL DOWNTREND","30.72","TRUE","FALSE","FALSE","LEADING","LEADING (Passive)","0.03","0.03","DRY / QUIET","40","60","44.77","21.29","18.58","20.16","150.44","153.03","147.73","120700","4672455","1060","Supertrend bearish | RSI 44.8 lemah | Volume 0.03x | Lolos anti-crash ADX | RISEN NORMAL DOWNTREND","Full Grid (1-2-3-4)","100000000","162","158","156","155","0.1","0.2","0.3","0.4","617","1265","1923","2580","6385","99971200","28800","156.57","156.57","151","179","197","197","6.79","3.56","21.6","25.82","3.18","7.26"
"BJBR","2026-05-26","2026-05-26","560","FULL","775","0","AVOID","-","passive","FALSE","","G ACC","2026-05-06","","20d","20","DOWNTREND","BEARISH","BEARISH","BEARISH","STRUCTURE + DISCOUNT","NORMAL DOWNTREND","25","TRUE","FALSE","FALSE","LEADING","LEADING (Passive)","0.49","0.49","DRY / QUIET","25","75","34.96","39.02","17.9","31.37","805.59","819.17","823.34","5312300","10882670","1060","Supertrend bearish | RSI 35.0 lemah | Volume 0.49x | Crash filter aktif | RISEN NORMAL DOWNTREND","Full Grid (1-2-3-4)","100000000","885","835","825","805","0.1","0.2","0.3","0.4","112","239","363","496","1210","99744000","256000","824.33","824.37","780","1045","1200","1200","11.86","5.38","35.59","45.57","3","8.47"
"CAMP","2026-05-26","2026-05-26","560","FULL","188","-0.5291005291005291","AVOID","-","passive","FALSE","","V-SHAPE","2026-05-06","","20d","20","DOWNTREND","BEARISH","BEARISH","BEARISH","DOWNTREND DISCOUNT","NORMAL DOWNTREND","25","TRUE","FALSE","FALSE","LEADING","LEADING (Passive)","0.12","0.12","DRY / QUIET","33.33","66.67","39.45","23.13","23.1","30.32","194.62","200.03","210.56","42300","365555","1060","Supertrend bearish | RSI 39.5 lemah | Volume 0.12x | Lolos anti-crash ADX | RISEN NORMAL DOWNTREND","Full Grid (1-2-3-4)","100000000","200","195","194","192","0.1","0.2","0.3","0.4","500","1025","1546","2083","5154","99973500","26500","193.97","193.97","189","216","238","238","5.5","2.56","19","22.7","3.45","8.85"
"DIGI","2026-05-26","2026-05-26","560","FULL","36","9.090909090909092","HOLD","-","passive","FALSE","","G ACC","2026-05-06","","20d","20","UPTREND","BULLISH","BULLISH","BULLISH","UPTREND DISCOUNT","SIDEWAYS","25","TRUE","FALSE","FALSE","LEADING","LEADING (Passive)","0.06","0.06","DRY / QUIET","50","50","51.04","16.58","32.64","35.43","35.55","35.34","33.09","211700","3521350","1060","Supertrend bullish | RSI 51.0 > 50 | Volume 0.06x | Lolos anti-crash ADX | RISEN SIDEWAYS","Full Grid (1-2-3-4)","100000000","45","37","34","32","0.1","0.2","0.3","0.4","2222","5405","8823","12500","28950","99995700","4300","34.54","34.54","27","72","99","99","40","21.83","120","186.62","3","8.55"
"DMAS","2026-05-26","2026-05-26","560","FULL","157","0.641025641025641","HOLD","-","passive","FALSE","","SMART GAMMA","2026-05-06","","20d","20","UPTREND","BULLISH","BULLISH","BULLISH","UPTREND PREMIUM","NORMAL UPTREND","17.98","TRUE","TRUE","FALSE","LEADING","LEADING (Passive)","1.68","1.68","EXPANSION","16.67","83.33","70.95","56.8","34.3","6.83","148.43","142.61","138.68","273694100","162863530","1060","Supertrend bullish | RSI 71.0 > 50 | Volume valid 1.68x | Lolos anti-crash ADX | RISEN NORMAL UPTREND","Full Grid (1-2-3-4)","100000000","151","142","139","136","0.1","0.2","0.3","0.4","662","1408","2158","2941","7169","99983600","16400","139.47","139.47","131","181","212","212","13.25","6.07","40.4","52.01","3.05","8.57"
"SAPX","2026-05-26","2026-05-26","560","FULL","200","-3.8461538461538463","AVOID","-","passive","FALSE","","BETA BREAKOUT","2025-11-27","","180d","180","DOWNTREND","BEARISH","BEARISH","BEARISH","DOWNTREND DISCOUNT","CRASH / SELL-OFF","4.22","TRUE","FALSE","TRUE","LAGGING","LAGGARD (Passive)","2.14","2.14","VOLUME SURGE","5.26","94.74","20.64","48.21","6.99","21.44","230.74","246.93","364.36","291900","136445","1060","Supertrend bearish | RSI 20.6 lemah | Volume valid 2.14x | Crash filter aktif | RISEN CRASH / SELL-OFF","Full Grid (1-2-3-4)","100000000","352","318","310","298","0.1","0.2","0.3","0.4","284","628","967","1342","3221","99935800","64200","310.26","310.27","280","460","570","570","20.45","9.75","61.93","83.71","3.03","8.58"
"BNLI","2026-05-26","2026-05-26","560","FULL","3080","-1.910828025477707","AVOID","-","passive","FALSE","","V-SHAPE","2026-05-05","","21d","21","DOWNTREND","BEARISH","BEARISH","BEARISH","STRUCTURE + DISCOUNT","NORMAL DOWNTREND","54.03","TRUE","FALSE","FALSE","LEADING","LEADING (Passive)","0.16","0.16","DRY / QUIET","60","40","46.06","20.25","15.5","24.13","3175.8","3328.6","3654.78","13000","80125","1058","Supertrend bearish | RSI 46.1 lemah | Volume 0.16x | Lolos anti-crash ADX | RISEN NORMAL DOWNTREND","Full Grid (1-2-3-4)","100000000","3400","3140","3070","2980","0.1","0.2","0.3","0.4","29","63","97","134","323","99353000","647000","3075.94","3076.41","2830","4260","5100","5100","16.76","8","50","65.8","2.98","8.23"
"INDO","2026-05-26","2026-05-26","560","FULL","157","0","AVOID","-","passive","FALSE","","EARLY SWEEP","2026-05-05","","21d","21","DOWNTREND","BEARISH","BEARISH","BEARISH","STRUCTURE + DISCOUNT","SIDEWAYS","99.97","TRUE","FALSE","FALSE","LEADING","LEADING (Passive)","0.22","0.22","DRY / QUIET","66.67","33.33","44.32","17.48","16.96","21.12","158.52","179.66","221.26","11334300","51567100","1058","Supertrend bearish | RSI 44.3 lemah | Volume 0.22x | Lolos anti-crash ADX | RISEN SIDEWAYS","Full Grid (1-2-3-4)","100000000","500","418","398","370","0.1","0.2","0.3","0.4","200","478","753","1081","2512","99946800","53200","397.88","397.88","330","755","1010","1010","34","17.06","102","153.85","3","9.02"
"IOTF","2026-05-26","2026-05-26","560","FULL","59","1.7241379310344827","AVOID","-","passive","FALSE","","SMART SNIPER","2026-05-05","Structure + Discount","21d","21","DOWNTREND","BEARISH","BEARISH","BEARISH","STRUCTURE + DISCOUNT","NORMAL DOWNTREND","47.84","TRUE","FALSE","FALSE","LEADING","LEADING (Passive)","0.16","0.16","DRY / QUIET","50","50","44.09","11.47","20.24","21.84","60.92","64.22","83.85","2397100","15135045","1058","Supertrend bearish | RSI 44.1 lemah | Volume 0.16x | Lolos anti-crash ADX | RISEN NORMAL DOWNTREND","Full Grid (1-2-3-4)","100000000","67","64","63","62","0.1","0.2","0.3","0.4","1492","3125","4761","6451","15829","99986900","13100","63.17","63.17","60","78","86","86","10.45","5.01","28.36","36.15","2.71","7.21"
"LPIN","2026-05-26","2026-05-26","560","FULL","406","0.9950248756218906","AVOID","-","passive","FALSE","","G ACC","2026-05-05","","21d","21","DOWNTREND","BEARISH","BEARISH","BEARISH","STRUCTURE + DISCOUNT","NORMAL DOWNTREND","25","TRUE","FALSE","FALSE","LEADING","LEADING (Passive)","0.12","0.12","DRY / QUIET","50","50","37.36","36.8","17.43","39.35","427.08","439.48","435.06","115900","967030","1058","Supertrend bearish | RSI 37.4 lemah | Volume 0.12x | Crash filter aktif | RISEN NORMAL DOWNTREND","Full Grid (1-2-3-4)","100000000","486","460","454","446","0.1","0.2","0.3","0.4","205","434","660","896","2195","99852600","147400","454.91","454.92","432","565","650","650","11.11","5.04","33.74","42.89","3.04","8.52"
"TIFA","2026-05-26","2026-05-26","560","FULL","322","-0.6172839506172839","AVOID","-","passive","FALSE","","V-SHAPE","2026-05-05","","21d","21","DOWNTREND","BEARISH","BEARISH","BEARISH","STRUCTURE + DISCOUNT","SIDEWAYS","53.15","TRUE","FALSE","FALSE","LEADING","LEADING (Passive)","0.08","0.08","DRY / QUIET","85.71","14.29","43.43","32.82","27.07","14.93","332.03","347.85","426.38","8800","108195","1058","Supertrend bearish | RSI 43.4 lemah | Volume 0.08x | Lolos anti-crash ADX | RISEN SIDEWAYS","Full Grid (1-2-3-4)","100000000","358","344","340","336","0.1","0.2","0.3","0.4","279","581","882","1190","2932","99946600","53400","340.88","340.88","326","420","454","454","8.94","4.37","26.82","33.18","3","7.6"
"AMAG","2026-05-26","2026-05-26","560","FULL","394","0.5102040816326531","AVOID","-","passive","FALSE","","V-SHAPE","2026-05-04","","22d","22","DOWNTREND","BEARISH","BEARISH","BEARISH","STRUCTURE + DISCOUNT","NORMAL DOWNTREND","36.28","TRUE","FALSE","FALSE","LEADING","LEADING (Passive)","0.27","0.27","DRY / QUIET","25","75","34.79","36.73","10.37","28.34","411.15","419.5","400.15","63800","234480","1056","Supertrend bearish | RSI 34.8 lemah | Volume 0.27x | Crash filter aktif | RISEN NORMAL DOWNTREND","Full Grid (1-2-3-4)","100000000","444","432","430","426","0.1","0.2","0.3","0.4","225","462","697","938","2322","99878200","121800","430.14","430.14","418","484","510","510","5.86","2.82","14.86","18.57","2.54","6.58"
"AMAN","2026-05-26","2026-05-26","560","FULL","256","0","AVOID","-","passive","FALSE","","V-SHAPE","2026-05-04","","22d","22","DOWNTREND","BEARISH","BEARISH","BULLISH","DEMAND STRUCTURE","SIDEWAYS","87.57","TRUE","FALSE","FALSE","LEADING","LEADING (Passive)","0.38","0.38","DRY / QUIET","44.44","55.56","41.39","15.78","15.89","19.73","267.16","274.23","223.26","889400","2348870","1056","Supertrend bearish | RSI 41.4 lemah | Volume 0.38x | Lolos anti-crash ADX | RISEN SIDEWAYS","Full Grid (1-2-3-4)","100000000","266","254","250","246","0.1","0.2","0.3","0.4","375","787","1200","1626","3988","99964400","35600","250.66","250.67","236","312","318","318","11.28","5.85","19.55","26.86","1.73","4.59"
"BISI","2026-05-26","2026-05-26","560","FULL","730","-1.3513513513513513","AVOID","-","passive","FALSE","","V-SHAPE","2026-05-04","","22d","22","DOWNTREND","BEARISH","BEARISH","BEARISH","STRUCTURE + DISCOUNT","NORMAL DOWNTREND","41.58","TRUE","FALSE","FALSE","LEADING","LEADING (Passive)","0.36","0.36","DRY / QUIET","0","100","36.29","24.12","16.8","24.54","757.72","793.98","882.66","234600","652180","1056","Supertrend bearish | RSI 36.3 lemah | Volume 0.36x | Lolos anti-crash ADX | RISEN NORMAL DOWNTREND","Full Grid (1-2-3-4)","100000000","760","755","750","750","0.1","0.2","0.3","0.4","131","264","400","533","1328","99863000","137000","751.98","751.99","740","855","905","905","2.63","1.59","19.08","20.35","7.25","12.77"
"BOLT","2026-05-26","2026-05-26","560","FULL","795","1.2738853503184715","AVOID","-","passive","FALSE","","EARLY SWEEP","2026-05-04","","22d","22","DOWNTREND","BEARISH","BEARISH","BEARISH","STRUCTURE + DISCOUNT","NORMAL DOWNTREND","25","TRUE","FALSE","FALSE","LEADING","LEADING (Passive)","0.11","0.11","DRY / QUIET","33.33","66.67","33.83","29.49","19.96","40.32","854.32","899.77","1004.92","6800","60900","1056","Supertrend bearish | RSI 33.8 lemah | Volume 0.11x | Lolos anti-crash ADX | RISEN NORMAL DOWNTREND","Full Grid (1-2-3-4)","100000000","1035","1020","1015","1005","0.1","0.2","0.3","0.4","96","196","295","398","985","99869500","130500","1013.9","1013.92","1000","1090","1200","1200","3.38","1.37","15.94","18.35","4.71","13.38"
"JPFA","2026-05-26","2026-05-26","560","FULL","2570","-2.2813688212927756","HOLD","-","passive","FALSE","","BETA BREAKOUT","2026-05-04","","22d","22","UPTREND","BULLISH","BULLISH","BULLISH","DEMAND STRUCTURE","SIDEWAYS","49.35","TRUE","FALSE","FALSE","LEADING","LEADING (Passive)","1.29","1.29","EXPANSION","33.33","66.67","50.9","14.52","22.61","16.81","2561.78","2541.18","2358.87","22131300","17164920","1056","Supertrend bullish | RSI 50.9 > 50 | Volume valid 1.29x | Lolos anti-crash ADX | RISEN SIDEWAYS","Full Grid (1-2-3-4)","100000000","2630","2490","2450","2400","0.1","0.2","0.3","0.4","38","80","122","166","406","99644000","356000","2454.29","2454.23","2320","3100","3560","3560","11.79","5.47","35.36","45.05","3","8.23"
"LTLS","2026-05-26","2026-05-26","560","FULL","785","4.666666666666667","AVOID","-","passive","FALSE","","BETA BREAKOUT + V-SHAPE","2026-05-04","","22d","22","DOWNTREND","BEARISH","BEARISH","BEARISH","DEMAND STRUCTURE","SIDEWAYS","25","TRUE","FALSE","FALSE","LEADING","LEADING (Passive)","0.42","0.42","DRY / QUIET","41.67","58.33","48.38","20.94","30.96","25.57","788.36","800.18","841.5","92000","220825","1056","Supertrend bearish | RSI 48.4 lemah | Volume 0.42x | Lolos anti-crash ADX | RISEN SIDEWAYS","Full Grid (1-2-3-4)","100000000","840","800","785","775","0.1","0.2","0.3","0.4","119","250","382","516","1267","99973000","27000","789.05","789.05","750","975","1110","1110","10.71","4.95","32.14","40.67","3","8.22"
"HATM","2026-05-26","2026-05-26","560","FULL","290","0.6944444444444444","AVOID","-","passive","FALSE","","V-SHAPE","2026-04-30","","26d","26","DOWNTREND","BEARISH","BEARISH","BEARISH","STRUCTURE + DISCOUNT","SIDEWAYS","28.58","TRUE","FALSE","FALSE","LEADING","LEADING (Passive)","1.29","1.29","EXPANSION","66.67","33.33","41.12","23.84","14.87","26.49","299.85","309.76","311.91","23770100","18383400","1048","Supertrend bearish | RSI 41.1 lemah | Volume valid 1.29x | Lolos anti-crash ADX | RISEN SIDEWAYS","Full Grid (1-2-3-4)","100000000","306","300","298","296","0.1","0.2","0.3","0.4","326","666","1006","1351","3349","99924000","76000","298.37","298.37","292","328","360","360","4.58","2.13","17.65","20.66","3.86","9.68"
"LMAX","2026-05-26","2026-05-26","560","FULL","126","7.6923076923076925","AVOID","-","passive","FALSE","","V-SHAPE","2026-05-25","","NEW","1","DOWNTREND","BEARISH","BEARISH","BEARISH","STRUCTURE + DISCOUNT","NORMAL DOWNTREND","29.98","TRUE","FALSE","FALSE","IMPROVING","IMPROVING (Passive)","1.59","1.59","EXPANSION","75","25","38.24","23.26","15.71","29.83","143.2","152.25","127.25","1131100","711660","1048","Supertrend bearish | RSI 38.2 lemah | Volume valid 1.59x | Lolos anti-crash ADX | RISEN NORMAL DOWNTREND","Full Grid (1-2-3-4)","100000000","117","112","110","108","0.1","0.2","0.3","0.4","854","1785","2727","3703","9069","99973200","26800","110.24","110.24","103","138","141","141","11.97","6.56","20.51","27.91","1.71","4.25"
"RELF","2026-05-26","2026-05-26","560","FULL","37","0","AVOID","-","passive","FALSE","","SMART SNIPER","2026-04-30","Discount Only","26d","26","DOWNTREND","BEARISH","BEARISH","BEARISH","STRUCTURE + DISCOUNT","NORMAL DOWNTREND","27.48","TRUE","FALSE","FALSE","LEADING","LEADING (Passive)","0.43","0.43","DRY / QUIET","25","75","43.76","17.66","23.71","19.51","38.29","39.6","38.98","2171800","5050160","1048","Supertrend bearish | RSI 43.8 lemah | Volume 0.43x | Lolos anti-crash ADX | RISEN NORMAL DOWNTREND","Full Grid (1-2-3-4)","100000000","42","37","36","34","0.1","0.2","0.3","0.4","2380","5405","8333","11764","27882","99990900","9100","35.86","35.86","31","59","75","75","26.19","13.56","78.57","109.13","3","8.05"
"CLPI","2026-05-26","2026-05-26","560","FULL","1585","0","AVOID","-","passive","FALSE","","G ACC","2026-04-29","","27d","27","DOWNTREND","BEARISH","BEARISH","BULLISH","DEMAND STRUCTURE","SIDEWAYS","25","TRUE","FALSE","FALSE","LEADING","LEADING (Passive)","0.33","0.33","DRY / QUIET","28.57","71.43","46.98","25.24","15.53","23.97","1595.25","1588.62","1465.48","46000","139280","1046","Supertrend bearish | RSI 47.0 lemah | Volume 0.33x | Lolos anti-crash ADX | RISEN SIDEWAYS","Full Grid (1-2-3-4)","100000000","1680","1595","1575","1545","0.1","0.2","0.3","0.4","59","125","190","258","632","99635500","364500","1576.51","1576.56","1505","1945","2210","2210","10.42","4.54","31.55","40.18","3.03","8.86"
"MREI","2026-05-26","2026-05-26","560","FULL","985","0","AVOID","-","passive","FALSE","","EARLY SWEEP","2026-04-29","","27d","27","DOWNTREND","BEARISH","BEARISH","BEARISH","STRUCTURE + DISCOUNT","SIDEWAYS","94.37","TRUE","FALSE","FALSE","LEADING","LEADING (Passive)","0.11","0.11","DRY / QUIET","0","100","40.92","27.01","10.83","17.63","1009.39","1030.93","1021.33","8800","83230","1046","Supertrend bearish | RSI 40.9 lemah | Volume 0.11x | Lolos anti-crash ADX | RISEN SIDEWAYS","Full Grid (1-2-3-4)","100000000","980","930","920","900","0.1","0.2","0.3","0.4","102","215","326","444","1087","99943000","57000","919.44","919.43","870","1145","1310","1310","11.22","5.38","33.67","42.48","3","7.9"
"UNVR","2026-05-26","2026-05-26","560","FULL","1760","-0.5649717514124294","HOLD","-","passive","FALSE","","V-SHAPE","2026-04-29","","27d","27","UPTREND","NEUTRAL","BEARISH","BEARISH","UPTREND DISCOUNT","NORMAL DOWNTREND","58.82","TRUE","FALSE","FALSE","LEADING","LEADING (Passive)","0.56","0.56","DRY / QUIET","22.22","77.78","48.59","12.84","23.64","21.61","1760.85","1848.5","2017.75","16040300","28811000","1046","Supertrend bullish | RSI 48.6 lemah | Volume 0.56x | Lolos anti-crash ADX | RISEN NORMAL DOWNTREND","Full Grid (1-2-3-4)","100000000","1575","1530","1520","1505","0.1","0.2","0.3","0.4","63","130","197","265","655","99639000","361000","1521.21","1521.24","1470","1735","1910","1910","6.67","3.37","21.27","25.56","3.19","7.59"
"ARTO","2026-05-26","2026-05-26","560","FULL","1145","-0.43478260869565216","AVOID","-","passive","FALSE","","V-SHAPE","2026-04-28","","28d","28","DOWNTREND","BEARISH","BEARISH","BEARISH","STRUCTURE + DISCOUNT","NORMAL DOWNTREND","47.13","TRUE","FALSE","FALSE","LEADING","LEADING (Passive)","0.21","0.21","DRY / QUIET","57.14","42.86","35.41","14.78","20.73","26.84","1221.87","1339.94","1707.52","1222100","5861940","1044","Supertrend bearish | RSI 35.4 lemah | Volume 0.21x | Lolos anti-crash ADX | RISEN NORMAL DOWNTREND","Full Grid (1-2-3-4)","100000000","1320","1300","1295","1290","0.1","0.2","0.3","0.4","75","153","231","310","769","99694500","305500","1296.42","1296.44","1270","1475","1530","1530","3.79","2.04","15.91","18.02","4.2","8.84"
"ATIC","2026-05-26","2026-05-26","560","FULL","500","-0.9900990099009901","AVOID","-","passive","FALSE","","EARLY SWEEP","2026-04-28","","28d","28","DOWNTREND","BEARISH","BEARISH","BEARISH","STRUCTURE + DISCOUNT","NORMAL DOWNTREND","60.58","TRUE","FALSE","FALSE","LEADING","LEADING (Passive)","0.16","0.16","DRY / QUIET","76.19","23.81","43.94","12.57","18.06","17.68","514.78","536.24","539.22","24100","146465","1044","Supertrend bearish | RSI 43.9 lemah | Volume 0.16x | Lolos anti-crash ADX | RISEN NORMAL DOWNTREND","Full Grid (1-2-3-4)","100000000","750","670","650","620","0.1","0.2","0.3","0.4","133","298","461","645","1537","99896000","104000","649.94","649.97","575","1015","1275","1275","23.33","11.53","70","96.17","3","8.34"
"BMRI","2026-05-26","2026-05-26","560","FULL","4130","-2.132701421800948","AVOID","-","passive","FALSE","","EARLY SWEEP","2026-04-28","","28d","28","DOWNTREND","BEARISH","BEARISH","BEARISH","STRUCTURE + DISCOUNT","NORMAL DOWNTREND","28.04","TRUE","FALSE","FALSE","LEADING","LEADING (Passive)","0.76","0.76","DRY / QUIET","0","100","36.96","19.57","23.93","29.99","4331.62","4526.58","4805.27","181583300","238262785","1044","Supertrend bearish | RSI 37.0 lemah | Volume 0.76x | Lolos anti-crash ADX | RISEN NORMAL DOWNTREND","Full Grid (1-2-3-4)","100000000","4970","4800","4760","4700","0.1","0.2","0.3","0.4","20","41","63","85","209","99558000","442000","4763.54","4763.74","4600","5525","6075","6075","7.44","3.43","22.23","27.53","2.99","8.02"
"GHON","2026-05-26","2026-05-26","560","FULL","1805","0","AVOID","-","passive","FALSE","","G ACC","2026-04-28","","28d","28","DOWNTREND","BULLISH","BULLISH","BULLISH","DEMAND STRUCTURE","SIDEWAYS","55.87","TRUE","FALSE","FALSE","LEADING","LEADING (Passive)","0.74","0.74","DRY / QUIET","90","10","52.26","24.08","14.69","24.33","1795.46","1791.31","1735.02","9600","12975","1044","Supertrend bearish | RSI 52.3 > 50 | Volume 0.74x | Lolos anti-crash ADX | RISEN SIDEWAYS","Full Grid (1-2-3-4)","100000000","1800","1755","1740","1725","0.1","0.2","0.3","0.4","55","113","172","231","571","99507000","493000","1742.68","1742.73","1695","1960","2160","2160","5.83","2.74","20","23.95","3.43","8.75"
"ADMF","2026-05-26","2026-05-26","560","FULL","8425","-0.2958579881656805","AVOID","-","passive","FALSE","","V-SHAPE","2026-04-27","","29d","29","DOWNTREND","BEARISH","BEARISH","BEARISH","DEMAND STRUCTURE","NORMAL DOWNTREND","44.68","TRUE","FALSE","FALSE","LEADING","LEADING (Passive)","0.18","0.18","DRY / QUIET","0","100","45.06","17.07","20.99","20.48","8534.63","8554.09","8752.31","31800","181650","1042","Supertrend bearish | RSI 45.1 lemah | Volume 0.18x | Lolos anti-crash ADX | RISEN NORMAL DOWNTREND","Full Grid (1-2-3-4)","100000000","8525","8375","8350","8300","0.1","0.2","0.3","0.4","11","23","35","48","117","97705000","2295000","8350.85","8352.01","8175","9050","9950","9950","4.11","2.11","16.72","19.15","4.07","9.09"
"AEGS","2026-05-26","2026-05-26","560","FULL","47","0","AVOID","-","passive","FALSE","","SMART SNIPER","2026-04-27","Structure + Discount","29d","29","DOWNTREND","BEARISH","BEARISH","BEARISH","STRUCTURE + DISCOUNT","SIDEWAYS","59.93","TRUE","FALSE","FALSE","LEADING","LEADING (Passive)","0.19","0.19","DRY / QUIET","0","100","42.01","26.09","15.33","26.28","49.24","52.23","55.08","772900","4099015","1042","Supertrend bearish | RSI 42.0 lemah | Volume 0.19x | Lolos anti-crash ADX | RISEN SIDEWAYS","Full Grid (1-2-3-4)","100000000","55","48","46","43","0.1","0.2","0.3","0.4","1818","4166","6521","9302","21807","99991000","9000","45.85","45.85","39","79","103","103","29.09","14.95","87.27","124.63","3","8.34"
"PART","2026-05-26","2026-05-26","450","FULL","96","-4","AVOID","-","passive","FALSE","","EARLY SWEEP","2026-05-22","","4d","4","DOWNTREND","BEARISH","BEARISH","BEARISH","STRUCTURE + DISCOUNT","NORMAL DOWNTREND","39.45","TRUE","FALSE","FALSE","IMPROVING","IMPROVING (Passive)","0.45","0.45","DRY / QUIET","14.29","85.71","37.5","16.41","18.31","26.11","108.81","117.5","120.91","7647700","16931740","1042","Supertrend bearish | RSI 37.5 lemah | Volume 0.45x | Lolos anti-crash ADX | RISEN NORMAL DOWNTREND","Full Grid (1-2-3-4)","100000000","180","139","129","116","0.1","0.2","0.3","0.4","555","1438","2325","3448","7766","99967500","32500","128.72","128.73","96","306","432","432","46.67","25.42","140","235.6","3","9.27"
"RDTX","2026-05-26","2026-05-26","560","FULL","16850","9.415584415584416","HOLD","-","passive","FALSE","","BETA BREAKOUT","2026-04-27","","29d","29","UPTREND","BULLISH","BULLISH","BULLISH","UPTREND PREMIUM","SIDEWAYS","0","FALSE","FALSE","FALSE","LEADING","LEADING (Passive)","0.2","0.2","DRY / QUIET","50","50","59.43","14.01","44.66","33.84","15813.57","15868.97","14537.36","200","1000","1042","Supertrend bullish | RSI 59.4 > 50 | Volume 0.2x | Lolos anti-crash ADX | RISEN SIDEWAYS","Full Grid (1-2-3-4)","100000000","16575","14300","13750","12975","0.1","0.2","0.3","0.4","6","13","21","30","70","96335000","3665000","13762.14","13761.61","11925","23550","30525","30525","28.05","13.35","84.16","121.8","3","9.12"
"ALKA","2026-05-26","2026-05-26","560","FULL","482","-2.42914979757085","AVOID","-","passive","FALSE","","V-SHAPE","2026-05-21","","5d","5","DOWNTREND","BEARISH","BEARISH","BEARISH","STRUCTURE + DISCOUNT","NORMAL DOWNTREND","46.98","TRUE","FALSE","FALSE","IMPROVING","IMPROVING (Passive)","0.58","0.58","DRY / QUIET","64","36","40.32","10.75","23.62","18.72","561.23","600.59","500.36","360200","621685","1040","Supertrend bearish | RSI 40.3 lemah | Volume 0.58x | Lolos anti-crash ADX | RISEN NORMAL DOWNTREND","Full Grid (1-2-3-4)","100000000","486","460","452","444","0.1","0.2","0.3","0.4","205","434","663","900","2202","99854600","145400","453.47","453.48","416","590","695","695","14.4","8.26","43","53.26","2.99","6.45"
"BEEF","2026-05-26","2026-05-26","560","FULL","166","-1.7751479289940828","AVOID","-","passive","FALSE","","V-SHAPE","2026-05-20","","6d","6","DOWNTREND","BEARISH","BEARISH","BEARISH","STRUCTURE + DISCOUNT","NORMAL DOWNTREND","52.81","TRUE","FALSE","FALSE","IMPROVING","IMPROVING (Passive)","0.57","0.57","DRY / QUIET","61.54","38.46","36.2","23.95","12.71","23.31","186.94","229.58","317.41","14995800","26411935","1038","Supertrend bearish | RSI 36.2 lemah | Volume 0.57x | Lolos anti-crash ADX | RISEN NORMAL DOWNTREND","Full Grid (1-2-3-4)","100000000","169","160","158","155","0.1","0.2","0.3","0.4","591","1250","1898","2580","6319","99966300","33700","158.2","158.2","147","202","212","212","13.02","7.08","25.44","34.01","1.95","4.8"
"CNKO","2026-05-26","2026-05-26","560","FULL","44","-2.2222222222222223","AVOID","-","passive","FALSE","","EARLY SWEEP","2026-05-20","","6d","6","DOWNTREND","BEARISH","BEARISH","BEARISH","STRUCTURE + DISCOUNT","NORMAL DOWNTREND","30.49","TRUE","FALSE","FALSE","IMPROVING","IMPROVING (Passive)","0.21","0.21","DRY / QUIET","0","100","36.66","23.3","23.13","38.1","49.7","54.87","59.21","4240200","19787315","1038","Supertrend bearish | RSI 36.7 lemah | Volume 0.21x | Lolos anti-crash ADX | RISEN NORMAL DOWNTREND","Full Grid (1-2-3-4)","100000000","67","62","60","58","0.1","0.2","0.3","0.4","1492","3225","5000","6896","16613","99988200","11800","60.19","60.19","55","85","103","103","17.91","8.62","53.73","71.13","3","8.25"
"FUJI","2026-05-26","2026-05-26","560","FULL","282","0.7142857142857143","AVOID","-","passive","FALSE","","V-SHAPE","2026-05-20","","6d","6","DOWNTREND","BEARISH","BEARISH","BEARISH","DOWNTREND DISCOUNT","SIDEWAYS","84.64","TRUE","FALSE","FALSE","IMPROVING","IMPROVING (Passive)","1.58","1.58","EXPANSION","69.23","30.77","33.5","14.36","17.1","22.01","314.2","363.12","475.62","19844900","12545735","1038","Supertrend bearish | RSI 33.5 lemah | Volume valid 1.58x | Lolos anti-crash ADX | RISEN SIDEWAYS","Full Grid (1-2-3-4)","100000000","296","288","284","282","0.1","0.2","0.3","0.4","337","694","1056","1418","3505","99940400","59600","285.14","285.14","272","350","358","358","8.11","4.61","20.95","25.55","2.58","5.55"
"BRNA","2026-05-26","2026-05-26","560","FULL","630","0.8","AVOID","-","passive","FALSE","","BETA BREAKOUT","2026-04-24","","32d","32","DOWNTREND","BEARISH","BEARISH","BEARISH","STRUCTURE + DISCOUNT","NORMAL DOWNTREND","54.09","TRUE","FALSE","FALSE","LEADING","LEADING (Passive)","0.04","0.04","DRY / QUIET","100","0","44.76","21.65","18.28","16.67","651.2","665.7","691.26","12100","315970","1036","Supertrend bearish | RSI 44.8 lemah | Volume 0.04x | Lolos anti-crash ADX | RISEN NORMAL DOWNTREND","Full Grid (1-2-3-4)","100000000","790","695","675","640","0.1","0.2","0.3","0.4","126","287","444","625","1482","99870500","129500","673.89","673.95","590","1090","1390","1390","25.32","12.45","75.95","106.27","3","8.54"
"FAPA","2026-05-26","2026-05-26","560","FULL","7200","0.34843205574912894","HOLD","-","passive","FALSE","","SMART GAMMA","2026-04-24","","32d","32","UPTREND","BULLISH","BULLISH","BULLISH","UPTREND PREMIUM","NORMAL UPTREND","34.28","TRUE","TRUE","FALSE","LEADING","LEADING (Passive)","0.07","0.07","DRY / QUIET","100","0","69.34","55.43","34.05","15.18","7073.84","6865.52","6329.38","1000","13875","1036","Supertrend bullish | RSI 69.3 > 50 | Volume 0.07x | Lolos anti-crash ADX | RISEN NORMAL UPTREND","Full Grid (1-2-3-4)","100000000","7025","6575","6450","6300","0.1","0.2","0.3","0.4","14","30","46","63","153","98920000","1080000","6465.36","6465.93","6100","8425","9800","9800","13.17","5.65","39.5","51.58","3","9.13"
"JTPE","2026-05-26","2026-05-26","560","FULL","615","-0.8064516129032258","AVOID","-","passive","FALSE","","SMART GAMMA","2026-04-24","","32d","32","DOWNTREND","BEARISH","BULLISH","BULLISH","DEMAND STRUCTURE","SIDEWAYS","55.95","TRUE","FALSE","FALSE","LEADING","LEADING (Passive)","0.54","0.54","DRY / QUIET","40","60","48.34","11.37","16.74","15.35","620.26","610.74","498.33","1220400","2274525","1036","Supertrend bearish | RSI 48.3 lemah | Volume 0.54x | Lolos anti-crash ADX | RISEN SIDEWAYS","Full Grid (1-2-3-4)","100000000","680","610","595","570","0.1","0.2","0.3","0.4","147","327","504","701","1679","99888000","112000","594.93","594.93","535","900","1115","1115","21.32","10.07","63.97","87.42","3","8.68"
"HGII","2026-05-26","2026-05-26","322","FULL","132","0.7633587786259541","AVOID","-","passive","FALSE","","V-SHAPE","2026-04-23","","33d","33","DOWNTREND","BEARISH","BEARISH","BEARISH","STRUCTURE + DISCOUNT","NORMAL DOWNTREND","60","TRUE","FALSE","FALSE","LEADING","LEADING (Passive)","0.27","0.27","DRY / QUIET","40","60","41.15","16.56","14.82","17.99","135.04","139.25","152.41","445700","1645755","1034","Supertrend bearish | RSI 41.1 lemah | Volume 0.27x | Lolos anti-crash ADX | RISEN NORMAL DOWNTREND","Full Grid (1-2-3-4)","100000000","147","139","136","134","0.1","0.2","0.3","0.4","680","1438","2205","2985","7308","99971200","28800","136.8","136.8","129","174","202","202","12.24","5.7","37.41","47.66","3.06","8.36"
"ADCP","2026-05-26","2026-05-26","560","FULL","50","0","AVOID","-","passive","FALSE","","V-SHAPE","2026-04-22","","34d","34","DOWNTREND","BEARISH","BEARISH","BEARISH","STRUCTURE + DISCOUNT","SIDEWAYS","65","TRUE","FALSE","FALSE","LEADING","LEADING (Passive)","0.02","0.02","DRY / QUIET","50","50","43.91","53.13","30.18","8.34","50.45","51.36","53.19","969900","47031320","1032","Supertrend bearish | RSI 43.9 lemah | Volume 0.02x | Lolos anti-crash ADX | RISEN SIDEWAYS","Full Grid (1-2-3-4)","100000000","53","52","51","51","0.1","0.2","0.3","0.4","1886","3846","5882","7843","19457","99992500","7500","51.39","51.39","50","58","64","64","5.66","2.71","20.75","24.53","3.67","9.06"
"ATLA","2026-05-26","2026-05-26","499","FULL","50","0","AVOID","-","passive","FALSE","","EARLY SWEEP","2026-04-22","","34d","34","DOWNTREND","BEARISH","BEARISH","BEARISH","DOWNTREND DISCOUNT","SIDEWAYS","93.99","TRUE","FALSE","FALSE","LEADING","LEADING (Passive)","0.03","0.03","DRY / QUIET","50","50","40.75","28.45","21.01","12.35","51.21","52.5","57.16","3067500","111247765","1032","Supertrend bearish | RSI 40.8 lemah | Volume 0.03x | Lolos anti-crash ADX | RISEN SIDEWAYS","Full Grid (1-2-3-4)","100000000","53","52","51","51","0.1","0.2","0.3","0.4","1886","3846","5882","7843","19457","99992500","7500","51.39","51.39","50","58","61","61","5.66","2.71","15.09","18.7","2.67","6.9"
"BTPN","2026-05-26","2026-05-26","560","FULL","2350","-2.083333333333333","HOLD","-","passive","FALSE","","V-SHAPE","2026-04-22","","34d","34","UPTREND","BULLISH","BULLISH","BULLISH","UPTREND PREMIUM","NORMAL UPTREND","23.93","TRUE","TRUE","FALSE","LEADING","LEADING (Passive)","0.73","0.73","DRY / QUIET","23.08","76.92","62.96","33.78","27.54","10.75","2206.63","2129.09","2115.1","147300","201380","1032","Supertrend bullish | RSI 63.0 > 50 | Volume 0.73x | Lolos anti-crash ADX | RISEN NORMAL UPTREND","Full Grid (1-2-3-4)","100000000","2130","2020","1990","1950","0.1","0.2","0.3","0.4","46","99","150","205","500","99621000","379000","1992.42","1992.67","1880","2510","2880","2880","11.74","5.64","35.21","44.55","3","7.9"
"MAXI","2026-05-26","2026-05-26","560","FULL","50","0","AVOID","-","passive","FALSE","","SMART SNIPER","2026-04-22","Structure + Discount","34d","34","DOWNTREND","BEARISH","BEARISH","BEARISH","STRUCTURE + DISCOUNT","SIDEWAYS","61.51","TRUE","FALSE","FALSE","LEADING","LEADING (Passive)","0","0","DRY / QUIET","50","50","45.72","27.67","30.33","20.19","50.74","51.12","52.14","130600","184310360","1032","Supertrend bearish | RSI 45.7 lemah | Volume 0x | Lolos anti-crash ADX | RISEN SIDEWAYS","Full Grid (1-2-3-4)","100000000","53","52","51","51","0.1","0.2","0.3","0.4","1886","3846","5882","7843","19457","99992500","7500","51.39","51.39","50","58","64","64","5.66","2.71","20.75","24.53","3.67","9.06"
"MCOR","2026-05-26","2026-05-26","560","FULL","69","0","AVOID","-","passive","FALSE","","SMART SNIPER","2026-04-22","Structure + Discount","34d","34","DOWNTREND","BEARISH","BEARISH","BEARISH","STRUCTURE + DISCOUNT","SIDEWAYS","73.01","TRUE","FALSE","FALSE","LEADING","LEADING (Passive)","0.64","0.64","DRY / QUIET","50","50","47.48","11.08","13.65","13.31","69.27","70.43","72.14","3049200","4756320","1032","Supertrend bearish | RSI 47.5 lemah | Volume 0.64x | Lolos anti-crash ADX | RISEN SIDEWAYS","Full Grid (1-2-3-4)","100000000","73","70","69","68","0.1","0.2","0.3","0.4","1369","2857","4347","5882","14455","99984600","15400","69.17","69.17","67","82","91","91","8.22","3.14","24.66","31.56","3","10.06"
"PNIN","2026-05-26","2026-05-26","560","FULL","780","0","AVOID","-","passive","FALSE","","BETA BREAKOUT","2026-04-22","","34d","34","DOWNTREND","NEUTRAL","BEARISH","BEARISH","DEMAND STRUCTURE","SIDEWAYS","53.59","TRUE","FALSE","FALSE","LEADING","LEADING (Passive)","0.08","0.08","DRY / QUIET","50","50","49.27","14.78","17.81","17.47","781.35","783.15","820.86","46900","577820","1032","Supertrend bearish | RSI 49.3 lemah | Volume 0.08x | Lolos anti-crash ADX | RISEN SIDEWAYS","Full Grid (1-2-3-4)","100000000","815","760","745","725","0.1","0.2","0.3","0.4","122","263","402","551","1338","99827500","172500","746.09","746.12","695","995","1175","1175","14.72","6.85","44.17","57.49","3","8.39"
"BBLD","2026-05-26","2026-05-26","560","FULL","670","8.064516129032258","AVOID","-","passive","FALSE","","V-SHAPE","2026-04-21","","35d","35","DOWNTREND","BULLISH","BEARISH","BEARISH","STRUCTURE + DISCOUNT","SIDEWAYS","43.55","TRUE","FALSE","FALSE","LEADING","LEADING (Passive)","1.66","1.66","EXPANSION","59.26","40.74","50.02","15.84","28.11","12.74","658.75","711.81","796.42","84600","51085","1030","Supertrend bearish | RSI 50.0 > 50 | Volume valid 1.66x | Lolos anti-crash ADX | RISEN SIDEWAYS","Full Grid (1-2-3-4)","100000000","705","680","670","660","0.1","0.2","0.3","0.4","141","294","447","606","1488","99877500","122500","671.22","671.24","640","805","900","900","9.22","4.65","27.66","34.08","3","7.33"
"DUTI","2026-05-26","2026-05-26","560","FULL","4330","-0.2304147465437788","AVOID","-","passive","FALSE","","V-SHAPE","2026-04-21","","35d","35","DOWNTREND","BULLISH","BULLISH","BULLISH","DEMAND STRUCTURE","SIDEWAYS","64.27","TRUE","TRUE","FALSE","LEADING","LEADING (Passive)","0.41","0.41","DRY / QUIET","95.83","4.17","55.87","12.84","29.13","40.98","4196.93","4178.53","4113.48","900","2215","1030","Supertrend bearish | RSI 55.9 > 50 | Volume 0.41x | Lolos anti-crash ADX | RISEN SIDEWAYS","Full Grid (1-2-3-4)","100000000","4220","4070","4030","3980","0.1","0.2","0.3","0.4","23","49","74","100","246","99271000","729000","4035.41","4035.82","3880","4730","5250","5250","8.06","3.85","24.41","30.1","3.03","7.82"
"EMAS","2026-05-26","2026-05-26","160","IPO / SHORT","7600","2.356902356902357","AVOID","-","passive","FALSE","","BETA BREAKOUT","2026-04-21","","35d","35","DOWNTREND","BEARISH","BEARISH","BULLISH","DOWNTREND PREMIUM","NORMAL UPTREND","12.17","TRUE","TRUE","FALSE","LEADING","LEADING (Passive)","1.47","1.47","EXPANSION","83.33","16.67","45.66","32.26","15.16","29.06","7884.27","7979.49","6270.4","29187500","19892405","1030","Supertrend bearish | RSI 45.7 lemah | Volume valid 1.47x | Crash filter aktif | RISEN NORMAL UPTREND","Full Grid (1-2-3-4)","100000000","9350","8625","8450","8200","0.1","0.2","0.3","0.4","10","23","35","48","116","98122500","1877500","8458.84","8462.6","7775","11725","14075","14075","16.84","8.08","50.53","66.39","3","8.21"
"GOTO","2026-05-26","2026-05-26","560","FULL","50","0","AVOID","-","passive","FALSE","","SMART SNIPER","2026-04-21","Structure + Discount","35d","35","DOWNTREND","BEARISH","BEARISH","BEARISH","STRUCTURE + DISCOUNT","SIDEWAYS","65","TRUE","FALSE","FALSE","LEADING","LEADING (Passive)","0.08","0.08","DRY / QUIET","50","50","38.4","11.31","19.43","21.41","50.87","52.93","58.99","333371800","3985937760","1030","Supertrend bearish | RSI 38.4 lemah | Volume 0.08x | Lolos anti-crash ADX | RISEN SIDEWAYS","Full Grid (1-2-3-4)","100000000","56","53","52","51","0.1","0.2","0.3","0.4","1785","3773","5769","7843","19170","99991000","9000","52.16","52.16","50","65","74","74","10.71","4.14","32.14","41.87","3","10.11"
"KMDS","2026-05-26","2026-05-26","560","FULL","560","0","AVOID","-","passive","FALSE","","V-SHAPE","2026-04-21","","35d","35","DOWNTREND","BEARISH","BEARISH","BEARISH","STRUCTURE + DISCOUNT","NORMAL DOWNTREND","60","TRUE","FALSE","FALSE","LEADING","LEADING (Passive)","0.3","0.3","DRY / QUIET","66.67","33.33","47.36","32.66","12.61","17.81","562.39","581.56","616.05","63800","215775","1030","Supertrend bearish | RSI 47.4 lemah | Volume 0.3x | Crash filter aktif | RISEN NORMAL DOWNTREND","Full Grid (1-2-3-4)","100000000","595","570","560","550","0.1","0.2","0.3","0.4","168","350","535","727","1780","99891000","109000","561.19","561.19","535","685","775","775","10.08","4.67","30.25","38.1","3","8.17"
"TFCO","2026-05-26","2026-05-26","560","FULL","650","8.333333333333332","HOLD","-","passive","FALSE","","EARLY SWEEP","2026-04-21","","35d","35","UPTREND","BEARISH","BEARISH","BEARISH","UPTREND DISCOUNT","SIDEWAYS","45.81","TRUE","FALSE","FALSE","LEADING","LEADING (Passive)","0.09","0.09","DRY / QUIET","50","50","45.25","30.82","35.81","49.19","662.97","714.51","667.45","100","1090","1030","Supertrend bullish | RSI 45.3 lemah | Volume 0.09x | Crash filter aktif | RISEN SIDEWAYS","","","","","","","","","","","","","","","","","","","","","","","","","","","","",""
"EPAC","2026-05-26","2026-05-26","560","FULL","76","2.7027027027027026","HOLD","-","passive","FALSE","","G ACC","2026-04-20","","36d","36","UPTREND","BULLISH","BULLISH","BULLISH","UPTREND PREMIUM","NORMAL UPTREND","35.86","TRUE","TRUE","FALSE","LEADING","LEADING (Passive)","0.73","0.73","DRY / QUIET","0","100","56.91","16.05","40.84","33.96","72.79","64.94","43.4","11030300","15169635","1028","Supertrend bullish | RSI 56.9 > 50 | Volume 0.73x | Lolos anti-crash ADX | RISEN NORMAL UPTREND","Full Grid (1-2-3-4)","100000000","70","52","47","41","0.1","0.2","0.3","0.4","1428","3846","6382","9756","21412","99990200","9800","46.7","46.7","32","127","184","184","54.29","31.47","162.86","294.02","3","9.34"
"KING","2026-05-26","2026-05-26","560","FULL","565","0","HOLD","-","passive","FALSE","","G ACC","2026-04-20","","36d","36","UPTREND","BULLISH","BULLISH","BULLISH","UPTREND PREMIUM","NORMAL UPTREND","25","TRUE","TRUE","FALSE","LEADING","LEADING (Passive)","0","0","NO VOLUME","50","50","87.99","53.36","48.05","8.25","468.71","387.78","271.7","0","4663505","1028","Supertrend bullish | RSI 88.0 > 50 | Volume 0x | Lolos anti-crash ADX | RISEN NORMAL UPTREND","Full Grid (1-2-3-4)","100000000","360","288","270","246","0.1","0.2","0.3","0.4","277","694","1111","1626","3708","99955800","44200","269.57","269.59","210","585","810","810","41.67","22.1","125","200.48","3","9.07"
"PANS","2026-05-26","2026-05-26","560","FULL","1730","0.2898550724637681","AVOID","-","passive","FALSE","","BETA BREAKOUT","2026-04-20","","36d","36","DOWNTREND","NEUTRAL","BULLISH","BULLISH","DEMAND STRUCTURE","SIDEWAYS","69.5","TRUE","FALSE","FALSE","LEADING","LEADING (Passive)","1.05","1.05","NORMAL","40","60","50.81","14.44","18.68","18.37","1729.5","1709.21","1597.92","141200","135110","1028","Supertrend bearish | RSI 50.8 > 50 | Volume 1.05x | Lolos anti-crash ADX | RISEN SIDEWAYS","Full Grid (1-2-3-4)","100000000","1755","1605","1565","1515","0.1","0.2","0.3","0.4","56","124","191","264","635","99617500","382500","1568.78","1569.09","1445","2220","2690","2690","17.66","7.89","53.28","71.47","3.02","9.06"
"PDPP","2026-05-26","2026-05-26","560","FULL","288","4.3478260869565215","AVOID","-","passive","FALSE","","SMART SNIPER","2026-04-20","Structure + Discount","36d","36","DOWNTREND","BEARISH","BEARISH","BEARISH","STRUCTURE + DISCOUNT","SIDEWAYS","39.31","TRUE","FALSE","FALSE","LEADING","LEADING (Passive)","0.99","0.99","NORMAL","70.59","29.41","42.77","19.96","16.48","19.05","306.5","316.09","373.01","467000","471140","1028","Supertrend bearish | RSI 42.8 lemah | Volume 0.99x | Lolos anti-crash ADX | RISEN SIDEWAYS","Full Grid (1-2-3-4)","100000000","350","322","314","304","0.1","0.2","0.3","0.4","285","621","955","1315","3176","99934200","65800","314.65","314.66","288","444","535","535","17.71","8.47","52.86","70.03","2.98","8.27"
"PZZA","2026-05-26","2026-05-26","560","FULL","191","0.5263157894736842","AVOID","-","passive","FALSE","","SMART SNIPER","2026-04-20","Structure + Discount","36d","36","DOWNTREND","BEARISH","BEARISH","BEARISH","STRUCTURE + DISCOUNT","SIDEWAYS","49.91","TRUE","FALSE","FALSE","LEADING","LEADING (Passive)","0.64","0.64","DRY / QUIET","66.67","33.33","37.84","26.44","11.49","21.2","196.55","201.78","207.77","1069900","1678620","1028","Supertrend bearish | RSI 37.8 lemah | Volume 0.64x | Lolos anti-crash ADX | RISEN SIDEWAYS","Full Grid (1-2-3-4)","100000000","226","204","199","191","0.1","0.2","0.3","0.4","442","980","1507","2094","5023","99965900","34100","199.02","199.02","180","296","364","364","20.35","9.56","61.06","82.9","3","8.68"
"HOPE","2026-05-26","2026-05-26","560","FULL","128","-4.477611940298507","AVOID","-","passive","FALSE","","EARLY SWEEP","2026-05-13","","13d","13","DOWNTREND","BEARISH","BEARISH","BEARISH","STRUCTURE + DISCOUNT","NORMAL DOWNTREND","85.99","TRUE","FALSE","FALSE","IMPROVING","IMPROVING (Passive)","0.08","0.08","DRY / QUIET","12.5","87.5","33.29","15.26","18.72","28.64","161.07","194.14","180.39","4564800","57149110","1024","Supertrend bearish | RSI 33.3 lemah | Volume 0.08x | Lolos anti-crash ADX | RISEN NORMAL DOWNTREND","Full Grid (1-2-3-4)","100000000","314","248","232","208","0.1","0.2","0.3","0.4","318","806","1293","1923","4340","99970000","30000","230.35","230.36","175","525","730","730","44.27","24.03","132.48","216.92","2.99","9.03"
"DKFT","2026-05-26","2026-05-26","560","FULL","710","-2.73972602739726","AVOID","-","passive","FALSE","","SMART GAMMA","2026-04-17","","39d","39","DOWNTREND","BEARISH","BEARISH","BULLISH","STRUCTURE + DISCOUNT","SIDEWAYS","27.41","TRUE","FALSE","FALSE","LEADING","LEADING (Passive)","0.23","0.23","DRY / QUIET","33.33","66.67","42.19","30.1","13.91","25.51","745.23","760.8","706.56","3351700","14734660","1022","Supertrend bearish | RSI 42.2 lemah | Volume 0.23x | Crash filter aktif | RISEN SIDEWAYS","Full Grid (1-2-3-4)","100000000","820","740","720","690","0.1","0.2","0.3","0.4","121","270","416","579","1386","99805000","195000","720.09","720.15","650","1075","1330","1330","20.73","9.73","62.2","84.7","3","8.7"
"IPAC","2026-05-26","2026-05-26","560","FULL","142","0","AVOID","-","passive","FALSE","","SMART SNIPER","2026-04-17","Discount Only","39d","39","DOWNTREND","BEARISH","BEARISH","BEARISH","STRUCTURE + DISCOUNT","NORMAL DOWNTREND","76.21","TRUE","FALSE","FALSE","LEADING","LEADING (Passive)","0.09","0.09","DRY / QUIET","85.71","14.29","40.69","25.79","18.21","13.84","148.65","156.14","170.36","18900","216115","1022","Supertrend bearish | RSI 40.7 lemah | Volume 0.09x | Lolos anti-crash ADX | RISEN NORMAL DOWNTREND","Full Grid (1-2-3-4)","100000000","180","159","153","146","0.1","0.2","0.3","0.4","555","1257","1960","2739","6511","99953700","46300","153.52","153.52","134","250","318","318","25.56","12.71","76.67","107.15","3","8.43"
"LPPF","2026-05-26","2026-05-26","560","FULL","1590","-0.625","AVOID","-","passive","FALSE","","SMART GAMMA","2026-04-17","","39d","39","DOWNTREND","BEARISH","BEARISH","BEARISH","STRUCTURE + DISCOUNT","NORMAL DOWNTREND","71.7","TRUE","FALSE","FALSE","LEADING","LEADING (Passive)","0.46","0.46","DRY / QUIET","0","100","30.79","34.74","13.68","31.77","1659.86","1735.29","1744.97","1517900","3331040","1022","Supertrend bearish | RSI 30.8 lemah | Volume 0.46x | Crash filter aktif | RISEN NORMAL DOWNTREND","Full Grid (1-2-3-4)","100000000","1950","1875","1855","1830","0.1","0.2","0.3","0.4","51","106","161","218","536","99579500","420500","1857.83","1857.86","1790","2190","2430","2430","8.21","3.65","24.62","30.8","3","8.44"
"MTLA","2026-05-26","2026-05-26","560","FULL","510","0","AVOID","-","passive","FALSE","","V-SHAPE","2026-04-17","","39d","39","DOWNTREND","BEARISH","BEARISH","BEARISH","STRUCTURE + DISCOUNT","SIDEWAYS","100","TRUE","FALSE","FALSE","LEADING","LEADING (Passive)","0.46","0.46","DRY / QUIET","100","0","40.64","24.02","9.05","22.6","520.31","537.46","514.54","17900","38950","1022","Supertrend bearish | RSI 40.6 lemah | Volume 0.46x | Lolos anti-crash ADX | RISEN SIDEWAYS","Full Grid (1-2-3-4)","100000000","590","565","555","545","0.1","0.2","0.3","0.4","169","353","540","733","1795","99834000","166000","556.18","556.19","525","690","785","785","11.02","5.61","33.05","41.14","3","7.34"
"CFIN","2026-05-26","2026-05-26","560","FULL","342","0.5882352941176471","AVOID","-","passive","FALSE","","BETA BREAKOUT","2026-04-16","","40d","40","DOWNTREND","BULLISH","BULLISH","BULLISH","DEMAND STRUCTURE","NORMAL UPTREND","60","TRUE","TRUE","FALSE","LEADING","LEADING (Passive)","0.59","0.59","DRY / QUIET","66.67","33.33","51.83","20.43","16","13.77","340.81","337.71","331.28","1170000","1992270","1020","Supertrend bearish | RSI 51.8 > 50 | Volume 0.59x | Lolos anti-crash ADX | RISEN NORMAL UPTREND","Full Grid (1-2-3-4)","100000000","344","322","316","310","0.1","0.2","0.3","0.4","290","621","949","1290","3150","99950600","49400","317.3","317.31","298","414","482","482","13.37","6.08","40.12","51.91","3","8.53"
"HADE","2026-05-26","2026-05-26","560","FULL","16","6.666666666666667","HOLD","-","passive","FALSE","","EARLY SWEEP","2026-05-11","","15d","15","UPTREND","BEARISH","BEARISH","BEARISH","UPTREND DISCOUNT","NORMAL DOWNTREND","48.12","TRUE","FALSE","FALSE","IMPROVING","IMPROVING (Passive)","0.35","0.35","DRY / QUIET","50","50","37.67","33.14","27.6","48.41","17.25","19.84","21.52","1446300","4133485","1020","Supertrend bullish | RSI 37.7 lemah | Volume 0.35x | Crash filter aktif | RISEN NORMAL DOWNTREND","Full Grid (1-2-3-4)","100000000","26","25","24","24","0.1","0.2","0.3","0.4","3846","8000","12500","16666","41012","99998000","2000","24.38","24.38","23","45","48","48","11.54","5.67","84.62","96.86","7.33","17.08"
"IMAS","2026-05-26","2026-05-26","560","FULL","940","-0.5291005291005291","AVOID","-","passive","FALSE","","BETA BREAKOUT","2026-04-16","","40d","40","DOWNTREND","BEARISH","BEARISH","BEARISH","STRUCTURE + DISCOUNT","NORMAL DOWNTREND","49.08","TRUE","FALSE","FALSE","LEADING","LEADING (Passive)","0.17","0.17","DRY / QUIET","22.22","77.78","39.35","21.93","18.75","21.11","1000.48","1036.23","1075.96","45200","271220","1020","Supertrend bearish | RSI 39.4 lemah | Volume 0.17x | Lolos anti-crash ADX | RISEN NORMAL DOWNTREND","Full Grid (1-2-3-4)","100000000","1240","1085","1045","990","0.1","0.2","0.3","0.4","80","184","287","404","955","99871500","128500","1045.77","1045.92","910","1735","2230","2230","26.61","12.98","79.84","113.24","3","8.72"
"OLIV","2026-05-26","2026-05-26","560","FULL","54","0","AVOID","-","passive","FALSE","","SMART SNIPER","2026-04-16","Structure + Discount","40d","40","DOWNTREND","BEARISH","BEARISH","BEARISH","STRUCTURE + DISCOUNT","SIDEWAYS","65.89","TRUE","FALSE","FALSE","LEADING","LEADING (Passive)","0.64","0.64","DRY / QUIET","100","0","44.96","15.91","15.9","16.68","55.53","57.22","61.41","3042200","4742900","1020","Supertrend bearish | RSI 45.0 lemah | Volume 0.64x | Lolos anti-crash ADX | RISEN SIDEWAYS","Full Grid (1-2-3-4)","100000000","61","54","52","49","0.1","0.2","0.3","0.4","1639","3703","5769","8163","19274","99991600","8400","51.88","51.88","45","85","109","109","26.23","13.26","78.69","110.1","3","8.3"
"PBSA","2026-05-26","2026-05-26","560","FULL","805","-5.294117647058823","AVOID","-","passive","FALSE","","V-SHAPE","2026-05-11","","15d","15","DOWNTREND","BEARISH","BEARISH","BEARISH","STRUCTURE + DISCOUNT","NORMAL DOWNTREND","34.23","TRUE","FALSE","FALSE","IMPROVING","IMPROVING (Passive)","0.36","0.36","DRY / QUIET","18.75","81.25","38.27","35.3","12.87","24.54","925.16","1081.97","1105.31","1301900","3657830","1020","Supertrend bearish | RSI 38.3 lemah | Volume 0.36x | Crash filter aktif | RISEN NORMAL DOWNTREND","Full Grid (1-2-3-4)","100000000","945","880","865","845","0.1","0.2","0.3","0.4","105","227","346","473","1151","99796000","204000","867.04","867.09","800","1165","1380","1380","15.34","7.73","46.03","59.16","3","7.65"
"SRAJ","2026-05-26","2026-05-26","560","FULL","13925","0","HOLD","-","passive","FALSE","","V-SHAPE","2026-04-16","","40d","40","UPTREND","BEARISH","BEARISH","BULLISH","UPTREND","NORMAL DOWNTREND","25","TRUE","FALSE","FALSE","LEADING","LEADING (Passive)","0.03","0.03","DRY / QUIET","50","50","44.91","30.21","26.68","43.6","14133.43","14617.53","12723.47","500","15260","1020","Supertrend bullish | RSI 44.9 lemah | Volume 0.03x | Crash filter aktif | RISEN NORMAL DOWNTREND","Full Grid (1-2-3-4)","100000000","15100","14100","13875","13525","0.1","0.2","0.3","0.4","6","14","21","29","70","97160000","2840000","13880","13888.23","13000","18250","21400","21400","13.91","6.34","41.72","54.18","3","8.55"
"TMAS","2026-05-26","2026-05-26","560","FULL","118","0","AVOID","-","passive","FALSE","","SMART SNIPER","2026-04-16","Structure + Discount","40d","40","DOWNTREND","BEARISH","BEARISH","BEARISH","STRUCTURE + DISCOUNT","NORMAL DOWNTREND","89.62","TRUE","FALSE","FALSE","LEADING","LEADING (Passive)","0.32","0.32","DRY / QUIET","33.33","66.67","35.14","19.89","13.95","22.02","122.35","126.46","133.2","1578300","4995565","1020","Supertrend bearish | RSI 35.1 lemah | Volume 0.32x | Lolos anti-crash ADX | RISEN NORMAL DOWNTREND","Full Grid (1-2-3-4)","100000000","138","130","127","125","0.1","0.2","0.3","0.4","724","1538","2362","3200","7824","99982600","17400","127.79","127.79","120","165","192","192","13.04","6.1","39.13","50.25","3","8.24"
"ANJT","2026-05-26","2026-05-26","560","FULL","1690","4.320987654320987","AVOID","-","passive","FALSE","","SMART SNIPER","2026-04-15","Structure + Discount","41d","41","DOWNTREND","BEARISH","BEARISH","BEARISH","STRUCTURE + DISCOUNT","NORMAL DOWNTREND","46.04","TRUE","FALSE","FALSE","LEADING","LEADING (Passive)","0.25","0.25","DRY / QUIET","94.12","5.88","47.46","30.9","16.77","24.08","1706.96","1701.9","1703.59","43000","175200","1018","Supertrend bearish | RSI 47.5 lemah | Volume 0.25x | Crash filter aktif | RISEN NORMAL DOWNTREND","Full Grid (1-2-3-4)","100000000","1740","1580","1540","1485","0.1","0.2","0.3","0.4","57","126","194","269","646","99648500","351500","1542.55","1542.69","1400","2250","2760","2760","19.54","9.24","58.62","78.92","3","8.54"
"BHIT","2026-05-26","2026-05-26","560","FULL","30","0","HOLD","-","passive","FALSE","","SMART SNIPER","2026-04-15","Structure + Discount","41d","41","UPTREND","BEARISH","BEARISH","BEARISH","STRUCTURE + DISCOUNT","NORMAL DOWNTREND","27.91","TRUE","FALSE","FALSE","LEADING","LEADING (Passive)","0.33","0.33","DRY / QUIET","0","100","41.7","29.2","29.07","47.09","31.24","33.25","34.85","3022300","9236330","1018","Supertrend bullish | RSI 41.7 lemah | Volume 0.33x | Lolos anti-crash ADX | RISEN NORMAL DOWNTREND","Full Grid (1-2-3-4)","100000000","37","35","34","33","0.1","0.2","0.3","0.4","2702","5714","8823","12121","29360","99993900","6100","34.06","34.06","32","45","52","52","13.51","6.04","40.54","52.68","3","8.72"
"EKAD","2026-05-26","2026-05-26","560","FULL","171","1.183431952662722","AVOID","-","passive","FALSE","","V-SHAPE","2026-04-15","","41d","41","DOWNTREND","BEARISH","BEARISH","BEARISH","STRUCTURE + DISCOUNT","NORMAL DOWNTREND","44.37","TRUE","FALSE","FALSE","LEADING","LEADING (Passive)","0.26","0.26","DRY / QUIET","50","50","39.71","32.1","10.16","25.81","174.64","178.39","185.41","65300","248060","1018","Supertrend bearish | RSI 39.7 lemah | Volume 0.26x | Crash filter aktif | RISEN NORMAL DOWNTREND","Full Grid (1-2-3-4)","100000000","180","179","178","178","0.1","0.2","0.3","0.4","555","1117","1685","2247","5604","99973900","26100","178.4","178.4","176","187","191","191","2.22","1.34","6.11","7.06","2.75","5.26"
"ELIT","2026-05-26","2026-05-26","560","FULL","185","-1.5957446808510638","AVOID","-","passive","FALSE","","SMART SNIPER","2026-04-15","Discount Only","41d","41","DOWNTREND","BEARISH","BEARISH","BEARISH","STRUCTURE + DISCOUNT","NORMAL DOWNTREND","65","TRUE","FALSE","FALSE","LEADING","LEADING (Passive)","0.51","0.51","DRY / QUIET","14.29","85.71","36.11","15.08","15.09","23.52","196.36","207.15","205.65","2863000","5572660","1018","Supertrend bearish | RSI 36.1 lemah | Volume 0.51x | Lolos anti-crash ADX | RISEN NORMAL DOWNTREND","Full Grid (1-2-3-4)","100000000","228","204","198","190","0.1","0.2","0.3","0.4","438","980","1515","2105","5038","99970400","29600","198.43","198.44","177","304","382","382","22.37","10.8","67.54","92.51","3.02","8.56"
"ELPI","2026-05-26","2026-05-26","560","FULL","1700","12.956810631229235","AVOID","-","passive","FALSE","","V-SHAPE","2026-04-15","","41d","41","DOWNTREND","BULLISH","BULLISH","BULLISH","DOWNTREND PREMIUM","NORMAL UPTREND","41.79","TRUE","TRUE","FALSE","LEADING","LEADING (Passive)","0.84","0.84","NORMAL","89.8","10.2","50.68","15.69","29.67","28.8","1657.83","1666.84","1160.23","2451300","2935250","1018","Supertrend bearish | RSI 50.7 > 50 | Volume 0.84x | Lolos anti-crash ADX | RISEN NORMAL UPTREND","Full Grid (1-2-3-4)","100000000","1965","1515","1410","1260","0.1","0.2","0.3","0.4","50","132","212","317","711","99657000","343000","1401.65","1402.27","1025","3380","4790","4790","47.84","26.87","143.77","241.74","3.01","9"
"JMAS","2026-05-26","2026-05-26","560","FULL","266","-7.638888888888889","HOLD","-","passive","FALSE","","SMART GAMMA","2026-04-15","","41d","41","UPTREND","BULLISH","BULLISH","BULLISH","DEMAND STRUCTURE","NORMAL UPTREND","23.32","TRUE","TRUE","FALSE","LEADING","LEADING (Passive)","0.51","0.51","DRY / QUIET","21.43","78.57","54.95","23.13","28.83","18.99","256.46","243.57","203.85","1774500","3457450","1018","Supertrend bullish | RSI 55.0 > 50 | Volume 0.51x | Lolos anti-crash ADX | RISEN NORMAL UPTREND","Full Grid (1-2-3-4)","100000000","270","226","214","200","0.1","0.2","0.3","0.4","370","884","1401","2000","4655","99949800","50200","214.71","214.72","178","408","545","545","34.07","17.1","101.85","153.82","2.99","9"
"MAYA","2026-05-26","2026-05-26","560","FULL","189","-0.5263157894736842","AVOID","-","passive","FALSE","","SMART SNIPER","2026-04-15","Structure + Discount","41d","41","DOWNTREND","BEARISH","BEARISH","BEARISH","STRUCTURE + DISCOUNT","SIDEWAYS","61.55","TRUE","FALSE","FALSE","LEADING","LEADING (Passive)","0.6","0.6","DRY / QUIET","40","60","40.48","16.93","15.72","21.37","193.27","199","216.16","829800","1375810","1018","Supertrend bearish | RSI 40.5 lemah | Volume 0.6x | Lolos anti-crash ADX | RISEN SIDEWAYS","Full Grid (1-2-3-4)","100000000","220","200","195","189","0.1","0.2","0.3","0.4","454","1000","1538","2116","5108","99971400","28600","195.72","195.72","178","284","346","346","19.09","9.05","57.27","76.79","3","8.48"
"SAFE","2026-05-26","2026-05-26","560","FULL","326","-0.6097560975609756","AVOID","-","passive","FALSE","","V-SHAPE","2026-04-15","","41d","41","DOWNTREND","BEARISH","BEARISH","BULLISH","DEMAND STRUCTURE","NORMAL DOWNTREND","45.34","TRUE","FALSE","FALSE","LEADING","LEADING (Passive)","0.77","0.77","DRY / QUIET","75","25","36.5","18.45","14.36","20.46","343.22","357.63","321.76","411100","534320","1018","Supertrend bearish | RSI 36.5 lemah | Volume 0.77x | Lolos anti-crash ADX | RISEN NORMAL DOWNTREND","Full Grid (1-2-3-4)","100000000","382","368","364","358","0.1","0.2","0.3","0.4","261","543","824","1117","2745","99934800","65200","364.06","364.07","348","434","484","484","8.9","4.41","26.7","32.94","3","7.47"
"TARA","2026-05-26","2026-05-26","560","FULL","32","0","HOLD","-","passive","FALSE","","V-SHAPE","2026-04-15","","41d","41","UPTREND","BULLISH","BULLISH","BULLISH","UPTREND DISCOUNT","NORMAL UPTREND","65.37","TRUE","TRUE","FALSE","LEADING","LEADING (Passive)","1.41","1.41","EXPANSION","0","100","53.33","9.83","39.05","32.25","30.99","31.8","29.23","1675400","1189785","1018","Supertrend bullish | RSI 53.3 > 50 | Volume valid 1.41x | Lolos anti-crash ADX | RISEN NORMAL UPTREND","Full Grid (1-2-3-4)","100000000","30","29","28","28","0.1","0.2","0.3","0.4","3333","6896","10714","14285","35228","99994600","5400","28.38","28.38","27","40","50","50","10","4.88","66.67","76.15","6.67","15.61"
"TAXI","2026-05-26","2026-05-26","560","FULL","16","6.666666666666667","HOLD","-","passive","FALSE","","SMART SNIPER","2026-04-15","Discount Only","41d","41","UPTREND","BEARISH","BEARISH","BEARISH","STRUCTURE + DISCOUNT","SIDEWAYS","34.39","TRUE","FALSE","FALSE","LEADING","LEADING (Passive)","1.16","1.16","NORMAL","100","0","48.14","15.26","31.1","33.47","16.16","16.87","16.76","37315400","32184695","1018","Supertrend bullish | RSI 48.1 lemah | Volume 1.16x | Lolos anti-crash ADX | RISEN SIDEWAYS","Full Grid (1-2-3-4)","100000000","17","15","14","13","0.1","0.2","0.3","0.4","5882","13333","21428","30769","71412","99997800","2200","14","14","12","25","32","32","29.41","14.3","88.24","128.52","3","8.99"
"TPMA","2026-05-26","2026-05-26","560","FULL","496","-1.782178217821782","AVOID","-","passive","FALSE","","V-SHAPE","2026-04-15","","41d","41","DOWNTREND","BEARISH","BEARISH","BEARISH","STRUCTURE + DISCOUNT","NORMAL DOWNTREND","14.44","TRUE","FALSE","FALSE","LEADING","LEADING (Passive)","1.17","1.17","NORMAL","12.5","87.5","24.76","49.32","6.69","30.03","534.53","560.24","584.19","11779900","10042405","1018","Supertrend bearish | RSI 24.8 lemah | Volume 1.17x | Crash filter aktif | RISEN NORMAL DOWNTREND","Full Grid (1-2-3-4)","100000000","595","590","590","585","0.1","0.2","0.3","0.4","168","338","508","683","1697","99865500","134500","588.48","588.48","580","620","680","680","2.52","1.44","14.29","15.55","5.67","10.79"
"BBKP","2026-05-26","2026-05-26","560","FULL","56","-1.7543859649122806","AVOID","-","passive","FALSE","","SMART SNIPER","2026-04-14","Discount Only","42d","42","DOWNTREND","BEARISH","BEARISH","BEARISH","STRUCTURE + DISCOUNT","NORMAL DOWNTREND","40.79","TRUE","FALSE","FALSE","LEADING","LEADING (Passive)","0.57","0.57","DRY / QUIET","0","100","35.96","27.87","9.04","20.29","59.18","62.59","67.4","47769100","83766335","1016","Supertrend bearish | RSI 36.0 lemah | Volume 0.57x | Lolos anti-crash ADX | RISEN NORMAL DOWNTREND","Full Grid (1-2-3-4)","100000000","66","62","61","60","0.1","0.2","0.3","0.4","1515","3225","4918","6666","16324","99989800","10200","61.25","61.25","57","80","93","93","13.64","6.94","40.91","51.83","3","7.46"
"BREN","2026-05-26","2026-05-26","560","FULL","2640","10.92436974789916","AVOID","-","passive","FALSE","","BETA BREAKOUT","2025-11-05","","202d","202","DOWNTREND","BEARISH","BEARISH","BEARISH","DOWNTREND DISCOUNT","CRASH / SELL-OFF","16.47","TRUE","FALSE","TRUE","LAGGING","LAGGARD (Passive)","3.97","3.97","VOLUME SURGE","66.67","33.33","25.4","49.75","12.34","37.33","3722.87","4984.81","7118.6","211822800","53306240","1016","Supertrend bearish | RSI 25.4 lemah | Volume valid 3.97x | Crash filter aktif | RISEN CRASH / SELL-OFF","Full Grid (1-2-3-4)","100000000","9750","8775","8550","8225","0.1","0.2","0.3","0.4","10","22","35","48","115","98460000","1540000","8561.74","8563.96","7700","12825","15900","15900","21.03","10.07","63.08","85.71","3","8.52"
"GMFI","2026-05-26","2026-05-26","560","FULL","53","-3.6363636363636362","AVOID","-","passive","FALSE","","SMART SNIPER","2026-04-14","Discount Only","42d","42","DOWNTREND","BEARISH","BEARISH","BEARISH","STRUCTURE + DISCOUNT","NORMAL DOWNTREND","34.8","TRUE","FALSE","FALSE","LEADING","LEADING (Passive)","0.67","0.67","DRY / QUIET","0","100","36.51","20.74","16.9","22.25","57.49","61.61","69.44","40242900","59986040","1016","Supertrend bearish | RSI 36.5 lemah | Volume 0.67x | Lolos anti-crash ADX | RISEN NORMAL DOWNTREND","Full Grid (1-2-3-4)","100000000","70","62","59","57","0.1","0.2","0.3","0.4","1428","3225","5084","7017","16754","99983500","16500","59.68","59.68","52","97","124","124","25.71","12.86","77.14","107.78","3","8.38"
"SRTG","2026-05-26","2026-05-26","560","FULL","1645","1.2307692307692308","AVOID","-","passive","FALSE","","SMART GAMMA","2026-04-14","","42d","42","DOWNTREND","BEARISH","BEARISH","BEARISH","STRUCTURE + DISCOUNT","SIDEWAYS","40.78","TRUE","FALSE","FALSE","LEADING","LEADING (Passive)","0.53","0.53","DRY / QUIET","50","50","42.79","24.07","13.35","23.89","1690.19","1713.13","1724.31","4365600","8245075","1016","Supertrend bearish | RSI 42.8 lemah | Volume 0.53x | Lolos anti-crash ADX | RISEN SIDEWAYS","Full Grid (1-2-3-4)","100000000","1790","1640","1600","1550","0.1","0.2","0.3","0.4","55","121","187","258","621","99599000","401000","1603.85","1604.15","1470","2270","2750","2750","17.88","8.35","53.63","71.46","3","8.56"
"ASBI","2026-05-26","2026-05-26","560","FULL","410","0.9852216748768473","AVOID","-","passive","FALSE","","SMART SNIPER","2026-04-13","Structure + Discount","43d","43","DOWNTREND","NEUTRAL","BEARISH","BEARISH","STRUCTURE + DISCOUNT","SIDEWAYS","60","TRUE","FALSE","FALSE","LEADING","LEADING (Passive)","0.24","0.24","DRY / QUIET","64.29","35.71","49.4","10.85","16.83","14.95","409.79","415.62","445.97","14300","60615","1014","Supertrend bearish | RSI 49.4 lemah | Volume 0.24x | Lolos anti-crash ADX | RISEN SIDEWAYS","Full Grid (1-2-3-4)","100000000","432","406","400","392","0.1","0.2","0.3","0.4","231","492","750","1020","2493","99938400","61600","400.88","400.88","378","515","595","595","12.5","5.71","37.73","48.42","3.02","8.49"
"PDES","2026-05-26","2026-05-26","560","FULL","510","0","AVOID","-","passive","FALSE","","EARLY SWEEP","2026-04-13","","43d","43","DOWNTREND","NEUTRAL","BEARISH","BEARISH","STRUCTURE + DISCOUNT","SIDEWAYS","100","TRUE","FALSE","FALSE","LEADING","LEADING (Passive)","0.11","0.11","DRY / QUIET","100","0","49.18","20.24","11.95","16.83","510.01","518.64","511.8","7300","68150","1014","Supertrend bearish | RSI 49.2 lemah | Volume 0.11x | Lolos anti-crash ADX | RISEN SIDEWAYS","Full Grid (1-2-3-4)","100000000","630","610","605","600","0.1","0.2","0.3","0.4","158","327","495","666","1646","99808500","191500","606.37","606.38","585","700","770","770","7.14","3.52","22.22","26.99","3.11","7.66"
"PNGO","2026-05-26","2026-05-26","560","FULL","3530","1.4367816091954022","AVOID","-","passive","FALSE","","BETA BREAKOUT","2026-04-13","","43d","43","DOWNTREND","BULLISH","BULLISH","BULLISH","STRUCTURE + DISCOUNT","NORMAL UPTREND","25","TRUE","TRUE","FALSE","LEADING","LEADING (Passive)","0.16","0.16","DRY / QUIET","88.89","11.11","52.42","21.92","20.85","16.15","3498.73","3419.91","3006.02","15800","99830","1014","Supertrend bearish | RSI 52.4 > 50 | Volume 0.16x | Lolos anti-crash ADX | RISEN NORMAL UPTREND","Full Grid (1-2-3-4)","100000000","3410","3210","3160","3100","0.1","0.2","0.3","0.4","29","62","94","129","314","99485000","515000","3168.31","3168.57","2980","4060","4700","4700","12.61","5.94","37.83","48.34","3","8.13"
"RSGK","2026-05-26","2026-05-26","560","FULL","965","9.659090909090908","AVOID","-","passive","FALSE","","V-SHAPE","2026-05-07","","19d","19","DOWNTREND","BEARISH","BEARISH","BEARISH","DOWNTREND DISCOUNT","SIDEWAYS","25","TRUE","FALSE","FALSE","IMPROVING","IMPROVING (Passive)","0.75","0.75","DRY / QUIET","100","0","40.12","19.35","24.95","26.74","1094.53","1132.11","1061.04","14800","19825","1012","Supertrend bearish | RSI 40.1 lemah | Volume 0.75x | Lolos anti-crash ADX | RISEN SIDEWAYS","Full Grid (1-2-3-4)","100000000","1265","1110","1070","1015","0.1","0.2","0.3","0.4","79","180","280","394","933","99924500","75500","1071","1071.01","940","1755","2240","2240","25.69","12.23","77.08","109.15","3","8.92"
"SMBR","2026-05-26","2026-05-26","560","FULL","171","0","AVOID","-","passive","FALSE","","V-SHAPE","2026-05-07","","19d","19","DOWNTREND","BEARISH","BEARISH","BEARISH","STRUCTURE + DISCOUNT","NORMAL DOWNTREND","45.94","TRUE","FALSE","FALSE","IMPROVING","IMPROVING (Passive)","0.31","0.31","DRY / QUIET","16.67","83.33","28.91","43.99","12.03","33.64","192.16","213.96","248.91","1950300","6265595","1012","Supertrend bearish | RSI 28.9 lemah | Volume 0.31x | Crash filter aktif | RISEN NORMAL DOWNTREND","Full Grid (1-2-3-4)","100000000","202","200","200","199","0.1","0.2","0.3","0.4","495","1000","1500","2010","5005","99998000","2000","199.8","199.8","196","212","234","234","2.97","1.9","15.84","17.12","5.33","9.01"
"BHAT","2026-05-26","2026-05-26","560","FULL","810","-14.736842105263156","AVOID","-","passive","FALSE","","SMART GAMMA","2025-11-12","","195d","195","DOWNTREND","BEARISH","BEARISH","BEARISH","DOWNTREND DISCOUNT","CRASH / SELL-OFF","0","FALSE","FALSE","TRUE","LAGGING","LAGGARD (Passive)","1.82","1.82","EXPANSION","0","100","3.94","40.34","4.84","88.18","1244","1323.78","1182.56","2800","1535","1010","Supertrend bearish | RSI 3.9 lemah | Volume valid 1.82x | Crash filter aktif | RISEN CRASH / SELL-OFF","Full Grid (1-2-3-4)","100000000","1070","965","940","905","0.1","0.2","0.3","0.4","93","207","319","441","1060","99823000","177000","941.73","941.75","855","1395","1715","1715","20.09","9.21","60.28","82.11","3","8.92"
"BATA","2026-05-26","2026-05-26","560","FULL","63","3.278688524590164","AVOID","-","passive","FALSE","","EARLY SWEEP","2026-03-31","","56d","56","DOWNTREND","NEUTRAL","BEARISH","BULLISH","STRUCTURE + DISCOUNT","SIDEWAYS","59.81","TRUE","FALSE","TRUE","LEADING","LEADING (Passive)","2.25","2.25","VOLUME SURGE","0","100","49.57","24.55","22.51","31.26","63.02","63.73","62.85","181500","80525","1008","Supertrend bearish | RSI 49.6 lemah | Volume valid 2.25x | Lolos anti-crash ADX | RISEN SIDEWAYS","Full Grid (1-2-3-4)","100000000","89","81","78","76","0.1","0.2","0.3","0.4","1123","2469","3846","5263","12701","99991200","8800","78.73","78.73","71","116","143","143","20.22","9.81","60.67","81.64","3","8.32"
"JRPT","2026-05-26","2026-05-26","560","FULL","1090","0","AVOID","-","passive","FALSE","","SMART GAMMA","2026-04-10","","46d","46","DOWNTREND","NEUTRAL","NEUTRAL","BULLISH","DEMAND STRUCTURE","SIDEWAYS","70.19","TRUE","FALSE","FALSE","LEADING","LEADING (Passive)","1.11","1.11","NORMAL","0","100","48.41","29.82","19.11","19.47","1090.72","1092.06","991.15","230200","207900","1008","Supertrend bearish | RSI 48.4 lemah | Volume 1.11x | Lolos anti-crash ADX | RISEN SIDEWAYS","Full Grid (1-2-3-4)","100000000","1110","1095","1090","1085","0.1","0.2","0.3","0.4","90","182","275","368","915","99822000","178000","1090.95","1090.95","1075","1165","1280","1280","3.15","1.46","15.32","17.33","4.86","11.85"
"KLIN","2026-05-26","2026-05-26","560","FULL","119","9.174311926605505","AVOID","-","passive","FALSE","","EARLY SWEEP","2026-05-05","","21d","21","DOWNTREND","BEARISH","BEARISH","BEARISH","STRUCTURE + DISCOUNT","NORMAL DOWNTREND","25.52","TRUE","FALSE","FALSE","IMPROVING","IMPROVING (Passive)","1.24","1.24","EXPANSION","100","0","36.02","24.92","11.57","26.5","132.8","145.13","156.72","139000","112400","1008","Supertrend bearish | RSI 36.0 lemah | Volume valid 1.24x | Lolos anti-crash ADX | RISEN NORMAL DOWNTREND","Full Grid (1-2-3-4)","100000000","168","150","145","139","0.1","0.2","0.3","0.4","595","1333","2068","2877","6873","99967300","32700","145.45","145.45","128","228","288","288","23.81","12","71.43","98.01","3","8.17"
"ADMR","2026-05-26","2026-05-26","560","FULL","1510","-2.5806451612903225","AVOID","-","passive","FALSE","","V-SHAPE","2026-05-04","","22d","22","DOWNTREND","BEARISH","BEARISH","BEARISH","STRUCTURE + DISCOUNT","NORMAL DOWNTREND","20.27","TRUE","FALSE","FALSE","IMPROVING","IMPROVING (Passive)","0.32","0.32","DRY / QUIET","23.08","76.92","36.19","25.19","16.3","34.09","1682.47","1780.87","1599.94","15445900","48502510","1006","Supertrend bearish | RSI 36.2 lemah | Volume 0.32x | Lolos anti-crash ADX | RISEN NORMAL DOWNTREND","Full Grid (1-2-3-4)","100000000","1910","1845","1830","1810","0.1","0.2","0.3","0.4","52","108","163","220","543","99507000","493000","1832.54","1832.56","1765","2130","2350","2350","7.59","3.69","23.04","28.24","3.03","7.66"
"ALII","2026-05-26","2026-05-26","536","FULL","840","0","AVOID","-","passive","FALSE","","SMART SNIPER","2026-04-09","Structure + Discount","47d","47","DOWNTREND","BEARISH","BEARISH","BULLISH","STRUCTURE + DISCOUNT","SIDEWAYS","35.2","TRUE","FALSE","FALSE","LEADING","LEADING (Passive)","0.59","0.59","DRY / QUIET","16.67","83.33","46.6","18.93","20.51","19.05","868.96","863.47","764.48","2131500","3602645","1006","Supertrend bearish | RSI 46.6 lemah | Volume 0.59x | Lolos anti-crash ADX | RISEN SIDEWAYS","Full Grid (1-2-3-4)","100000000","840","735","705","670","0.1","0.2","0.3","0.4","119","272","425","597","1413","99949500","50500","707.36","707.36","610","1185","1530","1530","27.38","13.76","82.14","116.3","3","8.45"
"MEJA","2026-05-26","2026-05-26","535","FULL","97","1.0416666666666665","AVOID","-","passive","FALSE","","SMART SNIPER","2026-04-09","Discount Only","47d","47","DOWNTREND","BEARISH","BEARISH","BEARISH","STRUCTURE + DISCOUNT","SIDEWAYS","50.95","TRUE","FALSE","FALSE","LEADING","LEADING (Passive)","0.6","0.6","DRY / QUIET","100","0","44.6","13.85","16.67","27.98","102.33","106.28","124.38","14932200","25049375","1006","Supertrend bearish | RSI 44.6 lemah | Volume 0.6x | Lolos anti-crash ADX | RISEN SIDEWAYS","Full Grid (1-2-3-4)","100000000","101","90","87","83","0.1","0.2","0.3","0.4","990","2222","3448","4819","11479","99992300","7700","87.11","87.11","76","139","176","176","24.75","12.75","74.26","102.05","3","8"
"AGRS","2026-05-26","2026-05-26","560","FULL","64","1.5873015873015872","AVOID","-","passive","FALSE","","V-SHAPE","2026-04-08","","48d","48","DOWNTREND","BEARISH","BEARISH","BEARISH","STRUCTURE + DISCOUNT","NORMAL DOWNTREND","31.58","TRUE","FALSE","FALSE","LEADING","LEADING (Passive)","0.07","0.07","DRY / QUIET","100","0","36.09","21.77","15.84","23.29","66.56","69.12","71.97","393000","5523085","1004","Supertrend bearish | RSI 36.1 lemah | Volume 0.07x | Lolos anti-crash ADX | RISEN NORMAL DOWNTREND","Full Grid (1-2-3-4)","100000000","70","68","68","67","0.1","0.2","0.3","0.4","1428","2941","4411","5970","14750","99988600","11400","67.79","67.79","65","78","86","86","7.14","4.11","22.86","26.86","3.2","6.53"
"AIMS","2026-05-26","2026-05-26","560","FULL","406","2.525252525252525","AVOID","-","passive","FALSE","","V-SHAPE","2026-04-08","","48d","48","DOWNTREND","BEARISH","BEARISH","BEARISH","STRUCTURE + DISCOUNT","NORMAL DOWNTREND","65.56","TRUE","FALSE","FALSE","LEADING","LEADING (Passive)","0.95","0.95","NORMAL","100","0","43.47","16.67","19.78","26.25","418.33","430.29","420.71","610100","642705","1004","Supertrend bearish | RSI 43.5 lemah | Volume 0.95x | Lolos anti-crash ADX | RISEN NORMAL DOWNTREND","Full Grid (1-2-3-4)","100000000","428","402","396","388","0.1","0.2","0.3","0.4","233","497","757","1030","2517","99893000","107000","396.87","396.88","366","520","615","615","14.49","7.78","43.69","54.96","3.02","7.07"
"NICK","2026-05-26","2026-05-26","560","FULL","1120","1.3574660633484164","AVOID","-","passive","FALSE","","SMART SNIPER","2026-04-08","Demand Structure","48d","48","DOWNTREND","BEARISH","BEARISH","BEARISH","STRUCTURE + DISCOUNT","SIDEWAYS","67.94","TRUE","FALSE","FALSE","LEADING","LEADING (Passive)","0.19","0.19","DRY / QUIET","100","0","39.32","20.02","29.72","18.22","1169.37","1199.35","1176.2","1300","6985","1004","Supertrend bearish | RSI 39.3 lemah | Volume 0.19x | Lolos anti-crash ADX | RISEN SIDEWAYS","Full Grid (1-2-3-4)","100000000","1300","1180","1150","1105","0.1","0.2","0.3","0.4","76","169","260","361","866","99612500","387500","1150.26","1150.38","1035","1700","2100","2100","20.38","10.02","61.54","82.57","3.02","8.24"
"PSSI","2026-05-26","2026-05-26","560","FULL","310","3.3333333333333335","AVOID","-","passive","FALSE","","V-SHAPE","2026-04-08","","48d","48","DOWNTREND","BEARISH","BEARISH","BEARISH","STRUCTURE + DISCOUNT","NORMAL DOWNTREND","31.06","TRUE","FALSE","FALSE","LEADING","LEADING (Passive)","0.18","0.18","DRY / QUIET","83.33","16.67","39.22","24.38","20.45","36.04","323.44","336.18","352.88","36900","206735","1004","Supertrend bearish | RSI 39.2 lemah | Volume 0.18x | Lolos anti-crash ADX | RISEN NORMAL DOWNTREND","Full Grid (1-2-3-4)","100000000","344","338","336","334","0.1","0.2","0.3","0.4","290","591","892","1197","2970","99902800","97200","336.37","336.37","330","366","402","402","4.07","1.89","16.86","19.51","4.14","10.3"
"TRIM","2026-05-26","2026-05-26","560","FULL","498","1.2195121951219512","AVOID","-","passive","FALSE","","SMART SNIPER","2026-04-08","Demand Structure","48d","48","DOWNTREND","BEARISH","BEARISH","BEARISH","STRUCTURE + DISCOUNT","NORMAL DOWNTREND","56.05","TRUE","FALSE","FALSE","LEADING","LEADING (Passive)","0.57","0.57","DRY / QUIET","45.45","54.55","37.81","20.36","13.72","21.18","531.28","550.71","535.75","189200","330700","1004","Supertrend bearish | RSI 37.8 lemah | Volume 0.57x | Lolos anti-crash ADX | RISEN NORMAL DOWNTREND","Full Grid (1-2-3-4)","100000000","555","505","492","474","0.1","0.2","0.3","0.4","180","396","609","843","2028","99909000","91000","492.65","492.65","446","720","880","880","19.64","9.47","58.56","78.63","2.98","8.3"
"PMJS","2026-05-26","2026-05-26","560","FULL","117","-3.3057851239669422","AVOID","-","passive","FALSE","","BETA BREAKOUT","2026-04-07","","49d","49","DOWNTREND","BEARISH","BEARISH","BEARISH","STRUCTURE + DISCOUNT","SIDEWAYS","57.64","TRUE","FALSE","FALSE","LEADING","LEADING (Passive)","0.48","0.48","DRY / QUIET","11.11","88.89","41.8","21.61","24.7","18.97","123.95","125.17","121.5","920900","1924650","1002","Supertrend bearish | RSI 41.8 lemah | Volume 0.48x | Lolos anti-crash ADX | RISEN SIDEWAYS","Full Grid (1-2-3-4)","100000000","151","129","124","116","0.1","0.2","0.3","0.4","662","1550","2419","3448","8079","99983600","16400","123.76","123.76","106","218","286","286","29.8","14.35","89.4","131.1","3","9.14"
"RAAM","2026-05-26","2026-05-26","560","FULL","197","3.1413612565445024","AVOID","-","passive","FALSE","","SMART SNIPER","2026-04-07","Discount Only","49d","49","DOWNTREND","BEARISH","BEARISH","BEARISH","STRUCTURE + DISCOUNT","NORMAL DOWNTREND","32.02","TRUE","FALSE","FALSE","LEADING","LEADING (Passive)","0.41","0.41","DRY / QUIET","66.67","33.33","42.85","14.67","21.72","17.84","206.63","213.32","246.38","434700","1060130","1002","Supertrend bearish | RSI 42.9 lemah | Volume 0.41x | Lolos anti-crash ADX | RISEN NORMAL DOWNTREND","Full Grid (1-2-3-4)","100000000","238","196","185","171","0.1","0.2","0.3","0.4","420","1020","1621","2339","5400","99973400","26600","185.14","185.14","149","372","505","505","37.39","19.52","112.18","172.77","3","8.85"
"WIDI","2026-05-26","2026-05-26","560","FULL","28","0","AVOID","-","passive","FALSE","","SMART SNIPER","2026-04-07","Structure + Discount","49d","49","DOWNTREND","BEARISH","BEARISH","BEARISH","STRUCTURE + DISCOUNT","NORMAL DOWNTREND","32.93","TRUE","FALSE","FALSE","LEADING","LEADING (Passive)","0.38","0.38","DRY / QUIET","50","50","39","26.53","15.54","24.74","30.04","31.76","32.93","2107300","5543000","1002","Supertrend bearish | RSI 39.0 lemah | Volume 0.38x | Lolos anti-crash ADX | RISEN NORMAL DOWNTREND","Full Grid (1-2-3-4)","100000000","33","31","31","30","0.1","0.2","0.3","0.4","3030","6451","9677","13333","32491","99994800","5200","30.78","30.78","28","44","49","49","15.15","9.02","48.48","59.21","3.2","6.56"
"ASII","2026-05-26","2026-05-26","560","FULL","5125","-8.482142857142858","AVOID","-","passive","FALSE","","V-SHAPE","2026-05-25","","NEW","1","DOWNTREND","BEARISH","BEARISH","BEARISH","DOWNTREND DISCOUNT","NORMAL DOWNTREND","0","FALSE","FALSE","FALSE","LAGGING","LAGGARD (Passive)","1.97","1.97","EXPANSION","0","100","33.18","15.25","12.72","30.22","5823.56","6042.43","6020.99","82648100","41952165","998","Supertrend bearish | RSI 33.2 lemah | Volume valid 1.97x | Lolos anti-crash ADX | RISEN NORMAL DOWNTREND","Full Grid (1-2-3-4)","100000000","5600","5450","5425","5375","0.1","0.2","0.3","0.4","17","36","55","74","182","98752500","1247500","5425.96","5426.74","5250","6125","6750","6750","6.25","3.24","20.54","24.4","3.29","7.52"
"BNBA","2026-05-26","2026-05-26","560","FULL","690","-0.7194244604316548","AVOID","-","passive","FALSE","","EARLY SWEEP","2026-05-25","","NEW","1","DOWNTREND","BEARISH","BEARISH","BEARISH","STRUCTURE + DISCOUNT","SIDEWAYS","35.15","TRUE","FALSE","FALSE","LAGGING","LAGGARD (Passive)","0.06","0.06","DRY / QUIET","83.33","16.67","41.12","19.78","15.37","25.78","731.48","746.16","751.35","61300","952145","998","Supertrend bearish | RSI 41.1 lemah | Volume 0.06x | Lolos anti-crash ADX | RISEN SIDEWAYS","Full Grid (1-2-3-4)","100000000","865","780","755","725","0.1","0.2","0.3","0.4","115","256","397","551","1319","99836500","163500","756.91","756.95","680","1145","1420","1420","21.39","10.16","64.16","87.6","3","8.62"
"CENT","2026-05-26","2026-05-26","560","FULL","82","0","AVOID","-","passive","FALSE","","V-SHAPE","2026-05-25","","NEW","1","DOWNTREND","BEARISH","BEARISH","BEARISH","STRUCTURE + DISCOUNT","NORMAL DOWNTREND","17.68","TRUE","FALSE","FALSE","LAGGING","LAGGARD (Passive)","0.5","0.5","DRY / QUIET","50","50","35.29","20.37","17.22","23.13","92.64","101.98","113.02","3701700","7343310","998","Supertrend bearish | RSI 35.3 lemah | Volume 0.5x | Lolos anti-crash ADX | RISEN NORMAL DOWNTREND","Full Grid (1-2-3-4)","100000000","82","77","75","73","0.1","0.2","0.3","0.4","1219","2597","4000","5479","13295","99989400","10600","75.21","75.21","69","109","112","112","15.85","8.25","36.59","48.92","2.31","5.93"
"DMMX","2026-05-26","2026-05-26","560","FULL","179","0.5617977528089888","AVOID","-","passive","FALSE","","V-SHAPE","2026-05-25","","NEW","1","DOWNTREND","BEARISH","BEARISH","BEARISH","STRUCTURE + DISCOUNT","NORMAL DOWNTREND","28.48","TRUE","FALSE","FALSE","LAGGING","LAGGARD (Passive)","0.37","0.37","DRY / QUIET","25","75","25.81","13.99","19.21","19.92","203.03","223.14","289.71","163600","443860","998","Supertrend bearish | RSI 25.8 lemah | Volume 0.37x | Lolos anti-crash ADX | RISEN NORMAL DOWNTREND","Full Grid (1-2-3-4)","100000000","178","174","173","172","0.1","0.2","0.3","0.4","561","1149","1734","2325","5769","99966600","33400","173.28","173.28","167","204","212","212","6.18","3.63","19.1","22.34","3.09","6.16"
"ISAP","2026-05-26","2026-05-26","560","FULL","27","0","AVOID","-","passive","FALSE","","EARLY SWEEP","2026-05-25","","NEW","1","DOWNTREND","BEARISH","BEARISH","BEARISH","STRUCTURE + DISCOUNT","NORMAL DOWNTREND","41.76","TRUE","FALSE","FALSE","LAGGING","LAGGARD (Passive)","0.43","0.43","DRY / QUIET","50","50","39.44","15.25","15.91","21.69","29.37","30.84","29.44","15640500","36020065","998","Supertrend bearish | RSI 39.4 lemah | Volume 0.43x | Lolos anti-crash ADX | RISEN NORMAL DOWNTREND","Full Grid (1-2-3-4)","100000000","34","31","30","28","0.1","0.2","0.3","0.4","2941","6451","10000","14285","33677","99995500","4500","29.69","29.69","27","45","55","55","20.59","9.07","61.76","85.23","3","9.4"
"POLI","2026-05-26","2026-05-26","560","FULL","875","-3.314917127071823","AVOID","-","passive","FALSE","","V-SHAPE","2026-05-25","","NEW","1","DOWNTREND","BEARISH","BEARISH","BEARISH","STRUCTURE + DISCOUNT","NORMAL DOWNTREND","49.05","TRUE","FALSE","FALSE","LAGGING","LAGGARD (Passive)","0.57","0.57","DRY / QUIET","42.31","57.69","36.63","27.01","29.82","24.16","1030.02","1083.29","983.51","20400","35795","998","Supertrend bearish | RSI 36.6 lemah | Volume 0.57x | Lolos anti-crash ADX | RISEN NORMAL DOWNTREND","Full Grid (1-2-3-4)","100000000","905","835","820","795","0.1","0.2","0.3","0.4","110","239","365","503","1217","99830000","170000","820.3","820.33","740","1155","1400","1400","18.23","9.79","54.7","70.67","3","7.22"
"WTON","2026-05-26","2026-05-26","560","FULL","82","-1.2048192771084338","AVOID","-","passive","FALSE","","EARLY SWEEP","2026-05-25","","NEW","1","DOWNTREND","BEARISH","BEARISH","BEARISH","DOWNTREND DISCOUNT","NORMAL DOWNTREND","25","TRUE","FALSE","FALSE","LAGGING","LAGGARD (Passive)","0.12","0.12","DRY / QUIET","50","50","35.68","21.9","18.08","17.26","85.88","88.41","92.46","2311400","19913610","998","Supertrend bearish | RSI 35.7 lemah | Volume 0.12x | Lolos anti-crash ADX | RISEN NORMAL DOWNTREND","Full Grid (1-2-3-4)","100000000","89","86","85","84","0.1","0.2","0.3","0.4","1123","2325","3529","4761","11738","99978600","21400","85.18","85.18","82","100","110","110","7.87","3.73","23.6","29.15","3","7.82"
"YPAS","2026-05-26","2026-05-26","560","FULL","635","-3.0534351145038165","AVOID","-","passive","FALSE","","V-SHAPE","2026-05-25","","NEW","1","DOWNTREND","BEARISH","BEARISH","BEARISH","STRUCTURE + DISCOUNT","NORMAL UPTREND","25","TRUE","TRUE","FALSE","LAGGING","LAGGARD (Passive)","0.95","0.95","NORMAL","6.45","93.55","30.7","23.74","22.84","28.32","950.19","1014.36","730.97","428800","452025","998","Supertrend bearish | RSI 30.7 lemah | Volume 0.95x | Lolos anti-crash ADX | RISEN NORMAL UPTREND","Full Grid (1-2-3-4)","100000000","655","615","605","590","0.1","0.2","0.3","0.4","152","325","495","677","1649","99834000","166000","605.42","605.43","550","815","970","970","16.03","9.15","48.09","60.22","3","6.58"
"SIDO","2026-05-26","2026-05-26","560","FULL","404","0","AVOID","-","passive","FALSE","","SMART SNIPER","2026-04-29","Structure + Discount","27d","27","DOWNTREND","BEARISH","BEARISH","BEARISH","STRUCTURE + DISCOUNT","NORMAL DOWNTREND","17.5","TRUE","FALSE","FALSE","IMPROVING","IMPROVING (Passive)","0.79","0.79","DRY / QUIET","42.86","57.14","24.72","51.3","5.48","41.12","447.18","479.38","520.71","23664300","30120330","996","Supertrend bearish | RSI 24.7 lemah | Volume 0.79x | Crash filter aktif | RISEN NORMAL DOWNTREND","Full Grid (1-2-3-4)","100000000","515","505","505","500","0.1","0.2","0.3","0.4","194","396","594","800","1984","99986000","14000","503.96","503.96","494","545","550","550","4.08","1.98","6.8","9.14","1.67","4.62"
"TIRA","2026-05-26","2026-05-26","560","FULL","600","-4","AVOID","-","passive","FALSE","","V-SHAPE","2026-04-29","","27d","27","DOWNTREND","BEARISH","BEARISH","BEARISH","STRUCTURE + DISCOUNT","NORMAL DOWNTREND","28.06","TRUE","FALSE","FALSE","IMPROVING","IMPROVING (Passive)","1.01","1.01","NORMAL","17.65","82.35","24.66","37.21","9.93","27.5","731.29","867.24","1165.3","846200","834970","996","Supertrend bearish | RSI 24.7 lemah | Volume 1.01x | Crash filter aktif | RISEN NORMAL DOWNTREND","Full Grid (1-2-3-4)","100000000","875","845","835","825","0.1","0.2","0.3","0.4","114","236","359","484","1193","99823500","176500","836.74","836.75","800","990","1130","1130","8.57","4.39","29.14","35.05","3.4","7.98"
"BAPI","2026-05-26","2026-05-26","560","FULL","22","10","HOLD","-","passive","FALSE","","V-SHAPE","2026-04-28","","28d","28","UPTREND","BEARISH","BEARISH","BEARISH","UPTREND DISCOUNT","NORMAL DOWNTREND","63.44","TRUE","FALSE","FALSE","IMPROVING","IMPROVING (Passive)","0.35","0.35","DRY / QUIET","50","50","38.27","38.68","21.71","53.17","23.86","26.78","26.47","2798400","7905445","994","Supertrend bullish | RSI 38.3 lemah | Volume 0.35x | Crash filter aktif | RISEN NORMAL DOWNTREND","Full Grid (1-2-3-4)","100000000","30","28","27","26","0.1","0.2","0.3","0.4","3333","7142","11111","15384","36970","99994700","5300","27.05","27.05","25","38","45","45","16.67","7.57","50","66.37","3","8.77"
"GMTD","2026-05-26","2026-05-26","560","FULL","1760","-1.9498607242339834","AVOID","-","passive","FALSE","","EARLY SWEEP","2026-05-13","","13d","13","DOWNTREND","BULLISH","BULLISH","BEARISH","STRUCTURE + DISCOUNT","SIDEWAYS","35","TRUE","FALSE","TRUE","LAGGING","LAGGARD (Passive)","2.55","2.55","VOLUME SURGE","56.25","43.75","53.84","31.2","31.87","18.36","1710.18","1744.41","2248.79","53300","20925","994","Supertrend bearish | RSI 53.8 > 50 | Volume valid 2.55x | Lolos anti-crash ADX | RISEN SIDEWAYS","Full Grid (1-2-3-4)","100000000","1905","1725","1680","1620","0.1","0.2","0.3","0.4","52","115","178","246","591","99499500","500500","1683.58","1683.73","1515","2490","3080","3080","20.47","10.01","61.68","82.94","3.01","8.28"
"ADHI","2026-05-26","2026-05-26","560","FULL","179","-0.5555555555555556","AVOID","-","passive","FALSE","","EARLY SWEEP","2026-05-22","","4d","4","DOWNTREND","BEARISH","BEARISH","BEARISH","STRUCTURE + DISCOUNT","SIDEWAYS","25","TRUE","FALSE","FALSE","LAGGING","LAGGARD (Passive)","0.08","0.08","DRY / QUIET","0","100","39.37","20.81","25.43","27.65","189.41","198.9","229.88","1386500","16624105","992","Supertrend bearish | RSI 39.4 lemah | Volume 0.08x | Lolos anti-crash ADX | RISEN SIDEWAYS","Full Grid (1-2-3-4)","100000000","242","240","240","238","0.1","0.2","0.3","0.4","413","833","1250","1680","4176","99970600","29400","239.39","239.39","236","252","278","278","2.48","1.42","14.88","16.13","6","11.38"
"ANTM","2026-05-26","2026-05-26","560","FULL","2960","-3.5830618892508146","AVOID","-","passive","FALSE","","V-SHAPE","2026-05-22","","4d","4","DOWNTREND","BEARISH","BEARISH","BEARISH","STRUCTURE + DISCOUNT","SIDEWAYS","19.54","TRUE","FALSE","FALSE","LAGGING","LAGGARD (Passive)","0.99","0.99","NORMAL","0","100","30.42","32.78","8.43","29.21","3428.97","3638.28","3405.63","164671000","166020105","992","Supertrend bearish | RSI 30.4 lemah | Volume 0.99x | Crash filter aktif | RISEN SIDEWAYS","Full Grid (1-2-3-4)","100000000","3090","3000","2980","2950","0.1","0.2","0.3","0.4","32","66","100","135","333","99313000","687000","2982.37","2982.46","2870","3420","3760","3760","7.12","3.77","21.68","26.07","3.05","6.92"
"ARCI","2026-05-26","2026-05-26","560","FULL","1205","-2.0325203252032518","AVOID","-","passive","FALSE","","SMART GAMMA","2026-04-27","","29d","29","DOWNTREND","BEARISH","BEARISH","BEARISH","STRUCTURE + DISCOUNT","NORMAL DOWNTREND","25","TRUE","FALSE","FALSE","IMPROVING","IMPROVING (Passive)","0.26","0.26","DRY / QUIET","22.22","77.78","35.3","28.65","12.67","33.57","1367.6","1481.46","1321.25","14404300","55346585","992","Supertrend bearish | RSI 35.3 lemah | Volume 0.26x | Lolos anti-crash ADX | RISEN NORMAL DOWNTREND","Full Grid (1-2-3-4)","100000000","1680","1500","1460","1395","0.1","0.2","0.3","0.4","59","133","205","286","683","99689000","311000","1459.58","1459.69","1305","2240","2810","2810","22.32","10.59","67.26","92.52","3.01","8.74"
"BELL","2026-05-26","2026-05-26","560","FULL","109","-6.0344827586206895","AVOID","-","passive","FALSE","","EARLY SWEEP","2026-05-22","","4d","4","DOWNTREND","BEARISH","BEARISH","BEARISH","STRUCTURE + DISCOUNT","NORMAL DOWNTREND","73.76","TRUE","FALSE","FALSE","LAGGING","LAGGARD (Passive)","0.64","0.64","DRY / QUIET","5.26","94.74","32.17","10.73","24.06","25.02","131.5","141.86","115.37","21314300","33331755","992","Supertrend bearish | RSI 32.2 lemah | Volume 0.64x | Lolos anti-crash ADX | RISEN NORMAL DOWNTREND","Full Grid (1-2-3-4)","100000000","179","149","141","131","0.1","0.2","0.3","0.4","558","1342","2127","3053","7080","99969000","31000","141.2","141.2","115","276","372","372","35.75","18.55","107.82","163.46","3.02","8.81"
"BESS","2026-05-26","2026-05-26","560","FULL","1015","-2.403846153846154","AVOID","-","passive","FALSE","","V-SHAPE","2026-05-22","","4d","4","DOWNTREND","BEARISH","BEARISH","BEARISH","STRUCTURE + DISCOUNT","NORMAL DOWNTREND","80.42","TRUE","FALSE","FALSE","LAGGING","LAGGARD (Passive)","0.02","0.02","DRY / QUIET","28.57","71.43","36.41","15.11","16.3","23.15","1102.77","1193.63","1256.88","2300","123895","992","Supertrend bearish | RSI 36.4 lemah | Volume 0.02x | Lolos anti-crash ADX | RISEN NORMAL DOWNTREND","Full Grid (1-2-3-4)","100000000","1070","970","945","915","0.1","0.2","0.3","0.4","93","206","317","437","1053","99875000","125000","948.48","948.53","855","1395","1715","1715","20.09","9.86","60.28","80.82","3","8.2"
"BNBR","2026-05-26","2026-05-26","560","FULL","126","-3.816793893129771","AVOID","-","passive","FALSE","","EARLY SWEEP","2026-05-22","","4d","4","DOWNTREND","BEARISH","BEARISH","BULLISH","DEMAND STRUCTURE","NORMAL UPTREND","25","TRUE","TRUE","FALSE","LAGGING","LAGGARD (Passive)","0.78","0.78","DRY / QUIET","21.05","78.95","35.82","27.5","13.44","28.85","163.49","162.7","115.73","1133174900","1444216015","992","Supertrend bearish | RSI 35.8 lemah | Volume 0.78x | Lolos anti-crash ADX | RISEN NORMAL UPTREND","Full Grid (1-2-3-4)","100000000","175","163","160","155","0.1","0.2","0.3","0.4","571","1226","1875","2580","6252","99966300","33700","159.89","159.9","146","232","236","236","16.57","8.69","34.86","47.6","2.1","5.48"
"BRMS","2026-05-26","2026-05-26","560","FULL","605","0","AVOID","-","passive","FALSE","","V-SHAPE","2026-05-22","","4d","4","DOWNTREND","BEARISH","BEARISH","BEARISH","STRUCTURE + DISCOUNT","NORMAL DOWNTREND","20.12","TRUE","FALSE","FALSE","LAGGING","LAGGARD (Passive)","0.62","0.62","DRY / QUIET","28.57","71.43","32.93","27.47","9.06","31.88","719.94","796.73","808.71","166307800","267669420","992","Supertrend bearish | RSI 32.9 lemah | Volume 0.62x | Lolos anti-crash ADX | RISEN NORMAL DOWNTREND","Full Grid (1-2-3-4)","100000000","630","565","550","530","0.1","0.2","0.3","0.4","158","353","545","754","1810","99835500","164500","551.58","551.61","486","845","1060","1060","22.86","11.89","68.25","92.18","2.99","7.75"
"BUMI","2026-05-26","2026-05-26","560","FULL","166","-2.923976608187134","AVOID","-","passive","FALSE","","V-SHAPE","2026-05-22","","4d","4","DOWNTREND","BEARISH","BEARISH","BEARISH","STRUCTURE + DISCOUNT","NORMAL DOWNTREND","32.71","TRUE","FALSE","FALSE","LAGGING","LAGGARD (Passive)","0.69","0.69","DRY / QUIET","0","100","31.11","24.1","12.42","31.33","202.98","225","219.3","2698201800","3885127685","992","Supertrend bearish | RSI 31.1 lemah | Volume 0.69x | Lolos anti-crash ADX | RISEN NORMAL DOWNTREND","Full Grid (1-2-3-4)","100000000","185","171","168","163","0.1","0.2","0.3","0.4","540","1169","1785","2453","5947","99951800","48200","168.07","168.07","154","244","250","250","16.76","8.37","35.14","48.75","2.1","5.82"
"DEWA","2026-05-26","2026-05-26","560","FULL","330","-5.714285714285714","AVOID","-","passive","FALSE","","V-SHAPE","2026-05-22","","4d","4","DOWNTREND","BEARISH","BEARISH","BEARISH","STRUCTURE + DISCOUNT","NORMAL DOWNTREND","17.5","TRUE","FALSE","FALSE","LAGGING","LAGGARD (Passive)","0.88","0.88","NORMAL","0","100","30.03","29.27","10.99","33.5","434.44","473.58","427.04","584878500","662401830","992","Supertrend bearish | RSI 30.0 lemah | Volume 0.88x | Lolos anti-crash ADX | RISEN NORMAL DOWNTREND","Full Grid (1-2-3-4)","100000000","378","350","342","332","0.1","0.2","0.3","0.4","264","571","877","1204","2916","99930400","69600","342.7","342.7","312","478","575","575","17.46","8.96","52.12","67.79","2.98","7.57"
"DEWI","2026-05-26","2026-05-26","560","FULL","120","-0.8264462809917356","AVOID","-","passive","FALSE","","V-SHAPE","2026-05-22","","4d","4","DOWNTREND","BEARISH","BEARISH","BEARISH","STRUCTURE + DISCOUNT","SIDEWAYS","62.23","TRUE","FALSE","FALSE","LAGGING","LAGGARD (Passive)","1.54","1.54","EXPANSION","50","50","41.36","14.32","14.85","22.69","124.4","127","125.32","88467100","57271620","992","Supertrend bearish | RSI 41.4 lemah | Volume valid 1.54x | Lolos anti-crash ADX | RISEN SIDEWAYS","Full Grid (1-2-3-4)","100000000","122","118","117","116","0.1","0.2","0.3","0.4","819","1694","2564","3448","8525","99976600","23400","117.27","117.28","113","136","150","150","7.38","3.64","22.95","27.9","3.11","7.66"
"DFAM","2026-05-26","2026-05-26","560","FULL","118","-0.8403361344537815","HOLD","-","passive","FALSE","","BETA BREAKOUT","2026-05-22","","4d","4","UPTREND","BULLISH","BULLISH","BULLISH","DEMAND STRUCTURE","SIDEWAYS","32.3","TRUE","TRUE","FALSE","WEAKENING","WEAKENING (Passive)","1.98","1.98","EXPANSION","81.25","18.75","52.39","30.72","31.39","20.35","114.07","107.87","92.16","142761100","71950515","992","Supertrend bullish | RSI 52.4 > 50 | Volume valid 1.98x | Lolos anti-crash ADX | RISEN SIDEWAYS","Full Grid (1-2-3-4)","100000000","140","118","113","105","0.1","0.2","0.3","0.4","714","1694","2654","3809","8871","99969900","30100","112.69","112.69","93","210","282","282","33.57","17.47","101.43","150.24","3.02","8.6"
"DOOH","2026-05-26","2026-05-26","560","FULL","135","-3.571428571428571","AVOID","-","passive","FALSE","","EARLY SWEEP","2026-05-22","","4d","4","DOWNTREND","BEARISH","BEARISH","BEARISH","STRUCTURE + DISCOUNT","NORMAL DOWNTREND","34.66","TRUE","FALSE","FALSE","LAGGING","LAGGARD (Passive)","0.15","0.15","DRY / QUIET","0","100","40.19","25.66","14.79","23.14","151.95","160.01","168.09","9128700","61863100","992","Supertrend bearish | RSI 40.2 lemah | Volume 0.15x | Lolos anti-crash ADX | RISEN NORMAL DOWNTREND","Full Grid (1-2-3-4)","100000000","157","136","131","124","0.1","0.2","0.3","0.4","636","1470","2290","3225","7621","99966200","33800","131.17","131.17","112","224","292","292","28.66","14.62","85.99","122.61","3","8.39"
"FOLK","2026-05-26","2026-05-26","560","FULL","220","-4.3478260869565215","AVOID","-","passive","FALSE","","V-SHAPE","2026-05-22","","4d","4","DOWNTREND","BEARISH","BEARISH","BEARISH","STRUCTURE + DISCOUNT","NORMAL DOWNTREND","65","TRUE","FALSE","FALSE","LAGGING","LAGGARD (Passive)","0.86","0.86","NORMAL","55.56","44.44","25.8","26.74","10.26","31.88","295.48","360.49","351.65","2734500","3183830","992","Supertrend bearish | RSI 25.8 lemah | Volume 0.86x | Lolos anti-crash ADX | RISEN NORMAL DOWNTREND","Full Grid (1-2-3-4)","100000000","234","212","206","198","0.1","0.2","0.3","0.4","427","943","1456","2020","4846","99973000","27000","206.3","206.3","181","314","348","348","22.65","12.26","48.72","68.69","2.15","5.6"
"HUMI","2026-05-26","2026-05-26","560","FULL","147","-5.769230769230769","AVOID","-","passive","FALSE","","EARLY SWEEP","2026-05-22","","4d","4","DOWNTREND","BEARISH","BEARISH","BEARISH","STRUCTURE + DISCOUNT","NORMAL DOWNTREND","67.21","TRUE","FALSE","FALSE","LAGGING","LAGGARD (Passive)","0.42","0.42","DRY / QUIET","7.14","92.86","37.01","19.77","15.6","25.55","172.88","188.92","175.5","34960200","83887600","992","Supertrend bearish | RSI 37.0 lemah | Volume 0.42x | Lolos anti-crash ADX | RISEN NORMAL DOWNTREND","Full Grid (1-2-3-4)","100000000","218","187","179","168","0.1","0.2","0.3","0.4","458","1069","1675","2380","5582","99941200","58800","179.04","179.05","151","318","420","420","30.73","15.66","92.66","134.58","3.01","8.59"
"IATA","2026-05-26","2026-05-26","560","FULL","67","-6.944444444444445","AVOID","-","passive","FALSE","","EARLY SWEEP","2026-05-22","","4d","4","DOWNTREND","BEARISH","BEARISH","BEARISH","STRUCTURE + DISCOUNT","NORMAL DOWNTREND","53.88","TRUE","FALSE","FALSE","LAGGING","LAGGARD (Passive)","0.34","0.34","DRY / QUIET","14.29","85.71","37.7","22.29","13.45","23.53","74.69","79.56","81.45","31699000","91912525","992","Supertrend bearish | RSI 37.7 lemah | Volume 0.34x | Lolos anti-crash ADX | RISEN NORMAL DOWNTREND","Full Grid (1-2-3-4)","100000000","91","77","74","69","0.1","0.2","0.3","0.4","1098","2597","4054","5797","13546","99987600","12400","73.81","73.81","62","135","178","178","31.87","16","95.6","141.15","3","8.82"
"IKBI","2026-05-26","2026-05-26","560","FULL","515","-1.9047619047619049","AVOID","-","passive","FALSE","","EARLY SWEEP","2026-05-22","","4d","4","DOWNTREND","BEARISH","BEARISH","BEARISH","DOWNTREND DISCOUNT","NORMAL DOWNTREND","56.59","TRUE","FALSE","FALSE","LAGGING","LAGGARD (Passive)","1.23","1.23","EXPANSION","0","100","39.45","18.38","12.9","11.94","539.84","546.13","521.92","54000","43980","992","Supertrend bearish | RSI 39.5 lemah | Volume valid 1.23x | Lolos anti-crash ADX | RISEN NORMAL DOWNTREND","Full Grid (1-2-3-4)","100000000","550","525","520","510","0.1","0.2","0.3","0.4","181","380","576","784","1921","99841000","159000","519.73","519.75","498","630","705","705","9.45","4.18","28.18","35.65","2.98","8.52"
"INKP","2026-05-26","2026-05-26","560","FULL","7775","-0.9554140127388535","AVOID","-","passive","FALSE","","EARLY SWEEP","2026-05-22","","4d","4","DOWNTREND","BEARISH","BEARISH","BEARISH","STRUCTURE + DISCOUNT","NORMAL DOWNTREND","43.26","TRUE","FALSE","FALSE","LAGGING","LAGGARD (Passive)","0.46","0.46","DRY / QUIET","18.18","81.82","24.93","30.76","7.73","27.75","8784.02","9223.13","8650.66","4247300","9227110","992","Supertrend bearish | RSI 24.9 lemah | Volume 0.46x | Crash filter aktif | RISEN NORMAL DOWNTREND","Full Grid (1-2-3-4)","100000000","9750","9650","9600","9575","0.1","0.2","0.3","0.4","10","20","31","41","102","98067500","1932500","9614.46","9614.71","9450","10200","11225","11225","3.08","1.71","15.13","16.75","4.92","9.79"
"IPOL","2026-05-26","2026-05-26","560","FULL","119","2.586206896551724","AVOID","-","passive","FALSE","","EARLY SWEEP","2026-05-22","","4d","4","DOWNTREND","BEARISH","BEARISH","BEARISH","STRUCTURE + DISCOUNT","SIDEWAYS","25","TRUE","FALSE","FALSE","LAGGING","LAGGARD (Passive)","0.06","0.06","DRY / QUIET","80","20","46.77","47.94","26.84","9.98","121.37","121.93","125.48","784500","13172735","992","Supertrend bearish | RSI 46.8 lemah | Volume 0.06x | Lolos anti-crash ADX | RISEN SIDEWAYS","Full Grid (1-2-3-4)","100000000","139","121","117","111","0.1","0.2","0.3","0.4","719","1652","2564","3603","8538","99975400","24600","117.09","117.1","101","196","254","254","27.34","13.74","82.73","116.92","3.03","8.51"
"KOKA","2026-05-26","2026-05-26","560","FULL","111","-7.5","AVOID","-","passive","FALSE","","V-SHAPE","2026-05-22","","4d","4","DOWNTREND","BEARISH","BEARISH","BEARISH","STRUCTURE + DISCOUNT","NORMAL DOWNTREND","34.94","TRUE","FALSE","FALSE","LAGGING","LAGGARD (Passive)","0.4","0.4","DRY / QUIET","8.33","91.67","24.15","15.02","17.91","25.3","147.61","176.35","200.71","3112000","7792515","992","Supertrend bearish | RSI 24.1 lemah | Volume 0.4x | Lolos anti-crash ADX | RISEN NORMAL DOWNTREND","Full Grid (1-2-3-4)","100000000","119","109","107","103","0.1","0.2","0.3","0.4","840","1834","2803","3883","9360","99973600","26400","106.81","106.81","96","154","208","208","19.33","10.12","74.79","94.74","3.87","9.36"
"LAPD","2026-05-26","2026-05-26","560","FULL","70","-2.7777777777777777","AVOID","-","passive","FALSE","","EARLY SWEEP","2026-05-22","","4d","4","DOWNTREND","BEARISH","BEARISH","BEARISH","STRUCTURE + DISCOUNT","NORMAL DOWNTREND","39.47","TRUE","FALSE","FALSE","LAGGING","LAGGARD (Passive)","0.12","0.12","DRY / QUIET","40","60","40.24","19.33","16.9","18.7","79.98","88.85","111.75","17052700","142261940","992","Supertrend bearish | RSI 40.2 lemah | Volume 0.12x | Lolos anti-crash ADX | RISEN NORMAL DOWNTREND","Full Grid (1-2-3-4)","100000000","102","86","82","77","0.1","0.2","0.3","0.4","980","2325","3658","5194","12157","99980400","19600","82.24","82.24","68","153","163","163","33.33","17.32","59.8","98.2","1.79","5.67"
"MARK","2026-05-26","2026-05-26","560","FULL","820","0","AVOID","-","passive","FALSE","","V-SHAPE","2026-05-22","","4d","4","DOWNTREND","NEUTRAL","BULLISH","BULLISH","DEMAND STRUCTURE","NORMAL UPTREND","30.86","TRUE","TRUE","FALSE","LAGGING","LAGGARD (Passive)","1.09","1.09","NORMAL","66.67","33.33","50.56","16.65","18","20.26","820.17","811.66","788.09","17459900","16072705","992","Supertrend bearish | RSI 50.6 > 50 | Volume 1.09x | Lolos anti-crash ADX | RISEN NORMAL UPTREND","Full Grid (1-2-3-4)","100000000","810","785","780","770","0.1","0.2","0.3","0.4","123","254","384","519","1280","99817000","183000","779.82","779.83","755","895","985","985","6.79","3.18","21.6","26.31","3.18","8.27"
"MUTU","2026-05-26","2026-05-26","560","FULL","103","-2.8301886792452833","AVOID","-","passive","FALSE","","EARLY SWEEP","2026-05-22","","4d","4","DOWNTREND","BEARISH","BEARISH","BEARISH","STRUCTURE + DISCOUNT","SIDEWAYS","60","TRUE","FALSE","FALSE","LAGGING","LAGGARD (Passive)","1.02","1.02","NORMAL","28.57","71.43","45.79","24.33","22.29","14.89","105.45","105.91","106.16","2055000","2008590","992","Supertrend bearish | RSI 45.8 lemah | Volume 1.02x | Lolos anti-crash ADX | RISEN SIDEWAYS","Full Grid (1-2-3-4)","100000000","137","119","114","108","0.1","0.2","0.3","0.4","729","1680","2631","3703","8743","99965100","34900","114.34","114.34","98","196","254","254","28.47","14.29","85.4","122.15","3","8.55"
"NCKL","2026-05-26","2026-05-26","560","FULL","845","-3.428571428571429","AVOID","-","passive","FALSE","","V-SHAPE","2026-05-22","","4d","4","DOWNTREND","BEARISH","BEARISH","BEARISH","STRUCTURE + DISCOUNT","NORMAL DOWNTREND","32.37","TRUE","FALSE","FALSE","LAGGING","LAGGARD (Passive)","0.97","0.97","NORMAL","22.22","77.78","32.89","28.7","13.24","29.8","978.61","1084.81","1101.01","71611700","74073890","992","Supertrend bearish | RSI 32.9 lemah | Volume 0.97x | Lolos anti-crash ADX | RISEN NORMAL DOWNTREND","Full Grid (1-2-3-4)","100000000","855","815","805","790","0.1","0.2","0.3","0.4","116","245","372","506","1239","99805500","194500","805.53","805.57","760","1000","1140","1140","11.11","5.65","33.33","41.52","3","7.35"
"OBAT","2026-05-26","2026-05-26","320","FULL","276","-1.4285714285714286","AVOID","-","passive","FALSE","","EARLY SWEEP","2026-05-22","","4d","4","DOWNTREND","BEARISH","BEARISH","BEARISH","STRUCTURE + DISCOUNT","NORMAL DOWNTREND","25","TRUE","FALSE","FALSE","LAGGING","LAGGARD (Passive)","0.07","0.07","DRY / QUIET","33.33","66.67","31.36","23.27","12.72","24.91","305.44","328.07","388.19","167500","2301415","992","Supertrend bearish | RSI 31.4 lemah | Volume 0.07x | Lolos anti-crash ADX | RISEN NORMAL DOWNTREND","Full Grid (1-2-3-4)","100000000","410","366","354","340","0.1","0.2","0.3","0.4","243","546","847","1176","2812","99914400","85600","355.31","355.33","316","550","555","555","22.93","11.06","35.37","56.2","1.54","5.08"
"PANR","2026-05-26","2026-05-26","560","FULL","498","0.4032258064516129","AVOID","-","passive","FALSE","","EARLY SWEEP","2026-05-22","","4d","4","DOWNTREND","BEARISH","BEARISH","BEARISH","STRUCTURE + DISCOUNT","SIDEWAYS","41.34","TRUE","FALSE","FALSE","WEAKENING","WEAKENING (Passive)","0.25","0.25","DRY / QUIET","80","20","38.56","24.73","12.24","21.63","519.74","535.53","620.93","70400","286515","992","Supertrend bearish | RSI 38.6 lemah | Volume 0.25x | Lolos anti-crash ADX | RISEN SIDEWAYS","Full Grid (1-2-3-4)","100000000","545","520","510","505","0.1","0.2","0.3","0.4","183","384","588","792","1947","99925500","74500","513.23","513.24","488","630","730","730","10.46","4.92","33.94","42.24","3.25","8.59"
"POLA","2026-05-26","2026-05-26","560","FULL","58","-4.918032786885246","AVOID","-","passive","FALSE","","EARLY SWEEP","2026-05-22","","4d","4","DOWNTREND","BEARISH","BEARISH","BEARISH","STRUCTURE + DISCOUNT","NORMAL DOWNTREND","29.73","TRUE","FALSE","FALSE","LAGGING","LAGGARD (Passive)","0.47","0.47","DRY / QUIET","16.67","83.33","32.24","20.44","13.48","27.37","73.05","78.12","62.37","8795500","18559845","992","Supertrend bearish | RSI 32.2 lemah | Volume 0.47x | Lolos anti-crash ADX | RISEN NORMAL DOWNTREND","Full Grid (1-2-3-4)","100000000","81","68","65","61","0.1","0.2","0.3","0.4","1234","2941","4615","6557","15347","99989400","10600","65.15","65.15","53","123","165","165","34.57","18.65","103.7","153.25","3","8.22"
"PRAY","2026-05-26","2026-05-26","560","FULL","700","-2.7777777777777777","AVOID","-","passive","FALSE","","EARLY SWEEP","2026-05-22","","4d","4","DOWNTREND","BEARISH","BEARISH","BEARISH","DOWNTREND DISCOUNT","NORMAL DOWNTREND","68.5","TRUE","FALSE","FALSE","WEAKENING","WEAKENING (Passive)","0.06","0.06","DRY / QUIET","40","60","36.96","35.49","22.26","14.89","735.51","747.41","750.32","4700","72890","992","Supertrend bearish | RSI 37.0 lemah | Volume 0.06x | Lolos anti-crash ADX | RISEN NORMAL DOWNTREND","Full Grid (1-2-3-4)","100000000","880","825","810","795","0.1","0.2","0.3","0.4","113","242","370","503","1228","99867500","132500","813.25","813.29","760","1060","1240","1240","13.64","6.55","40.91","52.47","3","8.01"
"PUDP","2026-05-26","2026-05-26","560","FULL","302","-3.821656050955414","AVOID","-","passive","FALSE","","EARLY SWEEP","2026-05-22","","4d","4","DOWNTREND","BEARISH","BEARISH","BEARISH","STRUCTURE + DISCOUNT","SIDEWAYS","35.84","TRUE","FALSE","FALSE","WEAKENING","WEAKENING (Passive)","0.05","0.05","DRY / QUIET","10","90","41.56","15.82","15.88","24.77","323.44","351.5","451.3","40200","740105","992","Supertrend bearish | RSI 41.6 lemah | Volume 0.05x | Lolos anti-crash ADX | RISEN SIDEWAYS","Full Grid (1-2-3-4)","100000000","348","324","318","310","0.1","0.2","0.3","0.4","287","617","943","1290","3137","99955800","44200","318.64","318.64","294","430","510","510","15.52","7.73","46.55","60.06","3","7.77"
"RAJA","2026-05-26","2026-05-26","560","FULL","3220","-0.9230769230769231","AVOID","-","passive","FALSE","","V-SHAPE","2026-05-22","","4d","4","DOWNTREND","BEARISH","BEARISH","BEARISH","STRUCTURE + DISCOUNT","NORMAL DOWNTREND","17.5","TRUE","FALSE","FALSE","LAGGING","LAGGARD (Passive)","0.97","0.97","NORMAL","11.43","88.57","35","21.83","13.47","31.93","3886.02","4158.37","4193.09","25937100","26874940","992","Supertrend bearish | RSI 35.0 lemah | Volume 0.97x | Lolos anti-crash ADX | RISEN NORMAL DOWNTREND","Full Grid (1-2-3-4)","100000000","3420","3120","3040","2940","0.1","0.2","0.3","0.4","29","64","98","136","327","99662000","338000","3047.77","3048.03","2730","4460","5500","5500","20.18","10.43","60.82","80.46","3.01","7.72"
"SOCI","2026-05-26","2026-05-26","560","FULL","376","-0.5291005291005291","AVOID","-","passive","FALSE","","EARLY SWEEP","2026-05-22","","4d","4","DOWNTREND","BEARISH","BEARISH","BEARISH","STRUCTURE + DISCOUNT","NORMAL DOWNTREND","65","TRUE","FALSE","FALSE","LAGGING","LAGGARD (Passive)","0.45","0.45","DRY / QUIET","40","60","35.18","18.52","14.2","28.11","439.92","474.25","399.08","7452400","16552440","992","Supertrend bearish | RSI 35.2 lemah | Volume 0.45x | Lolos anti-crash ADX | RISEN NORMAL DOWNTREND","Full Grid (1-2-3-4)","100000000","492","440","426","408","0.1","0.2","0.3","0.4","203","454","704","980","2341","99938000","62000","426.9","426.91","374","670","845","845","23.98","12.39","71.75","97.94","2.99","7.9"
"TBLA","2026-05-26","2026-05-26","560","FULL","635","-2.307692307692308","AVOID","-","passive","FALSE","","V-SHAPE","2026-05-22","","4d","4","DOWNTREND","BEARISH","BEARISH","BEARISH","STRUCTURE + DISCOUNT","NORMAL DOWNTREND","20.51","TRUE","FALSE","FALSE","LAGGING","LAGGARD (Passive)","0.52","0.52","DRY / QUIET","25","75","32.55","31.04","11.72","29.95","682.19","691.25","696.16","1745900","3367955","992","Supertrend bearish | RSI 32.5 lemah | Volume 0.52x | Crash filter aktif | RISEN NORMAL DOWNTREND","Full Grid (1-2-3-4)","100000000","635","620","615","605","0.1","0.2","0.3","0.4","157","322","487","661","1627","99874500","125500","613.86","613.86","595","695","765","765","6.3","3.07","20.47","24.62","3.25","8.02"
"TOSK","2026-05-26","2026-05-26","536","FULL","56","-1.7543859649122806","AVOID","-","passive","FALSE","","V-SHAPE","2026-05-22","","4d","4","DOWNTREND","BEARISH","BEARISH","BEARISH","STRUCTURE + DISCOUNT","NORMAL DOWNTREND","53.18","TRUE","FALSE","FALSE","LAGGING","LAGGARD (Passive)","0.28","0.28","DRY / QUIET","33.33","66.67","37.08","16.04","12.26","22.7","60.7","63.62","66.23","6809900","24530505","992","Supertrend bearish | RSI 37.1 lemah | Volume 0.28x | Lolos anti-crash ADX | RISEN NORMAL DOWNTREND","Full Grid (1-2-3-4)","100000000","57","54","53","51","0.1","0.2","0.3","0.4","1754","3703","5660","7843","18960","99991300","8700","52.74","52.74","49","69","81","81","14.04","7.09","42.11","53.59","3","7.56"
"TRIS","2026-05-26","2026-05-26","560","FULL","171","0","AVOID","-","passive","FALSE","","V-SHAPE","2026-05-22","","4d","4","DOWNTREND","BEARISH","BEARISH","BEARISH","STRUCTURE + DISCOUNT","SIDEWAYS","62.88","TRUE","FALSE","FALSE","LAGGING","LAGGARD (Passive)","0.04","0.04","DRY / QUIET","75","25","38.42","16.46","16.73","17.92","177.55","181.2","184.79","44700","1050235","992","Supertrend bearish | RSI 38.4 lemah | Volume 0.04x | Lolos anti-crash ADX | RISEN SIDEWAYS","Full Grid (1-2-3-4)","100000000","170","166","165","164","0.1","0.2","0.3","0.4","588","1204","1818","2439","6049","99979000","21000","165.28","165.28","160","185","204","204","5.88","3.2","20","23.43","3.4","7.33"
"ZATA","2026-05-26","2026-05-26","560","FULL","70","-4.10958904109589","AVOID","-","passive","FALSE","","EARLY SWEEP","2026-05-22","","4d","4","DOWNTREND","BEARISH","BEARISH","BEARISH","STRUCTURE + DISCOUNT","SIDEWAYS","58.13","TRUE","FALSE","FALSE","LAGGING","LAGGARD (Passive)","0.96","0.96","NORMAL","9.09","90.91","35.23","20.36","20.06","27.67","82.31","89.58","74","202470500","209867505","992","Supertrend bearish | RSI 35.2 lemah | Volume 0.96x | Lolos anti-crash ADX | RISEN SIDEWAYS","Full Grid (1-2-3-4)","100000000","79","76","75","73","0.1","0.2","0.3","0.4","1265","2631","4000","5479","13375","99985800","14200","74.76","74.76","70","94","110","110","11.39","6.36","39.24","47.15","3.44","7.41"
"BAUT","2026-05-26","2026-05-26","560","FULL","30","3.4482758620689653","HOLD","-","passive","FALSE","","SMART SNIPER","2026-04-01","Discount Only","55d","55","UPTREND","BEARISH","BEARISH","BEARISH","STRUCTURE + DISCOUNT","NORMAL DOWNTREND","33.87","TRUE","FALSE","FALSE","LEADING","LEADING (Passive)","1.55","1.55","EXPANSION","100","0","45.11","35.34","16.61","37.55","30.48","33.42","35.44","6364800","4111715","990","Supertrend bullish | RSI 45.1 lemah | Volume valid 1.55x | Crash filter aktif | RISEN NORMAL DOWNTREND","Full Grid (1-2-3-4)","100000000","38","33","31","29","0.1","0.2","0.3","0.4","2631","6060","9677","13793","32161","99994200","5800","31.09","31.09","27","55","71","71","28.95","13.16","86.84","128.36","3","9.75"
"BOBA","2026-05-26","2026-05-26","560","FULL","248","-3.875968992248062","HOLD","-","passive","FALSE","","BETA BREAKOUT","2026-05-21","","5d","5","UPTREND","BEARISH","BULLISH","BULLISH","UPTREND","NORMAL UPTREND","51.7","TRUE","TRUE","FALSE","WEAKENING","WEAKENING (Passive)","0.07","0.07","DRY / QUIET","0","100","49.16","30.99","27.82","21.17","259.69","231.53","197.33","560200","7820365","990","Supertrend bullish | RSI 49.2 lemah | Volume 0.07x | Lolos anti-crash ADX | RISEN NORMAL UPTREND","Full Grid (1-2-3-4)","100000000","316","238","218","193","0.1","0.2","0.3","0.4","316","840","1376","2072","4604","99964000","36000","217.12","217.13","152","560","810","810","51.9","29.99","156.33","273.06","3.01","9.1"
"CASS","2026-05-26","2026-05-26","560","FULL","1790","1.7045454545454544","AVOID","-","passive","FALSE","","V-SHAPE","2026-04-01","","55d","55","DOWNTREND","BEARISH","BEARISH","BEARISH","STRUCTURE + DISCOUNT","SIDEWAYS","42.97","TRUE","FALSE","FALSE","LEADING","LEADING (Passive)","0.26","0.26","DRY / QUIET","50","50","45.35","26.72","23.25","13.66","1811.75","1914.73","2161.17","103900","403730","990","Supertrend bearish | RSI 45.4 lemah | Volume 0.26x | Lolos anti-crash ADX | RISEN SIDEWAYS","Full Grid (1-2-3-4)","100000000","1845","1815","1805","1795","0.1","0.2","0.3","0.4","54","110","166","222","552","99740000","260000","1806.88","1806.88","1755","1980","1985","1985","4.88","2.87","7.59","9.86","1.56","3.43"
"CMNT","2026-05-26","2026-05-26","560","FULL","805","-1.2269938650306749","HOLD","-","passive","FALSE","","BETA BREAKOUT","2026-04-01","","55d","55","UPTREND","BULLISH","BULLISH","BULLISH","DEMAND STRUCTURE","SIDEWAYS","70.24","TRUE","FALSE","FALSE","LEADING","LEADING (Passive)","1.43","1.43","EXPANSION","20","80","53.59","18.77","14.9","15.34","796.93","787.29","800.38","18400200","12869340","990","Supertrend bullish | RSI 53.6 > 50 | Volume valid 1.43x | Lolos anti-crash ADX | RISEN SIDEWAYS","Full Grid (1-2-3-4)","100000000","765","680","660","630","0.1","0.2","0.3","0.4","130","294","454","634","1512","99843000","157000","660.34","660.37","590","1030","1290","1290","22.88","10.65","68.63","95.35","3","8.95"
"DIVA","2026-05-26","2026-05-26","560","FULL","134","-4.285714285714286","AVOID","-","passive","FALSE","","V-SHAPE","2026-05-21","","5d","5","DOWNTREND","BEARISH","BEARISH","BEARISH","STRUCTURE + DISCOUNT","NORMAL DOWNTREND","39.09","TRUE","FALSE","FALSE","LAGGING","LAGGARD (Passive)","0.38","0.38","DRY / QUIET","12.5","87.5","40.23","38.48","24.63","11.18","151.2","153.31","151.62","20569400","53801080","990","Supertrend bearish | RSI 40.2 lemah | Volume 0.38x | Lolos anti-crash ADX | RISEN NORMAL DOWNTREND","Full Grid (1-2-3-4)","100000000","155","143","140","135","0.1","0.2","0.3","0.4","645","1398","2142","2962","7147","99963900","36100","139.87","139.87","126","199","242","242","18.71","9.92","56.13","73.02","3","7.36"
"DLTA","2026-05-26","2026-05-26","560","FULL","1965","0.5115089514066496","AVOID","-","passive","FALSE","","SMART SNIPER","2026-04-01","Structure + Discount","55d","55","DOWNTREND","BEARISH","BEARISH","BEARISH","STRUCTURE + DISCOUNT","SIDEWAYS","46.37","TRUE","FALSE","FALSE","LEADING","LEADING (Passive)","0.35","0.35","DRY / QUIET","40","60","47.3","22.69","24.38","22.53","1971.55","1977.53","2032.99","22200","63545","990","Supertrend bearish | RSI 47.3 lemah | Volume 0.35x | Lolos anti-crash ADX | RISEN SIDEWAYS","Full Grid (1-2-3-4)","100000000","1975","1945","1935","1925","0.1","0.2","0.3","0.4","50","102","155","207","514","99554000","446000","1936.85","1936.89","1905","2080","2290","2290","3.54","1.64","15.95","18.23","4.5","11.09"
"ENAK","2026-05-26","2026-05-26","560","FULL","280","-3.4482758620689653","AVOID","-","passive","FALSE","","V-SHAPE","2026-05-21","","5d","5","DOWNTREND","BEARISH","BEARISH","BEARISH","STRUCTURE + DISCOUNT","NORMAL DOWNTREND","20.11","TRUE","FALSE","FALSE","LAGGING","LAGGARD (Passive)","0.08","0.08","DRY / QUIET","18.18","81.82","35.23","28.17","26.85","16.17","327.13","371.82","533.15","43100","573960","990","Supertrend bearish | RSI 35.2 lemah | Volume 0.08x | Lolos anti-crash ADX | RISEN NORMAL DOWNTREND","Full Grid (1-2-3-4)","100000000","322","286","278","266","0.1","0.2","0.3","0.4","310","699","1079","1503","3591","99949400","50600","278.33","278.34","242","442","486","486","24.84","13.05","50.93","74.61","2.05","5.72"
"GOLD","2026-05-26","2026-05-26","560","FULL","268","0.7518796992481203","AVOID","-","passive","FALSE","","EARLY SWEEP","2026-05-21","","5d","5","DOWNTREND","BEARISH","BEARISH","BEARISH","DOWNTREND DISCOUNT","NORMAL DOWNTREND","25","TRUE","FALSE","FALSE","LAGGING","LAGGARD (Passive)","0.15","0.15","DRY / QUIET","100","0","43.63","29.05","15.94","12.16","276.86","284.84","291.76","26700","183155","990","Supertrend bearish | RSI 43.6 lemah | Volume 0.15x | Lolos anti-crash ADX | RISEN NORMAL DOWNTREND","Full Grid (1-2-3-4)","100000000","288","282","280","278","0.1","0.2","0.3","0.4","347","709","1071","1438","3565","99951800","48200","280.37","280.37","272","312","344","344","5.56","2.99","19.44","22.7","3.5","7.6"
"KOBX","2026-05-26","2026-05-26","560","FULL","163","-1.8072289156626504","AVOID","-","passive","FALSE","","V-SHAPE","2026-05-21","","5d","5","DOWNTREND","BEARISH","BEARISH","BEARISH","STRUCTURE + DISCOUNT","SIDEWAYS","37.79","TRUE","TRUE","FALSE","WEAKENING","WEAKENING (Passive)","0.08","0.08","DRY / QUIET","10.53","89.47","45.22","45.83","37.94","13.55","173.48","171.02","167.76","2086100","26814995","990","Supertrend bearish | RSI 45.2 lemah | Volume 0.08x | Lolos anti-crash ADX | RISEN SIDEWAYS","Full Grid (1-2-3-4)","100000000","176","163","160","156","0.1","0.2","0.3","0.4","568","1226","1875","2564","6233","99979000","21000","160.4","160.4","146","222","266","266","17.05","8.98","51.14","65.83","3","7.33"
"VOKS","2026-05-26","2026-05-26","560","FULL","206","-1.9047619047619049","AVOID","-","passive","FALSE","","V-SHAPE","2026-05-21","","5d","5","DOWNTREND","BEARISH","BEARISH","BEARISH","STRUCTURE + DISCOUNT","SIDEWAYS","60","TRUE","FALSE","FALSE","WEAKENING","WEAKENING (Passive)","0.28","0.28","DRY / QUIET","0","100","42.14","41.82","28.69","8.04","216.83","220.29","232.47","120900","431520","990","Supertrend bearish | RSI 42.1 lemah | Volume 0.28x | Lolos anti-crash ADX | RISEN SIDEWAYS","Full Grid (1-2-3-4)","100000000","220","212","210","208","0.1","0.2","0.3","0.4","454","943","1428","1923","4748","99966000","34000","210.54","210.54","200","250","280","280","9.09","5.01","27.27","32.99","3","6.59"
"ACES","2026-05-26","2026-05-26","560","FULL","346","-1.1428571428571428","AVOID","-","passive","FALSE","","EARLY SWEEP","2026-05-20","","6d","6","DOWNTREND","BEARISH","BEARISH","BEARISH","STRUCTURE + DISCOUNT","NORMAL DOWNTREND","27.47","TRUE","FALSE","FALSE","LAGGING","LAGGARD (Passive)","0.88","0.88","NORMAL","25","75","38.64","21.36","12.9","22.19","363.13","373.38","430.62","32454100","36974450","988","Supertrend bearish | RSI 38.6 lemah | Volume 0.88x | Lolos anti-crash ADX | RISEN NORMAL DOWNTREND","Full Grid (1-2-3-4)","100000000","404","398","396","394","0.1","0.2","0.3","0.4","247","502","757","1015","2521","99926600","73400","396.38","396.38","390","426","440","440","3.47","1.61","8.91","11.01","2.57","6.84"
"BIPI","2026-05-26","2026-05-26","560","FULL","177","-1.1173184357541899","AVOID","-","passive","FALSE","","EARLY SWEEP","2026-05-20","","6d","6","DOWNTREND","BEARISH","BEARISH","BULLISH","STRUCTURE + DISCOUNT","NORMAL UPTREND","26.64","TRUE","TRUE","FALSE","LAGGING","LAGGARD (Passive)","0.87","0.87","NORMAL","20","80","36.12","22.13","14.77","29.92","213.89","221.31","166.97","978280300","1124986900","988","Supertrend bearish | RSI 36.1 lemah | Volume 0.87x | Lolos anti-crash ADX | RISEN NORMAL UPTREND","Full Grid (1-2-3-4)","100000000","220","206","204","199","0.1","0.2","0.3","0.4","454","970","1470","2010","4904","99957000","43000","203.83","203.83","189","266","314","314","14.09","7.27","42.73","54.05","3.03","7.43"
"CSMI","2026-05-26","2026-05-26","560","FULL","88","-4.3478260869565215","AVOID","-","passive","FALSE","","V-SHAPE","2026-05-20","","6d","6","DOWNTREND","BEARISH","BEARISH","BEARISH","STRUCTURE + DISCOUNT","SIDEWAYS","54.36","TRUE","FALSE","FALSE","LAGGING","LAGGARD (Passive)","0.28","0.28","DRY / QUIET","0","100","42.83","33.19","28.39","16.11","97.7","106.32","464.87","7748600","27491480","988","Supertrend bearish | RSI 42.8 lemah | Volume 0.28x | Lolos anti-crash ADX | RISEN SIDEWAYS","Full Grid (1-2-3-4)","100000000","97","94","93","91","0.1","0.2","0.3","0.4","1030","2127","3225","4395","10777","99971800","28200","92.76","92.76","87","112","119","119","10.31","6.21","22.68","28.28","2.2","4.55"
"CTRA","2026-05-26","2026-05-26","560","FULL","655","0","AVOID","-","passive","FALSE","","EARLY SWEEP","2026-05-20","","6d","6","DOWNTREND","BEARISH","BEARISH","BEARISH","STRUCTURE + DISCOUNT","NORMAL DOWNTREND","59.57","TRUE","FALSE","FALSE","LAGGING","LAGGARD (Passive)","0.58","0.58","DRY / QUIET","0","100","38.03","18.54","12.18","19.18","682.82","712.17","822.45","6034900","10421215","988","Supertrend bearish | RSI 38.0 lemah | Volume 0.58x | Lolos anti-crash ADX | RISEN NORMAL DOWNTREND","Full Grid (1-2-3-4)","100000000","940","895","880","865","0.1","0.2","0.3","0.4","106","223","340","462","1131","99805500","194500","882.45","882.47","840","1090","1240","1240","10.64","4.81","31.91","40.52","3","8.42"
"DWGL","2026-05-26","2026-05-26","560","FULL","254","0","HOLD","-","passive","FALSE","","SMART SNIPER + V-SHAPE","2026-05-20","Structure + Discount","6d","6","UPTREND","BEARISH","BEARISH","BEARISH","STRUCTURE + DISCOUNT","SIDEWAYS","55.85","TRUE","FALSE","FALSE","WEAKENING","WEAKENING (Passive)","0.49","0.49","DRY / QUIET","42.86","57.14","41.83","14.84","16.26","19.13","270.26","271.79","297.12","487200","995360","988","Supertrend bullish | RSI 41.8 lemah | Volume 0.49x | Lolos anti-crash ADX | RISEN SIDEWAYS","Full Grid (1-2-3-4)","100000000","292","268","262","254","0.1","0.2","0.3","0.4","342","746","1145","1574","3807","99957800","42200","262.56","262.57","240","370","448","448","17.81","8.59","53.42","70.63","3","8.22"
"INTD","2026-05-26","2026-05-26","560","FULL","244","-5.426356589147287","HOLD","-","passive","FALSE","","SMART SNIPER + V-SHAPE","2026-05-20","Structure + Discount","6d","6","UPTREND","BEARISH","BEARISH","BULLISH","STRUCTURE + DISCOUNT","SIDEWAYS","31.95","TRUE","FALSE","FALSE","LAGGING","LAGGARD (Passive)","0.42","0.42","DRY / QUIET","20","80","47.14","33.19","30.05","11.16","251.05","254","237.88","374700","900860","988","Supertrend bullish | RSI 47.1 lemah | Volume 0.42x | Lolos anti-crash ADX | RISEN SIDEWAYS","Full Grid (1-2-3-4)","100000000","286","254","246","234","0.1","0.2","0.3","0.4","349","787","1219","1709","4064","99949200","50800","245.94","245.94","214","394","500","500","25.17","12.99","74.83","103.3","2.97","7.95"
"KIOS","2026-05-26","2026-05-26","560","FULL","87","-2.247191011235955","AVOID","-","passive","FALSE","","V-SHAPE","2026-05-20","","6d","6","DOWNTREND","BEARISH","BEARISH","BEARISH","STRUCTURE + DISCOUNT","NORMAL DOWNTREND","63.04","TRUE","FALSE","FALSE","LAGGING","LAGGARD (Passive)","0.3","0.3","DRY / QUIET","25","75","36.15","12.46","20.13","23.79","99.5","109.77","111.19","4399500","14893435","988","Supertrend bearish | RSI 36.1 lemah | Volume 0.3x | Lolos anti-crash ADX | RISEN NORMAL DOWNTREND","Full Grid (1-2-3-4)","100000000","99","93","92","90","0.1","0.2","0.3","0.4","1010","2150","3260","4444","10864","99982000","18000","92.03","92.03","85","120","141","141","14.14","7.64","42.42","53.21","3","6.97"
"MEDC","2026-05-26","2026-05-26","560","FULL","1255","-1.1811023622047243","AVOID","-","passive","FALSE","","EARLY SWEEP","2026-05-20","","6d","6","DOWNTREND","BEARISH","BEARISH","BEARISH","STRUCTURE + DISCOUNT","NORMAL DOWNTREND","22.49","TRUE","FALSE","FALSE","LAGGING","LAGGARD (Passive)","0.54","0.54","DRY / QUIET","0","100","29.59","29.89","7.31","32.63","1527.86","1598.43","1482.2","42055900","77457725","988","Supertrend bearish | RSI 29.6 lemah | Volume 0.54x | Lolos anti-crash ADX | RISEN NORMAL DOWNTREND","Full Grid (1-2-3-4)","100000000","1800","1640","1600","1545","0.1","0.2","0.3","0.4","55","121","187","258","621","99525000","475000","1602.66","1602.8","1460","2310","2820","2820","18.89","8.9","56.67","75.96","3","8.53"
"WEHA","2026-05-26","2026-05-26","560","FULL","127","6.722689075630252","AVOID","-","passive","FALSE","","BETA BREAKOUT","2026-03-31","","56d","56","DOWNTREND","BULLISH","BEARISH","BULLISH","STRUCTURE + DISCOUNT","SIDEWAYS","50.25","TRUE","FALSE","FALSE","LEADING","LEADING (Passive)","1.86","1.86","EXPANSION","50","50","51.22","37.75","33.81","14.95","125.1","128.23","125.65","42066700","22569310","988","Supertrend bearish | RSI 51.2 > 50 | Volume valid 1.86x | Lolos anti-crash ADX | RISEN SIDEWAYS","Full Grid (1-2-3-4)","100000000","155","134","129","122","0.1","0.2","0.3","0.4","645","1492","2325","3278","7740","99974400","25600","129.17","129.17","111","222","288","288","28.39","14.06","85.81","122.97","3.02","8.74"
"AGAR","2026-05-26","2026-05-26","560","FULL","218","-5.217391304347826","AVOID","-","passive","FALSE","","V-SHAPE","2026-05-19","","7d","7","DOWNTREND","BEARISH","BEARISH","BEARISH","DOWNTREND DISCOUNT","NORMAL DOWNTREND","0","FALSE","FALSE","FALSE","WEAKENING","WEAKENING (Passive)","1.42","1.42","EXPANSION","36.36","63.64","38.09","38","24","13.1","236.67","239.51","244.49","339200","238670","986","Supertrend bearish | RSI 38.1 lemah | Volume valid 1.42x | Lolos anti-crash ADX | RISEN NORMAL DOWNTREND","Full Grid (1-2-3-4)","100000000","240","232","228","226","0.1","0.2","0.3","0.4","416","862","1315","1769","4362","99943800","56200","229.12","229.12","216","276","312","312","10","5.73","30","36.17","3","6.31"
"ASPR","2026-05-26","2026-05-26","213","IPO / SHORT","210","-14.634146341463413","AVOID","-","passive","FALSE","","BETA BREAKOUT","2026-05-19","","7d","7","DOWNTREND","BEARISH","BEARISH","BULLISH","DOWNTREND DISCOUNT","NORMAL UPTREND","0","FALSE","TRUE","FALSE","LAGGING","LAGGARD (Passive)","0.03","0.03","DRY / QUIET","50","50","40.42","40.9","40.98","31.81","320.53","272.97","180.21","12015600","379492420","986","Supertrend bearish | RSI 40.4 lemah | Volume 0.03x | Lolos anti-crash ADX | RISEN NORMAL UPTREND","Full Grid (1-2-3-4)","100000000","464","322","288","240","0.1","0.2","0.3","0.4","215","621","1041","1666","3543","99937000","63000","282.07","282.09","170","905","1345","1345","63.36","39.73","189.87","376.83","3","9.48"
"BOLA","2026-05-26","2026-05-26","560","FULL","156","-3.1055900621118013","AVOID","-","passive","FALSE","","V-SHAPE","2026-05-19","","7d","7","DOWNTREND","BEARISH","BEARISH","BEARISH","STRUCTURE + DISCOUNT","SIDEWAYS","75.87","TRUE","FALSE","FALSE","WEAKENING","WEAKENING (Passive)","0.36","0.36","DRY / QUIET","0","100","35.96","24.48","11.23","23.11","165.74","167.85","163.32","408200","1130740","986","Supertrend bearish | RSI 36.0 lemah | Volume 0.36x | Lolos anti-crash ADX | RISEN SIDEWAYS","Full Grid (1-2-3-4)","100000000","167","163","162","161","0.1","0.2","0.3","0.4","598","1226","1851","2484","6159","99949000","51000","162.28","162.28","158","181","199","199","5.39","2.64","19.16","22.63","3.56","8.58"
"BRAM","2026-05-26","2026-05-26","560","FULL","4520","-0.8771929824561403","HOLD","-","passive","FALSE","","BETA BREAKOUT","2026-05-19","","7d","7","UPTREND","BEARISH","BEARISH","BEARISH","DEMAND STRUCTURE","SIDEWAYS","17.5","TRUE","TRUE","FALSE","WEAKENING","WEAKENING (Passive)","0.74","0.74","DRY / QUIET","20","80","45.69","24.81","31.03","7.9","4601.86","4576.83","4849.74","4600","6190","986","Supertrend bullish | RSI 45.7 lemah | Volume 0.74x | Lolos anti-crash ADX | RISEN SIDEWAYS","Full Grid (1-2-3-4)","100000000","4800","4620","4570","4510","0.1","0.2","0.3","0.4","20","43","65","88","216","98859000","1141000","4576.81","4577.48","4400","5400","6000","6000","8.33","3.86","25","31.1","3","8.05"
"CYBR","2026-05-26","2026-05-26","560","FULL","600","0","AVOID","-","passive","FALSE","","V-SHAPE","2026-05-19","","7d","7","DOWNTREND","BEARISH","BEARISH","BEARISH","STRUCTURE + DISCOUNT","NORMAL DOWNTREND","37.57","TRUE","FALSE","FALSE","LAGGING","LAGGARD (Passive)","1.49","1.49","EXPANSION","50","50","18.41","38.5","9.88","46.74","934.75","1157.11","1232.48","29283400","19618495","986","Supertrend bearish | RSI 18.4 lemah | Volume valid 1.49x | Crash filter aktif | RISEN NORMAL DOWNTREND","Full Grid (1-2-3-4)","100000000","645","620","610","600","0.1","0.2","0.3","0.4","155","322","491","666","1634","99872500","127500","611.21","611.21","570","760","870","870","11.63","6.74","34.88","42.34","3","6.28"
"GEMS","2026-05-26","2026-05-26","560","FULL","7700","-0.6451612903225806","AVOID","-","passive","FALSE","","BETA BREAKOUT","2026-03-30","","57d","57","DOWNTREND","BEARISH","BEARISH","BEARISH","STRUCTURE + DISCOUNT","NORMAL DOWNTREND","44.53","TRUE","FALSE","FALSE","LEADING","LEADING (Passive)","0.54","0.54","DRY / QUIET","40","60","40.91","40.18","14.8","25.64","7825.3","8017.89","8467.93","84700","156060","986","Supertrend bearish | RSI 40.9 lemah | Volume 0.54x | Crash filter aktif | RISEN NORMAL DOWNTREND","Full Grid (1-2-3-4)","100000000","8700","7850","7650","7375","0.1","0.2","0.3","0.4","11","25","39","54","129","98855000","1145000","7663.18","7667.25","6950","11325","13950","13950","20.11","9.31","60.34","82.04","3","8.82"
"GGRP","2026-05-26","2026-05-26","560","FULL","294","-9.815950920245399","AVOID","-","passive","FALSE","","BETA BREAKOUT","2026-05-19","","7d","7","DOWNTREND","BEARISH","BEARISH","BULLISH","DEMAND STRUCTURE","SIDEWAYS","29.48","TRUE","TRUE","FALSE","WEAKENING","WEAKENING (Passive)","1.47","1.47","EXPANSION","0","100","43.09","43.95","26.61","21.11","306.85","302.23","283.11","2831600","1920115","986","Supertrend bearish | RSI 43.1 lemah | Volume valid 1.47x | Lolos anti-crash ADX | RISEN SIDEWAYS","Full Grid (1-2-3-4)","100000000","326","304","298","290","0.1","0.2","0.3","0.4","306","657","1006","1379","3348","99918200","81800","298.44","298.45","278","398","470","470","14.72","6.85","44.17","57.48","3","8.39"
"LUCK","2026-05-26","2026-05-26","560","FULL","110","0","AVOID","-","passive","FALSE","","V-SHAPE","2026-05-19","","7d","7","DOWNTREND","BEARISH","NEUTRAL","BULLISH","STRUCTURE + DISCOUNT","SIDEWAYS","48.9","TRUE","FALSE","FALSE","LAGGING","LAGGARD (Passive)","0.09","0.09","DRY / QUIET","0","100","49.77","28.4","21.93","13.8","110.57","110.19","105.14","1853100","21479940","986","Supertrend bearish | RSI 49.8 lemah | Volume 0.09x | Lolos anti-crash ADX | RISEN SIDEWAYS","Full Grid (1-2-3-4)","100000000","118","112","111","109","0.1","0.2","0.3","0.4","847","1785","2702","3669","9003","99970900","29100","111.04","111.04","104","139","160","160","11.86","6.34","35.59","44.09","3","6.95"
"PGLI","2026-05-26","2026-05-26","560","FULL","181","0.5555555555555556","AVOID","-","passive","FALSE","","EARLY SWEEP","2026-05-19","","7d","7","DOWNTREND","BEARISH","BEARISH","BEARISH","DOWNTREND DISCOUNT","NORMAL DOWNTREND","49.71","TRUE","FALSE","FALSE","LAGGING","LAGGARD (Passive)","0.23","0.23","DRY / QUIET","90.48","9.52","34.22","36.1","21.93","18.82","210.27","218.17","230.35","248700","1100965","986","Supertrend bearish | RSI 34.2 lemah | Volume 0.23x | Lolos anti-crash ADX | RISEN NORMAL DOWNTREND","Full Grid (1-2-3-4)","100000000","264","228","218","206","0.1","0.2","0.3","0.4","378","877","1376","1941","4572","99956200","43800","218.63","218.63","188","378","492","492","28.79","14.01","86.36","125.04","3","8.93"
"RELI","2026-05-26","2026-05-26","560","FULL","484","-3.2","AVOID","-","passive","FALSE","","SMART SNIPER + V-SHAPE","2026-05-19","Structure + Discount","7d","7","DOWNTREND","BEARISH","BEARISH","BEARISH","STRUCTURE + DISCOUNT","SIDEWAYS","17.5","TRUE","FALSE","FALSE","WEAKENING","WEAKENING (Passive)","0.07","0.07","DRY / QUIET","81.82","18.18","46.36","24.59","26.04","21.48","500.88","504.76","536.49","7400","110300","986","Supertrend bearish | RSI 46.4 lemah | Volume 0.07x | Lolos anti-crash ADX | RISEN SIDEWAYS","Full Grid (1-2-3-4)","100000000","600","540","525","505","0.1","0.2","0.3","0.4","166","370","571","792","1899","99913500","86500","526.14","526.16","476","785","970","970","20.67","9.53","61.67","84.36","2.98","8.85"
"RISE","2026-05-26","2026-05-26","560","FULL","1195","-14.94661921708185","AVOID","-","passive","FALSE","","EARLY SWEEP","2026-05-19","","7d","7","DOWNTREND","BEARISH","BEARISH","BEARISH","DOWNTREND DISCOUNT","NORMAL DOWNTREND","0","FALSE","FALSE","FALSE","LAGGING","LAGGARD (Passive)","1.13","1.13","NORMAL","0","100","24.16","20.47","15.61","25.94","1572.7","2222.1","3788.04","913600","810810","986","Supertrend bearish | RSI 24.2 lemah | Volume 1.13x | Lolos anti-crash ADX | RISEN NORMAL DOWNTREND","Full Grid (1-2-3-4)","100000000","5950","5450","5350","5175","0.1","0.2","0.3","0.4","16","36","56","77","185","98947500","1052500","5348.51","5351.22","4790","10500","13525","13525","19.5","10.44","127.31","152.87","6.53","14.64"
"BNGA","2026-05-26","2026-05-26","560","FULL","1610","-1.529051987767584","AVOID","-","passive","FALSE","","EARLY SWEEP","2026-05-18","","8d","8","DOWNTREND","BEARISH","BEARISH","BEARISH","DOWNTREND DISCOUNT","NORMAL DOWNTREND","0","FALSE","FALSE","FALSE","LAGGING","LAGGARD (Passive)","0.9","0.9","NORMAL","0","100","30.56","33.81","10.7","30.76","1690.07","1740.53","1763.31","6528700","7243340","984","Supertrend bearish | RSI 30.6 lemah | Volume 0.9x | Crash filter aktif | RISEN NORMAL DOWNTREND","Full Grid (1-2-3-4)","100000000","1855","1790","1770","1750","0.1","0.2","0.3","0.4","53","111","169","228","561","99513500","486500","1773.86","1773.98","1715","2070","2280","2280","7.55","3.32","22.91","28.53","3.04","8.6"
"HOMI","2026-05-26","2026-05-26","560","FULL","199","0.5050505050505051","AVOID","-","passive","FALSE","","EARLY SWEEP","2026-05-18","","8d","8","DOWNTREND","BEARISH","BEARISH","BEARISH","DOWNTREND DISCOUNT","NORMAL DOWNTREND","100","TRUE","FALSE","FALSE","LAGGING","LAGGARD (Passive)","0.83","0.83","NORMAL","85.71","14.29","30.58","14.73","11.68","20.71","220.83","256.6","327.93","2670300","3218835","984","Supertrend bearish | RSI 30.6 lemah | Volume 0.83x | Lolos anti-crash ADX | RISEN NORMAL DOWNTREND","Full Grid (1-2-3-4)","100000000","230","220","216","212","0.1","0.2","0.3","0.4","434","909","1388","1886","4617","99944000","56000","216.47","216.47","204","270","308","308","11.3","5.76","33.91","42.28","3","7.34"
"ITMG","2026-05-26","2026-05-26","560","FULL","22725","0.8879023307436182","AVOID","-","passive","FALSE","","EARLY SWEEP","2026-05-18","","8d","8","DOWNTREND","BEARISH","BEARISH","BEARISH","STRUCTURE + DISCOUNT","SIDEWAYS","25","TRUE","FALSE","FALSE","LAGGING","LAGGARD (Passive)","0.57","0.57","DRY / QUIET","30.43","69.57","36.82","29.54","12.22","29.55","24440.12","25068.6","24103.19","1265200","2219185","984","Supertrend bearish | RSI 36.8 lemah | Volume 0.57x | Lolos anti-crash ADX | RISEN SIDEWAYS","Full Grid (1-2-3-4)","100000000","26975","23950","23225","22200","0.1","0.2","0.3","0.4","3","8","12","18","41","95082500","4917500","23190.85","23259.6","20775","36275","45575","45575","22.98","10.42","68.95","96.52","3","9.27"
"KARW","2026-05-26","2026-05-26","560","FULL","278","-0.7142857142857143","AVOID","-","passive","FALSE","","SMART SNIPER","2026-05-18","Structure + Discount","8d","8","DOWNTREND","BEARISH","BEARISH","BEARISH","STRUCTURE + DISCOUNT","NORMAL DOWNTREND","57.5","TRUE","FALSE","FALSE","WEAKENING","WEAKENING (Passive)","0.14","0.14","DRY / QUIET","0","100","39.98","10.86","28.29","32.74","292.68","306.28","538.61","10500","76815","984","Supertrend bearish | RSI 40.0 lemah | Volume 0.14x | Lolos anti-crash ADX | RISEN NORMAL DOWNTREND","Full Grid (1-2-3-4)","100000000","318","302","298","292","0.1","0.2","0.3","0.4","314","662","1006","1369","3351","99931200","68800","298.21","298.21","284","370","416","416","10.69","4.77","30.82","39.5","2.88","8.29"
"LCKM","2026-05-26","2026-05-26","560","FULL","110","-8.333333333333332","AVOID","-","passive","FALSE","","EARLY SWEEP","2026-05-18","","8d","8","DOWNTREND","BEARISH","BEARISH","BEARISH","STRUCTURE + DISCOUNT","NORMAL DOWNTREND","19.19","TRUE","FALSE","FALSE","LAGGING","LAGGARD (Passive)","0.68","0.68","DRY / QUIET","10.53","89.47","44.38","30.12","35.74","16.89","130.02","142.07","196.58","139118300","204216790","984","Supertrend bearish | RSI 44.4 lemah | Volume 0.68x | Lolos anti-crash ADX | RISEN NORMAL DOWNTREND","Full Grid (1-2-3-4)","100000000","282","250","242","232","0.1","0.2","0.3","0.4","354","800","1239","1724","4117","99963400","36600","242.81","242.81","212","388","492","492","24.82","12.69","74.47","102.63","3","8.09"
"PURA","2026-05-26","2026-05-26","560","FULL","35","-5.405405405405405","AVOID","-","passive","FALSE","","SMART GAMMA","2026-05-18","","8d","8","DOWNTREND","BULLISH","BULLISH","BULLISH","STRUCTURE + DISCOUNT","NORMAL UPTREND","17.5","TRUE","TRUE","FALSE","WEAKENING","WEAKENING (Passive)","0.3","0.3","DRY / QUIET","50","50","51.23","15.84","33.99","36.86","34.87","33.85","31.17","6332300","20763975","984","Supertrend bearish | RSI 51.2 > 50 | Volume 0.3x | Lolos anti-crash ADX | RISEN NORMAL UPTREND","Full Grid (1-2-3-4)","100000000","37","34","33","32","0.1","0.2","0.3","0.4","2702","5882","9090","12500","30174","99993200","6800","33.14","33.14","31","46","50","50","16.22","6.45","35.14","50.88","2.17","7.88"
"SGER","2026-05-26","2026-05-26","560","FULL","298","0","AVOID","-","passive","FALSE","","EARLY SWEEP","2026-05-18","","8d","8","DOWNTREND","BEARISH","BEARISH","BEARISH","DOWNTREND DISCOUNT","NORMAL DOWNTREND","33.17","TRUE","FALSE","FALSE","LAGGING","LAGGARD (Passive)","0.99","0.99","NORMAL","57.14","42.86","32.31","26.68","12.09","31.42","347.22","385.23","425.94","3404300","3427165","984","Supertrend bearish | RSI 32.3 lemah | Volume 0.99x | Lolos anti-crash ADX | RISEN NORMAL DOWNTREND","Full Grid (1-2-3-4)","100000000","434","396","388","374","0.1","0.2","0.3","0.4","230","505","773","1069","2577","99953000","47000","387.87","387.87","354","555","675","675","18.43","8.73","55.53","74.03","3.01","8.48"
"WOMF","2026-05-26","2026-05-26","560","FULL","284","-1.3888888888888888","AVOID","-","passive","FALSE","","EARLY SWEEP","2026-05-18","","8d","8","DOWNTREND","BEARISH","BEARISH","BEARISH","DOWNTREND DISCOUNT","NORMAL DOWNTREND","54.38","TRUE","FALSE","FALSE","WEAKENING","WEAKENING (Passive)","0.72","0.72","DRY / QUIET","85.71","14.29","31.04","22.28","6.76","28.32","295.04","301.48","321.11","58200","80930","984","Supertrend bearish | RSI 31.0 lemah | Volume 0.72x | Lolos anti-crash ADX | RISEN NORMAL DOWNTREND","Full Grid (1-2-3-4)","100000000","358","350","346","344","0.1","0.2","0.3","0.4","279","571","867","1162","2879","99944200","55800","347.15","347.15","338","388","426","426","5.59","2.64","18.99","22.71","3.4","8.62"
"ZONE","2026-05-26","2026-05-26","560","FULL","342","-2.2857142857142856","AVOID","-","passive","FALSE","","V-SHAPE","2026-05-18","","8d","8","DOWNTREND","BEARISH","BEARISH","BEARISH","STRUCTURE + DISCOUNT","NORMAL DOWNTREND","48.5","TRUE","FALSE","FALSE","WEAKENING","WEAKENING (Passive)","0.15","0.15","DRY / QUIET","0","100","44.95","46.86","34.58","8.01","359.1","382.1","525.13","138000","915600","984","Supertrend bearish | RSI 45.0 lemah | Volume 0.15x | Lolos anti-crash ADX | RISEN NORMAL DOWNTREND","Full Grid (1-2-3-4)","100000000","352","344","340","338","0.1","0.2","0.3","0.4","284","581","882","1183","2930","99956600","43400","341.15","341.15","326","505","540","540","7.39","4.44","53.41","58.29","7.23","13.13"
"IDEA","2026-05-26","2026-05-26","560","FULL","64","3.225806451612903","AVOID","-","passive","FALSE","","V-SHAPE","2026-04-22","","34d","34","DOWNTREND","BEARISH","BEARISH","BEARISH","STRUCTURE + DISCOUNT","SIDEWAYS","65.36","TRUE","FALSE","FALSE","IMPROVING","IMPROVING (Passive)","0.38","0.38","DRY / QUIET","75","25","36.48","22.09","16.93","31.88","72.23","84.32","88.29","3689200","9689000","982","Supertrend bearish | RSI 36.5 lemah | Volume 0.38x | Lolos anti-crash ADX | RISEN SIDEWAYS","Full Grid (1-2-3-4)","100000000","86","74","71","67","0.1","0.2","0.3","0.4","1162","2702","4225","5970","14059","99984500","15500","71.12","71.12","60","125","164","164","30.23","15.63","90.7","130.6","3","8.35"
"INTP","2026-05-26","2026-05-26","560","FULL","4990","1.8367346938775513","AVOID","-","passive","FALSE","","EARLY SWEEP","2026-03-16","","71d","71","DOWNTREND","BEARISH","BEARISH","BEARISH","STRUCTURE + DISCOUNT","NORMAL DOWNTREND","48.68","TRUE","FALSE","TRUE","LEADING","LEADING (Passive)","3.83","3.83","VOLUME SURGE","47.62","52.38","44.04","19.82","20.75","22.77","5062.88","5351.49","5983.29","7039900","1839310","978","Supertrend bearish | RSI 44.0 lemah | Volume valid 3.83x | Lolos anti-crash ADX | RISEN NORMAL DOWNTREND","Full Grid (1-2-3-4)","100000000","7475","6750","6575","6325","0.1","0.2","0.3","0.4","13","29","45","63","150","98727500","1272500","6581.83","6584.32","5950","9775","12050","12050","20.4","9.6","61.2","83.08","3","8.65"
"UNSP","2026-05-26","2026-05-26","560","FULL","296","8.823529411764707","HOLD","-","passive","FALSE","","SMART GAMMA","2026-04-20","","36d","36","UPTREND","BEARISH","BEARISH","BULLISH","UPTREND DISCOUNT","NORMAL UPTREND","17.5","TRUE","TRUE","FALSE","IMPROVING","IMPROVING (Passive)","0.63","0.63","DRY / QUIET","0","100","44.06","27.47","26.2","44.81","314.92","330.75","276.19","1414300","2262305","978","Supertrend bullish | RSI 44.1 lemah | Volume 0.63x | Lolos anti-crash ADX | RISEN NORMAL UPTREND","Full Grid (1-2-3-4)","100000000","410","326","304","276","0.1","0.2","0.3","0.4","243","613","986","1449","3291","99913600","86400","303.6","303.63","236","670","930","930","42.44","22.27","126.83","206.33","2.99","9.27"
"VIVA","2026-05-26","2026-05-26","560","FULL","38","-2.564102564102564","AVOID","-","passive","FALSE","","SMART GAMMA","2026-04-20","","36d","36","DOWNTREND","BEARISH","BEARISH","BULLISH","STRUCTURE + DISCOUNT","SIDEWAYS","25","TRUE","FALSE","FALSE","IMPROVING","IMPROVING (Passive)","0.24","0.24","DRY / QUIET","33.33","66.67","43.28","20.89","27.22","42.28","41.72","41.99","36.14","11805600","48951460","978","Supertrend bearish | RSI 43.3 lemah | Volume 0.24x | Lolos anti-crash ADX | RISEN SIDEWAYS","Full Grid (1-2-3-4)","100000000","44","38","36","34","0.1","0.2","0.3","0.4","2272","5263","8333","11764","27632","99992600","7400","36.19","36.19","31","64","84","84","29.55","14.33","90.91","132.13","3.08","9.22"
"ARII","2026-05-26","2026-05-26","560","FULL","270","-1.4598540145985401","AVOID","-","passive","FALSE","","V-SHAPE","2026-05-04","","22d","22","DOWNTREND","BEARISH","BEARISH","BEARISH","STRUCTURE + DISCOUNT","SIDEWAYS","28.85","TRUE","FALSE","TRUE","LAGGING","LAGGARD (Passive)","2.08","2.08","VOLUME SURGE","45.45","54.55","41.92","16.09","13.34","22.89","282.01","284.24","282.68","1306100","629200","976","Supertrend bearish | RSI 41.9 lemah | Volume valid 2.08x | Lolos anti-crash ADX | RISEN SIDEWAYS","Full Grid (1-2-3-4)","100000000","292","276","272","266","0.1","0.2","0.3","0.4","342","724","1102","1503","3671","99923000","77000","272.2","272.2","256","346","400","400","12.33","5.95","36.99","46.95","3","7.89"
"DSSA","2026-05-26","2026-05-26","560","FULL","432","-10","AVOID","-","passive","FALSE","","BETA BREAKOUT","2025-10-16","","222d","222","DOWNTREND","BEARISH","BEARISH","BEARISH","DOWNTREND DISCOUNT","CRASH / SELL-OFF","0","FALSE","FALSE","TRUE","LAGGING","LAGGARD (Passive)","3.72","3.72","VOLUME SURGE","0","100","13.05","77.21","6.63","62.53","4768.15","24206.96","62613.36","851802500","229215900","976","Supertrend bearish | RSI 13.1 lemah | Volume valid 3.72x | Crash filter aktif | RISEN CRASH / SELL-OFF","Full Grid (1-2-3-4)","100000000","115000","108500","106975","104775","0.1","0.2","0.3","0.4","0","1","2","3","6","63677500","36322500","106129.17","107123.94","101125","135825","156625","156625","12.07","4.72","36.2","47.58","3","10.09"
"IGAR","2026-05-26","2026-05-26","560","FULL","448","-0.4444444444444444","AVOID","-","passive","FALSE","","EARLY SWEEP","2026-03-25","","62d","62","DOWNTREND","BEARISH","BEARISH","BEARISH","STRUCTURE + DISCOUNT","NORMAL DOWNTREND","33.47","TRUE","FALSE","FALSE","LEADING","LEADING (Passive)","0.16","0.16","DRY / QUIET","75","25","33.95","42.96","9.74","25.37","461.13","474.51","505.26","16100","102695","976","Supertrend bearish | RSI 34.0 lemah | Volume 0.16x | Crash filter aktif | RISEN NORMAL DOWNTREND","Full Grid (1-2-3-4)","100000000","735","615","585","545","0.1","0.2","0.3","0.4","136","325","512","733","1706","99884000","116000","585.49","585.47","490","1105","1470","1470","33.33","16.31","100","151.07","3","9.26"
"PTBA","2026-05-26","2026-05-26","560","FULL","2840","1.4285714285714286","AVOID","-","passive","FALSE","","G ACC","2026-03-25","","62d","62","DOWNTREND","NEUTRAL","BULLISH","BULLISH","DEMAND STRUCTURE","NORMAL DOWNTREND","42.86","TRUE","FALSE","FALSE","LEADING","LEADING (Passive)","0.78","0.78","DRY / QUIET","57.14","42.86","49.63","24.75","12.64","21.51","2836.26","2832.03","2650.76","13647500","17496855","976","Supertrend bearish | RSI 49.6 lemah | Volume 0.78x | Lolos anti-crash ADX | RISEN NORMAL DOWNTREND","Full Grid (1-2-3-4)","100000000","3160","2690","2580","2420","0.1","0.2","0.3","0.4","31","74","116","165","386","99560000","440000","2579.27","2580.22","2200","4600","6050","6050","30.38","14.7","91.46","134.56","3.01","9.15"
"ASLI","2026-05-26","2026-05-26","557","FULL","240","1.694915254237288","AVOID","-","passive","FALSE","","V-SHAPE","2026-05-13","","13d","13","DOWNTREND","BEARISH","BEARISH","BEARISH","STRUCTURE + DISCOUNT","NORMAL DOWNTREND","40.08","TRUE","FALSE","FALSE","LAGGING","LAGGARD (Passive)","0.28","0.28","DRY / QUIET","23.08","76.92","30.43","24.14","16.7","27.49","298.53","333.18","299.16","2519400","9018330","974","Supertrend bearish | RSI 30.4 lemah | Volume 0.28x | Lolos anti-crash ADX | RISEN NORMAL DOWNTREND","Full Grid (1-2-3-4)","100000000","312","300","296","292","0.1","0.2","0.3","0.4","320","666","1013","1369","3368","99923600","76400","296.69","296.69","280","360","478","478","10.26","5.62","53.21","61.11","5.19","10.87"
"ECII","2026-05-26","2026-05-26","560","FULL","158","-1.25","AVOID","-","passive","FALSE","","EARLY SWEEP","2026-05-13","","13d","13","DOWNTREND","BEARISH","BEARISH","BEARISH","DOWNTREND DISCOUNT","NORMAL DOWNTREND","82.63","TRUE","FALSE","FALSE","LAGGING","LAGGARD (Passive)","0.42","0.42","DRY / QUIET","33.33","66.67","28.82","15.96","16.84","23.93","173.2","184.54","197.6","336100","807185","974","Supertrend bearish | RSI 28.8 lemah | Volume 0.42x | Lolos anti-crash ADX | RISEN NORMAL DOWNTREND","Full Grid (1-2-3-4)","100000000","188","176","173","169","0.1","0.2","0.3","0.4","531","1136","1734","2366","5767","99960000","40000","173.33","173.33","161","228","270","270","14.36","7.11","43.62","55.77","3.04","7.84"
"FIRE","2026-05-26","2026-05-26","560","FULL","108","2.857142857142857","AVOID","-","passive","FALSE","","SMART SNIPER","2026-05-13","Structure + Discount","13d","13","DOWNTREND","BEARISH","BEARISH","BEARISH","STRUCTURE + DISCOUNT","NORMAL DOWNTREND","25","TRUE","FALSE","FALSE","LAGGING","LAGGARD (Passive)","0.94","0.94","NORMAL","10","90","35.88","13.91","23.15","21.61","128.19","140.07","132.19","56506500","60006420","974","Supertrend bearish | RSI 35.9 lemah | Volume 0.94x | Lolos anti-crash ADX | RISEN NORMAL DOWNTREND","Full Grid (1-2-3-4)","100000000","152","141","138","135","0.1","0.2","0.3","0.4","657","1418","2173","2962","7210","99954600","45400","138.63","138.63","127","190","228","228","16.45","8.39","50","64.46","3.04","7.68"
"FUTR","2026-05-26","2026-05-26","560","FULL","183","-0.5434782608695652","AVOID","-","passive","FALSE","","EARLY SWEEP","2026-05-13","","13d","13","DOWNTREND","BEARISH","BEARISH","BEARISH","STRUCTURE + DISCOUNT","NORMAL DOWNTREND","53.62","TRUE","FALSE","FALSE","LAGGING","LAGGARD (Passive)","0.69","0.69","DRY / QUIET","65.22","34.78","35.1","21.67","10.81","27.85","215.62","257.31","341.92","11064800","16111360","974","Supertrend bearish | RSI 35.1 lemah | Volume 0.69x | Lolos anti-crash ADX | RISEN NORMAL DOWNTREND","Full Grid (1-2-3-4)","100000000","282","240","230","216","0.1","0.2","0.3","0.4","354","833","1304","1851","4342","99948400","51600","230.19","230.2","194","414","545","545","31.21","15.72","93.26","136.76","2.99","8.7"
"IRSX","2026-05-26","2026-05-26","560","FULL","346","-8.465608465608465","AVOID","-","passive","FALSE","","SMART SNIPER","2026-05-13","Demand Structure","13d","13","DOWNTREND","BEARISH","BEARISH","BEARISH","STRUCTURE + DISCOUNT","NORMAL DOWNTREND","38.48","TRUE","FALSE","FALSE","LAGGING","LAGGARD (Passive)","0.67","0.67","DRY / QUIET","6.25","93.75","38.88","13.15","21.77","24.76","411.66","443.05","385.6","53978600","80926480","974","Supertrend bearish | RSI 38.9 lemah | Volume 0.67x | Lolos anti-crash ADX | RISEN NORMAL DOWNTREND","Full Grid (1-2-3-4)","100000000","464","424","414","400","0.1","0.2","0.3","0.4","215","471","724","1000","2410","99920000","80000","414.61","414.62","374","600","735","735","19.4","9.79","58.41","77.28","3.01","7.89"
"MCOL","2026-05-26","2026-05-26","560","FULL","3640","-1.0869565217391304","AVOID","-","passive","FALSE","","V-SHAPE","2026-05-13","","13d","13","DOWNTREND","BEARISH","BEARISH","BEARISH","DEMAND STRUCTURE","NORMAL DOWNTREND","30.1","TRUE","FALSE","FALSE","WEAKENING","WEAKENING (Passive)","1.03","1.03","NORMAL","66.67","33.33","34.35","26.35","10.93","23.38","3919.14","3920.77","3981.53","101700","98265","974","Supertrend bearish | RSI 34.4 lemah | Volume 1.03x | Lolos anti-crash ADX | RISEN NORMAL DOWNTREND","Full Grid (1-2-3-4)","100000000","4010","3960","3940","3920","0.1","0.2","0.3","0.4","24","50","76","102","252","99352000","648000","3942.54","3942.82","3880","4210","4630","4630","3.24","1.59","15.46","17.44","4.77","10.99"
"NEST","2026-05-26","2026-05-26","426","FULL","515","-0.9615384615384616","HOLD","-","passive","FALSE","","G ACC","2026-05-13","","13d","13","UPTREND","BULLISH","BULLISH","BULLISH","UPTREND PREMIUM","NORMAL UPTREND","25","TRUE","TRUE","FALSE","WEAKENING","WEAKENING (Passive)","0.16","0.16","DRY / QUIET","75","25","59.26","37.79","25.62","13.34","480.27","431.48","375.13","958600","6141140","974","Supertrend bullish | RSI 59.3 > 50 | Volume 0.16x | Lolos anti-crash ADX | RISEN NORMAL UPTREND","Full Grid (1-2-3-4)","100000000","590","448","414","366","0.1","0.2","0.3","0.4","169","446","724","1092","2431","99892600","107400","410.91","410.94","296","1030","1470","1470","49.83","27.97","149.15","257.74","2.99","9.22"
"RMKE","2026-05-26","2026-05-26","560","FULL","2870","-2.380952380952381","AVOID","-","passive","FALSE","","SMART SNIPER","2026-05-13","Structure + Discount","13d","13","DOWNTREND","BEARISH","BEARISH","BEARISH","STRUCTURE + DISCOUNT","SIDEWAYS","29.13","TRUE","FALSE","FALSE","LAGGING","LAGGARD (Passive)","0.93","0.93","NORMAL","22.22","77.78","40.04","19.65","12.6","23.76","3122.99","3359.11","3144.81","21044900","22683130","974","Supertrend bearish | RSI 40.0 lemah | Volume 0.93x | Lolos anti-crash ADX | RISEN SIDEWAYS","Full Grid (1-2-3-4)","100000000","3300","2970","2890","2780","0.1","0.2","0.3","0.4","30","67","103","143","343","99320000","680000","2895.63","2895.75","2600","4350","5400","5400","21.21","10.21","63.64","86.49","3","8.47"
"SRSN","2026-05-26","2026-05-26","560","FULL","66","1.5384615384615385","HOLD","-","passive","FALSE","","V-SHAPE","2026-05-13","","13d","13","UPTREND","BEARISH","BULLISH","BULLISH","DEMAND STRUCTURE","SIDEWAYS","25","TRUE","FALSE","FALSE","WEAKENING","WEAKENING (Passive)","0.13","0.13","DRY / QUIET","50","50","48","23.64","23.95","15.14","67.07","65.47","62.14","20223700","161676750","974","Supertrend bullish | RSI 48.0 lemah | Volume 0.13x | Lolos anti-crash ADX | RISEN SIDEWAYS","Full Grid (1-2-3-4)","100000000","72","62","60","56","0.1","0.2","0.3","0.4","1388","3225","5000","7142","16755","99983800","16200","59.67","59.67","51","104","135","135","29.17","14.54","87.5","126.23","3","8.68"
"ABBA","2026-05-26","2026-05-26","560","FULL","34","9.67741935483871","AVOID","-","passive","FALSE","","EARLY SWEEP","2026-05-12","","14d","14","DOWNTREND","BEARISH","BEARISH","BEARISH","STRUCTURE + DISCOUNT","NORMAL DOWNTREND","25","TRUE","FALSE","FALSE","LAGGING","LAGGARD (Passive)","0.37","0.37","DRY / QUIET","100","0","36.29","27.78","13.85","45.57","38.63","41.71","45.76","222500","600150","972","Supertrend bearish | RSI 36.3 lemah | Volume 0.37x | Lolos anti-crash ADX | RISEN NORMAL DOWNTREND","Full Grid (1-2-3-4)","100000000","45","43","43","42","0.1","0.2","0.3","0.4","2222","4651","6976","9523","23372","99991700","8300","42.78","42.78","41","51","57","57","8.89","4.17","26.67","33.23","3","7.98"
"ADRO","2026-05-26","2026-05-26","560","FULL","2300","0","AVOID","-","passive","FALSE","","V-SHAPE","2026-05-12","","14d","14","DOWNTREND","BEARISH","BEARISH","BULLISH","DEMAND STRUCTURE","NORMAL DOWNTREND","23.99","TRUE","FALSE","FALSE","LAGGING","LAGGARD (Passive)","0.54","0.54","DRY / QUIET","40","60","41.72","21.08","16.94","28.35","2405.67","2407","2216.39","45735900","84298665","972","Supertrend bearish | RSI 41.7 lemah | Volume 0.54x | Lolos anti-crash ADX | RISEN NORMAL DOWNTREND","Full Grid (1-2-3-4)","100000000","2600","2490","2460","2430","0.1","0.2","0.3","0.4","38","80","121","164","403","99418000","582000","2466.95","2467.05","2360","2960","3320","3320","9.23","4.34","27.69","34.58","3","7.98"
"BAIK","2026-05-26","2026-05-26","533","FULL","525","0","AVOID","-","passive","FALSE","","V-SHAPE","2026-05-12","","14d","14","DOWNTREND","BEARISH","BULLISH","BULLISH","DEMAND STRUCTURE","NORMAL UPTREND","25","TRUE","TRUE","FALSE","WEAKENING","WEAKENING (Passive)","0.61","0.61","DRY / QUIET","55.56","44.44","47.35","38.27","22.57","30.75","561.03","488.43","289.73","2016900","3289845","972","Supertrend bearish | RSI 47.4 lemah | Volume 0.61x | Crash filter aktif | RISEN NORMAL UPTREND","Full Grid (1-2-3-4)","100000000","640","442","394","328","0.1","0.2","0.3","0.4","156","452","761","1219","2588","99929000","71000","386.12","386.15","234","1250","1860","1860","63.44","39.4","190.63","381.71","3","9.69"
"BATR","2026-05-26","2026-05-26","467","FULL","85","1.1904761904761905","AVOID","-","passive","FALSE","","V-SHAPE","2026-05-12","","14d","14","DOWNTREND","BEARISH","BEARISH","BEARISH","STRUCTURE + DISCOUNT","NORMAL DOWNTREND","35.4","TRUE","FALSE","FALSE","WEAKENING","WEAKENING (Passive)","0.62","0.62","DRY / QUIET","16.67","83.33","39.79","34.28","28.28","17.46","90.41","93.37","97.54","3022300","4849430","972","Supertrend bearish | RSI 39.8 lemah | Volume 0.62x | Lolos anti-crash ADX | RISEN NORMAL DOWNTREND","Full Grid (1-2-3-4)","100000000","100","87","84","80","0.1","0.2","0.3","0.4","1000","2298","3571","5000","11869","99989000","11000","84.24","84.24","73","141","181","181","27","13.35","81","114.85","3","8.61"
"BUVA","2026-05-26","2026-05-26","560","FULL","610","-12.23021582733813","AVOID","-","passive","FALSE","","EARLY SWEEP","2026-05-12","","14d","14","DOWNTREND","BEARISH","BEARISH","BEARISH","DOWNTREND DISCOUNT","NORMAL DOWNTREND","0","FALSE","FALSE","FALSE","LAGGING","LAGGARD (Passive)","1.26","1.26","EXPANSION","10.34","89.66","25.02","24.56","10.52","34.17","931.82","1057.47","951.65","278169300","220234665","972","Supertrend bearish | RSI 25.0 lemah | Volume valid 1.26x | Lolos anti-crash ADX | RISEN NORMAL DOWNTREND","Full Grid (1-2-3-4)","100000000","1130","1015","985","945","0.1","0.2","0.3","0.4","88","197","304","423","1012","99857000","143000","986.73","986.79","855","1545","1650","1650","24.34","13.35","46.02","67.22","1.89","5.04"
"CITY","2026-05-26","2026-05-26","560","FULL","166","1.2195121951219512","AVOID","-","passive","FALSE","","V-SHAPE","2026-05-12","","14d","14","DOWNTREND","BEARISH","BEARISH","BEARISH","STRUCTURE + DISCOUNT","SIDEWAYS","55.57","TRUE","FALSE","FALSE","LAGGING","LAGGARD (Passive)","0.06","0.06","DRY / QUIET","62.5","37.5","40.63","24.23","24.51","19.52","186.71","196.46","191.25","236700","3936230","972","Supertrend bearish | RSI 40.6 lemah | Volume 0.06x | Lolos anti-crash ADX | RISEN SIDEWAYS","Full Grid (1-2-3-4)","100000000","210","194","190","184","0.1","0.2","0.3","0.4","476","1030","1578","2173","5257","99943200","56800","190.11","190.11","172","268","324","324","18.1","9.53","54.29","70.42","3","7.39"
"EMDE","2026-05-26","2026-05-26","560","FULL","65","-1.5151515151515151","AVOID","-","passive","FALSE","","V-SHAPE","2026-05-12","","14d","14","DOWNTREND","BEARISH","BEARISH","BEARISH","STRUCTURE + DISCOUNT","NORMAL DOWNTREND","40.52","TRUE","FALSE","FALSE","LAGGING","LAGGARD (Passive)","0.16","0.16","DRY / QUIET","20","80","34.98","29.89","22.37","18.97","72.99","77.61","89.68","2006400","12895505","972","Supertrend bearish | RSI 35.0 lemah | Volume 0.16x | Lolos anti-crash ADX | RISEN NORMAL DOWNTREND","Full Grid (1-2-3-4)","100000000","79","76","75","73","0.1","0.2","0.3","0.4","1265","2631","4000","5479","13375","99985800","14200","74.76","74.76","71","91","103","103","10.13","5.02","30.38","37.78","3","7.52"
"ITMA","2026-05-26","2026-05-26","560","FULL","1865","2.7548209366391188","AVOID","-","passive","FALSE","","SMART GAMMA","2026-05-12","","14d","14","DOWNTREND","BEARISH","BEARISH","BULLISH","DEMAND STRUCTURE","SIDEWAYS","73.07","TRUE","FALSE","FALSE","WEAKENING","WEAKENING (Passive)","0.08","0.08","DRY / QUIET","100","0","42.24","19.49","15.76","21.95","1988.16","2051.75","1747.42","39600","501530","972","Supertrend bearish | RSI 42.2 lemah | Volume 0.08x | Lolos anti-crash ADX | RISEN SIDEWAYS","Full Grid (1-2-3-4)","100000000","2180","1985","1935","1870","0.1","0.2","0.3","0.4","45","100","155","213","513","99483500","516500","1939.25","1939.6","1755","2820","3460","3460","19.5","9.5","58.72","78.42","3.01","8.25"
"KJEN","2026-05-26","2026-05-26","560","FULL","158","-3.6585365853658534","HOLD","-","passive","FALSE","","SMART SNIPER + V-SHAPE","2026-05-12","Structure + Discount","14d","14","UPTREND","BULLISH","BULLISH","BEARISH","UPTREND DISCOUNT","NORMAL UPTREND","17.5","TRUE","TRUE","FALSE","WEAKENING","WEAKENING (Passive)","0.19","0.19","DRY / QUIET","0","100","55.39","36.69","28.34","9.16","150.12","145.84","159.87","5563800","29514415","972","Supertrend bullish | RSI 55.4 > 50 | Volume 0.19x | Lolos anti-crash ADX | RISEN NORMAL UPTREND","Full Grid (1-2-3-4)","100000000","155","130","123","115","0.1","0.2","0.3","0.4","645","1538","2439","3478","8100","99988200","11800","123.44","123.44","101","236","318","318","34.84","18.18","105.16","157.61","3.02","8.67"
"SOUL","2026-05-26","2026-05-26","560","FULL","41","2.5","AVOID","-","passive","FALSE","","SMART SNIPER","2026-04-17","Structure + Discount","39d","39","DOWNTREND","BEARISH","BEARISH","BEARISH","STRUCTURE + DISCOUNT","NORMAL DOWNTREND","63.41","TRUE","FALSE","FALSE","IMPROVING","IMPROVING (Passive)","0.43","0.43","DRY / QUIET","100","0","26.89","33.01","6.26","22.11","46.91","53.24","61.91","864400","2005180","972","Supertrend bearish | RSI 26.9 lemah | Volume 0.43x | Crash filter aktif | RISEN NORMAL DOWNTREND","Full Grid (1-2-3-4)","100000000","62","55","53","51","0.1","0.2","0.3","0.4","1612","3636","5660","7843","18751","99989700","10300","53.32","53.33","47","85","107","107","24.19","11.86","72.58","100.66","3","8.49"
"YOII","2026-05-26","2026-05-26","323","FULL","76","0","AVOID","-","passive","FALSE","","SMART SNIPER","2026-05-12","Demand Structure","14d","14","DOWNTREND","BEARISH","BEARISH","BEARISH","DOWNTREND DISCOUNT","NORMAL DOWNTREND","25","TRUE","FALSE","FALSE","LAGGING","LAGGARD (Passive)","0.12","0.12","DRY / QUIET","50","50","31.98","16.35","19.06","24.51","88.87","94.11","99.61","4950000","41630950","972","Supertrend bearish | RSI 32.0 lemah | Volume 0.12x | Lolos anti-crash ADX | RISEN NORMAL DOWNTREND","Full Grid (1-2-3-4)","100000000","112","102","100","96","0.1","0.2","0.3","0.4","892","1960","3000","4166","10018","99976000","24000","99.8","99.8","91","144","175","175","18.75","8.81","56.25","75.36","3","8.55"
"BYAN","2026-05-26","2026-05-26","560","FULL","9925","-1.2437810945273633","AVOID","-","passive","FALSE","","V-SHAPE","2026-05-11","","15d","15","DOWNTREND","BEARISH","BEARISH","BEARISH","STRUCTURE + DISCOUNT","NORMAL DOWNTREND","17.5","TRUE","FALSE","FALSE","LAGGING","LAGGARD (Passive)","1.22","1.22","EXPANSION","43.75","56.25","31.7","21.68","16.65","32.53","11124.06","11988.57","15111.19","55600","45555","970","Supertrend bearish | RSI 31.7 lemah | Volume valid 1.22x | Lolos anti-crash ADX | RISEN NORMAL DOWNTREND","Full Grid (1-2-3-4)","100000000","11850","11450","11350","11200","0.1","0.2","0.3","0.4","8","17","26","35","86","97655000","2345000","11355.23","11356.92","10925","13250","14325","14325","7.81","3.79","20.89","26.15","2.68","6.9"
"DATA","2026-05-26","2026-05-26","485","FULL","1630","-3.2640949554896146","AVOID","-","passive","FALSE","","EARLY SWEEP","2026-05-11","","15d","15","DOWNTREND","BEARISH","BEARISH","BEARISH","STRUCTURE + DISCOUNT","NORMAL DOWNTREND","71.36","TRUE","FALSE","FALSE","LAGGING","LAGGARD (Passive)","0.27","0.27","DRY / QUIET","14.29","85.71","30.29","20.91","15.36","28.33","1949.29","2443.53","3117.21","840400","3104865","970","Supertrend bearish | RSI 30.3 lemah | Volume 0.27x | Lolos anti-crash ADX | RISEN NORMAL DOWNTREND","Full Grid (1-2-3-4)","100000000","4570","4220","4140","4020","0.1","0.2","0.3","0.4","21","47","72","99","239","99037000","963000","4143.81","4145.22","3810","5700","6850","6850","16.63","8.06","49.89","65.31","3","8.11"
"DPUM","2026-05-26","2026-05-26","560","FULL","202","-2.8846153846153846","HOLD","-","passive","FALSE","","SMART GAMMA","2026-05-11","","15d","15","UPTREND","BULLISH","BULLISH","BULLISH","UPTREND PREMIUM","NORMAL UPTREND","25","TRUE","TRUE","FALSE","WEAKENING","WEAKENING (Passive)","0.11","0.11","DRY / QUIET","16.67","83.33","64.65","38.63","28.48","9.58","173.71","164.44","140.58","4673000","43850650","970","Supertrend bullish | RSI 64.7 > 50 | Volume 0.11x | Lolos anti-crash ADX | RISEN NORMAL UPTREND","Full Grid (1-2-3-4)","100000000","202","157","146","130","0.1","0.2","0.3","0.4","495","1273","2054","3076","6898","99961500","38500","144.91","144.91","107","344","488","488","47.03","26.16","141.58","236.75","3.01","9.05"
"INCO","2026-05-26","2026-05-26","560","FULL","4890","-10.684931506849315","AVOID","-","passive","FALSE","","V-SHAPE","2026-05-11","","15d","15","DOWNTREND","BEARISH","BEARISH","BEARISH","STRUCTURE + DISCOUNT","NORMAL DOWNTREND","17.5","TRUE","FALSE","FALSE","LAGGING","LAGGARD (Passive)","0.98","0.98","NORMAL","13.85","86.15","38.32","31.87","16.03","37.27","5710.68","5969.49","5268.02","29821500","30347840","970","Supertrend bearish | RSI 38.3 lemah | Volume 0.98x | Crash filter aktif | RISEN NORMAL DOWNTREND","Full Grid (1-2-3-4)","100000000","6025","5550","5425","5250","0.1","0.2","0.3","0.4","16","36","55","76","183","99357500","642500","5429.37","5431.14","4970","7600","9200","9200","17.51","8.46","52.7","69.45","3.01","8.21"
"KETR","2026-05-26","2026-05-26","560","FULL","570","-3.389830508474576","HOLD","-","passive","FALSE","","SMART SNIPER","2026-05-11","Discount Only","15d","15","UPTREND","BULLISH","BULLISH","BULLISH","UPTREND DISCOUNT","SIDEWAYS","46.44","TRUE","FALSE","FALSE","WEAKENING","WEAKENING (Passive)","0.23","0.23","DRY / QUIET","14.29","85.71","52.76","32.89","21.23","13.39","559.31","553.4","553.33","13093200","57884675","970","Supertrend bullish | RSI 52.8 > 50 | Volume 0.23x | Lolos anti-crash ADX | RISEN SIDEWAYS","Full Grid (1-2-3-4)","100000000","630","550","530","500","0.1","0.2","0.3","0.4","158","363","566","800","1887","99917000","83000","529.5","529.55","454","895","1160","1160","27.94","14.26","84.13","119.07","3.01","8.35"
"LABS","2026-05-26","2026-05-26","447","FULL","145","-3.9735099337748347","AVOID","-","passive","FALSE","","SMART GAMMA","2026-05-11","","15d","15","DOWNTREND","BEARISH","BEARISH","BEARISH","STRUCTURE + DISCOUNT","SIDEWAYS","25","TRUE","FALSE","FALSE","LAGGING","LAGGARD (Passive)","0.28","0.28","DRY / QUIET","30","70","43.24","44.17","40.92","15.15","160.13","157.11","146.56","5231900","18804465","970","Supertrend bearish | RSI 43.2 lemah | Volume 0.28x | Lolos anti-crash ADX | RISEN SIDEWAYS","Full Grid (1-2-3-4)","100000000","216","180","172","159","0.1","0.2","0.3","0.4","462","1111","1744","2515","5832","99962500","37500","171.4","171.41","142","328","438","438","34.26","17.15","102.78","155.54","3","9.07"
"LPLI","2026-05-26","2026-05-26","560","FULL","250","0","AVOID","-","passive","FALSE","","SMART SNIPER","2026-04-16","Structure + Discount","40d","40","DOWNTREND","BEARISH","BEARISH","BEARISH","STRUCTURE + DISCOUNT","NORMAL DOWNTREND","48.54","TRUE","FALSE","FALSE","IMPROVING","IMPROVING (Passive)","0.45","0.45","DRY / QUIET","27.78","72.22","34.59","18.81","14.39","16.02","275.18","296.51","353.98","254400","567200","970","Supertrend bearish | RSI 34.6 lemah | Volume 0.45x | Lolos anti-crash ADX | RISEN NORMAL DOWNTREND","Full Grid (1-2-3-4)","100000000","332","304","296","286","0.1","0.2","0.3","0.4","301","657","1013","1398","3369","99933600","66400","296.63","296.63","270","426","520","520","18.67","8.98","56.63","75.3","3.03","8.39"
"SKBM","2026-05-26","2026-05-26","560","FULL","530","-7.82608695652174","AVOID","-","passive","FALSE","","EARLY SWEEP","2026-05-11","","15d","15","DOWNTREND","BEARISH","BEARISH","BEARISH","STRUCTURE + DISCOUNT","NORMAL DOWNTREND","80.17","TRUE","FALSE","FALSE","LAGGING","LAGGARD (Passive)","0.45","0.45","DRY / QUIET","9.52","90.48","38.6","24.68","24.97","17.64","612.2","640.36","565.96","731300","1624180","970","Supertrend bearish | RSI 38.6 lemah | Volume 0.45x | Lolos anti-crash ADX | RISEN NORMAL DOWNTREND","Full Grid (1-2-3-4)","100000000","665","635","630","620","0.1","0.2","0.3","0.4","150","314","476","645","1585","99892000","108000","630.23","630.24","590","780","890","890","11.28","6.38","33.83","41.22","3","6.46"
"SMRA","2026-05-26","2026-05-26","560","FULL","286","-2.054794520547945","AVOID","-","passive","FALSE","","EARLY SWEEP","2026-05-11","","15d","15","DOWNTREND","BEARISH","BEARISH","BEARISH","STRUCTURE + DISCOUNT","NORMAL DOWNTREND","22.12","TRUE","FALSE","FALSE","WEAKENING","WEAKENING (Passive)","0.98","0.98","NORMAL","16.67","83.33","31.87","25.86","14.26","34.52","309.13","326.18","376.25","27269000","27704305","970","Supertrend bearish | RSI 31.9 lemah | Volume 0.98x | Lolos anti-crash ADX | RISEN NORMAL DOWNTREND","Full Grid (1-2-3-4)","100000000","404","392","388","384","0.1","0.2","0.3","0.4","247","510","773","1041","2571","99937600","62400","388.71","388.71","376","446","490","490","6.93","3.27","21.29","26.06","3.07","7.97"
"SSMS","2026-05-26","2026-05-26","560","FULL","735","-5.161290322580645","AVOID","-","passive","FALSE","","SMART SNIPER","2026-05-11","Discount Only","15d","15","DOWNTREND","BEARISH","BEARISH","BEARISH","DOWNTREND DISCOUNT","NORMAL DOWNTREND","0","FALSE","FALSE","FALSE","LAGGING","LAGGARD (Passive)","1.58","1.58","EXPANSION","20","80","15.92","39.14","5.61","50.62","1132.72","1285.17","1441.78","12216600","7748405","970","Supertrend bearish | RSI 15.9 lemah | Volume valid 1.58x | Crash filter aktif | RISEN NORMAL DOWNTREND","Full Grid (1-2-3-4)","100000000","1430","1355","1335","1310","0.1","0.2","0.3","0.4","69","147","224","305","745","99644500","355500","1337.51","1337.62","1265","1680","1925","1925","11.54","5.42","34.62","43.92","3","8.1"
"SSTM","2026-05-26","2026-05-26","560","FULL","530","1.9230769230769231","AVOID","-","passive","FALSE","","SMART SNIPER","2026-04-16","Discount Only","40d","40","DOWNTREND","BEARISH","BEARISH","BEARISH","STRUCTURE + DISCOUNT","NORMAL DOWNTREND","98.96","TRUE","FALSE","FALSE","IMPROVING","IMPROVING (Passive)","0.27","0.27","DRY / QUIET","63.77","36.23","37.26","11.16","21.97","19.9","590.01","758.39","929.96","92800","345800","970","Supertrend bearish | RSI 37.3 lemah | Volume 0.27x | Lolos anti-crash ADX | RISEN NORMAL DOWNTREND","Full Grid (1-2-3-4)","100000000","805","635","595","535","0.1","0.2","0.3","0.4","124","314","504","747","1689","99873500","126500","591.32","591.35","438","1355","1905","1905","45.59","25.93","136.65","222.16","3","8.57"
"STAA","2026-05-26","2026-05-26","560","FULL","1000","-0.4975124378109453","AVOID","-","passive","FALSE","","EARLY SWEEP","2026-05-11","","15d","15","DOWNTREND","BEARISH","BEARISH","BEARISH","STRUCTURE + DISCOUNT","NORMAL DOWNTREND","17.01","TRUE","FALSE","FALSE","LAGGING","LAGGARD (Passive)","1.15","1.15","NORMAL","55.56","44.44","25.86","24.02","11.56","39.02","1157.72","1207.86","1191","5682500","4929630","970","Supertrend bearish | RSI 25.9 lemah | Volume 1.15x | Lolos anti-crash ADX | RISEN NORMAL DOWNTREND","Full Grid (1-2-3-4)","100000000","1220","1180","1170","1155","0.1","0.2","0.3","0.4","81","169","256","346","852","99739000","261000","1170.65","1170.7","1130","1410","1500","1500","7.38","3.47","22.95","28.13","3.11","8.1"
"TAMA","2026-05-26","2026-05-26","560","FULL","226","5.607476635514018","HOLD","-","passive","FALSE","","SMART GAMMA","2026-05-11","","15d","15","UPTREND","BULLISH","BULLISH","BULLISH","UPTREND PREMIUM","NORMAL UPTREND","24.17","TRUE","TRUE","FALSE","WEAKENING","WEAKENING (Passive)","1.17","1.17","NORMAL","66.67","33.33","61.01","40.23","45.49","23.75","199.73","166.96","92.54","4513800","3854100","970","Supertrend bullish | RSI 61.0 > 50 | Volume 1.17x | Lolos anti-crash ADX | RISEN NORMAL UPTREND","Full Grid (1-2-3-4)","100000000","236","178","164","145","0.1","0.2","0.3","0.4","423","1123","1829","2758","6133","99958800","41200","162.99","162.99","117","414","595","595","50.42","28.21","152.12","265.06","3.02","9.39"
"TLDN","2026-05-26","2026-05-26","560","FULL","535","-2.727272727272727","AVOID","-","passive","FALSE","","EARLY SWEEP","2026-05-11","","15d","15","DOWNTREND","BEARISH","BEARISH","BEARISH","STRUCTURE + DISCOUNT","NORMAL DOWNTREND","25","TRUE","FALSE","FALSE","LAGGING","LAGGARD (Passive)","0.58","0.58","DRY / QUIET","42.86","57.14","29.06","40.11","8.6","30.66","591.09","619.64","643.69","659500","1139650","970","Supertrend bearish | RSI 29.1 lemah | Volume 0.58x | Crash filter aktif | RISEN NORMAL DOWNTREND","Full Grid (1-2-3-4)","100000000","670","650","645","640","0.1","0.2","0.3","0.4","149","307","465","625","1546","99930500","69500","646.38","646.39","625","740","815","815","6.72","3.31","21.64","26.09","3.22","7.89"
"FPNI","2026-05-26","2026-05-26","560","FULL","360","-2.1739130434782608","AVOID","-","passive","FALSE","","SMART GAMMA","2026-04-14","","42d","42","DOWNTREND","BEARISH","BEARISH","BEARISH","STRUCTURE + DISCOUNT","SIDEWAYS","55.47","TRUE","FALSE","FALSE","IMPROVING","IMPROVING (Passive)","0.29","0.29","DRY / QUIET","22.22","77.78","35.98","25.7","24.38","28.9","419.69","467.06","480.25","1753800","5966470","966","Supertrend bearish | RSI 36.0 lemah | Volume 0.29x | Lolos anti-crash ADX | RISEN SIDEWAYS","Full Grid (1-2-3-4)","100000000","575","458","430","390","0.1","0.2","0.3","0.4","173","436","697","1025","2331","99862300","137700","428.41","428.47","330","945","1310","1310","42.61","22.97","127.83","205.78","3","8.96"
"UANG","2026-05-26","2026-05-26","560","FULL","2520","-5.263157894736842","AVOID","-","passive","FALSE","","BETA BREAKOUT","2026-04-14","","42d","42","DOWNTREND","BEARISH","BEARISH","BEARISH","STRUCTURE + DISCOUNT","NORMAL DOWNTREND","35.12","TRUE","FALSE","FALSE","IMPROVING","IMPROVING (Passive)","0.79","0.79","DRY / QUIET","31.43","68.57","35.38","25.71","17.47","32.49","3101.74","3509.2","3271.65","418700","527375","966","Supertrend bearish | RSI 35.4 lemah | Volume 0.79x | Lolos anti-crash ADX | RISEN NORMAL DOWNTREND","Full Grid (1-2-3-4)","100000000","4600","3800","3610","3340","0.1","0.2","0.3","0.4","21","52","83","119","275","99129000","871000","3604.69","3607.07","2920","7125","9650","9650","36.52","18.99","109.78","167.71","3.01","8.83"
"ASPI","2026-05-26","2026-05-26","560","FULL","362","-6.217616580310881","AVOID","-","passive","FALSE","","SMART SNIPER","2026-05-08","Structure + Discount","18d","18","DOWNTREND","BEARISH","BEARISH","BEARISH","STRUCTURE + DISCOUNT","SIDEWAYS","39.24","TRUE","FALSE","FALSE","LAGGING","LAGGARD (Passive)","0.16","0.16","DRY / QUIET","22.22","77.78","41.53","21.53","20.79","21.37","414.82","416.61","462.09","172500","1097225","964","Supertrend bearish | RSI 41.5 lemah | Volume 0.16x | Lolos anti-crash ADX | RISEN SIDEWAYS","Full Grid (1-2-3-4)","100000000","466","412","400","382","0.1","0.2","0.3","0.4","214","485","750","1047","2496","99949800","50200","400.44","400.46","348","645","820","820","25.32","13.1","75.97","104.77","3","8"
"BDMN","2026-05-26","2026-05-26","560","FULL","4740","-2.8688524590163933","HOLD","-","passive","FALSE","","BETA BREAKOUT","2026-05-08","","18d","18","UPTREND","BULLISH","BULLISH","BULLISH","UPTREND PREMIUM","NORMAL UPTREND","50.14","TRUE","TRUE","FALSE","WEAKENING","WEAKENING (Passive)","0.27","0.27","DRY / QUIET","15","85","64.19","47.35","40.04","13.02","4238","3643.22","2895.08","4939100","18058455","964","Supertrend bullish | RSI 64.2 > 50 | Volume 0.27x | Lolos anti-crash ADX | RISEN NORMAL UPTREND","Full Grid (1-2-3-4)","100000000","4510","3480","3240","2890","0.1","0.2","0.3","0.4","22","57","92","138","309","99448000","552000","3218.38","3219.11","2390","7700","10875","10875","47.01","25.74","141.13","237.9","3","9.24"
"BJTM","2026-05-26","2026-05-26","560","FULL","520","-0.9523809523809524","AVOID","-","passive","FALSE","","BETA BREAKOUT","2026-05-08","","18d","18","DOWNTREND","BEARISH","BEARISH","BEARISH","DOWNTREND DISCOUNT","NORMAL DOWNTREND","25","TRUE","FALSE","FALSE","LAGGING","LAGGARD (Passive)","0.43","0.43","DRY / QUIET","0","100","31.27","27.81","13.51","32.41","555.91","565.87","552.81","7565300","17761985","964","Supertrend bearish | RSI 31.3 lemah | Volume 0.43x | Lolos anti-crash ADX | RISEN NORMAL DOWNTREND","Full Grid (1-2-3-4)","100000000","605","575","570","560","0.1","0.2","0.3","0.4","165","347","526","714","1752","99901000","99000","570.21","570.22","545","695","785","785","9.92","4.42","29.75","37.67","3","8.52"
"IRRA","2026-05-26","2026-05-26","560","FULL","378","-0.5263157894736842","AVOID","-","passive","FALSE","","SMART GAMMA","2026-05-08","","18d","18","DOWNTREND","BEARISH","BEARISH","BEARISH","STRUCTURE + DISCOUNT","SIDEWAYS","25","TRUE","FALSE","FALSE","WEAKENING","WEAKENING (Passive)","0.16","0.16","DRY / QUIET","55.56","44.44","43.01","30.88","34.14","18.29","397.69","400.58","416.76","1570000","10098285","964","Supertrend bearish | RSI 43.0 lemah | Volume 0.16x | Lolos anti-crash ADX | RISEN SIDEWAYS","Full Grid (1-2-3-4)","100000000","510","444","428","406","0.1","0.2","0.3","0.4","196","450","700","985","2331","99927000","73000","428.69","428.69","374","715","920","920","26.67","12.76","80.39","114.61","3.01","8.98"
"KAEF","2026-05-26","2026-05-26","560","FULL","492","-2.5742574257425743","AVOID","-","passive","FALSE","","BETA BREAKOUT","2026-05-08","","18d","18","DOWNTREND","BEARISH","BEARISH","BEARISH","STRUCTURE + DISCOUNT","SIDEWAYS","25","TRUE","FALSE","FALSE","WEAKENING","WEAKENING (Passive)","0.12","0.12","DRY / QUIET","0","100","45.52","38.78","30.71","16.4","527.46","516.56","534.56","1414700","12114690","964","Supertrend bearish | RSI 45.5 lemah | Volume 0.12x | Lolos anti-crash ADX | RISEN SIDEWAYS","Full Grid (1-2-3-4)","100000000","635","545","520","492","0.1","0.2","0.3","0.4","157","366","576","813","1912","99868100","131900","522.32","522.36","446","920","1200","1200","29.76","14.61","88.98","129.74","2.99","8.88"
"MAPI","2026-05-26","2026-05-26","560","FULL","1500","0.33444816053511706","HOLD","-","passive","FALSE","","SMART GAMMA","2026-05-08","","18d","18","UPTREND","BULLISH","BULLISH","BULLISH","UPTREND PREMIUM","NORMAL UPTREND","65","TRUE","TRUE","FALSE","LAGGING","LAGGARD (Passive)","0.56","0.56","DRY / QUIET","50","50","64.88","32.2","35.32","12.68","1410.79","1333.8","1278.47","24203700","43150045","964","Supertrend bullish | RSI 64.9 > 50 | Volume 0.56x | Lolos anti-crash ADX | RISEN NORMAL UPTREND","Full Grid (1-2-3-4)","100000000","1455","1335","1305","1265","0.1","0.2","0.3","0.4","68","149","229","316","762","99644000","356000","1307.66","1307.82","1200","1840","2220","2220","17.53","8.23","52.58","69.77","3","8.47"
"MEDS","2026-05-26","2026-05-26","560","FULL","94","-3.0927835051546393","AVOID","-","passive","FALSE","","SMART GAMMA","2026-05-08","","18d","18","DOWNTREND","BULLISH","BULLISH","BULLISH","DOWNTREND","NORMAL UPTREND","25","TRUE","TRUE","FALSE","WEAKENING","WEAKENING (Passive)","0.4","0.4","DRY / QUIET","40","60","52.01","49.22","34.1","13.71","93.11","83.78","72.27","119463000","298846035","964","Supertrend bearish | RSI 52.0 > 50 | Volume 0.4x | Lolos anti-crash ADX | RISEN NORMAL UPTREND","Full Grid (1-2-3-4)","100000000","117","85","77","67","0.1","0.2","0.3","0.4","854","2352","3896","5970","13072","99982000","18000","76.49","76.49","51","216","316","316","56.41","33.32","170.09","313.15","3.02","9.4"
"MPOW","2026-05-26","2026-05-26","560","FULL","117","-2.5","AVOID","-","passive","FALSE","","SMART GAMMA","2026-05-08","","18d","18","DOWNTREND","BEARISH","BULLISH","BULLISH","STRUCTURE + DISCOUNT","NORMAL DOWNTREND","25","TRUE","FALSE","FALSE","WEAKENING","WEAKENING (Passive)","0.25","0.25","DRY / QUIET","37.5","62.5","49.72","44.9","29.25","10.55","119.02","113.99","111.94","21148400","85622870","964","Supertrend bearish | RSI 49.7 lemah | Volume 0.25x | Lolos anti-crash ADX | RISEN NORMAL DOWNTREND","Full Grid (1-2-3-4)","100000000","148","118","110","100","0.1","0.2","0.3","0.4","675","1694","2727","4000","9096","99976200","23800","109.91","109.92","85","242","338","338","42.57","22.67","128.38","207.52","3.02","9.16"
"PEHA","2026-05-26","2026-05-26","560","FULL","276","-4.166666666666666","AVOID","-","passive","FALSE","","SMART GAMMA","2026-05-08","","18d","18","DOWNTREND","BEARISH","BEARISH","BEARISH","STRUCTURE + DISCOUNT","NORMAL DOWNTREND","25","TRUE","FALSE","FALSE","WEAKENING","WEAKENING (Passive)","0.14","0.14","DRY / QUIET","0","100","42.09","20.52","24.76","20.78","300.62","300.51","309.39","440900","3225350","964","Supertrend bearish | RSI 42.1 lemah | Volume 0.14x | Lolos anti-crash ADX | RISEN NORMAL DOWNTREND","Full Grid (1-2-3-4)","100000000","372","330","318","304","0.1","0.2","0.3","0.4","268","606","943","1315","3132","99931000","69000","319.06","319.07","282","505","640","640","24.19","11.62","72.04","100.59","2.98","8.66"
"SAME","2026-05-26","2026-05-26","560","FULL","310","-1.2738853503184715","AVOID","-","passive","FALSE","","SMART SNIPER + V-SHAPE","2026-05-08","Demand Structure","18d","18","DOWNTREND","BEARISH","BEARISH","BEARISH","STRUCTURE + DISCOUNT","NORMAL DOWNTREND","28.61","TRUE","FALSE","FALSE","WEAKENING","WEAKENING (Passive)","0.2","0.2","DRY / QUIET","0","100","37.2","20.11","17.83","24.77","328.97","334.77","329.81","216800","1082285","964","Supertrend bearish | RSI 37.2 lemah | Volume 0.2x | Lolos anti-crash ADX | RISEN NORMAL DOWNTREND","Full Grid (1-2-3-4)","100000000","348","336","334","330","0.1","0.2","0.3","0.4","287","595","898","1212","2992","99968800","31200","334.12","334.12","322","388","426","426","7.47","3.63","22.41","27.5","3","7.58"
"SIMP","2026-05-26","2026-05-26","560","FULL","565","0","AVOID","-","passive","FALSE","","G ACC","2026-04-13","","43d","43","DOWNTREND","BEARISH","BEARISH","BEARISH","STRUCTURE + DISCOUNT","SIDEWAYS","25","TRUE","FALSE","FALSE","IMPROVING","IMPROVING (Passive)","0.55","0.55","DRY / QUIET","20","80","32.03","34.02","14.41","31.17","648.26","667.59","610.21","18174800","33090975","964","Supertrend bearish | RSI 32.0 lemah | Volume 0.55x | Crash filter aktif | RISEN SIDEWAYS","Full Grid (1-2-3-4)","100000000","785","675","645","610","0.1","0.2","0.3","0.4","127","296","465","655","1543","99897000","103000","647.42","647.44","555","1130","1475","1475","29.3","14.28","87.9","127.83","3","8.95"
"BBYB","2026-05-26","2026-05-26","560","FULL","266","-3.6231884057971016","AVOID","-","passive","FALSE","","V-SHAPE","2026-05-07","","19d","19","DOWNTREND","BEARISH","BEARISH","BEARISH","STRUCTURE + DISCOUNT","NORMAL DOWNTREND","34.54","TRUE","FALSE","FALSE","LAGGING","LAGGARD (Passive)","0.5","0.5","DRY / QUIET","0","100","37.17","19.46","16.25","26.66","291.04","312.92","338.99","10021400","20027635","962","Supertrend bearish | RSI 37.2 lemah | Volume 0.5x | Lolos anti-crash ADX | RISEN NORMAL DOWNTREND","Full Grid (1-2-3-4)","100000000","322","310","306","302","0.1","0.2","0.3","0.4","310","645","980","1324","3259","99949800","50200","306.69","306.69","292","368","412","412","9.32","4.79","27.95","34.34","3","7.17"
"CBDK","2026-05-26","2026-05-26","320","FULL","3930","-2.2388059701492535","AVOID","-","passive","FALSE","","SMART SNIPER","2026-05-07","Structure + Discount","19d","19","DOWNTREND","BEARISH","BEARISH","BEARISH","STRUCTURE + DISCOUNT","NORMAL DOWNTREND","58.4","TRUE","FALSE","FALSE","LAGGING","LAGGARD (Passive)","0.71","0.71","DRY / QUIET","14.29","85.71","27.55","24.56","13.15","31.2","4387.61","4811.03","5845.65","2486900","3508060","962","Supertrend bearish | RSI 27.6 lemah | Volume 0.71x | Lolos anti-crash ADX | RISEN NORMAL DOWNTREND","Full Grid (1-2-3-4)","100000000","4950","4730","4670","4600","0.1","0.2","0.3","0.4","20","42","64","86","212","99214000","786000","4679.91","4679.86","4460","5675","6425","6425","9.9","4.7","29.8","37.29","3.01","7.94"
"DEPO","2026-05-26","2026-05-26","560","FULL","250","0","AVOID","-","passive","FALSE","","G ACC","2026-05-07","","19d","19","DOWNTREND","BEARISH","BEARISH","BEARISH","DOWNTREND DISCOUNT","NORMAL UPTREND","60","TRUE","TRUE","FALSE","WEAKENING","WEAKENING (Passive)","0.29","0.29","DRY / QUIET","50","50","46.68","50.71","31.18","10.94","264.72","258.04","252.31","414300","1442745","962","Supertrend bearish | RSI 46.7 lemah | Volume 0.29x | Lolos anti-crash ADX | RISEN NORMAL UPTREND","Full Grid (1-2-3-4)","100000000","320","262","248","228","0.1","0.2","0.3","0.4","312","763","1209","1754","4038","99949000","51000","247.52","247.53","197","505","690","690","38.44","20.41","115.63","178.76","3.01","8.76"
"ESIP","2026-05-26","2026-05-26","560","FULL","127","-7.2992700729927","AVOID","-","passive","FALSE","","G ACC","2026-05-07","","19d","19","DOWNTREND","BEARISH","BULLISH","BULLISH","DEMAND STRUCTURE","NORMAL UPTREND","25","TRUE","TRUE","FALSE","LAGGING","LAGGARD (Passive)","0.06","0.06","DRY / QUIET","7.69","92.31","45.8","29.62","21.86","23.59","143.61","123.55","89.62","37588100","615999375","962","Supertrend bearish | RSI 45.8 lemah | Volume 0.06x | Lolos anti-crash ADX | RISEN NORMAL UPTREND","Full Grid (1-2-3-4)","100000000","220","154","138","115","0.1","0.2","0.3","0.4","454","1298","2173","3478","7403","99961600","38400","135.03","135.04","82","428","635","635","62.73","39.27","188.64","370.27","3.01","9.43"
"EXCL","2026-05-26","2026-05-26","560","FULL","2770","-3.8194444444444446","AVOID","-","passive","FALSE","","SMART GAMMA","2026-05-07","","19d","19","DOWNTREND","BEARISH","BEARISH","BEARISH","STRUCTURE + DISCOUNT","SIDEWAYS","30.22","TRUE","FALSE","FALSE","LAGGING","LAGGARD (Passive)","0.75","0.75","DRY / QUIET","10","90","41.2","20.45","16.49","25.68","2951.72","3023.51","2960.13","6432900","8589725","962","Supertrend bearish | RSI 41.2 lemah | Volume 0.75x | Lolos anti-crash ADX | RISEN SIDEWAYS","Full Grid (1-2-3-4)","100000000","3230","3080","3040","2990","0.1","0.2","0.3","0.4","30","64","98","133","325","98961000","1039000","3044.95","3045.45","2890","3740","4250","4250","10.53","5.09","31.58","39.58","3","7.78"
"GTBO","2026-05-26","2026-05-26","560","FULL","195","2.094240837696335","AVOID","-","passive","FALSE","","V-SHAPE","2026-05-07","","19d","19","DOWNTREND","BEARISH","BEARISH","BEARISH","STRUCTURE + DISCOUNT","NORMAL DOWNTREND","67.16","TRUE","FALSE","FALSE","LAGGING","LAGGARD (Passive)","0.17","0.17","DRY / QUIET","63.64","36.36","37.96","45.47","29.8","11.11","206.95","217.82","223.91","52800","314025","962","Supertrend bearish | RSI 38.0 lemah | Volume 0.17x | Lolos anti-crash ADX | RISEN NORMAL DOWNTREND","Full Grid (1-2-3-4)","100000000","220","212","208","206","0.1","0.2","0.3","0.4","454","943","1442","1941","4780","99957800","42200","209.12","209.12","198","254","286","286","10","5.32","30","36.77","3","6.92"
"KLAS","2026-05-26","2026-05-26","560","FULL","71","-1.3888888888888888","AVOID","-","passive","FALSE","","SMART SNIPER","2026-05-07","Structure + Discount","19d","19","DOWNTREND","BEARISH","BEARISH","BEARISH","STRUCTURE + DISCOUNT","NORMAL DOWNTREND","25","TRUE","FALSE","FALSE","LAGGING","LAGGARD (Passive)","0.2","0.2","DRY / QUIET","20","80","36.72","18.53","18.15","26.97","78.95","83.41","105.47","10790900","55194385","962","Supertrend bearish | RSI 36.7 lemah | Volume 0.2x | Lolos anti-crash ADX | RISEN NORMAL DOWNTREND","Full Grid (1-2-3-4)","100000000","97","87","85","81","0.1","0.2","0.3","0.4","1030","2298","3529","4938","11795","99977900","22100","84.76","84.76","76","129","160","160","21.65","10.34","64.95","88.76","3","8.59"
"LIFE","2026-05-26","2026-05-26","560","FULL","6225","-0.4","AVOID","-","passive","FALSE","","V-SHAPE","2026-05-07","","19d","19","DOWNTREND","BEARISH","BEARISH","BEARISH","STRUCTURE + DISCOUNT","NORMAL DOWNTREND","25","TRUE","FALSE","FALSE","LAGGING","LAGGARD (Passive)","0.28","0.28","DRY / QUIET","94.44","5.56","36.03","20.36","24.79","34","6813.19","7118.41","7950.21","1600","5660","962","Supertrend bearish | RSI 36.0 lemah | Volume 0.28x | Lolos anti-crash ADX | RISEN NORMAL DOWNTREND","Full Grid (1-2-3-4)","100000000","7400","7250","7200","7150","0.1","0.2","0.3","0.4","13","27","41","55","136","98040000","1960000","7208.82","7209.26","7025","7975","8775","8775","5.07","2.55","18.58","21.73","3.67","8.52"
"MDLA","2026-05-26","2026-05-26","264","FULL","202","-1.9417475728155338","AVOID","-","passive","FALSE","","SMART SNIPER","2026-05-07","Demand Structure","19d","19","DOWNTREND","BEARISH","BEARISH","BEARISH","STRUCTURE + DISCOUNT","NORMAL DOWNTREND","17.5","TRUE","FALSE","FALSE","WEAKENING","WEAKENING (Passive)","0.18","0.18","DRY / QUIET","0","100","36.64","22.02","16.34","20.89","215.77","219.78","225.98","1157300","6529690","962","Supertrend bearish | RSI 36.6 lemah | Volume 0.18x | Lolos anti-crash ADX | RISEN NORMAL DOWNTREND","Full Grid (1-2-3-4)","100000000","240","224","218","214","0.1","0.2","0.3","0.4","416","892","1376","1869","4553","99958200","41800","219.54","219.55","204","294","348","348","15","7.08","45","58.51","3","8.26"
"MORA","2026-05-26","2026-05-26","560","FULL","6700","0.37453183520599254","AVOID","-","passive","FALSE","","SMART SNIPER","2026-05-07","Discount Only","19d","19","DOWNTREND","BULLISH","BULLISH","BULLISH","DOWNTREND","SIDEWAYS","25","TRUE","FALSE","FALSE","WEAKENING","WEAKENING (Passive)","0.26","0.26","DRY / QUIET","20","80","54.22","32.3","37.37","14.89","6300.26","6191.63","5344.47","466700","1782160","962","Supertrend bearish | RSI 54.2 > 50 | Volume 0.26x | Lolos anti-crash ADX | RISEN SIDEWAYS","Full Grid (1-2-3-4)","100000000","6250","5375","5175","4870","0.1","0.2","0.3","0.4","16","37","57","82","192","99319000","681000","5172.86","5172.88","4380","9050","14500","14500","29.92","15.33","132","180.31","4.41","11.76"
"NATO","2026-05-26","2026-05-26","560","FULL","590","0","AVOID","-","passive","FALSE","","BETA BREAKOUT","2026-05-07","","19d","19","DOWNTREND","BEARISH","BEARISH","BULLISH","DEMAND STRUCTURE","SIDEWAYS","48.15","TRUE","FALSE","FALSE","WEAKENING","WEAKENING (Passive)","0.08","0.08","DRY / QUIET","0","100","44.77","33.49","20.69","11.68","614.42","617.68","457.21","91600","1101790","962","Supertrend bearish | RSI 44.8 lemah | Volume 0.08x | Lolos anti-crash ADX | RISEN SIDEWAYS","Full Grid (1-2-3-4)","100000000","775","675","650","615","0.1","0.2","0.3","0.4","129","296","461","650","1536","99917500","82500","650.5","650.5","560","1100","1420","1420","27.74","13.91","83.23","118.29","3","8.5"
"SCCO","2026-05-26","2026-05-26","560","FULL","2390","-0.4166666666666667","HOLD","-","passive","FALSE","","SMART SNIPER","2026-05-07","Structure + Discount","19d","19","UPTREND","NEUTRAL","BULLISH","BULLISH","STRUCTURE + DISCOUNT","SIDEWAYS","81.98","TRUE","FALSE","FALSE","LAGGING","LAGGARD (Passive)","0.22","0.22","DRY / QUIET","100","0","50.87","17.66","10.51","18.58","2388.87","2378.65","2377.26","12500","55835","962","Supertrend bullish | RSI 50.9 > 50 | Volume 0.22x | Lolos anti-crash ADX | RISEN SIDEWAYS","Full Grid (1-2-3-4)","100000000","2460","2330","2300","2260","0.1","0.2","0.3","0.4","40","85","130","176","431","99321000","679000","2304.43","2304.61","2190","2870","3270","3270","10.98","4.97","32.93","41.9","3","8.44"
"SOSS","2026-05-26","2026-05-26","560","FULL","815","0","AVOID","-","passive","FALSE","","SMART SNIPER + V-SHAPE","2026-05-07","Structure + Discount","19d","19","DOWNTREND","BEARISH","BEARISH","NEUTRAL","STRUCTURE + DISCOUNT","SIDEWAYS","94.99","TRUE","FALSE","FALSE","LAGGING","LAGGARD (Passive)","0.49","0.49","DRY / QUIET","50","50","44.02","14.83","25.29","36.66","846.02","856.7","814.45","5600","11315","962","Supertrend bearish | RSI 44.0 lemah | Volume 0.49x | Lolos anti-crash ADX | RISEN SIDEWAYS","Full Grid (1-2-3-4)","100000000","920","855","835","815","0.1","0.2","0.3","0.4","108","233","359","490","1190","99769000","231000","838.39","838.44","775","1140","1180","1180","15.76","7.56","28.26","40.75","1.79","5.39"
"ASHA","2026-05-26","2026-05-26","560","FULL","64","-3.0303030303030303","AVOID","-","passive","FALSE","","BETA BREAKOUT","2026-05-06","","20d","20","DOWNTREND","BEARISH","BEARISH","NEUTRAL","STRUCTURE + DISCOUNT","SIDEWAYS","25.2","TRUE","FALSE","FALSE","LAGGING","LAGGARD (Passive)","1.59","1.59","EXPANSION","10","90","39.37","18.72","25.9","20.23","71.27","73.42","63.89","218659700","137945075","960","Supertrend bearish | RSI 39.4 lemah | Volume valid 1.59x | Lolos anti-crash ADX | RISEN SIDEWAYS","Full Grid (1-2-3-4)","100000000","88","75","71","67","0.1","0.2","0.3","0.4","1136","2666","4225","5970","13997","99988300","11700","71.44","71.44","60","130","172","172","31.82","16.01","95.45","140.78","3","8.79"
"CMRY","2026-05-26","2026-05-26","560","FULL","4400","-1.7857142857142856","AVOID","-","passive","FALSE","","SMART SNIPER","2026-05-06","Discount Only","20d","20","DOWNTREND","BEARISH","BEARISH","BEARISH","STRUCTURE + DISCOUNT","SIDEWAYS","39.53","TRUE","FALSE","FALSE","WEAKENING","WEAKENING (Passive)","0.86","0.86","NORMAL","27.27","72.73","40.39","17.68","12.15","25.88","4590.75","4676.05","4949.29","3147600","3651210","960","Supertrend bearish | RSI 40.4 lemah | Volume 0.86x | Lolos anti-crash ADX | RISEN SIDEWAYS","Full Grid (1-2-3-4)","100000000","4870","4540","4460","4340","0.1","0.2","0.3","0.4","20","44","67","92","223","99526000","474000","4463.05","4463.94","4160","5925","7000","7000","14.58","6.79","43.74","56.84","3","8.37"
"DEFI","2026-05-26","2026-05-26","560","FULL","137","-9.271523178807946","AVOID","-","passive","FALSE","","V-SHAPE","2026-05-06","","20d","20","DOWNTREND","BEARISH","BEARISH","BEARISH","STRUCTURE + DISCOUNT","NORMAL DOWNTREND","35.67","TRUE","FALSE","FALSE","LAGGING","LAGGARD (Passive)","0.18","0.18","DRY / QUIET","6.25","93.75","44.98","23.82","25.74","23.13","158.34","152.8","370.32","38105400","206355715","960","Supertrend bearish | RSI 45.0 lemah | Volume 0.18x | Lolos anti-crash ADX | RISEN NORMAL DOWNTREND","Full Grid (1-2-3-4)","100000000","200","171","164","154","0.1","0.2","0.3","0.4","500","1169","1829","2597","6095","99979300","20700","164.03","164.03","136","296","500","500","32","17.09","150","204.81","4.69","11.98"
"HALO","2026-05-26","2026-05-26","560","FULL","70","-4.10958904109589","AVOID","-","passive","FALSE","","SMART SNIPER","2026-05-06","Discount Only","20d","20","DOWNTREND","BEARISH","BEARISH","BEARISH","STRUCTURE + DISCOUNT","SIDEWAYS","31.72","TRUE","FALSE","FALSE","LAGGING","LAGGARD (Passive)","0.14","0.14","DRY / QUIET","33.33","66.67","43.47","28.68","21.9","17.76","76.64","77.31","82.53","17272300","123546825","960","Supertrend bearish | RSI 43.5 lemah | Volume 0.14x | Lolos anti-crash ADX | RISEN SIDEWAYS","Full Grid (1-2-3-4)","100000000","91","78","74","70","0.1","0.2","0.3","0.4","1098","2564","4054","5714","13430","99988600","11400","74.45","74.45","63","133","175","175","30.77","15.38","92.31","135.05","3","8.78"
"HRME","2026-05-26","2026-05-26","560","FULL","46","9.523809523809524","AVOID","-","passive","FALSE","","SMART GAMMA","2026-05-06","","20d","20","DOWNTREND","BEARISH","BEARISH","BULLISH","DOWNTREND DISCOUNT","SIDEWAYS","25","TRUE","FALSE","FALSE","LAGGING","LAGGARD (Passive)","0.31","0.31","DRY / QUIET","100","0","46.08","20.25","35.83","40.87","48.49","48.45","44.51","1567100","5076630","960","Supertrend bearish | RSI 46.1 lemah | Volume 0.31x | Lolos anti-crash ADX | RISEN SIDEWAYS","Full Grid (1-2-3-4)","100000000","60","51","48","45","0.1","0.2","0.3","0.4","1666","3921","6250","8888","20725","99989100","10900","48.25","48.25","41","89","117","117","31.67","15.02","95","142.51","3","9.49"
"JIHD","2026-05-26","2026-05-26","560","FULL","448","-2.608695652173913","AVOID","-","passive","FALSE","","EARLY SWEEP","2026-03-17","","70d","70","DOWNTREND","BEARISH","BEARISH","BEARISH","STRUCTURE + DISCOUNT","NORMAL DOWNTREND","68.89","TRUE","FALSE","FALSE","LEADING","LEADING (Passive)","1.11","1.11","NORMAL","23.08","76.92","33.69","28.67","12.33","25.27","480.75","510.72","589.6","428700","385020","960","Supertrend bearish | RSI 33.7 lemah | Volume 1.11x | Lolos anti-crash ADX | RISEN NORMAL DOWNTREND","Full Grid (1-2-3-4)","100000000","675","570","540","505","0.1","0.2","0.3","0.4","148","350","555","792","1845","99906000","94000","541.5","541.52","452","1010","1345","1345","33.04","16.53","99.26","148.39","3","8.98"
"KKES","2026-05-26","2026-05-26","560","FULL","42","5","AVOID","-","passive","FALSE","","BETA BREAKOUT","2026-05-06","","20d","20","DOWNTREND","BULLISH","BULLISH","BULLISH","DOWNTREND PREMIUM","NORMAL UPTREND","25","TRUE","TRUE","FALSE","WEAKENING","WEAKENING (Passive)","0.47","0.47","DRY / QUIET","0","100","52.96","25.83","40.53","33.72","40.9","38.15","34.01","4346300","9174740","960","Supertrend bearish | RSI 53.0 > 50 | Volume 0.47x | Lolos anti-crash ADX | RISEN NORMAL UPTREND","Full Grid (1-2-3-4)","100000000","41","36","35","33","0.1","0.2","0.3","0.4","2439","5555","8571","12121","28686","99995700","4300","34.86","34.86","31","56","71","71","24.39","11.07","73.17","103.68","3","9.37"
"LFLO","2026-05-26","2026-05-26","560","FULL","496","-0.8","AVOID","-","passive","FALSE","","V-SHAPE","2026-05-06","","20d","20","DOWNTREND","BEARISH","BEARISH","BEARISH","DOWNTREND DISCOUNT","SIDEWAYS","27.01","TRUE","FALSE","FALSE","LAGGING","LAGGARD (Passive)","0.02","0.02","DRY / QUIET","100","0","40.64","25.97","14.27","28.23","539.93","556.13","498.13","2900","130865","960","Supertrend bearish | RSI 40.6 lemah | Volume 0.02x | Lolos anti-crash ADX | RISEN SIDEWAYS","Full Grid (1-2-3-4)","100000000","540","515","510","505","0.1","0.2","0.3","0.4","185","388","588","792","1953","99956000","44000","511.81","511.81","486","620","650","650","10","5.04","20.37","27","2.04","5.35"
"MLPT","2026-05-26","2026-05-26","560","FULL","18900","-4.785894206549118","AVOID","-","passive","FALSE","","V-SHAPE","2026-05-06","","20d","20","DOWNTREND","BEARISH","BEARISH","BEARISH","STRUCTURE + DISCOUNT","NORMAL DOWNTREND","56.81","TRUE","FALSE","FALSE","LAGGING","LAGGARD (Passive)","0.35","0.35","DRY / QUIET","0","100","41.92","17.77","25.3","20.48","20790.19","24341.51","44753.93","19500","55405","960","Supertrend bearish | RSI 41.9 lemah | Volume 0.35x | Lolos anti-crash ADX | RISEN NORMAL DOWNTREND","Full Grid (1-2-3-4)","100000000","24500","21750","21100","20175","0.1","0.2","0.3","0.4","4","9","14","19","46","97247500","2752500","21140.76","21132.02","18475","34975","37000","37000","24.59","12.61","51.02","75.02","2.07","5.95"
"NIKL","2026-05-26","2026-05-26","560","FULL","252","-5.970149253731343","AVOID","-","passive","FALSE","","SMART GAMMA","2026-05-06","","20d","20","DOWNTREND","BEARISH","BEARISH","BEARISH","STRUCTURE + DISCOUNT","NORMAL DOWNTREND","25","TRUE","FALSE","FALSE","LAGGING","LAGGARD (Passive)","0.11","0.11","DRY / QUIET","0","100","39.43","21.52","28.87","28.93","303.24","314.9","319.3","6451700","59674495","960","Supertrend bearish | RSI 39.4 lemah | Volume 0.11x | Lolos anti-crash ADX | RISEN NORMAL DOWNTREND","Full Grid (1-2-3-4)","100000000","448","362","340","312","0.1","0.2","0.3","0.4","223","552","882","1282","2939","99959200","40800","340.11","340.12","268","720","990","990","40.18","21.2","120.98","191.08","3.01","9.01"
"OMRE","2026-05-26","2026-05-26","560","FULL","835","9.868421052631579","HOLD","-","passive","FALSE","","SMART GAMMA","2026-05-06","","20d","20","UPTREND","BEARISH","BULLISH","BULLISH","UPTREND PREMIUM","NORMAL DOWNTREND","57.84","TRUE","FALSE","FALSE","LAGGING","LAGGARD (Passive)","0.3","0.3","DRY / QUIET","100","0","48.61","11.6","34.48","36.94","849.77","818.61","642.61","2900","9740","960","Supertrend bullish | RSI 48.6 lemah | Volume 0.3x | Lolos anti-crash ADX | RISEN NORMAL DOWNTREND","Full Grid (1-2-3-4)","100000000","940","710","655","580","0.1","0.2","0.3","0.4","106","281","458","689","1534","99876000","124000","651.08","651.15","466","1650","2360","2360","50.43","28.43","151.06","262.47","3","9.23"
"PGEO","2026-05-26","2026-05-26","560","FULL","900","-2.7027027027027026","AVOID","-","passive","FALSE","","V-SHAPE","2026-05-06","","20d","20","DOWNTREND","BEARISH","BEARISH","BEARISH","STRUCTURE + DISCOUNT","NORMAL DOWNTREND","25","TRUE","FALSE","FALSE","LAGGING","LAGGARD (Passive)","0.9","0.9","NORMAL","22.22","77.78","31.48","20.11","12.59","31.26","983.74","1021.99","1137.84","23241000","25735425","960","Supertrend bearish | RSI 31.5 lemah | Volume 0.9x | Lolos anti-crash ADX | RISEN NORMAL DOWNTREND","Full Grid (1-2-3-4)","100000000","1055","1020","1010","1000","0.1","0.2","0.3","0.4","94","196","297","400","987","99906000","94000","1012.22","1012.25","980","1170","1285","1285","7.11","3.18","21.8","26.95","3.07","8.47"
"PYFA","2026-05-26","2026-05-26","560","FULL","234","-2.5","AVOID","-","passive","FALSE","","SMART SNIPER","2026-05-06","Structure + Discount","20d","20","DOWNTREND","BEARISH","BEARISH","BEARISH","STRUCTURE + DISCOUNT","NORMAL DOWNTREND","25","TRUE","FALSE","FALSE","LAGGING","LAGGARD (Passive)","0.19","0.19","DRY / QUIET","42.86","57.14","32.88","20.79","16.8","32.89","300.58","332.24","392.8","13081800","70154585","960","Supertrend bearish | RSI 32.9 lemah | Volume 0.19x | Lolos anti-crash ADX | RISEN NORMAL DOWNTREND","Full Grid (1-2-3-4)","100000000","380","336","326","310","0.1","0.2","0.3","0.4","263","595","920","1290","3068","99968000","32000","325.84","325.84","286","520","660","660","24.74","12.23","73.68","102.55","2.98","8.39"
"RCCC","2026-05-26","2026-05-26","560","FULL","102","0.9900990099009901","AVOID","-","passive","FALSE","","V-SHAPE","2026-05-06","","20d","20","DOWNTREND","BEARISH","BEARISH","BEARISH","STRUCTURE + DISCOUNT","SIDEWAYS","92.35","TRUE","FALSE","FALSE","WEAKENING","WEAKENING (Passive)","0.9","0.9","NORMAL","18.18","81.82","40.07","14.18","15.38","15.84","107.86","115.02","151.5","14752400","16407975","960","Supertrend bearish | RSI 40.1 lemah | Volume 0.9x | Lolos anti-crash ADX | RISEN SIDEWAYS","Full Grid (1-2-3-4)","100000000","112","104","102","99","0.1","0.2","0.3","0.4","892","1923","2941","4040","9796","99983800","16200","102.07","102.07","94","139","166","166","16.07","7.9","48.21","62.64","3","7.93"
"RICY","2026-05-26","2026-05-26","560","FULL","77","-1.282051282051282","AVOID","-","passive","FALSE","","BETA BREAKOUT","2026-05-06","","20d","20","DOWNTREND","BEARISH","BEARISH","BEARISH","STRUCTURE + DISCOUNT","NORMAL DOWNTREND","25","TRUE","FALSE","FALSE","LAGGING","LAGGARD (Passive)","0.71","0.71","DRY / QUIET","0","100","36.89","38.74","37.99","13.14","92.16","92.83","81.48","8914900","12484720","960","Supertrend bearish | RSI 36.9 lemah | Volume 0.71x | Lolos anti-crash ADX | RISEN NORMAL DOWNTREND","Full Grid (1-2-3-4)","100000000","126","100","94","85","0.1","0.2","0.3","0.4","793","2000","3191","4705","10689","99979700","20300","93.54","93.54","72","208","288","288","42.86","23.02","128.57","207.91","3","9.03"
"ABDA","2026-05-26","2026-05-26","560","FULL","3500","8.695652173913043","AVOID","-","passive","FALSE","","SMART GAMMA","2026-05-05","","21d","21","DOWNTREND","BULLISH","BULLISH","BULLISH","DOWNTREND PREMIUM","NORMAL UPTREND","25","TRUE","TRUE","FALSE","WEAKENING","WEAKENING (Passive)","0.44","0.44","DRY / QUIET","50","50","55.21","21.54","29.09","25.59","3307.68","3070.98","3066.67","10200","23190","958","Supertrend bearish | RSI 55.2 > 50 | Volume 0.44x | Lolos anti-crash ADX | RISEN NORMAL UPTREND","Full Grid (1-2-3-4)","100000000","3810","3080","2900","2650","0.1","0.2","0.3","0.4","26","64","103","150","343","99238000","762000","2893.24","2893.74","2310","6050","8300","8300","39.37","20.16","117.85","186.88","2.99","9.27"
"AGII","2026-05-26","2026-05-26","560","FULL","2700","-5.594405594405594","AVOID","-","passive","FALSE","","V-SHAPE","2026-05-05","","21d","21","DOWNTREND","BEARISH","BEARISH","BULLISH","DEMAND STRUCTURE","NORMAL UPTREND","73.43","TRUE","TRUE","FALSE","LAGGING","LAGGARD (Passive)","0.14","0.14","DRY / QUIET","8","92","39.17","30.14","13","21.27","2941.65","2943.19","2208.03","110000","797460","958","Supertrend bearish | RSI 39.2 lemah | Volume 0.14x | Crash filter aktif | RISEN NORMAL UPTREND","Full Grid (1-2-3-4)","100000000","3180","2970","2910","2840","0.1","0.2","0.3","0.4","31","67","103","140","341","99490000","510000","2917.6","2917.8","2710","3890","4590","4590","14.78","7.12","44.34","57.32","3","8.06"
"CDIA","2026-05-26","2026-05-26","212","IPO / SHORT","755","2.7210884353741496","AVOID","-","passive","FALSE","","SMART SNIPER","2026-05-05","Structure + Discount","21d","21","DOWNTREND","BEARISH","BEARISH","BEARISH","STRUCTURE + DISCOUNT","SIDEWAYS","22.47","TRUE","FALSE","FALSE","LAGGING","LAGGARD (Passive)","1.21","1.21","EXPANSION","20","80","35.97","22.05","18.34","30.26","921.94","1005.86","1153.63","144363100","119657935","958","Supertrend bearish | RSI 36.0 lemah | Volume valid 1.21x | Lolos anti-crash ADX | RISEN SIDEWAYS","Full Grid (1-2-3-4)","100000000","1190","1075","1050","1010","0.1","0.2","0.3","0.4","84","186","285","396","951","99912000","88000","1050.6","1050.6","940","1565","1595","1595","21.01","10.53","34.03","51.82","1.62","4.92"
"COIN","2026-05-26","2026-05-26","212","IPO / SHORT","825","-1.1976047904191618","AVOID","-","passive","FALSE","","EARLY SWEEP","2026-05-05","","21d","21","DOWNTREND","BEARISH","BEARISH","BEARISH","STRUCTURE + DISCOUNT","NORMAL DOWNTREND","54.82","TRUE","FALSE","FALSE","LAGGING","LAGGARD (Passive)","0.49","0.49","DRY / QUIET","20","80","28.26","31.48","15.13","32.55","1025.52","1277.92","1766.33","3431400","7005550","958","Supertrend bearish | RSI 28.3 lemah | Volume 0.49x | Crash filter aktif | RISEN NORMAL DOWNTREND","Full Grid (1-2-3-4)","100000000","3130","2620","2490","2320","0.1","0.2","0.3","0.4","31","76","120","172","399","99399000","601000","2491.2","2492.64","2040","4770","6400","6400","34.82","18.11","104.47","156.9","3","8.66"
"ENZO","2026-05-26","2026-05-26","560","FULL","70","-5.405405405405405","AVOID","-","passive","FALSE","","BETA BREAKOUT","2026-05-05","","21d","21","DOWNTREND","BEARISH","BEARISH","BULLISH","DEMAND STRUCTURE","NORMAL UPTREND","25","TRUE","TRUE","FALSE","LAGGING","LAGGARD (Passive)","0.13","0.13","DRY / QUIET","0","100","41.78","24.92","20.67","21.84","80.43","77.85","63.2","18154600","136485825","958","Supertrend bearish | RSI 41.8 lemah | Volume 0.13x | Lolos anti-crash ADX | RISEN NORMAL UPTREND","Full Grid (1-2-3-4)","100000000","97","76","70","63","0.1","0.2","0.3","0.4","1030","2631","4285","6349","14295","99980300","19700","69.94","69.94","52","165","232","232","46.39","25.65","139.18","231.71","3","9.03"
"GTSI","2026-05-26","2026-05-26","560","FULL","158","-5.389221556886228","AVOID","-","passive","FALSE","","EARLY SWEEP","2026-05-05","","21d","21","DOWNTREND","BEARISH","BEARISH","BEARISH","STRUCTURE + DISCOUNT","NORMAL DOWNTREND","68.7","TRUE","FALSE","FALSE","LAGGING","LAGGARD (Passive)","0.69","0.69","DRY / QUIET","0","100","29.14","29.6","11.77","28.31","200.07","225.28","200","21200300","30626535","958","Supertrend bearish | RSI 29.1 lemah | Volume 0.69x | Lolos anti-crash ADX | RISEN NORMAL DOWNTREND","Full Grid (1-2-3-4)","100000000","218","198","193","186","0.1","0.2","0.3","0.4","458","1010","1554","2150","5172","99964600","35400","193.28","193.28","171","288","294","294","21.56","11.53","34.86","52.11","1.62","4.52"
"JARR","2026-05-26","2026-05-26","560","FULL","1600","-3.3232628398791544","AVOID","-","passive","FALSE","","EARLY SWEEP","2026-05-05","","21d","21","DOWNTREND","BEARISH","BEARISH","BEARISH","STRUCTURE + DISCOUNT","NORMAL DOWNTREND","28.45","TRUE","FALSE","FALSE","LAGGING","LAGGARD (Passive)","0.6","0.6","DRY / QUIET","20","80","32.22","24.5","17.99","33.83","1932.46","2132.78","2270.71","950600","1573390","958","Supertrend bearish | RSI 32.2 lemah | Volume 0.6x | Lolos anti-crash ADX | RISEN NORMAL DOWNTREND","Full Grid (1-2-3-4)","100000000","3670","3270","3170","3030","0.1","0.2","0.3","0.4","27","61","94","132","314","99650000","350000","3173.57","3173.99","2800","9600","10550","10550","23.71","11.77","187.47","232.43","7.91","19.75"
"KONI","2026-05-26","2026-05-26","560","FULL","2550","-2.2988505747126435","HOLD","-","passive","FALSE","","SMART GAMMA","2026-05-05","","21d","21","UPTREND","BEARISH","BULLISH","BULLISH","DEMAND STRUCTURE","NORMAL UPTREND","56.67","TRUE","TRUE","FALSE","WEAKENING","WEAKENING (Passive)","0.12","0.12","DRY / QUIET","0","100","50.08","25.93","21.23","17.65","2613.24","2359","2076.79","20900","172410","958","Supertrend bullish | RSI 50.1 > 50 | Volume 0.12x | Lolos anti-crash ADX | RISEN NORMAL UPTREND","Full Grid (1-2-3-4)","100000000","2980","2430","2300","2120","0.1","0.2","0.3","0.4","33","82","130","188","433","99516000","484000","2298.29","2298.98","1820","4720","6450","6450","38.93","20.81","116.44","180.64","2.99","8.68"
"MYOH","2026-05-26","2026-05-26","560","FULL","1195","3.463203463203463","AVOID","-","passive","FALSE","","SMART SNIPER","2026-03-16","Structure + Discount","71d","71","DOWNTREND","BEARISH","BEARISH","BEARISH","STRUCTURE + DISCOUNT","NORMAL DOWNTREND","25","TRUE","FALSE","FALSE","LEADING","LEADING (Passive)","0.38","0.38","DRY / QUIET","41.18","58.82","39.51","19.33","28.46","24.4","1226.07","1277.45","1447.54","10300","26855","958","Supertrend bearish | RSI 39.5 lemah | Volume 0.38x | Lolos anti-crash ADX | RISEN NORMAL DOWNTREND","Full Grid (1-2-3-4)","100000000","1425","1370","1355","1335","0.1","0.2","0.3","0.4","70","145","221","299","735","99702000","298000","1356.49","1356.51","1300","1615","1800","1800","8.77","4.16","26.32","32.7","3","7.85"
"PIPA","2026-05-26","2026-05-26","560","FULL","121","-3.2","AVOID","-","passive","FALSE","","V-SHAPE","2026-05-05","","21d","21","DOWNTREND","BEARISH","BEARISH","BEARISH","STRUCTURE + DISCOUNT","SIDEWAYS","35.5","TRUE","FALSE","FALSE","LAGGING","LAGGARD (Passive)","0.2","0.2","DRY / QUIET","0","100","42.93","35.85","22.62","15.65","132.75","143.39","172.17","19645300","99863585","958","Supertrend bearish | RSI 42.9 lemah | Volume 0.2x | Lolos anti-crash ADX | RISEN SIDEWAYS","Full Grid (1-2-3-4)","100000000","161","147","143","138","0.1","0.2","0.3","0.4","621","1360","2097","2898","6976","99969600","30400","143.31","143.31","129","210","258","258","19.88","9.98","60.25","80.04","3.03","8.02"
"PTRO","2026-05-26","2026-05-26","560","FULL","3740","4.4692737430167595","AVOID","-","passive","FALSE","","V-SHAPE","2026-05-05","","21d","21","DOWNTREND","BEARISH","BEARISH","BEARISH","STRUCTURE + DISCOUNT","NORMAL DOWNTREND","22.65","TRUE","FALSE","FALSE","LAGGING","LAGGARD (Passive)","1.17","1.17","NORMAL","25.4","74.6","35.48","25.68","16.76","31.4","4676.58","5356.46","6546.51","121014000","103523850","958","Supertrend bearish | RSI 35.5 lemah | Volume 1.17x | Lolos anti-crash ADX | RISEN NORMAL DOWNTREND","Full Grid (1-2-3-4)","100000000","5900","5350","5225","5050","0.1","0.2","0.3","0.4","16","37","57","79","189","98912500","1087500","5233.47","5236.79","4700","7700","9500","9500","20.34","10.19","61.02","81.52","3","8"
"RATU","2026-05-26","2026-05-26","323","FULL","4240","-0.4694835680751174","AVOID","-","passive","FALSE","","EARLY SWEEP","2026-05-05","","21d","21","DOWNTREND","BEARISH","BEARISH","BEARISH","STRUCTURE + DISCOUNT","NORMAL DOWNTREND","25.21","TRUE","FALSE","FALSE","LAGGING","LAGGARD (Passive)","0.55","0.55","DRY / QUIET","8.16","91.84","33.17","28.17","12.82","30.67","5262.21","5805.94","6667.92","6143200","11116225","958","Supertrend bearish | RSI 33.2 lemah | Volume 0.55x | Lolos anti-crash ADX | RISEN NORMAL DOWNTREND","Full Grid (1-2-3-4)","100000000","7075","5700","5350","4890","0.1","0.2","0.3","0.4","14","35","56","81","186","99424000","576000","5345.38","5344.84","4190","11400","15725","15725","40.78","21.61","122.26","194.18","3","8.98"
"RBMS","2026-05-26","2026-05-26","560","FULL","70","-6.666666666666667","HOLD","-","passive","FALSE","","SMART GAMMA","2026-05-05","","21d","21","UPTREND","BULLISH","BULLISH","BULLISH","DEMAND STRUCTURE","NORMAL UPTREND","7.2","TRUE","TRUE","FALSE","WEAKENING","WEAKENING (Passive)","1.89","1.89","EXPANSION","0","100","53.34","28.31","30.49","31.26","68.59","61.89","47.66","21398200","11302210","958","Supertrend bullish | RSI 53.3 > 50 | Volume valid 1.89x | Lolos anti-crash ADX | RISEN NORMAL UPTREND","Full Grid (1-2-3-4)","100000000","77","59","55","49","0.1","0.2","0.3","0.4","1298","3389","5454","8163","18304","99985400","14600","54.62","54.63","40","133","188","188","48.05","26.77","144.16","244.17","3","9.12"
"BCIP","2026-05-26","2026-05-26","560","FULL","62","-1.5873015873015872","AVOID","-","passive","FALSE","","V-SHAPE","2026-05-04","","22d","22","DOWNTREND","BEARISH","BEARISH","BEARISH","STRUCTURE + DISCOUNT","NORMAL DOWNTREND","25","TRUE","FALSE","FALSE","LAGGING","LAGGARD (Passive)","0.06","0.06","DRY / QUIET","33.33","66.67","36.39","22.49","23.12","22.7","70.07","72.46","80.24","7366400","125312505","956","Supertrend bearish | RSI 36.4 lemah | Volume 0.06x | Lolos anti-crash ADX | RISEN NORMAL DOWNTREND","Full Grid (1-2-3-4)","100000000","89","78","75","71","0.1","0.2","0.3","0.4","1123","2564","4000","5633","13320","99988200","11800","75.07","75.07","65","125","161","161","26.97","13.41","80.9","114.48","3","8.54"
"BINO","2026-05-26","2026-05-26","560","FULL","103","0","AVOID","-","passive","FALSE","","V-SHAPE","2026-05-04","","22d","22","DOWNTREND","BEARISH","BEARISH","BEARISH","STRUCTURE + DISCOUNT","NORMAL DOWNTREND","27.13","TRUE","FALSE","FALSE","LAGGING","LAGGARD (Passive)","0.04","0.04","DRY / QUIET","0","100","19.9","37.04","7.85","25.66","113.98","119.6","127.2","51200","1245945","956","Supertrend bearish | RSI 19.9 lemah | Volume 0.04x | Crash filter aktif | RISEN NORMAL DOWNTREND","Full Grid (1-2-3-4)","100000000","126","122","121","120","0.1","0.2","0.3","0.4","793","1639","2479","3333","8244","99979500","20500","121.28","121.28","117","140","154","154","7.14","3.53","22.22","26.98","3.11","7.65"
"CRSN","2026-05-26","2026-05-26","560","FULL","106","0","AVOID","-","passive","FALSE","","SMART SNIPER","2026-05-04","Structure + Discount","22d","22","DOWNTREND","BEARISH","BEARISH","BEARISH","STRUCTURE + DISCOUNT","SIDEWAYS","47.18","TRUE","FALSE","FALSE","LAGGING","LAGGARD (Passive)","0.13","0.13","DRY / QUIET","25","75","41.62","16.44","15.2","18.31","110.23","112.68","117.2","142900","1076040","956","Supertrend bearish | RSI 41.6 lemah | Volume 0.13x | Lolos anti-crash ADX | RISEN SIDEWAYS","Full Grid (1-2-3-4)","100000000","121","110","107","103","0.1","0.2","0.3","0.4","826","1818","2803","3883","9330","99979600","20400","107.16","107.16","97","157","193","193","19.83","9.48","59.5","80.11","3","8.45"
"FWCT","2026-05-26","2026-05-26","560","FULL","82","-1.2048192771084338","AVOID","-","passive","FALSE","","V-SHAPE","2026-05-04","","22d","22","DOWNTREND","BEARISH","BEARISH","BEARISH","STRUCTURE + DISCOUNT","NORMAL DOWNTREND","25","TRUE","FALSE","FALSE","LAGGING","LAGGARD (Passive)","0.03","0.03","DRY / QUIET","25","75","37.41","17.45","22.86","20.15","91.76","102.35","127.73","938500","28586730","956","Supertrend bearish | RSI 37.4 lemah | Volume 0.03x | Lolos anti-crash ADX | RISEN NORMAL DOWNTREND","Full Grid (1-2-3-4)","100000000","120","105","101","96","0.1","0.2","0.3","0.4","833","1904","2970","4166","9873","99978600","21400","101.26","101.27","87","170","220","220","27.5","14.09","83.33","117.25","3.03","8.32"
"GRPH","2026-05-26","2026-05-26","548","FULL","61","1.6666666666666667","HOLD","-","passive","FALSE","","SMART GAMMA","2026-05-04","","22d","22","UPTREND","BEARISH","BEARISH","BULLISH","DEMAND STRUCTURE","SIDEWAYS","46.81","TRUE","FALSE","FALSE","WEAKENING","WEAKENING (Passive)","0.12","0.12","DRY / QUIET","0","100","46.78","40.68","25.25","19.24","62.81","61.25","60.48","3767500","30346100","956","Supertrend bullish | RSI 46.8 lemah | Volume 0.12x | Lolos anti-crash ADX | RISEN SIDEWAYS","Full Grid (1-2-3-4)","100000000","72","61","58","55","0.1","0.2","0.3","0.4","1388","3278","5172","7272","17110","99983000","17000","58.44","58.44","49","107","141","141","31.94","16.15","95.83","141.29","3","8.75"
"HAJJ","2026-05-26","2026-05-26","560","FULL","116","-3.3333333333333335","AVOID","-","passive","FALSE","","V-SHAPE","2026-05-04","","22d","22","DOWNTREND","BEARISH","BEARISH","BEARISH","DOWNTREND DISCOUNT","SIDEWAYS","45.55","TRUE","FALSE","FALSE","LAGGING","LAGGARD (Passive)","0.9","0.9","NORMAL","12.5","87.5","27.57","25.36","9.76","22.95","129.14","131.95","133.71","7499800","8331000","956","Supertrend bearish | RSI 27.6 lemah | Volume 0.9x | Lolos anti-crash ADX | RISEN SIDEWAYS","Full Grid (1-2-3-4)","100000000","140","133","131","129","0.1","0.2","0.3","0.4","714","1503","2290","3100","7607","99974900","25100","131.42","131.43","125","163","185","185","10.71","4.89","32.14","40.76","3","8.34"
"HERO","2026-05-26","2026-05-26","560","FULL","392","-2","AVOID","-","passive","FALSE","","SMART GAMMA","2026-05-04","","22d","22","DOWNTREND","BEARISH","BEARISH","BEARISH","STRUCTURE + DISCOUNT","SIDEWAYS","25","TRUE","FALSE","FALSE","LAGGING","LAGGARD (Passive)","0.35","0.35","DRY / QUIET","2.86","97.14","40.96","30.83","32.48","16.32","430.32","429.98","455.45","792400","2256800","956","Supertrend bearish | RSI 41.0 lemah | Volume 0.35x | Lolos anti-crash ADX | RISEN SIDEWAYS","Full Grid (1-2-3-4)","100000000","590","484","458","424","0.1","0.2","0.3","0.4","169","413","655","943","2180","99942400","57600","458.45","458.48","372","915","1245","1245","36.95","18.86","111.02","171.57","3","9.1"
"IBOS","2026-05-26","2026-05-26","560","FULL","85","-1.1627906976744187","AVOID","-","passive","FALSE","","V-SHAPE","2026-05-04","","22d","22","DOWNTREND","BEARISH","BEARISH","BEARISH","STRUCTURE + DISCOUNT","NORMAL DOWNTREND","35.22","TRUE","FALSE","FALSE","LAGGING","LAGGARD (Passive)","0.25","0.25","DRY / QUIET","16.67","83.33","33.91","20.62","15.64","30.21","100.16","109.73","97.57","3169900","12491715","956","Supertrend bearish | RSI 33.9 lemah | Volume 0.25x | Lolos anti-crash ADX | RISEN NORMAL DOWNTREND","Full Grid (1-2-3-4)","100000000","111","103","100","98","0.1","0.2","0.3","0.4","900","1941","3000","4081","9922","99976100","23900","100.76","100.76","92","140","168","168","17.12","8.7","51.35","66.73","3","7.67"
"INDS","2026-05-26","2026-05-26","560","FULL","290","-3.3333333333333335","AVOID","-","passive","FALSE","","SMART SNIPER","2026-05-04","Discount Only","22d","22","DOWNTREND","BEARISH","BEARISH","BEARISH","STRUCTURE + DISCOUNT","NORMAL DOWNTREND","65","TRUE","FALSE","FALSE","LAGGING","LAGGARD (Passive)","0.07","0.07","DRY / QUIET","0","100","32.92","11.05","24.03","30.57","370.08","483.48","507","2176600","30800865","956","Supertrend bearish | RSI 32.9 lemah | Volume 0.07x | Lolos anti-crash ADX | RISEN NORMAL DOWNTREND","Full Grid (1-2-3-4)","100000000","525","434","414","382","0.1","0.2","0.3","0.4","190","460","724","1047","2421","99908000","92000","412.67","412.7","330","2410","2430","2430","37.14","20.03","362.86","488.84","9.77","24.4"
"ISEA","2026-05-26","2026-05-26","449","FULL","71","-1.3888888888888888","AVOID","-","passive","FALSE","","V-SHAPE","2026-05-04","","22d","22","DOWNTREND","BEARISH","BEARISH","BEARISH","STRUCTURE + DISCOUNT","NORMAL DOWNTREND","16.92","TRUE","FALSE","FALSE","LAGGING","LAGGARD (Passive)","1.4","1.4","EXPANSION","10","90","31.12","16.35","26.49","22.22","81.13","85.5","90.71","9148500","6517690","956","Supertrend bearish | RSI 31.1 lemah | Volume valid 1.4x | Lolos anti-crash ADX | RISEN NORMAL DOWNTREND","Full Grid (1-2-3-4)","100000000","90","83","81","78","0.1","0.2","0.3","0.4","1111","2409","3703","5128","12351","99986400","13600","80.95","80.95","74","114","138","138","17.78","8.59","53.33","70.47","3","8.2"
"MINA","2026-05-26","2026-05-26","560","FULL","290","-2.684563758389262","AVOID","-","passive","FALSE","","SMART GAMMA","2026-05-04","","22d","22","DOWNTREND","BEARISH","BEARISH","BULLISH","STRUCTURE + DISCOUNT","NORMAL DOWNTREND","32.6","TRUE","FALSE","FALSE","LAGGING","LAGGARD (Passive)","0.34","0.34","DRY / QUIET","13.33","86.67","43.1","22.66","13.12","22.18","322.42","326.35","287.47","143190500","419915200","956","Supertrend bearish | RSI 43.1 lemah | Volume 0.34x | Lolos anti-crash ADX | RISEN NORMAL DOWNTREND","Full Grid (1-2-3-4)","100000000","382","302","284","256","0.1","0.2","0.3","0.4","261","662","1056","1562","3541","99940200","59800","282.24","282.26","216","630","880","880","43.46","23.47","130.37","211.79","3","9.02"
"NAIK","2026-05-26","2026-05-26","358","FULL","93","2.197802197802198","AVOID","-","passive","FALSE","","V-SHAPE","2026-05-04","","22d","22","DOWNTREND","BEARISH","BEARISH","BEARISH","STRUCTURE + DISCOUNT","NORMAL DOWNTREND","42.71","TRUE","FALSE","FALSE","LAGGING","LAGGARD (Passive)","0.1","0.1","DRY / QUIET","66.67","33.33","40.98","27.43","19.48","14.3","97.54","100.77","131.12","4212200","43264670","956","Supertrend bearish | RSI 41.0 lemah | Volume 0.1x | Lolos anti-crash ADX | RISEN NORMAL DOWNTREND","Full Grid (1-2-3-4)","100000000","105","97","94","92","0.1","0.2","0.3","0.4","952","2061","3191","4347","10551","99975500","24500","94.75","94.75","87","132","159","159","17.14","8.18","51.43","67.8","3","8.28"
"NETV","2026-05-26","2026-05-26","560","FULL","67","-6.944444444444445","AVOID","-","passive","FALSE","","SMART SNIPER","2026-05-04","Structure + Discount","22d","22","DOWNTREND","BEARISH","BEARISH","BEARISH","STRUCTURE + DISCOUNT","NORMAL DOWNTREND","60.68","TRUE","FALSE","FALSE","LAGGING","LAGGARD (Passive)","0.53","0.53","DRY / QUIET","0","100","35.58","17.32","19.36","22.78","80.18","90","113.71","46041500","87493720","956","Supertrend bearish | RSI 35.6 lemah | Volume 0.53x | Lolos anti-crash ADX | RISEN NORMAL DOWNTREND","Full Grid (1-2-3-4)","100000000","106","97","95","92","0.1","0.2","0.3","0.4","943","2061","3157","4347","10508","99971400","28600","95.14","95.14","86","136","166","166","18.87","9.61","56.6","74.48","3","7.75"
"PADI","2026-05-26","2026-05-26","560","FULL","85","-1.1627906976744187","AVOID","-","passive","FALSE","","V-SHAPE","2026-05-04","","22d","22","DOWNTREND","BEARISH","BEARISH","BEARISH","STRUCTURE + DISCOUNT","SIDEWAYS","42.92","TRUE","FALSE","FALSE","LAGGING","LAGGARD (Passive)","0.25","0.25","DRY / QUIET","0","100","36.42","17.77","15.27","24.92","104","111.13","101.49","179761400","711354110","956","Supertrend bearish | RSI 36.4 lemah | Volume 0.25x | Lolos anti-crash ADX | RISEN SIDEWAYS","Full Grid (1-2-3-4)","100000000","123","113","111","107","0.1","0.2","0.3","0.4","813","1769","2702","3738","9022","99978400","21600","110.82","110.82","101","156","189","189","17.89","8.86","53.66","70.55","3","7.96"
"PRDA","2026-05-26","2026-05-26","560","FULL","2530","-0.7843137254901961","AVOID","-","passive","FALSE","","SMART GAMMA","2026-05-04","","22d","22","DOWNTREND","BEARISH","BULLISH","BEARISH","DEMAND STRUCTURE","NORMAL UPTREND","26.58","TRUE","TRUE","FALSE","LAGGING","LAGGARD (Passive)","0.21","0.21","DRY / QUIET","40","60","49.26","34.55","35.62","19.05","2545.2","2516.08","2548.88","184200","892815","956","Supertrend bearish | RSI 49.3 lemah | Volume 0.21x | Lolos anti-crash ADX | RISEN NORMAL UPTREND","Full Grid (1-2-3-4)","100000000","2600","2490","2460","2420","0.1","0.2","0.3","0.4","38","80","121","165","404","99496000","504000","2462.77","2462.91","2360","2960","3320","3320","9.23","4.17","27.69","34.81","3","8.34"
"SHIP","2026-05-26","2026-05-26","560","FULL","1830","0.5494505494505495","AVOID","-","passive","FALSE","","SMART SNIPER","2026-05-04","Structure + Discount","22d","22","DOWNTREND","BEARISH","BEARISH","BEARISH","STRUCTURE + DISCOUNT","NORMAL DOWNTREND","25","TRUE","FALSE","FALSE","LAGGING","LAGGARD (Passive)","0.39","0.39","DRY / QUIET","57.78","42.22","25.3","26.8","15.58","27.22","2757.14","3336.69","3812.47","101700","258015","956","Supertrend bearish | RSI 25.3 lemah | Volume 0.39x | Lolos anti-crash ADX | RISEN NORMAL DOWNTREND","Full Grid (1-2-3-4)","100000000","4300","3870","3760","3620","0.1","0.2","0.3","0.4","23","51","79","110","263","99151000","849000","3770","3770.46","3370","5700","7100","7100","21.63","10.61","65.12","88.33","3.01","8.33"
"SMDM","2026-05-26","2026-05-26","560","FULL","510","-3.7735849056603774","AVOID","-","passive","FALSE","","V-SHAPE","2026-05-04","","22d","22","DOWNTREND","BEARISH","BEARISH","BEARISH","STRUCTURE + DISCOUNT","SIDEWAYS","25","TRUE","FALSE","FALSE","LAGGING","LAGGARD (Passive)","0.14","0.14","DRY / QUIET","0","100","34.72","24.49","23.55","20.32","577.61","616.72","744.95","30300","213225","956","Supertrend bearish | RSI 34.7 lemah | Volume 0.14x | Lolos anti-crash ADX | RISEN SIDEWAYS","Full Grid (1-2-3-4)","100000000","630","570","555","530","0.1","0.2","0.3","0.4","158","350","540","754","1802","99836000","164000","554.03","554.06","492","835","1045","1045","21.9","11.2","65.87","88.62","3.01","7.92"
"TMPO","2026-05-26","2026-05-26","560","FULL","106","-1.8518518518518516","AVOID","-","passive","FALSE","","V-SHAPE","2026-05-04","","22d","22","DOWNTREND","BEARISH","BEARISH","BEARISH","STRUCTURE + DISCOUNT","NORMAL DOWNTREND","17.5","TRUE","FALSE","FALSE","LAGGING","LAGGARD (Passive)","0.55","0.55","DRY / QUIET","16.67","83.33","27.86","22.81","22.76","19.43","119.88","127.52","144.09","3359900","6137315","956","Supertrend bearish | RSI 27.9 lemah | Volume 0.55x | Lolos anti-crash ADX | RISEN NORMAL DOWNTREND","Full Grid (1-2-3-4)","100000000","132","122","119","115","0.1","0.2","0.3","0.4","757","1639","2521","3478","8395","99985100","14900","119.1","119.1","109","167","202","202","17.42","8.48","53.03","69.6","3.04","8.21"
"URBN","2026-05-26","2026-05-26","560","FULL","204","6.25","AVOID","-","passive","FALSE","","G ACC","2026-05-04","","22d","22","DOWNTREND","BULLISH","BULLISH","BULLISH","DOWNTREND","NORMAL UPTREND","43.83","TRUE","TRUE","FALSE","WEAKENING","WEAKENING (Passive)","0.04","0.04","DRY / QUIET","75","25","51.12","26.65","34.42","25.15","203.35","195.48","174.77","51500","1183265","956","Supertrend bearish | RSI 51.1 > 50 | Volume 0.04x | Lolos anti-crash ADX | RISEN NORMAL UPTREND","Full Grid (1-2-3-4)","100000000","252","195","181","162","0.1","0.2","0.3","0.4","396","1025","1657","2469","5547","99956200","43800","180.2","180.21","134","430","605","605","46.83","25.64","140.08","235.74","2.99","9.2"
"UVCR","2026-05-26","2026-05-26","560","FULL","220","-5.982905982905983","HOLD","-","passive","FALSE","","G ACC","2026-05-04","","22d","22","UPTREND","BULLISH","BULLISH","BULLISH","UPTREND PREMIUM","NORMAL UPTREND","59.1","TRUE","TRUE","FALSE","WEAKENING","WEAKENING (Passive)","0.77","0.77","DRY / QUIET","0","100","59.23","43.45","24.07","13.34","212.6","188.22","140.42","42728500","55725430","956","Supertrend bullish | RSI 59.2 > 50 | Volume 0.77x | Lolos anti-crash ADX | RISEN NORMAL UPTREND","Full Grid (1-2-3-4)","100000000","226","162","146","125","0.1","0.2","0.3","0.4","442","1234","2054","3200","6930","99968400","31600","144.25","144.26","94","424","620","620","58.41","34.84","174.34","329.8","2.98","9.47"
"ROTI","2026-05-26","2026-05-26","560","FULL","540","3.8461538461538463","AVOID","-","passive","FALSE","","BETA BREAKOUT","2026-04-08","","48d","48","DOWNTREND","BEARISH","BEARISH","BEARISH","STRUCTURE + DISCOUNT","NORMAL DOWNTREND","25","TRUE","FALSE","FALSE","IMPROVING","IMPROVING (Passive)","1.01","1.01","NORMAL","75","25","27.67","56.18","15.52","42.52","599.6","662.71","761.07","2364000","2336985","954","Supertrend bearish | RSI 27.7 lemah | Volume 1.01x | Crash filter aktif | RISEN NORMAL DOWNTREND","Full Grid (1-2-3-4)","100000000","805","770","760","745","0.1","0.2","0.3","0.4","124","259","394","536","1313","99801000","199000","760.1","760.1","725","925","1045","1045","9.94","4.62","29.81","37.48","3","8.12"
"WGSH","2026-05-26","2026-05-26","560","FULL","115","9.523809523809524","HOLD","-","passive","FALSE","","EARLY SWEEP","2026-03-04","","83d","83","UPTREND","BULLISH","BEARISH","BEARISH","UPTREND DISCOUNT","SIDEWAYS","75","TRUE","FALSE","TRUE","LEADING","LEADING (Passive)","2.54","2.54","VOLUME SURGE","100","0","49.49","32.68","24.91","27.28","108.74","144.73","195.56","4985200","1966535","954","Supertrend bullish | RSI 49.5 lemah | Volume valid 2.54x | Crash filter aktif | RISEN SIDEWAYS","Full Grid (1-2-3-4)","100000000","312","260","246","228","0.1","0.2","0.3","0.4","320","769","1219","1754","4062","99956600","43400","246.08","246.08","202","478","640","640","35.26","17.91","105.13","160.08","2.98","8.94"
"MEGA","2026-05-26","2026-05-26","560","FULL","1815","-2.680965147453083","AVOID","-","passive","FALSE","","SMART GAMMA","2026-04-07","","49d","49","DOWNTREND","BEARISH","BEARISH","BEARISH","STRUCTURE + DISCOUNT","SIDEWAYS","73.53","TRUE","FALSE","FALSE","IMPROVING","IMPROVING (Passive)","0.16","0.16","DRY / QUIET","0","100","23.51","40.18","14.41","44.62","2191.33","2763.55","3323.6","31800","201225","952","Supertrend bearish | RSI 23.5 lemah | Volume 0.16x | Crash filter aktif | RISEN SIDEWAYS","Full Grid (1-2-3-4)","100000000","5600","4380","4090","3670","0.1","0.2","0.3","0.4","17","45","73","108","243","98723000","1277000","4062.67","4067.34","3080","9375","13150","13150","45","24.19","134.82","223.68","3","9.25"
"KSIX","2026-05-26","2026-05-26","323","FULL","332","1.2195121951219512","AVOID","-","passive","FALSE","","BETA BREAKOUT","2026-03-12","","75d","75","DOWNTREND","NEUTRAL","BEARISH","BEARISH","DEMAND STRUCTURE","SIDEWAYS","24.5","TRUE","FALSE","FALSE","LEADING","LEADING (Passive)","1.29","1.29","EXPANSION","78.57","21.43","50.13","31.14","21.9","13.34","331.48","335.21","333.84","142700","110900","950","Supertrend bearish | RSI 50.1 > 50 | Volume valid 1.29x | Lolos anti-crash ADX | RISEN SIDEWAYS","Full Grid (1-2-3-4)","100000000","358","324","316","304","0.1","0.2","0.3","0.4","279","617","949","1315","3160","99943400","56600","316.28","316.28","284","470","580","580","20.67","10.21","62.01","83.38","3","8.17"
"ASMI","2026-05-26","2026-05-26","560","FULL","18","5.88235294117647","HOLD","-","passive","FALSE","","V-SHAPE","2026-03-11","","76d","76","UPTREND","BULLISH","BEARISH","BEARISH","STRUCTURE + DISCOUNT","NORMAL DOWNTREND","64.79","TRUE","FALSE","FALSE","LEADING","LEADING (Passive)","0.8","0.8","NORMAL","50","50","48","24.59","27.78","34.54","17.89","20.3","24.17","4509900","5616335","948","Supertrend bullish | RSI 48.0 lemah | Volume 0.8x | Lolos anti-crash ADX | RISEN NORMAL DOWNTREND","Full Grid (1-2-3-4)","100000000","20","20","19","19","0.1","0.2","0.3","0.4","5000","10000","15789","21052","51841","99997900","2100","19.29","19.29","19","25","27","27","5","1.5","35","39.97","7","26.65"
"BUAH","2026-05-26","2026-05-26","560","FULL","510","-4.672897196261682","HOLD","-","passive","FALSE","","SMART SNIPER","2026-04-30","Structure + Discount","26d","26","UPTREND","BEARISH","BEARISH","BEARISH","STRUCTURE + DISCOUNT","SIDEWAYS","64.2","TRUE","TRUE","FALSE","WEAKENING","WEAKENING (Passive)","0.94","0.94","NORMAL","0","100","37.77","15.16","11.14","17.24","527.53","535.39","819.46","282100","299315","948","Supertrend bullish | RSI 37.8 lemah | Volume 0.94x | Lolos anti-crash ADX | RISEN SIDEWAYS","Full Grid (1-2-3-4)","100000000","525","510","510","505","0.1","0.2","0.3","0.4","190","392","588","792","1962","99951000","49000","509.43","509.44","494","570","1440","1440","5.9","3.03","174.29","182.67","29.52","60.29"
"FISH","2026-05-26","2026-05-26","560","FULL","720","0","AVOID","-","passive","FALSE","","EARLY SWEEP","2026-03-11","","76d","76","DOWNTREND","BEARISH","BEARISH","BEARISH","STRUCTURE + DISCOUNT","NORMAL DOWNTREND","41.69","TRUE","FALSE","FALSE","LEADING","LEADING (Passive)","0.36","0.36","DRY / QUIET","62.5","37.5","41.59","26.68","25.32","24.01","755.71","814.74","2682.47","37700","104960","948","Supertrend bearish | RSI 41.6 lemah | Volume 0.36x | Lolos anti-crash ADX | RISEN NORMAL DOWNTREND","Full Grid (1-2-3-4)","100000000","970","910","895","875","0.1","0.2","0.3","0.4","103","219","335","457","1114","99890000","110000","896.68","896.69","830","1590","2660","2660","14.43","7.44","174.23","196.65","12.07","26.45"
"ICON","2026-05-26","2026-05-26","560","FULL","105","-6.25","AVOID","-","passive","FALSE","","SMART GAMMA","2026-04-30","","26d","26","DOWNTREND","BEARISH","BEARISH","BULLISH","DOWNTREND","NORMAL UPTREND","0","FALSE","TRUE","FALSE","LAGGING","LAGGARD (Passive)","0.15","0.15","DRY / QUIET","20","80","41.71","33.85","25.1","24.13","121.5","116.01","85.54","7635300","51148050","948","Supertrend bearish | RSI 41.7 lemah | Volume 0.15x | Lolos anti-crash ADX | RISEN NORMAL UPTREND","Full Grid (1-2-3-4)","100000000","141","121","116","110","0.1","0.2","0.3","0.4","709","1652","2586","3636","8583","99979700","20300","116.49","116.49","98","206","270","270","30.5","15.87","91.49","131.79","3","8.3"
"NAYZ","2026-05-26","2026-05-26","560","FULL","49","-3.9215686274509802","AVOID","-","passive","FALSE","","V-SHAPE","2026-04-30","","26d","26","DOWNTREND","BEARISH","BEARISH","BEARISH","DOWNTREND DISCOUNT","NORMAL DOWNTREND","32.38","TRUE","FALSE","FALSE","LAGGING","LAGGARD (Passive)","0.24","0.24","DRY / QUIET","25","75","29.96","21.09","13.82","26.68","60.44","65.47","74.09","13141600","54993160","948","Supertrend bearish | RSI 30.0 lemah | Volume 0.24x | Lolos anti-crash ADX | RISEN NORMAL DOWNTREND","Full Grid (1-2-3-4)","100000000","71","65","64","62","0.1","0.2","0.3","0.4","1408","3076","4687","6451","15622","99983800","16200","64","64","58","91","110","110","18.31","9.38","54.93","71.87","3","7.66"
"RUNS","2026-05-26","2026-05-26","560","FULL","82","-1.2048192771084338","AVOID","-","passive","FALSE","","BETA BREAKOUT","2026-03-11","","76d","76","DOWNTREND","BEARISH","BEARISH","BEARISH","STRUCTURE + DISCOUNT","NORMAL DOWNTREND","93.84","TRUE","FALSE","FALSE","LEADING","LEADING (Passive)","0.29","0.29","DRY / QUIET","33.33","66.67","46.53","25.87","17.71","9.75","83.48","86.26","86.71","374500","1303030","948","Supertrend bearish | RSI 46.5 lemah | Volume 0.29x | Lolos anti-crash ADX | RISEN NORMAL DOWNTREND","Full Grid (1-2-3-4)","100000000","101","90","87","84","0.1","0.2","0.3","0.4","990","2222","3448","4761","11421","99987000","13000","87.55","87.55","78","136","170","170","22.77","10.9","68.32","94.18","3","8.64"
"SDMU","2026-05-26","2026-05-26","560","FULL","75","-3.8461538461538463","AVOID","-","passive","FALSE","","G ACC","2026-04-30","","26d","26","DOWNTREND","BEARISH","BEARISH","BEARISH","STRUCTURE + DISCOUNT","SIDEWAYS","25","TRUE","FALSE","FALSE","LAGGING","LAGGARD (Passive)","0.04","0.04","DRY / QUIET","16.67","83.33","39.19","31.66","24.26","21.71","89.92","92.41","80.41","8358600","188241185","948","Supertrend bearish | RSI 39.2 lemah | Volume 0.04x | Lolos anti-crash ADX | RISEN SIDEWAYS","Full Grid (1-2-3-4)","100000000","126","101","94","86","0.1","0.2","0.3","0.4","793","1980","3191","4651","10615","99983800","16200","94.19","94.19","72","208","288","288","42.86","23.56","128.57","205.76","3","8.73"
"SEMA","2026-05-26","2026-05-26","560","FULL","106","2.912621359223301","AVOID","-","passive","FALSE","","V-SHAPE","2026-03-11","","76d","76","DOWNTREND","BEARISH","BEARISH","BEARISH","STRUCTURE + DISCOUNT","SIDEWAYS","91.91","TRUE","FALSE","FALSE","LEADING","LEADING (Passive)","0.32","0.32","DRY / QUIET","75","25","43.96","22.62","19.74","16.24","108.18","110.72","108.76","315900","993900","948","Supertrend bearish | RSI 44.0 lemah | Volume 0.32x | Lolos anti-crash ADX | RISEN SIDEWAYS","Full Grid (1-2-3-4)","100000000","107","100","98","96","0.1","0.2","0.3","0.4","934","2000","3061","4166","10161","99985200","14800","98.4","98.4","91","131","155","155","14.95","7.52","44.86","57.52","3","7.65"
"SMMA","2026-05-26","2026-05-26","560","FULL","18050","-0.41379310344827586","HOLD","-","passive","FALSE","","SMART GAMMA","2026-04-30","","26d","26","UPTREND","BULLISH","BULLISH","BULLISH","UPTREND PREMIUM","NORMAL UPTREND","25","TRUE","TRUE","FALSE","LAGGING","LAGGARD (Passive)","0.92","0.92","NORMAL","100","0","70.85","20.5","19.78","17.51","16689.65","15593.43","14643.96","14600","15815","948","Supertrend bullish | RSI 70.8 > 50 | Volume 0.92x | Lolos anti-crash ADX | RISEN NORMAL UPTREND","Full Grid (1-2-3-4)","100000000","15600","14650","14400","14075","0.1","0.2","0.3","0.4","6","13","20","28","67","96615000","3385000","14420.15","14426.96","13575","18650","21675","21675","12.98","5.86","38.94","50.31","3","8.58"
"ACST","2026-05-26","2026-05-26","560","FULL","84","1.2048192771084338","AVOID","-","passive","FALSE","","EARLY SWEEP","2026-04-29","","27d","27","DOWNTREND","BEARISH","BEARISH","BEARISH","DOWNTREND DISCOUNT","NORMAL DOWNTREND","65","TRUE","FALSE","FALSE","LAGGING","LAGGARD (Passive)","0.25","0.25","DRY / QUIET","50","50","28.53","38.09","17.12","57.37","91.22","99.89","114.06","151800","613145","946","Supertrend bearish | RSI 28.5 lemah | Volume 0.25x | Crash filter aktif | RISEN NORMAL DOWNTREND","Full Grid (1-2-3-4)","100000000","187","159","152","142","0.1","0.2","0.3","0.4","534","1257","1973","2816","6580","99948900","51100","151.9","151.9","128","276","364","364","31.55","15.73","94.65","139.63","3","8.88"
"ADES","2026-05-26","2026-05-26","560","FULL","21100","-0.4716981132075472","HOLD","-","passive","FALSE","","SMART GAMMA","2026-04-29","","27d","27","UPTREND","BULLISH","BULLISH","BULLISH","UPTREND PREMIUM","NORMAL UPTREND","25","TRUE","TRUE","FALSE","WEAKENING","WEAKENING (Passive)","0.26","0.26","DRY / QUIET","90.91","9.09","60.72","49.48","29.89","17.47","20390.74","18703.85","15625.18","16200","63310","946","Supertrend bullish | RSI 60.7 > 50 | Volume 0.26x | Lolos anti-crash ADX | RISEN NORMAL UPTREND","Full Grid (1-2-3-4)","100000000","20375","17550","16875","15925","0.1","0.2","0.3","0.4","4","11","17","25","57","95955000","4045000","16834.21","16892.03","14575","29075","37775","37775","28.47","13.42","85.4","124.39","3","9.27"
"BEST","2026-05-26","2026-05-26","560","FULL","102","-0.9708737864077669","AVOID","-","passive","FALSE","","V-SHAPE","2026-04-29","","27d","27","DOWNTREND","BEARISH","BEARISH","BEARISH","DOWNTREND DISCOUNT","SIDEWAYS","48.37","TRUE","FALSE","FALSE","LAGGING","LAGGARD (Passive)","0.13","0.13","DRY / QUIET","66.67","33.33","39.61","16.15","15.16","23.27","106.05","107.7","108.2","1719100","13308245","946","Supertrend bearish | RSI 39.6 lemah | Volume 0.13x | Lolos anti-crash ADX | RISEN SIDEWAYS","Full Grid (1-2-3-4)","100000000","110","108","107","106","0.1","0.2","0.3","0.4","909","1851","2803","3773","9336","99975700","24300","107.09","107.09","104","119","131","131","5.45","2.88","19.09","22.33","3.5","7.75"
"DSNG","2026-05-26","2026-05-26","560","FULL","1200","-3.225806451612903","AVOID","-","passive","FALSE","","SMART GAMMA","2026-04-29","","27d","27","DOWNTREND","BEARISH","BEARISH","BEARISH","STRUCTURE + DISCOUNT","NORMAL DOWNTREND","25","TRUE","FALSE","FALSE","LAGGING","LAGGARD (Passive)","0.75","0.75","DRY / QUIET","38.46","61.54","24.93","35.91","8.59","37.58","1489.83","1547.18","1464.31","11098000","14804350","946","Supertrend bearish | RSI 24.9 lemah | Volume 0.75x | Crash filter aktif | RISEN NORMAL DOWNTREND","Full Grid (1-2-3-4)","100000000","1850","1570","1500","1405","0.1","0.2","0.3","0.4","54","127","200","284","665","99831000","169000","1501.22","1501.19","1270","2720","3590","3590","31.35","15.4","94.05","139.14","3","9.03"
"INOV","2026-05-26","2026-05-26","560","FULL","130","0.7751937984496124","AVOID","-","passive","FALSE","","SMART SNIPER","2026-04-29","Demand Structure","27d","27","DOWNTREND","BEARISH","BEARISH","BEARISH","STRUCTURE + DISCOUNT","SIDEWAYS","30.4","TRUE","FALSE","FALSE","LAGGING","LAGGARD (Passive)","0.08","0.08","DRY / QUIET","42.86","57.14","44.96","33.28","29.3","15.35","136.23","139.17","130.29","2026200","25989040","946","Supertrend bearish | RSI 45.0 lemah | Volume 0.08x | Lolos anti-crash ADX | RISEN SIDEWAYS","Full Grid (1-2-3-4)","100000000","167","143","137","129","0.1","0.2","0.3","0.4","598","1398","2189","3100","7285","99957300","42700","137.21","137.21","117","242","318","318","29.94","14.73","90.42","131.76","3.02","8.95"
"MAPB","2026-05-26","2026-05-26","560","FULL","1475","-2.6402640264026402","AVOID","-","passive","FALSE","","EARLY SWEEP","2026-04-29","","27d","27","DOWNTREND","BEARISH","BEARISH","BEARISH","STRUCTURE + DISCOUNT","SIDEWAYS","68.11","TRUE","FALSE","FALSE","LAGGING","LAGGARD (Passive)","1.25","1.25","EXPANSION","57.14","42.86","43.7","13.55","30.11","37.44","1509.22","1522.42","1551.32","800","640","946","Supertrend bearish | RSI 43.7 lemah | Volume valid 1.25x | Lolos anti-crash ADX | RISEN SIDEWAYS","Full Grid (1-2-3-4)","100000000","1635","1525","1495","1460","0.1","0.2","0.3","0.4","61","131","200","273","665","99709000","291000","1499.38","1499.36","1400","1990","2340","2340","14.37","6.63","43.12","56.06","3","8.46"
"MOLI","2026-05-26","2026-05-26","560","FULL","226","2.727272727272727","AVOID","-","passive","FALSE","","SMART GAMMA","2026-04-29","","27d","27","DOWNTREND","BEARISH","BEARISH","BEARISH","STRUCTURE + DISCOUNT","NORMAL DOWNTREND","25","TRUE","FALSE","FALSE","LAGGING","LAGGARD (Passive)","0.39","0.39","DRY / QUIET","66.67","33.33","36.93","28.16","12.52","21.31","252.33","258.1","261.56","4334400","11073310","946","Supertrend bearish | RSI 36.9 lemah | Volume 0.39x | Lolos anti-crash ADX | RISEN NORMAL DOWNTREND","Full Grid (1-2-3-4)","100000000","284","244","234","222","0.1","0.2","0.3","0.4","352","819","1282","1801","4254","99961400","38600","234.98","234.98","202","408","530","530","28.87","14.04","86.62","125.55","3","8.94"
"NANO","2026-05-26","2026-05-26","560","FULL","27","0","AVOID","-","passive","FALSE","","SMART SNIPER","2026-04-29","Structure + Discount","27d","27","DOWNTREND","BEARISH","BEARISH","BEARISH","STRUCTURE + DISCOUNT","NORMAL DOWNTREND","55.1","TRUE","FALSE","FALSE","LAGGING","LAGGARD (Passive)","0.31","0.31","DRY / QUIET","50","50","33.65","16.64","15.4","26.56","32.1","35.83","40.87","10828200","35018395","946","Supertrend bearish | RSI 33.6 lemah | Volume 0.31x | Lolos anti-crash ADX | RISEN NORMAL DOWNTREND","Full Grid (1-2-3-4)","100000000","39","37","37","36","0.1","0.2","0.3","0.4","2564","5405","8108","11111","27188","99997300","2700","36.78","36.78","34","47","54","54","12.82","7.56","38.46","46.82","3","6.19"
"SOHO","2026-05-26","2026-05-26","560","FULL","1545","-2.5236593059936907","AVOID","-","passive","FALSE","","V-SHAPE","2026-04-29","","27d","27","DOWNTREND","BEARISH","BEARISH","BEARISH","STRUCTURE + DISCOUNT","SIDEWAYS","65","TRUE","FALSE","FALSE","LAGGING","LAGGARD (Passive)","0.25","0.25","DRY / QUIET","11.11","88.89","30.46","12.2","24.11","19.5","1735.39","1890.12","1678.27","50200","196865","946","Supertrend bearish | RSI 30.5 lemah | Volume 0.25x | Lolos anti-crash ADX | RISEN SIDEWAYS","Full Grid (1-2-3-4)","100000000","1935","1845","1820","1790","0.1","0.2","0.3","0.4","51","108","164","223","546","99559500","440500","1823.43","1823.55","1720","2260","2530","2530","11.11","5.67","30.75","38.75","2.77","6.83"
"SOLA","2026-05-26","2026-05-26","484","FULL","114","0","AVOID","-","passive","FALSE","","V-SHAPE","2026-04-29","","27d","27","DOWNTREND","BEARISH","BEARISH","BEARISH","STRUCTURE + DISCOUNT","SIDEWAYS","58.9","TRUE","FALSE","FALSE","LAGGING","LAGGARD (Passive)","0.1","0.1","DRY / QUIET","40","60","37.83","21.87","20.53","25.43","120.28","123.52","124.39","2588500","25043510","946","Supertrend bearish | RSI 37.8 lemah | Volume 0.1x | Lolos anti-crash ADX | RISEN SIDEWAYS","Full Grid (1-2-3-4)","100000000","125","117","114","112","0.1","0.2","0.3","0.4","800","1709","2631","3571","8711","99983900","16100","114.78","114.78","106","154","182","182","15.2","7.65","45.6","58.57","3","7.66"
"TCPI","2026-05-26","2026-05-26","560","FULL","11025","-4.130434782608695","AVOID","-","passive","FALSE","","V-SHAPE","2026-04-29","","27d","27","DOWNTREND","BEARISH","BEARISH","BULLISH","DEMAND STRUCTURE","NORMAL UPTREND","40","TRUE","TRUE","FALSE","LAGGING","LAGGARD (Passive)","1.1","1.1","NORMAL","47.37","52.63","40.32","33.15","13.98","44.01","11548.52","11532.24","9579.64","5392400","4891835","946","Supertrend bearish | RSI 40.3 lemah | Volume 1.1x | Crash filter aktif | RISEN NORMAL UPTREND","Full Grid (1-2-3-4)","100000000","11450","11225","11150","11075","0.1","0.2","0.3","0.4","8","17","26","36","87","97102500","2897500","11161.21","11163.93","10850","12350","12575","12575","5.24","2.79","9.83","12.67","1.87","4.54"
"TOOL","2026-05-26","2026-05-26","560","FULL","72","-4","AVOID","-","passive","FALSE","","BETA BREAKOUT","2026-04-29","","27d","27","DOWNTREND","BEARISH","NEUTRAL","BULLISH","STRUCTURE + DISCOUNT","SIDEWAYS","25","TRUE","FALSE","FALSE","WEAKENING","WEAKENING (Passive)","0.07","0.07","DRY / QUIET","20","80","46.82","47.57","26.07","14.44","75.55","72.12","64.88","16155800","242310870","946","Supertrend bearish | RSI 46.8 lemah | Volume 0.07x | Lolos anti-crash ADX | RISEN SIDEWAYS","Full Grid (1-2-3-4)","100000000","94","74","69","63","0.1","0.2","0.3","0.4","1063","2702","4347","6349","14461","99980000","20000","69.14","69.14","53","156","218","218","43.62","23.34","131.91","215.31","3.02","9.22"
"ULTJ","2026-05-26","2026-05-26","560","FULL","1575","-1.5625","AVOID","-","passive","FALSE","","SMART GAMMA","2026-04-29","","27d","27","DOWNTREND","BEARISH","NEUTRAL","BULLISH","DEMAND STRUCTURE","NORMAL UPTREND","56.36","TRUE","TRUE","FALSE","LAGGING","LAGGARD (Passive)","0.85","0.85","NORMAL","0","100","48.15","11.64","18.52","16.1","1595.99","1576.96","1508.24","4364100","5110330","946","Supertrend bearish | RSI 48.1 lemah | Volume 0.85x | Lolos anti-crash ADX | RISEN NORMAL UPTREND","Full Grid (1-2-3-4)","100000000","1695","1580","1555","1515","0.1","0.2","0.3","0.4","58","126","192","264","640","99591000","409000","1556.11","1556.34","1455","2060","2420","2420","14.16","6.5","42.77","55.52","3.02","8.54"
"UNIQ","2026-05-26","2026-05-26","560","FULL","104","-1.8867924528301887","AVOID","-","passive","FALSE","","V-SHAPE","2026-04-29","","27d","27","DOWNTREND","BEARISH","BEARISH","BEARISH","STRUCTURE + DISCOUNT","NORMAL DOWNTREND","35.91","TRUE","FALSE","FALSE","LAGGING","LAGGARD (Passive)","0.91","0.91","NORMAL","40","60","19.48","27.2","13.29","31.11","119.53","142.01","269.52","4212100","4624915","946","Supertrend bearish | RSI 19.5 lemah | Volume 0.91x | Lolos anti-crash ADX | RISEN NORMAL DOWNTREND","Full Grid (1-2-3-4)","100000000","134","127","125","123","0.1","0.2","0.3","0.4","746","1574","2400","3252","7972","99985800","14200","125.42","125.42","118","158","170","170","11.94","5.92","26.87","35.54","2.25","6.01"
"AREA","2026-05-26","2026-05-26","504","FULL","202","-3.8095238095238098","AVOID","-","passive","FALSE","","EARLY SWEEP","2026-04-28","","28d","28","DOWNTREND","BEARISH","BEARISH","BEARISH","STRUCTURE + DISCOUNT","NORMAL DOWNTREND","8.93","TRUE","FALSE","FALSE","LAGGING","LAGGARD (Passive)","1.86","1.86","EXPANSION","46.67","53.33","18.94","35.22","5.89","33.08","281.72","320.48","402.2","1350900","726985","944","Supertrend bearish | RSI 18.9 lemah | Volume valid 1.86x | Crash filter aktif | RISEN NORMAL DOWNTREND","Full Grid (1-2-3-4)","100000000","535","525","520","515","0.1","0.2","0.3","0.4","186","380","576","776","1918","99817000","183000","520.42","520.43","505","580","640","640","5.61","2.96","19.63","22.98","3.5","7.75"
"BKSW","2026-05-26","2026-05-26","560","FULL","54","0","AVOID","-","passive","FALSE","","EARLY SWEEP","2026-04-28","","28d","28","DOWNTREND","BEARISH","BEARISH","BEARISH","DOWNTREND DISCOUNT","NORMAL DOWNTREND","44","TRUE","FALSE","FALSE","LAGGING","LAGGARD (Passive)","0.89","0.89","NORMAL","50","50","24.52","25.44","7.47","25.5","56.62","58.27","61.57","1885700","2126440","944","Supertrend bearish | RSI 24.5 lemah | Volume 0.89x | Lolos anti-crash ADX | RISEN NORMAL DOWNTREND","Full Grid (1-2-3-4)","100000000","64","61","60","59","0.1","0.2","0.3","0.4","1562","3278","5000","6779","16619","99988700","11300","60.17","60.17","57","75","85","85","10.94","5.26","32.81","41.28","3","7.85"
"BOGA","2026-05-26","2026-05-26","560","FULL","1280","0.7874015748031495","AVOID","-","passive","FALSE","","V-SHAPE","2026-04-28","","28d","28","DOWNTREND","BEARISH","BEARISH","BULLISH","DEMAND STRUCTURE","NORMAL DOWNTREND","55.27","TRUE","FALSE","FALSE","WEAKENING","WEAKENING (Passive)","0","0","DRY / QUIET","50","50","30.35","52.42","36.96","31.55","1367.67","1382.89","1112.84","1700","1402735","944","Supertrend bearish | RSI 30.4 lemah | Volume 0x | Lolos anti-crash ADX | RISEN NORMAL DOWNTREND","Full Grid (1-2-3-4)","100000000","1445","1265","1220","1160","0.1","0.2","0.3","0.4","69","158","245","344","816","99751500","248500","1222.44","1222.44","1065","2020","2590","2590","26.3","12.88","79.24","111.87","3.01","8.69"
"CASA","2026-05-26","2026-05-26","560","FULL","1350","0","HOLD","-","passive","FALSE","","V-SHAPE","2026-04-28","","28d","28","UPTREND","BULLISH","NEUTRAL","BULLISH","DEMAND STRUCTURE","SIDEWAYS","17.5","TRUE","FALSE","FALSE","LAGGING","LAGGARD (Passive)","0.08","0.08","DRY / QUIET","66.67","33.33","52.27","21.76","24.67","19.01","1343.42","1349.38","1262.23","218000","2720685","944","Supertrend bullish | RSI 52.3 > 50 | Volume 0.08x | Lolos anti-crash ADX | RISEN SIDEWAYS","Full Grid (1-2-3-4)","100000000","1350","1255","1230","1195","0.1","0.2","0.3","0.4","74","159","243","334","810","99746500","253500","1231.44","1231.43","1140","1665","1980","1980","15.56","7.43","46.67","60.79","3","8.19"
"DAYA","2026-05-26","2026-05-26","560","FULL","1080","0.46511627906976744","HOLD","-","passive","FALSE","","SMART SNIPER","2026-04-28","Discount Only","28d","28","UPTREND","BULLISH","BULLISH","BEARISH","STRUCTURE + DISCOUNT","SIDEWAYS","96.99","TRUE","FALSE","FALSE","LAGGING","LAGGARD (Passive)","0.02","0.02","DRY / QUIET","50","50","58.01","27.73","8.47","25.11","1065.98","1069.37","1090.34","300","19475","944","Supertrend bullish | RSI 58.0 > 50 | Volume 0.02x | Lolos anti-crash ADX | RISEN SIDEWAYS","Full Grid (1-2-3-4)","100000000","1075","955","925","880","0.1","0.2","0.3","0.4","93","209","324","454","1080","99879000","121000","924.81","924.8","825","1450","1825","1825","23.26","10.79","69.77","97.34","3","9.02"
"DYAN","2026-05-26","2026-05-26","560","FULL","78","-1.2658227848101267","AVOID","-","passive","FALSE","","V-SHAPE","2026-04-28","","28d","28","DOWNTREND","BEARISH","BEARISH","BEARISH","STRUCTURE + DISCOUNT","SIDEWAYS","25","TRUE","FALSE","FALSE","WEAKENING","WEAKENING (Passive)","0.19","0.19","DRY / QUIET","50","50","44.13","33.33","26.85","19.63","83.8","84.2","86.98","3217700","16584310","944","Supertrend bearish | RSI 44.1 lemah | Volume 0.19x | Lolos anti-crash ADX | RISEN SIDEWAYS","Full Grid (1-2-3-4)","100000000","84","81","80","79","0.1","0.2","0.3","0.4","1190","2469","3750","5063","12472","99992600","7400","80.17","80.17","77","95","105","105","8.33","3.96","25","30.97","3","7.82"
"ELSA","2026-05-26","2026-05-26","560","FULL","635","-2.307692307692308","AVOID","-","passive","FALSE","","SMART GAMMA","2026-04-28","","28d","28","DOWNTREND","BEARISH","BEARISH","BULLISH","STRUCTURE + DISCOUNT","NORMAL DOWNTREND","48.16","TRUE","FALSE","FALSE","LAGGING","LAGGARD (Passive)","0.26","0.26","DRY / QUIET","0","100","34.71","23.82","12.65","26.81","701.91","716.21","624.89","12808200","49405710","944","Supertrend bearish | RSI 34.7 lemah | Volume 0.26x | Lolos anti-crash ADX | RISEN NORMAL DOWNTREND","Full Grid (1-2-3-4)","100000000","830","745","720","690","0.1","0.2","0.3","0.4","120","268","416","579","1383","99829000","171000","721.83","721.86","645","1110","1385","1385","22.29","10.64","66.87","91.87","3","8.63"
"GGRM","2026-05-26","2026-05-26","560","FULL","15750","0.6389776357827476","HOLD","-","passive","FALSE","","BETA BREAKOUT","2026-04-28","","28d","28","UPTREND","BEARISH","BULLISH","BULLISH","UPTREND PREMIUM","NORMAL UPTREND","35.4","TRUE","TRUE","FALSE","WEAKENING","WEAKENING (Passive)","0.42","0.42","DRY / QUIET","62.5","37.5","49.46","34.18","26.58","15.12","15914.27","15506.72","14250.52","584300","1396810","944","Supertrend bullish | RSI 49.5 lemah | Volume 0.42x | Lolos anti-crash ADX | RISEN NORMAL UPTREND","Full Grid (1-2-3-4)","100000000","16175","14875","14550","14100","0.1","0.2","0.3","0.4","6","13","20","28","67","97622500","2377500","14570.52","14574.05","13425","20300","24425","24425","17","7.86","51","67.63","3","8.6"
"JATI","2026-05-26","2026-05-26","560","FULL","100","0","AVOID","-","passive","FALSE","","V-SHAPE","2026-03-09","","78d","78","DOWNTREND","BEARISH","BEARISH","BEARISH","STRUCTURE + DISCOUNT","NORMAL DOWNTREND","76.61","TRUE","FALSE","FALSE","LEADING","LEADING (Passive)","1.78","1.78","EXPANSION","42.86","57.14","39.83","9.6","22.45","20.36","102.89","106.88","113.77","13149200","7368275","944","Supertrend bearish | RSI 39.8 lemah | Volume valid 1.78x | Lolos anti-crash ADX | RISEN NORMAL DOWNTREND","Full Grid (1-2-3-4)","100000000","111","101","99","95","0.1","0.2","0.3","0.4","900","1980","3030","4210","10120","99980000","20000","98.79","98.8","89","144","177","177","19.82","9.91","59.46","79.16","3","7.98"
"KKGI","2026-05-26","2026-05-26","560","FULL","286","1.4184397163120568","AVOID","-","passive","FALSE","","SMART GAMMA","2026-03-09","","78d","78","DOWNTREND","BEARISH","BEARISH","BEARISH","STRUCTURE + DISCOUNT","NORMAL DOWNTREND","45.45","TRUE","FALSE","FALSE","LEADING","LEADING (Passive)","0.25","0.25","DRY / QUIET","100","0","35.17","43.06","9.35","33.82","301.98","316.06","342.88","633600","2502045","944","Supertrend bearish | RSI 35.2 lemah | Volume 0.25x | Crash filter aktif | RISEN NORMAL DOWNTREND","Full Grid (1-2-3-4)","100000000","384","332","318","300","0.1","0.2","0.3","0.4","260","602","943","1333","3138","99947800","52200","318.51","318.52","276","545","710","710","28.13","13.35","84.9","122.91","3.02","9.21"
"KOCI","2026-05-26","2026-05-26","560","FULL","98","-2.9702970297029703","AVOID","-","passive","FALSE","","SMART SNIPER","2026-04-28","Demand Structure","28d","28","DOWNTREND","BEARISH","BEARISH","BEARISH","STRUCTURE + DISCOUNT","SIDEWAYS","52.99","TRUE","FALSE","FALSE","LAGGING","LAGGARD (Passive)","0.06","0.06","DRY / QUIET","16.67","83.33","36.44","23.96","24.11","19.75","113.71","123.43","112.43","5508900","91732060","944","Supertrend bearish | RSI 36.4 lemah | Volume 0.06x | Lolos anti-crash ADX | RISEN SIDEWAYS","Full Grid (1-2-3-4)","100000000","151","124","117","108","0.1","0.2","0.3","0.4","662","1612","2564","3703","8541","99976200","23800","117.05","117.06","93","238","254","254","38.41","20.55","68.21","116.99","1.78","5.69"
"LMPI","2026-05-26","2026-05-26","560","FULL","153","0","AVOID","-","passive","FALSE","","SMART SNIPER","2026-04-28","Demand Structure","28d","28","DOWNTREND","BEARISH","BEARISH","BEARISH","STRUCTURE + DISCOUNT","SIDEWAYS","89.26","TRUE","FALSE","FALSE","LAGGING","LAGGARD (Passive)","0.17","0.17","DRY / QUIET","22.22","77.78","45.67","32.29","19.38","16.06","157.68","158.89","153.76","420600","2478760","944","Supertrend bearish | RSI 45.7 lemah | Volume 0.17x | Lolos anti-crash ADX | RISEN SIDEWAYS","Full Grid (1-2-3-4)","100000000","202","167","158","146","0.1","0.2","0.3","0.4","495","1197","1898","2739","6329","99966700","33300","157.95","157.95","128","314","324","324","36.63","18.96","60.4","105.13","1.65","5.54"
"MERK","2026-05-26","2026-05-26","560","FULL","4010","0","AVOID","-","passive","FALSE","","SMART GAMMA","2026-04-28","","28d","28","DOWNTREND","BULLISH","BULLISH","BULLISH","DEMAND STRUCTURE","NORMAL UPTREND","51.29","TRUE","TRUE","FALSE","WEAKENING","WEAKENING (Passive)","0.07","0.07","DRY / QUIET","7.14","92.86","53.39","32.72","18.71","20.91","3990.46","3757.54","3384.81","9500","135580","944","Supertrend bearish | RSI 53.4 > 50 | Volume 0.07x | Crash filter aktif | RISEN NORMAL UPTREND","Full Grid (1-2-3-4)","100000000","4130","3570","3430","3240","0.1","0.2","0.3","0.4","24","56","87","123","290","99597000","403000","3434.38","3434.59","2980","5850","7575","7575","27.85","13.23","83.41","120.56","3","9.11"
"PADA","2026-05-26","2026-05-26","560","FULL","128","-3.0303030303030303","AVOID","-","passive","FALSE","","SMART GAMMA","2026-04-28","","28d","28","DOWNTREND","BEARISH","BEARISH","BEARISH","STRUCTURE + DISCOUNT","NORMAL DOWNTREND","43.37","TRUE","FALSE","FALSE","LAGGING","LAGGARD (Passive)","0.39","0.39","DRY / QUIET","4.76","95.24","37.21","21.8","17.56","22.93","154.31","163.84","146.28","22113100","56890890","944","Supertrend bearish | RSI 37.2 lemah | Volume 0.39x | Lolos anti-crash ADX | RISEN NORMAL DOWNTREND","Full Grid (1-2-3-4)","100000000","212","164","152","136","0.1","0.2","0.3","0.4","471","1219","1973","2941","6604","99964000","36000","151.37","151.38","110","366","520","520","48.11","27.33","145.28","243.53","3.02","8.91"
"PAMG","2026-05-26","2026-05-26","560","FULL","53","-1.8518518518518516","AVOID","-","passive","FALSE","","V-SHAPE","2026-04-28","","28d","28","DOWNTREND","BEARISH","BEARISH","BEARISH","DOWNTREND DISCOUNT","SIDEWAYS","57.18","TRUE","FALSE","FALSE","LAGGING","LAGGARD (Passive)","0.18","0.18","DRY / QUIET","0","100","33.22","16.89","14.68","18.17","58.24","60.03","64.78","1424800","8102555","944","Supertrend bearish | RSI 33.2 lemah | Volume 0.18x | Lolos anti-crash ADX | RISEN SIDEWAYS","Full Grid (1-2-3-4)","100000000","65","58","56","53","0.1","0.2","0.3","0.4","1538","3448","5357","7547","17890","99993700","6300","55.89","55.89","49","89","113","113","24.62","12.33","73.85","102.17","3","8.28"
"PPRE","2026-05-26","2026-05-26","560","FULL","100","-4.761904761904762","AVOID","-","passive","FALSE","","SMART SNIPER","2026-04-28","Discount Only","28d","28","DOWNTREND","BEARISH","BEARISH","BEARISH","STRUCTURE + DISCOUNT","NORMAL DOWNTREND","69.76","TRUE","FALSE","FALSE","LAGGING","LAGGARD (Passive)","0.13","0.13","DRY / QUIET","0","100","36.1","14.71","20.73","25.56","119.19","135.12","131.65","24543100","190629925","944","Supertrend bearish | RSI 36.1 lemah | Volume 0.13x | Lolos anti-crash ADX | RISEN NORMAL DOWNTREND","Full Grid (1-2-3-4)","100000000","159","125","117","106","0.1","0.2","0.3","0.4","628","1600","2564","3773","8565","99977800","22200","116.73","116.73","88","266","372","372","44.65","24.61","133.96","218.69","3","8.89"
"PTSP","2026-05-26","2026-05-26","560","FULL","890","0.5649717514124294","AVOID","-","passive","FALSE","","V-SHAPE","2026-04-28","","28d","28","DOWNTREND","BEARISH","BEARISH","BEARISH","STRUCTURE + DISCOUNT","SIDEWAYS","34.74","TRUE","FALSE","FALSE","LAGGING","LAGGARD (Passive)","0.02","0.02","DRY / QUIET","100","0","45.31","41.98","30.22","13.46","909.2","923.73","960.36","2400","129225","944","Supertrend bearish | RSI 45.3 lemah | Volume 0.02x | Lolos anti-crash ADX | RISEN SIDEWAYS","Full Grid (1-2-3-4)","100000000","900","880","875","870","0.1","0.2","0.3","0.4","111","227","342","459","1139","99824000","176000","876.42","876.42","850","975","995","995","5.56","3.01","10.56","13.53","1.9","4.49"
"TAYS","2026-05-26","2026-05-26","560","FULL","51","0","AVOID","-","passive","FALSE","","V-SHAPE","2026-04-28","","28d","28","DOWNTREND","BEARISH","BEARISH","BEARISH","DOWNTREND DISCOUNT","NORMAL DOWNTREND","65","TRUE","FALSE","FALSE","LAGGING","LAGGARD (Passive)","0.15","0.15","DRY / QUIET","100","0","26.99","18.99","20.37","26.2","58.19","62.44","67.95","2892700","18808400","944","Supertrend bearish | RSI 27.0 lemah | Volume 0.15x | Lolos anti-crash ADX | RISEN NORMAL DOWNTREND","Full Grid (1-2-3-4)","100000000","65","62","61","60","0.1","0.2","0.3","0.4","1538","3225","4918","6666","16347","99987800","12200","61.17","61.17","58","76","86","86","10.77","5.18","32.31","40.6","3","7.84"
"TRUE","2026-05-26","2026-05-26","560","FULL","96","-8.571428571428571","AVOID","-","passive","FALSE","","EARLY SWEEP","2026-04-28","","28d","28","DOWNTREND","BEARISH","BEARISH","BEARISH","STRUCTURE + DISCOUNT","NORMAL DOWNTREND","65","TRUE","FALSE","FALSE","LAGGING","LAGGARD (Passive)","0.99","0.99","NORMAL","21.43","78.57","25.67","24.11","12.54","32.97","134.17","161.82","159.72","36185600","36726585","944","Supertrend bearish | RSI 25.7 lemah | Volume 0.99x | Lolos anti-crash ADX | RISEN NORMAL DOWNTREND","Full Grid (1-2-3-4)","100000000","185","152","144","133","0.1","0.2","0.3","0.4","540","1315","2083","3007","6945","99966300","33700","143.94","143.94","114","292","482","482","38.38","20.8","160.54","234.86","4.18","11.29"
"WEGE","2026-05-26","2026-05-26","560","FULL","50","0","AVOID","-","passive","FALSE","","V-SHAPE","2026-04-28","","28d","28","DOWNTREND","BEARISH","BEARISH","BEARISH","DOWNTREND DISCOUNT","NORMAL DOWNTREND","49.94","TRUE","FALSE","FALSE","LAGGING","LAGGARD (Passive)","0.17","0.17","DRY / QUIET","0","100","34.5","15.01","14.68","17.02","53.71","56.6","61.74","3087200","17863705","944","Supertrend bearish | RSI 34.5 lemah | Volume 0.17x | Lolos anti-crash ADX | RISEN NORMAL DOWNTREND","Full Grid (1-2-3-4)","100000000","60","57","56","55","0.1","0.2","0.3","0.4","1666","3508","5357","7272","17803","99986800","13200","56.16","56.16","53","71","81","81","11.67","5.63","35","44.22","3","7.85"
"WIIM","2026-05-26","2026-05-26","560","FULL","1760","0.2849002849002849","AVOID","-","passive","FALSE","","BETA BREAKOUT","2026-04-28","","28d","28","DOWNTREND","BEARISH","BEARISH","BULLISH","DEMAND STRUCTURE","SIDEWAYS","52.06","TRUE","FALSE","FALSE","LAGGING","LAGGARD (Passive)","0.3","0.3","DRY / QUIET","25","75","43.65","16.57","17.09","21.42","1822.02","1838.83","1577.08","1102000","3734770","944","Supertrend bearish | RSI 43.6 lemah | Volume 0.3x | Lolos anti-crash ADX | RISEN SIDEWAYS","Full Grid (1-2-3-4)","100000000","1840","1740","1715","1685","0.1","0.2","0.3","0.4","54","114","174","237","579","99547500","452500","1719.3","1719.38","1625","2160","2490","2490","11.68","5.48","35.33","44.83","3.02","8.17"
"AALI","2026-05-26","2026-05-26","560","FULL","6575","0.7662835249042145","AVOID","-","passive","FALSE","","SMART GAMMA","2026-04-27","","29d","29","DOWNTREND","BEARISH","BEARISH","BEARISH","STRUCTURE + DISCOUNT","NORMAL DOWNTREND","17.5","TRUE","FALSE","FALSE","LAGGING","LAGGARD (Passive)","0.91","0.91","NORMAL","50","50","27.62","38.5","7.7","32.53","7391.06","7607.57","7410.42","2759900","3025640","942","Supertrend bearish | RSI 27.6 lemah | Volume 0.91x | Crash filter aktif | RISEN NORMAL DOWNTREND","Full Grid (1-2-3-4)","100000000","8350","7725","7575","7375","0.1","0.2","0.3","0.4","11","25","39","54","129","97865000","2135000","7586.43","7592.6","7050","10300","12250","12250","15.57","7.07","46.71","61.47","3","8.69"
"AKRA","2026-05-26","2026-05-26","560","FULL","1290","-1.9011406844106464","AVOID","-","passive","FALSE","","SMART GAMMA","2026-04-27","","29d","29","DOWNTREND","BEARISH","BEARISH","BEARISH","DEMAND STRUCTURE","NORMAL DOWNTREND","20.43","TRUE","FALSE","FALSE","LAGGING","LAGGARD (Passive)","0.63","0.63","DRY / QUIET","0","100","31.9","30.06","8.43","24.89","1422.27","1408.45","1318.54","10664900","16868360","942","Supertrend bearish | RSI 31.9 lemah | Volume 0.63x | Crash filter aktif | RISEN NORMAL DOWNTREND","Full Grid (1-2-3-4)","100000000","1560","1390","1345","1290","0.1","0.2","0.3","0.4","64","143","223","310","740","99844500","155500","1349.25","1349.32","1205","2090","2630","2630","22.76","10.69","68.59","94.92","3.01","8.88"
"BLOG","2026-05-26","2026-05-26","211","IPO / SHORT","350","-0.5681818181818182","AVOID","-","passive","FALSE","","V-SHAPE","2026-04-27","","29d","29","DOWNTREND","BEARISH","BEARISH","BEARISH","DOWNTREND DISCOUNT","NORMAL DOWNTREND","31.69","TRUE","FALSE","FALSE","LAGGING","LAGGARD (Passive)","0.67","0.67","DRY / QUIET","83.33","16.67","24.15","37.94","5.29","25.77","381.18","390.75","414.4","728300","1081990","942","Supertrend bearish | RSI 24.1 lemah | Volume 0.67x | Crash filter aktif | RISEN NORMAL DOWNTREND","Full Grid (1-2-3-4)","100000000","400","392","390","388","0.1","0.2","0.3","0.4","250","510","769","1030","2559","99947000","53000","390.57","390.57","382","428","470","470","4.5","2.19","17.5","20.34","3.89","9.27"
"BSDE","2026-05-26","2026-05-26","560","FULL","665","-1.4814814814814816","AVOID","-","passive","FALSE","","V-SHAPE","2026-04-27","","29d","29","DOWNTREND","BEARISH","BEARISH","BEARISH","DOWNTREND DISCOUNT","NORMAL DOWNTREND","0","FALSE","FALSE","FALSE","LAGGING","LAGGARD (Passive)","1.07","1.07","NORMAL","20","80","29.26","33.65","9.58","28.5","732.56","768.97","862.08","13061100","12213030","942","Supertrend bearish | RSI 29.3 lemah | Volume 1.07x | Crash filter aktif | RISEN NORMAL DOWNTREND","Full Grid (1-2-3-4)","100000000","795","755","745","730","0.1","0.2","0.3","0.4","125","264","402","547","1338","99749500","250500","745.51","745.54","710","925","1050","1050","10.69","4.76","32.08","40.84","3","8.57"
"IPCC","2026-05-26","2026-05-26","560","FULL","1215","-0.8163265306122449","AVOID","-","passive","FALSE","","V-SHAPE","2026-04-27","","29d","29","DOWNTREND","BEARISH","BEARISH","BULLISH","DEMAND STRUCTURE","NORMAL DOWNTREND","34.48","TRUE","FALSE","FALSE","LAGGING","LAGGARD (Passive)","0.62","0.62","DRY / QUIET","33.33","66.67","36.39","38.43","8.7","29.77","1260.19","1277.2","1211.02","897400","1442235","942","Supertrend bearish | RSI 36.4 lemah | Volume 0.62x | Crash filter aktif | RISEN NORMAL DOWNTREND","Full Grid (1-2-3-4)","100000000","1335","1295","1280","1270","0.1","0.2","0.3","0.4","74","154","234","314","776","99652000","348000","1284.18","1284.22","1245","1470","1615","1615","6.74","3.05","20.97","25.76","3.11","8.44"
"JAWA","2026-05-26","2026-05-26","560","FULL","130","-2.2556390977443606","AVOID","-","passive","FALSE","","V-SHAPE","2026-04-27","","29d","29","DOWNTREND","BEARISH","BEARISH","BEARISH","STRUCTURE + DISCOUNT","NORMAL DOWNTREND","27.77","TRUE","FALSE","FALSE","LAGGING","LAGGARD (Passive)","0.03","0.03","DRY / QUIET","0","100","34.87","19.43","16.68","24.89","150.52","157.78","158.89","453800","14104215","942","Supertrend bearish | RSI 34.9 lemah | Volume 0.03x | Lolos anti-crash ADX | RISEN NORMAL DOWNTREND","Full Grid (1-2-3-4)","100000000","206","176","168","158","0.1","0.2","0.3","0.4","485","1136","1785","2531","5937","99962400","37600","168.37","168.37","143","300","396","396","30.58","15.07","92.23","135.19","3.02","8.97"
"MTDL","2026-05-26","2026-05-26","560","FULL","540","1.8867924528301887","AVOID","-","passive","FALSE","","SMART SNIPER + V-SHAPE","2026-04-27","Demand Structure","29d","29","DOWNTREND","BEARISH","BEARISH","BEARISH","DOWNTREND DISCOUNT","NORMAL DOWNTREND","41.26","TRUE","FALSE","FALSE","LAGGING","LAGGARD (Passive)","0.79","0.79","DRY / QUIET","50","50","38.62","17.17","9.16","15.68","561.84","569.23","579.46","2228400","2837395","942","Supertrend bearish | RSI 38.6 lemah | Volume 0.79x | Lolos anti-crash ADX | RISEN NORMAL DOWNTREND","Full Grid (1-2-3-4)","100000000","590","560","555","545","0.1","0.2","0.3","0.4","169","357","540","733","1799","99881500","118500","555.21","555.21","525","690","785","785","11.02","5.44","33.05","41.39","3","7.61"
"PKPK","2026-05-26","2026-05-26","560","FULL","2850","-1.0416666666666665","AVOID","-","passive","FALSE","","G ACC","2026-04-27","","29d","29","DOWNTREND","BEARISH","BULLISH","BULLISH","DEMAND STRUCTURE","NORMAL UPTREND","41.27","TRUE","TRUE","FALSE","WEAKENING","WEAKENING (Passive)","0.82","0.82","NORMAL","10.26","89.74","51.45","28.84","20.7","18.39","2862.57","2576.94","1696.43","2497400","3060010","942","Supertrend bearish | RSI 51.5 > 50 | Volume 0.82x | Lolos anti-crash ADX | RISEN NORMAL UPTREND","Full Grid (1-2-3-4)","100000000","3660","2640","2400","2060","0.1","0.2","0.3","0.4","27","75","125","194","421","99646000","354000","2366.89","2368.24","1570","6800","9925","9925","57.1","33.67","171.17","319.33","3","9.48"
"SONA","2026-05-26","2026-05-26","560","FULL","2170","-2.2522522522522523","AVOID","-","passive","FALSE","","EARLY SWEEP","2026-04-27","","29d","29","DOWNTREND","BEARISH","BEARISH","BEARISH","STRUCTURE + DISCOUNT","SIDEWAYS","12.02","TRUE","FALSE","FALSE","LAGGING","LAGGARD (Passive)","0.82","0.82","NORMAL","85","15","46.94","33.69","28.4","19.13","2230.28","2239.73","2660.35","137000","167440","942","Supertrend bearish | RSI 46.9 lemah | Volume 0.82x | Lolos anti-crash ADX | RISEN SIDEWAYS","Full Grid (1-2-3-4)","100000000","4720","3940","3760","3490","0.1","0.2","0.3","0.4","21","50","79","114","264","99102000","898000","3753.86","3754.48","3110","7125","9550","9550","34.11","17.15","102.33","154.4","3","9"
"MSJA","2026-05-26","2026-05-26","554","FULL","414","-1.4285714285714286","AVOID","-","passive","FALSE","","BETA BREAKOUT","2026-04-01","","55d","55","DOWNTREND","BEARISH","BEARISH","BULLISH","DEMAND STRUCTURE","NORMAL UPTREND","17.5","TRUE","TRUE","FALSE","IMPROVING","IMPROVING (Passive)","0.63","0.63","DRY / QUIET","0","100","37.34","21.83","19.01","25.17","455.01","458.99","391.74","9415100","14947490","940","Supertrend bearish | RSI 37.3 lemah | Volume 0.63x | Lolos anti-crash ADX | RISEN NORMAL UPTREND","Full Grid (1-2-3-4)","100000000","474","418","404","386","0.1","0.2","0.3","0.4","210","478","742","1036","2466","99900800","99200","405.11","405.14","356","650","830","830","24.89","12.12","75.11","104.88","3.02","8.65"
"WOWS","2026-05-26","2026-05-26","560","FULL","63","0","AVOID","-","passive","FALSE","","SMART SNIPER","2026-04-01","Discount Only","55d","55","DOWNTREND","BEARISH","BEARISH","BEARISH","STRUCTURE + DISCOUNT","NORMAL DOWNTREND","51.9","TRUE","FALSE","FALSE","IMPROVING","IMPROVING (Passive)","0.08","0.08","DRY / QUIET","33.33","66.67","34.56","22.5","18.97","22.83","69.76","73.51","74.75","2935900","37037755","940","Supertrend bearish | RSI 34.6 lemah | Volume 0.08x | Lolos anti-crash ADX | RISEN NORMAL DOWNTREND","Full Grid (1-2-3-4)","100000000","78","66","63","59","0.1","0.2","0.3","0.4","1282","3030","4761","6779","15852","99988000","12000","63.08","63.08","52","117","156","156","33.33","17.56","100","147.32","3","8.39"
"DSFI","2026-05-26","2026-05-26","560","FULL","78","-2.5","AVOID","-","passive","FALSE","","SMART GAMMA","2026-04-15","","41d","41","DOWNTREND","BEARISH","BEARISH","BEARISH","STRUCTURE + DISCOUNT","NORMAL DOWNTREND","2.74","TRUE","FALSE","FALSE","LAGGING","LAGGARD (Passive)","2.22","2.22","VOLUME SURGE","0","100","30.6","22.88","19.89","29.16","90","94.54","89.93","16031000","7217615","938","Supertrend bearish | RSI 30.6 lemah | Volume valid 2.22x | Lolos anti-crash ADX | RISEN NORMAL DOWNTREND","Full Grid (1-2-3-4)","100000000","103","93","90","86","0.1","0.2","0.3","0.4","970","2150","3333","4651","11104","99981600","18400","90.04","90.04","81","136","169","169","21.36","10.04","64.08","87.69","3","8.73"
"MITI","2026-05-26","2026-05-26","560","FULL","195","0","AVOID","-","passive","FALSE","","EARLY SWEEP","2026-03-31","","56d","56","DOWNTREND","BEARISH","BEARISH","BEARISH","DOWNTREND DISCOUNT","NORMAL DOWNTREND","26.01","TRUE","FALSE","FALSE","IMPROVING","IMPROVING (Passive)","0.64","0.64","DRY / QUIET","61.11","38.89","36.41","29.98","9.72","25.12","222.02","250.94","273.88","1074300","1674295","938","Supertrend bearish | RSI 36.4 lemah | Volume 0.64x | Lolos anti-crash ADX | RISEN NORMAL DOWNTREND","Full Grid (1-2-3-4)","100000000","434","344","322","290","0.1","0.2","0.3","0.4","230","581","931","1379","3121","99937600","62400","320.21","320.23","246","715","1000","1000","43.32","23.18","130.41","212.29","3.01","9.16"
"MKAP","2026-05-26","2026-05-26","535","FULL","1085","0","AVOID","-","passive","FALSE","","G ACC","2026-03-06","","81d","81","DOWNTREND","BULLISH","BULLISH","BULLISH","DEMAND STRUCTURE","SIDEWAYS","77.38","TRUE","FALSE","FALSE","LEADING","LEADING (Passive)","1.88","1.88","EXPANSION","100","0","60.16","44.1","21.94","14.16","1079.29","1025.75","708.56","279900","149045","938","Supertrend bearish | RSI 60.2 > 50 | Volume valid 1.88x | Lolos anti-crash ADX | RISEN SIDEWAYS","Full Grid (1-2-3-4)","100000000","1005","840","800","740","0.1","0.2","0.3","0.4","99","238","375","540","1252","99901500","98500","797.94","798","665","1515","2030","2030","33.83","16.66","101.99","154.41","3.01","9.27"
"BLTA","2026-05-26","2026-05-26","560","FULL","40","8.108108108108109","HOLD","-","passive","FALSE","","SMART GAMMA","2026-03-05","","82d","82","UPTREND","BULLISH","BEARISH","BULLISH","UPTREND DISCOUNT","NORMAL DOWNTREND","56.13","TRUE","FALSE","FALSE","LEADING","LEADING (Passive)","0.59","0.59","DRY / QUIET","100","0","50.12","17.29","37.15","43.98","39.46","41.1","37.81","5961900","10058445","936","Supertrend bullish | RSI 50.1 > 50 | Volume 0.59x | Lolos anti-crash ADX | RISEN NORMAL DOWNTREND","Full Grid (1-2-3-4)","100000000","49","44","43","41","0.1","0.2","0.3","0.4","2040","4545","6976","9756","23317","99990400","9600","42.88","42.88","38","70","82","82","22.45","11.39","67.35","91.22","3","8.01"
"BMHS","2026-05-26","2026-05-26","560","FULL","185","0","AVOID","-","passive","FALSE","","V-SHAPE","2026-03-05","","82d","82","DOWNTREND","NEUTRAL","BEARISH","BEARISH","DEMAND STRUCTURE","SIDEWAYS","25","TRUE","FALSE","FALSE","LEADING","LEADING (Passive)","0.15","0.15","DRY / QUIET","66.67","33.33","49.36","23.26","24.15","14.26","185.06","186.61","193.76","988100","6761255","936","Supertrend bearish | RSI 49.4 lemah | Volume 0.15x | Lolos anti-crash ADX | RISEN SIDEWAYS","Full Grid (1-2-3-4)","100000000","193","188","186","184","0.1","0.2","0.3","0.4","518","1063","1612","2173","5366","99948200","51800","186.26","186.26","180","212","234","234","6.74","3.36","21.24","25.63","3.15","7.62"
"CTTH","2026-05-26","2026-05-26","560","FULL","165","0.6097560975609756","AVOID","-","passive","FALSE","","G ACC","2026-04-24","","32d","32","DOWNTREND","BEARISH","BULLISH","BULLISH","DOWNTREND PREMIUM","NORMAL UPTREND","25","TRUE","TRUE","FALSE","WEAKENING","WEAKENING (Passive)","0.29","0.29","DRY / QUIET","7.69","92.31","50.96","49.84","38.39","26.39","171.37","141.78","96.95","18391100","62430755","936","Supertrend bearish | RSI 51.0 > 50 | Volume 0.29x | Lolos anti-crash ADX | RISEN NORMAL UPTREND","Full Grid (1-2-3-4)","100000000","161","115","104","88","0.1","0.2","0.3","0.4","621","1739","2884","4545","9789","99986200","13800","102.14","102.14","65","306","450","450","59.63","36.36","179.5","340.57","3.01","9.37"
"HEAL","2026-05-26","2026-05-26","560","FULL","990","1.0204081632653061","AVOID","-","passive","FALSE","","EARLY SWEEP","2026-03-05","","82d","82","DOWNTREND","BEARISH","BEARISH","BEARISH","STRUCTURE + DISCOUNT","NORMAL DOWNTREND","65","TRUE","FALSE","FALSE","LEADING","LEADING (Passive)","0.54","0.54","DRY / QUIET","60","40","26.08","33.1","11.7","28.03","1050.06","1142.52","1321.77","5420300","10005145","936","Supertrend bearish | RSI 26.1 lemah | Volume 0.54x | Crash filter aktif | RISEN NORMAL DOWNTREND","Full Grid (1-2-3-4)","100000000","1465","1400","1385","1365","0.1","0.2","0.3","0.4","68","142","216","293","719","99752500","247500","1387.38","1387.42","1325","1675","1885","1885","9.56","4.5","28.67","35.87","3","7.98"
"ISAT","2026-05-26","2026-05-26","560","FULL","2160","0","AVOID","-","passive","FALSE","","EARLY SWEEP","2026-04-24","","32d","32","DOWNTREND","BULLISH","BULLISH","BEARISH","DEMAND STRUCTURE","SIDEWAYS","42.58","TRUE","FALSE","FALSE","LAGGING","LAGGARD (Passive)","0.52","0.52","DRY / QUIET","50","50","51.59","20.47","24.13","18","2144.08","2136.91","2314.79","7936800","15366190","936","Supertrend bearish | RSI 51.6 > 50 | Volume 0.52x | Lolos anti-crash ADX | RISEN SIDEWAYS","Full Grid (1-2-3-4)","100000000","2200","2110","2090","2060","0.1","0.2","0.3","0.4","45","94","143","194","476","99585000","415000","2092.12","2092.24","1995","2510","2820","2820","9.32","4.64","28.18","34.79","3.02","7.49"
"MDLN","2026-05-26","2026-05-26","560","FULL","51","0","AVOID","-","passive","FALSE","","V-SHAPE","2026-03-05","","82d","82","DOWNTREND","BEARISH","BEARISH","BEARISH","STRUCTURE + DISCOUNT","NORMAL DOWNTREND","81.73","TRUE","FALSE","FALSE","LEADING","LEADING (Passive)","0.59","0.59","DRY / QUIET","50","50","39.73","20.24","21.87","16.35","52.64","54.67","57.7","7947300","13484505","936","Supertrend bearish | RSI 39.7 lemah | Volume 0.59x | Lolos anti-crash ADX | RISEN NORMAL DOWNTREND","Full Grid (1-2-3-4)","100000000","57","55","55","54","0.1","0.2","0.3","0.4","1754","3636","5454","7407","18251","99990600","9400","54.79","54.79","52","65","72","72","8.77","5.09","26.32","31.42","3","6.18"
"PSDN","2026-05-26","2026-05-26","560","FULL","129","-5.839416058394161","AVOID","-","passive","FALSE","","SMART GAMMA","2026-04-24","","32d","32","DOWNTREND","BEARISH","BEARISH","BULLISH","STRUCTURE + DISCOUNT","NORMAL UPTREND","29.82","TRUE","TRUE","FALSE","LAGGING","LAGGARD (Passive)","0.13","0.13","DRY / QUIET","0","100","39.86","25.85","26.21","22.8","153.62","151.38","126.18","10624100","80367275","936","Supertrend bearish | RSI 39.9 lemah | Volume 0.13x | Lolos anti-crash ADX | RISEN NORMAL UPTREND","Full Grid (1-2-3-4)","100000000","199","144","130","112","0.1","0.2","0.3","0.4","502","1388","2307","3571","7768","99963200","36800","128.69","128.69","83","374","545","545","58.29","35.5","173.87","323.51","2.98","9.11"
"SMMT","2026-05-26","2026-05-26","560","FULL","1805","2.556818181818182","AVOID","-","passive","FALSE","","G ACC","2026-04-24","","32d","32","DOWNTREND","BEARISH","BULLISH","BULLISH","DOWNTREND DISCOUNT","NORMAL UPTREND","25","TRUE","TRUE","FALSE","LAGGING","LAGGARD (Passive)","0.11","0.11","DRY / QUIET","55.56","44.44","46.01","39.48","30.74","25.17","1927.77","1783.85","1421.38","95300","875425","936","Supertrend bearish | RSI 46.0 lemah | Volume 0.11x | Lolos anti-crash ADX | RISEN NORMAL UPTREND","Full Grid (1-2-3-4)","100000000","2160","1645","1525","1350","0.1","0.2","0.3","0.4","46","121","196","296","659","99690500","309500","1512.75","1513.1","1105","3740","5325","5325","48.84","26.95","146.53","252.01","3","9.35"
"ENRG","2026-05-26","2026-05-26","560","FULL","1375","-1.079136690647482","AVOID","-","passive","FALSE","","SMART GAMMA","2026-04-23","","33d","33","DOWNTREND","BEARISH","BEARISH","BULLISH","STRUCTURE + DISCOUNT","NORMAL DOWNTREND","27.47","TRUE","FALSE","FALSE","LAGGING","LAGGARD (Passive)","0.59","0.59","DRY / QUIET","0","100","40.13","25.78","10.34","27.63","1568.15","1608.2","1253.88","59986900","101064625","934","Supertrend bearish | RSI 40.1 lemah | Volume 0.59x | Lolos anti-crash ADX | RISEN NORMAL DOWNTREND","Full Grid (1-2-3-4)","100000000","2090","1695","1600","1470","0.1","0.2","0.3","0.4","47","117","187","272","623","99558500","441500","1598.05","1598.85","1275","3310","4540","4540","39","20.22","117.22","184.1","3.01","9.11"
"GDYR","2026-05-26","2026-05-26","560","FULL","1100","2.3255813953488373","HOLD","-","passive","FALSE","","V-SHAPE","2026-03-04","","83d","83","UPTREND","BULLISH","NEUTRAL","BEARISH","DEMAND STRUCTURE","SIDEWAYS","50.35","TRUE","FALSE","FALSE","LEADING","LEADING (Passive)","0.38","0.38","DRY / QUIET","100","0","50.08","13.14","20.38","16.71","1097.46","1101.47","1125.47","50100","131490","934","Supertrend bullish | RSI 50.1 > 50 | Volume 0.38x | Lolos anti-crash ADX | RISEN SIDEWAYS","Full Grid (1-2-3-4)","100000000","1085","1065","1060","1055","0.1","0.2","0.3","0.4","92","187","283","379","941","99880000","120000","1061.42","1061.43","1035","1160","1275","1275","4.61","2.49","17.51","20.12","3.8","8.08"
"HYGN","2026-05-26","2026-05-26","534","FULL","148","-1.3333333333333335","HOLD","-","passive","FALSE","","V-SHAPE","2026-04-23","","33d","33","UPTREND","BEARISH","BEARISH","BEARISH","STRUCTURE + DISCOUNT","SIDEWAYS","52.33","TRUE","TRUE","FALSE","WEAKENING","WEAKENING (Passive)","0.12","0.12","DRY / QUIET","80","20","48.14","58.04","28.76","11.87","149.85","148.86","151.71","947400","8227135","934","Supertrend bullish | RSI 48.1 lemah | Volume 0.12x | Lolos anti-crash ADX | RISEN SIDEWAYS","Full Grid (1-2-3-4)","100000000","146","142","140","139","0.1","0.2","0.3","0.4","684","1408","2142","2877","7111","99958300","41700","140.57","140.57","136","161","177","177","6.85","3.25","21.23","25.92","3.1","7.97"
"KBAG","2026-05-26","2026-05-26","560","FULL","39","8.333333333333332","AVOID","-","passive","FALSE","","G ACC","2026-04-23","","33d","33","DOWNTREND","BEARISH","BEARISH","BEARISH","DOWNTREND DISCOUNT","NORMAL DOWNTREND","25","TRUE","FALSE","FALSE","LAGGING","LAGGARD (Passive)","0.2","0.2","DRY / QUIET","50","50","38.98","22.8","29.98","38.74","44.94","47.67","45.52","4525600","22519045","934","Supertrend bearish | RSI 39.0 lemah | Volume 0.2x | Lolos anti-crash ADX | RISEN NORMAL DOWNTREND","Full Grid (1-2-3-4)","100000000","55","51","49","48","0.1","0.2","0.3","0.4","1818","3921","6122","8333","20194","99992300","7700","49.52","49.52","46","69","82","82","16.36","7.1","49.09","65.6","3","9.24"
"LOPI","2026-05-26","2026-05-26","560","FULL","99","2.0618556701030926","AVOID","-","passive","FALSE","","SMART GAMMA","2026-04-23","","33d","33","DOWNTREND","BEARISH","BEARISH","BEARISH","STRUCTURE + DISCOUNT","SIDEWAYS","46.88","TRUE","FALSE","FALSE","LAGGING","LAGGARD (Passive)","0.74","0.74","DRY / QUIET","22.22","77.78","38.14","15.87","17.94","18.85","110.19","116.64","109.96","3210700","4334380","934","Supertrend bearish | RSI 38.1 lemah | Volume 0.74x | Lolos anti-crash ADX | RISEN SIDEWAYS","Full Grid (1-2-3-4)","100000000","126","110","106","101","0.1","0.2","0.3","0.4","793","1818","2830","3960","9401","99983800","16200","106.35","106.36","92","177","228","228","26.98","13.5","80.95","114.38","3","8.47"
"OILS","2026-05-26","2026-05-26","560","FULL","194","-3","AVOID","-","passive","FALSE","","V-SHAPE","2026-04-23","","33d","33","DOWNTREND","BEARISH","BEARISH","BEARISH","STRUCTURE + DISCOUNT","NORMAL DOWNTREND","65","TRUE","FALSE","FALSE","LAGGING","LAGGARD (Passive)","0.49","0.49","DRY / QUIET","14.29","85.71","23.3","30.79","14.26","30.8","235.96","246.02","213.02","3825000","7742360","934","Supertrend bearish | RSI 23.3 lemah | Volume 0.49x | Crash filter aktif | RISEN NORMAL DOWNTREND","Full Grid (1-2-3-4)","100000000","302","234","218","196","0.1","0.2","0.3","0.4","331","854","1376","2040","4601","99960600","39400","217.26","217.26","162","510","720","720","46.36","25.43","138.41","231.4","2.99","9.1"
"ARKO","2026-05-26","2026-05-26","560","FULL","5900","-3.278688524590164","AVOID","-","passive","FALSE","","G ACC","2026-04-22","","34d","34","DOWNTREND","BEARISH","BEARISH","BULLISH","DEMAND STRUCTURE","NORMAL UPTREND","30.16","TRUE","TRUE","FALSE","LAGGING","LAGGARD (Passive)","0.52","0.52","DRY / QUIET","11.11","88.89","36.38","28.24","14.22","26.22","7637.37","7879.55","5717.04","1963500","3802705","932","Supertrend bearish | RSI 36.4 lemah | Volume 0.52x | Lolos anti-crash ADX | RISEN NORMAL UPTREND","Full Grid (1-2-3-4)","100000000","11700","8300","7500","6350","0.1","0.2","0.3","0.4","8","24","40","62","134","98650000","1350000","7361.94","7372.7","4680","22225","32750","32750","60","36.43","179.91","344.86","3","9.47"
"COAL","2026-05-26","2026-05-26","560","FULL","50","0","AVOID","-","passive","FALSE","","SMART SNIPER","2026-04-22","Structure + Discount","34d","34","DOWNTREND","BEARISH","BEARISH","BEARISH","DOWNTREND DISCOUNT","NORMAL DOWNTREND","75.39","TRUE","FALSE","FALSE","LAGGING","LAGGARD (Passive)","0.01","0.01","DRY / QUIET","50","50","36.04","11.58","19.2","21.56","55.59","60.76","63.74","4531300","378794065","932","Supertrend bearish | RSI 36.0 lemah | Volume 0.01x | Lolos anti-crash ADX | RISEN NORMAL DOWNTREND","Full Grid (1-2-3-4)","100000000","71","62","60","57","0.1","0.2","0.3","0.4","1408","3225","5000","7017","16650","99988700","11300","60.05","60.05","52","100","128","128","26.76","13.41","80.28","113.14","3","8.44"
"DILD","2026-05-26","2026-05-26","560","FULL","120","-1.639344262295082","AVOID","-","passive","FALSE","","SMART SNIPER","2026-04-22","Discount Only","34d","34","DOWNTREND","BEARISH","BEARISH","BEARISH","STRUCTURE + DISCOUNT","NORMAL DOWNTREND","62.55","TRUE","FALSE","FALSE","LAGGING","LAGGARD (Passive)","0.47","0.47","DRY / QUIET","0","100","36.47","15.84","14.67","20.64","124.73","128.02","135.4","9202000","19736540","932","Supertrend bearish | RSI 36.5 lemah | Volume 0.47x | Lolos anti-crash ADX | RISEN NORMAL DOWNTREND","Full Grid (1-2-3-4)","100000000","137","130","128","125","0.1","0.2","0.3","0.4","729","1538","2343","3200","7810","99971700","28300","128","128.01","121","161","185","185","11.68","5.47","35.04","44.53","3","8.14"
"KOIN","2026-05-26","2026-05-26","560","FULL","78","0","AVOID","-","passive","FALSE","","V-SHAPE","2026-03-03","","84d","84","DOWNTREND","BEARISH","BEARISH","BEARISH","DOWNTREND DISCOUNT","SIDEWAYS","45.81","TRUE","FALSE","FALSE","LEADING","LEADING (Passive)","0.53","0.53","DRY / QUIET","50","50","45.86","15.03","36.71","43.6","80.22","81.87","79.96","10400","19645","932","Supertrend bearish | RSI 45.9 lemah | Volume 0.53x | Lolos anti-crash ADX | RISEN SIDEWAYS","Full Grid (1-2-3-4)","100000000","90","84","83","81","0.1","0.2","0.3","0.4","1111","2380","3614","4938","12043","99985000","15000","83.02","83.02","77","110","129","129","14.44","7.25","43.33","55.38","3","7.63"
"KOTA","2026-05-26","2026-05-26","560","FULL","105","-8.695652173913043","AVOID","-","passive","FALSE","","G ACC","2026-04-22","","34d","34","DOWNTREND","BEARISH","BULLISH","BULLISH","DEMAND STRUCTURE","NORMAL UPTREND","33.08","TRUE","TRUE","FALSE","LAGGING","LAGGARD (Passive)","0.21","0.21","DRY / QUIET","5.88","94.12","43.04","33.66","21.75","26.05","122.77","104.45","63.57","231930000","1087971755","932","Supertrend bearish | RSI 43.0 lemah | Volume 0.21x | Crash filter aktif | RISEN NORMAL UPTREND","Full Grid (1-2-3-4)","100000000","136","95","85","72","0.1","0.2","0.3","0.4","735","2105","3529","5555","11924","99986000","14000","83.85","83.85","52","262","388","388","61.76","37.99","185.29","362.72","3","9.55"
"PNBN","2026-05-26","2026-05-26","560","FULL","960","0.5235602094240838","AVOID","-","passive","FALSE","","SMART SNIPER","2026-04-22","Demand Structure","34d","34","DOWNTREND","BEARISH","BEARISH","BEARISH","STRUCTURE + DISCOUNT","NORMAL DOWNTREND","5.77","TRUE","FALSE","FALSE","LAGGING","LAGGARD (Passive)","1.81","1.81","EXPANSION","75","25","41.4","22.08","19.38","22.08","987.02","1002.07","1091.87","8361600","4614605","932","Supertrend bearish | RSI 41.4 lemah | Volume valid 1.81x | Lolos anti-crash ADX | RISEN NORMAL DOWNTREND","Full Grid (1-2-3-4)","100000000","1080","1010","990","965","0.1","0.2","0.3","0.4","92","198","303","414","1007","99882000","118000","991.88","991.92","930","1305","1530","1530","13.89","6.24","41.67","54.25","3","8.7"
"WIRG","2026-05-26","2026-05-26","560","FULL","62","0","AVOID","-","passive","FALSE","","SMART SNIPER","2026-04-22","Discount Only","34d","34","DOWNTREND","BEARISH","BEARISH","BEARISH","STRUCTURE + DISCOUNT","NORMAL DOWNTREND","29.95","TRUE","FALSE","FALSE","LAGGING","LAGGARD (Passive)","1.24","1.24","EXPANSION","16.67","83.33","24.29","28.65","13.17","30.57","71.64","77.66","94.83","56767300","45803120","932","Supertrend bearish | RSI 24.3 lemah | Volume valid 1.24x | Lolos anti-crash ADX | RISEN NORMAL DOWNTREND","Full Grid (1-2-3-4)","100000000","86","79","77","74","0.1","0.2","0.3","0.4","1162","2531","3896","5405","12994","99984300","15700","76.95","76.95","70","110","134","134","18.6","9.03","55.81","74.15","3","8.21"
"APIC","2026-05-26","2026-05-26","560","FULL","1150","-3.765690376569038","AVOID","-","passive","FALSE","","BETA BREAKOUT","2026-04-21","","35d","35","DOWNTREND","BEARISH","BEARISH","BEARISH","STRUCTURE + DISCOUNT","SIDEWAYS","17.5","TRUE","FALSE","FALSE","LAGGING","LAGGARD (Passive)","0.26","0.26","DRY / QUIET","51.61","48.39","39.6","20.93","20.18","30.07","1502.91","1465.82","1338.44","1853200","7149190","930","Supertrend bearish | RSI 39.6 lemah | Volume 0.26x | Lolos anti-crash ADX | RISEN SIDEWAYS","Full Grid (1-2-3-4)","100000000","1500","1275","1220","1145","0.1","0.2","0.3","0.4","66","156","245","349","816","99640500","359500","1221.08","1221.34","1025","2210","2930","2930","31.67","16.06","95.33","139.95","3.01","8.72"
"ARGO","2026-05-26","2026-05-26","560","FULL","805","-2.4242424242424243","AVOID","-","passive","FALSE","","SMART SNIPER","2026-04-21","Discount Only","35d","35","DOWNTREND","BEARISH","BEARISH","BEARISH","STRUCTURE + DISCOUNT","SIDEWAYS","47.61","TRUE","FALSE","FALSE","LAGGING","LAGGARD (Passive)","0.07","0.07","DRY / QUIET","0","100","32.9","22.02","16.93","31.86","931.63","976.8","1030.43","4700","65350","930","Supertrend bearish | RSI 32.9 lemah | Volume 0.07x | Lolos anti-crash ADX | RISEN SIDEWAYS","Full Grid (1-2-3-4)","100000000","1155","980","935","875","0.1","0.2","0.3","0.4","86","204","320","457","1067","99832500","167500","935.64","935.75","785","1710","2270","2270","32.03","16.1","96.54","142.62","3.01","8.86"
"ASGR","2026-05-26","2026-05-26","560","FULL","1485","-1.6556291390728477","AVOID","-","passive","FALSE","","SMART GAMMA","2026-04-21","","35d","35","DOWNTREND","BEARISH","BEARISH","BULLISH","DEMAND STRUCTURE","NORMAL UPTREND","56.18","TRUE","TRUE","FALSE","WEAKENING","WEAKENING (Passive)","0.58","0.58","DRY / QUIET","0","100","37.62","25.72","16.16","33.9","1592.91","1608.27","1389.22","850300","1476955","930","Supertrend bearish | RSI 37.6 lemah | Volume 0.58x | Lolos anti-crash ADX | RISEN NORMAL UPTREND","Full Grid (1-2-3-4)","100000000","1900","1670","1615","1540","0.1","0.2","0.3","0.4","52","119","185","259","615","99516500","483500","1618.15","1618.41","1425","2610","3330","3330","25","11.94","75.26","105.79","3.01","8.86"
"HDIT","2026-05-26","2026-05-26","560","FULL","53","-1.8518518518518516","AVOID","-","passive","FALSE","","SMART SNIPER","2026-04-21","Structure + Discount","35d","35","DOWNTREND","BEARISH","BEARISH","BEARISH","STRUCTURE + DISCOUNT","NORMAL DOWNTREND","78.78","TRUE","FALSE","FALSE","LAGGING","LAGGARD (Passive)","0.38","0.38","DRY / QUIET","25","75","37.48","20.44","14.88","17.55","58.22","61.04","57.66","7094600","18912980","930","Supertrend bearish | RSI 37.5 lemah | Volume 0.38x | Lolos anti-crash ADX | RISEN NORMAL DOWNTREND","Full Grid (1-2-3-4)","100000000","66","60","58","56","0.1","0.2","0.3","0.4","1515","3333","5172","7142","17162","99989800","10200","58.26","58.26","52","90","92","92","21.21","10.75","39.39","57.91","1.86","5.39"
"IKAI","2026-05-26","2026-05-26","560","FULL","20","0","AVOID","-","passive","FALSE","","SMART SNIPER","2026-04-21","Structure + Discount","35d","35","DOWNTREND","BEARISH","BEARISH","BEARISH","STRUCTURE + DISCOUNT","NORMAL DOWNTREND","25","TRUE","FALSE","FALSE","LAGGING","LAGGARD (Passive)","0.58","0.58","DRY / QUIET","0","100","37.47","20.69","28.73","41.76","22.58","22.93","20.54","15860400","27230090","930","Supertrend bearish | RSI 37.5 lemah | Volume 0.58x | Lolos anti-crash ADX | RISEN NORMAL DOWNTREND","Full Grid (1-2-3-4)","100000000","23","22","21","21","0.1","0.2","0.3","0.4","4347","9090","14285","19047","46769","99993300","6700","21.38","21.38","20","28","32","32","13.04","6.46","39.13","49.67","3","7.69"
"INDY","2026-05-26","2026-05-26","560","FULL","2360","-3.6734693877551026","AVOID","-","passive","FALSE","","V-SHAPE","2026-04-21","","35d","35","DOWNTREND","BEARISH","BEARISH","BEARISH","STRUCTURE + DISCOUNT","NORMAL DOWNTREND","17.5","TRUE","FALSE","FALSE","LAGGING","LAGGARD (Passive)","0.48","0.48","DRY / QUIET","15.79","84.21","28.4","33.8","9.76","33.03","2984.67","3237.99","2747.01","13135400","27437555","930","Supertrend bearish | RSI 28.4 lemah | Volume 0.48x | Crash filter aktif | RISEN NORMAL DOWNTREND","Full Grid (1-2-3-4)","100000000","3740","3400","3310","3200","0.1","0.2","0.3","0.4","26","58","90","125","299","99234000","766000","3318.86","3320.1","3000","4850","5950","5950","19.79","9.61","59.09","79.28","2.99","8.25"
"KICI","2026-05-26","2026-05-26","560","FULL","200","-2.912621359223301","AVOID","-","passive","FALSE","","SMART GAMMA","2026-04-21","","35d","35","DOWNTREND","BEARISH","BEARISH","BULLISH","STRUCTURE + DISCOUNT","SIDEWAYS","85.4","TRUE","FALSE","FALSE","WEAKENING","WEAKENING (Passive)","0.12","0.12","DRY / QUIET","0","100","43.65","36.35","28.95","17.13","212.61","212.19","195.49","143200","1200535","930","Supertrend bearish | RSI 43.6 lemah | Volume 0.12x | Lolos anti-crash ADX | RISEN SIDEWAYS","Full Grid (1-2-3-4)","100000000","322","242","222","195","0.1","0.2","0.3","0.4","310","826","1351","2051","4538","99957900","42100","220.27","220.28","155","575","825","825","51.86","29.63","156.21","274.54","3.01","9.27"
"LAND","2026-05-26","2026-05-26","560","FULL","60","-11.76470588235294","AVOID","-","passive","FALSE","","SMART GAMMA","2026-04-21","","35d","35","DOWNTREND","BEARISH","BEARISH","BULLISH","STRUCTURE + DISCOUNT","SIDEWAYS","25","TRUE","TRUE","FALSE","LAGGING","LAGGARD (Passive)","0.3","0.3","DRY / QUIET","10","90","35.97","23.48","16.23","27.69","77.34","74.79","55.7","29715400","98567705","930","Supertrend bearish | RSI 36.0 lemah | Volume 0.3x | Lolos anti-crash ADX | RISEN SIDEWAYS","Full Grid (1-2-3-4)","100000000","97","77","72","66","0.1","0.2","0.3","0.4","1030","2597","4166","6060","13853","99979100","20900","72.17","72.17","56","159","220","220","42.27","22.41","126.8","204.83","3","9.14"
"OBMD","2026-05-26","2026-05-26","560","FULL","212","0.9523809523809524","AVOID","-","passive","FALSE","","V-SHAPE","2026-03-02","","85d","85","DOWNTREND","BEARISH","BEARISH","BEARISH","STRUCTURE + DISCOUNT","NORMAL DOWNTREND","51.39","TRUE","FALSE","FALSE","LEADING","LEADING (Passive)","0.32","0.32","DRY / QUIET","60","40","38.09","37.26","9.45","27.77","219.04","233.2","245.18","239500","753180","930","Supertrend bearish | RSI 38.1 lemah | Volume 0.32x | Crash filter aktif | RISEN NORMAL DOWNTREND","Full Grid (1-2-3-4)","100000000","276","268","264","262","0.1","0.2","0.3","0.4","362","746","1136","1526","3770","99955600","44400","265.13","265.13","254","310","342","342","7.97","4.2","23.91","28.99","3","6.9"
"RODA","2026-05-26","2026-05-26","560","FULL","61","-6.153846153846154","AVOID","-","passive","FALSE","","SMART GAMMA","2026-04-21","","35d","35","DOWNTREND","BEARISH","BEARISH","BULLISH","STRUCTURE + DISCOUNT","NORMAL UPTREND","41.87","TRUE","TRUE","FALSE","LAGGING","LAGGARD (Passive)","0.04","0.04","DRY / QUIET","0","100","39.13","22.54","20.49","22.29","71.09","68.58","55.97","5373200","123654090","930","Supertrend bearish | RSI 39.1 lemah | Volume 0.04x | Lolos anti-crash ADX | RISEN NORMAL UPTREND","Full Grid (1-2-3-4)","100000000","94","72","67","59","0.1","0.2","0.3","0.4","1063","2777","4477","6779","15096","99978600","21400","66.23","66.23","48","163","232","232","48.94","27.52","146.81","250.3","3","9.09"
"SKRN","2026-05-26","2026-05-26","560","FULL","420","-3.669724770642202","AVOID","-","passive","FALSE","","SMART GAMMA","2026-04-21","","35d","35","DOWNTREND","BEARISH","BEARISH","BEARISH","STRUCTURE + DISCOUNT","SIDEWAYS","24.07","TRUE","FALSE","FALSE","LAGGING","LAGGARD (Passive)","1.21","1.21","EXPANSION","0","100","32.22","26.51","13.32","29.9","458.78","468.89","490.01","257100","211970","930","Supertrend bearish | RSI 32.2 lemah | Volume valid 1.21x | Lolos anti-crash ADX | RISEN SIDEWAYS","Full Grid (1-2-3-4)","100000000","550","482","464","442","0.1","0.2","0.3","0.4","181","414","646","904","2145","99841000","159000","465.46","465.49","406","765","980","980","26.18","12.77","78.18","110.54","2.99","8.65"
"SMDR","2026-05-26","2026-05-26","560","FULL","304","-0.6535947712418301","AVOID","-","passive","FALSE","","SMART GAMMA","2026-03-02","","85d","85","DOWNTREND","BEARISH","BEARISH","BEARISH","STRUCTURE + DISCOUNT","NORMAL DOWNTREND","57.35","TRUE","FALSE","FALSE","LEADING","LEADING (Passive)","0.25","0.25","DRY / QUIET","25","75","35.08","29.13","11.11","29.96","323.89","341.33","342.22","3337100","13136590","930","Supertrend bearish | RSI 35.1 lemah | Volume 0.25x | Lolos anti-crash ADX | RISEN NORMAL DOWNTREND","Full Grid (1-2-3-4)","100000000","428","366","350","328","0.1","0.2","0.3","0.4","233","546","857","1219","2855","99934200","65800","350.03","350.05","298","625","820","820","30.37","14.86","91.59","134.26","3.02","9.03"
"TNCA","2026-05-26","2026-05-26","560","FULL","161","-3.592814371257485","AVOID","-","passive","FALSE","","SMART SNIPER","2026-04-21","Structure + Discount","35d","35","DOWNTREND","BEARISH","BEARISH","BEARISH","STRUCTURE + DISCOUNT","NORMAL DOWNTREND","17.5","TRUE","FALSE","FALSE","LAGGING","LAGGARD (Passive)","0.36","0.36","DRY / QUIET","0","100","33.2","13.39","22.15","20.91","181.38","188.47","200.46","147900","409530","930","Supertrend bearish | RSI 33.2 lemah | Volume 0.36x | Lolos anti-crash ADX | RISEN NORMAL DOWNTREND","Full Grid (1-2-3-4)","100000000","204","186","182","176","0.1","0.2","0.3","0.4","490","1075","1648","2272","5485","99971800","28200","182.26","182.26","166","262","318","318","18.63","8.92","55.88","74.47","3","8.35"
"TOTL","2026-05-26","2026-05-26","560","FULL","1055","0.4761904761904762","AVOID","-","passive","FALSE","","G ACC","2026-04-21","","35d","35","DOWNTREND","BEARISH","BEARISH","BULLISH","DEMAND STRUCTURE","SIDEWAYS","25","TRUE","FALSE","FALSE","WEAKENING","WEAKENING (Passive)","0.54","0.54","DRY / QUIET","80","20","37.78","33.11","13.97","30.56","1129.25","1118.36","982.64","2503700","4653060","930","Supertrend bearish | RSI 37.8 lemah | Volume 0.54x | Crash filter aktif | RISEN SIDEWAYS","Full Grid (1-2-3-4)","100000000","1220","1105","1080","1040","0.1","0.2","0.3","0.4","81","180","277","384","922","99624000","376000","1080.52","1080.67","985","1575","1925","1925","19.26","8.84","57.79","78.15","3","8.84"
"AKPI","2026-05-26","2026-05-26","560","FULL","520","0","HOLD","-","passive","FALSE","","SMART SNIPER","2026-04-20","Demand Structure","36d","36","UPTREND","BEARISH","BEARISH","BEARISH","STRUCTURE + DISCOUNT","SIDEWAYS","46.11","TRUE","FALSE","FALSE","LAGGING","LAGGARD (Passive)","0.16","0.16","DRY / QUIET","75","25","45.96","34.33","24.28","12.43","531.13","529.95","554.12","29700","186200","928","Supertrend bullish | RSI 46.0 lemah | Volume 0.16x | Lolos anti-crash ADX | RISEN SIDEWAYS","Full Grid (1-2-3-4)","100000000","560","515","505","490","0.1","0.2","0.3","0.4","178","388","594","816","1976","99931000","69000","505.72","505.74","464","705","850","850","17.14","8.25","51.79","68.08","3.02","8.25"
"BABY","2026-05-26","2026-05-26","560","FULL","154","1.9867549668874174","AVOID","-","passive","FALSE","","SMART SNIPER","2026-04-20","Discount Only","36d","36","DOWNTREND","BEARISH","BEARISH","BEARISH","DOWNTREND DISCOUNT","NORMAL DOWNTREND","50.56","TRUE","FALSE","FALSE","LAGGING","LAGGARD (Passive)","0.09","0.09","DRY / QUIET","25","75","34.92","16.76","32.42","33.47","201.77","228.16","280.54","578100","6308610","928","Supertrend bearish | RSI 34.9 lemah | Volume 0.09x | Lolos anti-crash ADX | RISEN NORMAL DOWNTREND","Full Grid (1-2-3-4)","100000000","262","222","212","199","0.1","0.2","0.3","0.4","381","900","1415","2010","4706","99959200","40800","212.41","212.42","178","388","515","515","32.06","16.2","96.56","142.46","3.01","8.79"
"BAPA","2026-05-26","2026-05-26","560","FULL","238","0","HOLD","-","passive","FALSE","","G ACC","2026-04-20","","36d","36","UPTREND","BULLISH","BULLISH","BULLISH","UPTREND PREMIUM","NORMAL UPTREND","0","FALSE","TRUE","FALSE","WEAKENING","WEAKENING (Passive)","0","0","NO VOLUME","50","50","76.96","65.01","50.96","8.49","219.41","176.46","111.6","0","61260265","928","Supertrend bullish | RSI 77.0 > 50 | Volume 0x | Lolos anti-crash ADX | RISEN NORMAL UPTREND","Full Grid (1-2-3-4)","100000000","199","135","119","98","0.1","0.2","0.3","0.4","502","1481","2521","4081","8585","99977000","23000","116.46","116.46","66","398","600","600","66.83","43.33","201.51","415.22","3.02","9.58"
"BIPP","2026-05-26","2026-05-26","560","FULL","63","-3.076923076923077","AVOID","-","passive","FALSE","","SMART GAMMA","2026-04-20","","36d","36","DOWNTREND","BEARISH","BEARISH","BULLISH","STRUCTURE + DISCOUNT","NORMAL UPTREND","25","TRUE","TRUE","FALSE","LAGGING","LAGGARD (Passive)","0.09","0.09","DRY / QUIET","40","60","40.2","25.77","15.85","23.57","73.63","73.99","62.38","3701600","39345660","928","Supertrend bearish | RSI 40.2 lemah | Volume 0.09x | Lolos anti-crash ADX | RISEN NORMAL UPTREND","Full Grid (1-2-3-4)","100000000","86","69","64","58","0.1","0.2","0.3","0.4","1162","2898","4687","6896","15643","99983000","17000","63.92","63.92","49","142","197","197","43.02","23.34","129.07","208.22","3","8.92"
"INDX","2026-05-26","2026-05-26","560","FULL","83","-2.3529411764705883","AVOID","-","passive","FALSE","","SMART GAMMA","2026-04-20","","36d","36","DOWNTREND","BEARISH","BEARISH","BEARISH","STRUCTURE + DISCOUNT","NORMAL DOWNTREND","27.01","TRUE","FALSE","FALSE","LAGGING","LAGGARD (Passive)","0.53","0.53","DRY / QUIET","22.22","77.78","33.5","13.03","23.86","23.65","97.13","108.03","126.74","3298700","6281780","928","Supertrend bearish | RSI 33.5 lemah | Volume 0.53x | Lolos anti-crash ADX | RISEN NORMAL DOWNTREND","Full Grid (1-2-3-4)","100000000","142","117","111","103","0.1","0.2","0.3","0.4","704","1709","2702","3883","8998","99979200","20800","111.11","111.11","90","220","298","298","36.62","19","109.86","168.2","3","8.85"
"KOPI","2026-05-26","2026-05-26","560","FULL","188","0.53475935828877","AVOID","-","passive","FALSE","","SMART SNIPER","2026-04-20","Discount Only","36d","36","DOWNTREND","BEARISH","BEARISH","BEARISH","DOWNTREND DISCOUNT","NORMAL DOWNTREND","25","TRUE","FALSE","FALSE","LAGGING","LAGGARD (Passive)","0.66","0.66","DRY / QUIET","12","88","33.43","21.32","25.54","21.22","230.36","245.98","322.63","636400","964920","928","Supertrend bearish | RSI 33.4 lemah | Volume 0.66x | Lolos anti-crash ADX | RISEN NORMAL DOWNTREND","Full Grid (1-2-3-4)","100000000","278","254","248","240","0.1","0.2","0.3","0.4","359","787","1209","1666","4021","99937200","62800","248.54","248.54","226","356","434","434","18.71","9.07","56.12","74.62","3","8.23"
"MDIA","2026-05-26","2026-05-26","560","FULL","94","-14.545454545454545","AVOID","-","passive","FALSE","","SMART GAMMA","2026-04-20","","36d","36","DOWNTREND","BEARISH","BEARISH","BULLISH","DOWNTREND","NORMAL UPTREND","0","FALSE","TRUE","FALSE","LAGGING","LAGGARD (Passive)","0.38","0.38","DRY / QUIET","0","100","41.66","30.36","22.98","21.69","114.12","99.95","67.6","213249800","558626690","928","Supertrend bearish | RSI 41.7 lemah | Volume 0.38x | Lolos anti-crash ADX | RISEN NORMAL UPTREND","Full Grid (1-2-3-4)","100000000","120","85","77","65","0.1","0.2","0.3","0.4","833","2352","3896","6153","13234","99981700","18300","75.55","75.55","48","228","336","336","60","36.47","180","344.74","3","9.45"
"POLU","2026-05-26","2026-05-26","560","FULL","10800","-3.3557046979865772","AVOID","-","passive","FALSE","","SMART GAMMA","2026-04-20","","36d","36","DOWNTREND","BEARISH","BEARISH","BEARISH","STRUCTURE + DISCOUNT","NORMAL DOWNTREND","58.91","TRUE","FALSE","FALSE","LAGGING","LAGGARD (Passive)","0.22","0.22","DRY / QUIET","0","100","33.68","14.76","20.58","37.52","13346.94","15007.21","15838.76","1400","6475","928","Supertrend bearish | RSI 33.7 lemah | Volume 0.22x | Lolos anti-crash ADX | RISEN NORMAL DOWNTREND","Full Grid (1-2-3-4)","100000000","20900","16950","16025","14700","0.1","0.2","0.3","0.4","4","11","18","27","60","95540000","4460000","15923.33","15995.97","12700","33200","45500","45500","39.23","20.24","117.7","185.74","3","9.18"
"VISI","2026-05-26","2026-05-26","525","FULL","710","-4.697986577181208","AVOID","-","passive","FALSE","","SMART GAMMA","2026-04-20","","36d","36","DOWNTREND","BEARISH","BULLISH","BULLISH","DEMAND STRUCTURE","NORMAL UPTREND","51.24","TRUE","TRUE","FALSE","WEAKENING","WEAKENING (Passive)","0.99","0.99","NORMAL","65","35","43.58","34.36","18.72","20.32","766.19","706.92","463.43","830800","837140","928","Supertrend bearish | RSI 43.6 lemah | Volume 0.99x | Crash filter aktif | RISEN NORMAL UPTREND","Full Grid (1-2-3-4)","100000000","925","710","660","590","0.1","0.2","0.3","0.4","108","281","454","677","1520","99848000","152000","656.89","656.9","482","1590","2250","2250","47.89","26.62","143.24","242.52","2.99","9.11"
"MSIN","2026-05-26","2026-05-26","560","FULL","420","-14.979757085020243","AVOID","-","passive","FALSE","","G ACC","2026-04-09","","47d","47","DOWNTREND","BEARISH","BEARISH","BEARISH","DOWNTREND DISCOUNT","SIDEWAYS","0","FALSE","TRUE","TRUE","LAGGING","LAGGARD (Passive)","2.28","2.28","VOLUME SURGE","0","100","23.96","25.19","14.52","37.1","666.7","692.88","678.41","47827400","21001880","926","Supertrend bearish | RSI 24.0 lemah | Volume valid 2.28x | Lolos anti-crash ADX | RISEN SIDEWAYS","Full Grid (1-2-3-4)","100000000","1185","735","630","478","0.1","0.2","0.3","0.4","84","272","476","836","1668","99894800","105200","598.89","598.98","268","2800","3020","3020","77.38","55.25","154.85","404.27","2","7.32"
"AKKU","2026-05-26","2026-05-26","560","FULL","38","0","AVOID","-","passive","FALSE","","SMART GAMMA","2026-02-27","","88d","88","DOWNTREND","NEUTRAL","NEUTRAL","BULLISH","DEMAND STRUCTURE","SIDEWAYS","0","FALSE","FALSE","FALSE","LEADING","LEADING (Passive)","0","0","NO VOLUME","50","50","49.78","7.67","31.15","26.7","38","37.96","34.26","0","0","924","Supertrend bearish | RSI 49.8 lemah | Volume NaNx | Lolos anti-crash ADX | RISEN SIDEWAYS","Full Grid (1-2-3-4)","100000000","39","35","34","33","0.1","0.2","0.3","0.4","2564","5714","8823","12121","29222","99996100","3900","34.22","34.22","30","53","66","66","23.08","12.33","69.23","92.87","3","7.53"
"MPPA","2026-05-26","2026-05-26","560","FULL","48","-2.0408163265306123","HOLD","-","passive","FALSE","","EARLY SWEEP","2026-02-27","","88d","88","UPTREND","BEARISH","BEARISH","BEARISH","UPTREND DISCOUNT","SIDEWAYS","39.65","TRUE","FALSE","FALSE","LEADING","LEADING (Passive)","1.14","1.14","NORMAL","0","100","45.85","14.07","31.5","29.73","49.42","50.68","56.3","17445700","15338195","924","Supertrend bullish | RSI 45.9 lemah | Volume 1.14x | Lolos anti-crash ADX | RISEN SIDEWAYS","Full Grid (1-2-3-4)","100000000","58","55","54","53","0.1","0.2","0.3","0.4","1724","3636","5555","7547","18462","99993300","6700","54.16","54.16","51","69","79","79","12.07","5.84","36.21","45.86","3","7.86"
"AKSI","2026-05-26","2026-05-26","560","FULL","240","-2.4390243902439024","AVOID","-","passive","FALSE","","SMART SNIPER","2026-04-17","Discount Only","39d","39","DOWNTREND","BEARISH","BEARISH","BEARISH","STRUCTURE + DISCOUNT","NORMAL DOWNTREND","46.18","TRUE","FALSE","FALSE","LAGGING","LAGGARD (Passive)","0.11","0.11","DRY / QUIET","50","50","33.46","17.35","16.77","25.99","278.51","304.31","331.82","48300","452080","922","Supertrend bearish | RSI 33.5 lemah | Volume 0.11x | Lolos anti-crash ADX | RISEN NORMAL DOWNTREND","Full Grid (1-2-3-4)","100000000","364","308","294","276","0.1","0.2","0.3","0.4","274","649","1020","1449","3392","99943200","56800","294.64","294.66","246","540","720","720","32.42","16.51","97.8","144.36","3.02","8.74"
"CITA","2026-05-26","2026-05-26","560","FULL","3290","-2.083333333333333","AVOID","-","passive","FALSE","","SMART SNIPER","2026-04-17","Discount Only","39d","39","DOWNTREND","BEARISH","BEARISH","BEARISH","STRUCTURE + DISCOUNT","NORMAL DOWNTREND","17.5","TRUE","FALSE","FALSE","LAGGING","LAGGARD (Passive)","0.8","0.8","DRY / QUIET","22.22","77.78","32.17","32.62","13.67","37.06","3717.69","3956.87","4126.4","641000","804060","922","Supertrend bearish | RSI 32.2 lemah | Volume 0.8x | Crash filter aktif | RISEN NORMAL DOWNTREND","Full Grid (1-2-3-4)","100000000","4400","4230","4190","4130","0.1","0.2","0.3","0.4","22","47","71","96","236","98958000","1042000","4193.14","4193.58","4040","4940","5475","5475","8.18","3.65","24.43","30.57","2.99","8.37"
"IFSH","2026-05-26","2026-05-26","560","FULL","1510","-9.850746268656717","AVOID","-","passive","FALSE","","G ACC","2026-04-17","","39d","39","DOWNTREND","BEARISH","BEARISH","BEARISH","STRUCTURE + DISCOUNT","NORMAL UPTREND","65","TRUE","TRUE","FALSE","LAGGING","LAGGARD (Passive)","0.12","0.12","DRY / QUIET","0","100","32.85","15.24","23.51","38.05","1984.01","2149.19","1631.04","15400","125970","922","Supertrend bearish | RSI 32.9 lemah | Volume 0.12x | Lolos anti-crash ADX | RISEN NORMAL UPTREND","Full Grid (1-2-3-4)","100000000","3050","2290","2110","1855","0.1","0.2","0.3","0.4","32","87","142","215","476","99527500","472500","2090.91","2092.33","1460","5425","7825","7825","52.13","30.17","156.56","274.24","3","9.09"
"PSAT","2026-05-26","2026-05-26","213","IPO / SHORT","780","-3.1055900621118013","AVOID","-","passive","FALSE","","SMART SNIPER","2026-04-17","Structure + Discount","39d","39","DOWNTREND","BEARISH","BEARISH","BEARISH","STRUCTURE + DISCOUNT","NORMAL DOWNTREND","29.31","TRUE","FALSE","FALSE","LAGGING","LAGGARD (Passive)","0.19","0.19","DRY / QUIET","10","90","32.59","26.84","12.27","24.79","866.33","922.23","1115.76","54900","288490","922","Supertrend bearish | RSI 32.6 lemah | Volume 0.19x | Lolos anti-crash ADX | RISEN NORMAL DOWNTREND","Full Grid (1-2-3-4)","100000000","1000","920","900","870","0.1","0.2","0.3","0.4","100","217","333","459","1109","99867000","133000","900.51","900.5","825","1265","1355","1355","17.5","8.39","35.5","50.47","2.03","6.02"
"AUTO","2026-05-26","2026-05-26","560","FULL","2500","-1.185770750988142","AVOID","-","passive","FALSE","","BETA BREAKOUT","2026-04-16","","40d","40","DOWNTREND","BEARISH","BEARISH","BEARISH","STRUCTURE + DISCOUNT","NORMAL DOWNTREND","36.52","TRUE","FALSE","FALSE","LAGGING","LAGGARD (Passive)","1.79","1.79","EXPANSION","50","50","36.92","22.46","13.54","25.48","2594.23","2626.13","2539.03","4707200","2627220","920","Supertrend bearish | RSI 36.9 lemah | Volume valid 1.79x | Lolos anti-crash ADX | RISEN NORMAL DOWNTREND","Full Grid (1-2-3-4)","100000000","2730","2620","2590","2550","0.1","0.2","0.3","0.4","36","76","115","156","383","99305000","695000","2592.82","2592.97","2490","3090","3450","3450","8.79","3.97","26.37","33.06","3","8.34"
"AYLS","2026-05-26","2026-05-26","560","FULL","138","0","AVOID","-","passive","FALSE","","SMART GAMMA","2026-04-16","","40d","40","DOWNTREND","BEARISH","BEARISH","BEARISH","STRUCTURE + DISCOUNT","NORMAL DOWNTREND","64.74","TRUE","FALSE","FALSE","LAGGING","LAGGARD (Passive)","0.17","0.17","DRY / QUIET","0","100","31.01","23.63","18.39","30.38","169.4","188.28","188.56","455800","2695905","920","Supertrend bearish | RSI 31.0 lemah | Volume 0.17x | Lolos anti-crash ADX | RISEN NORMAL DOWNTREND","Full Grid (1-2-3-4)","100000000","228","192","183","171","0.1","0.2","0.3","0.4","438","1041","1639","2339","5457","99964200","35800","183.19","183.19","150","346","462","462","34.21","18.12","102.63","152.2","3","8.4"
"BFIN","2026-05-26","2026-05-26","560","FULL","705","-2.083333333333333","AVOID","-","passive","FALSE","","SMART GAMMA","2026-04-16","","40d","40","DOWNTREND","BEARISH","BEARISH","BEARISH","STRUCTURE + DISCOUNT","NORMAL DOWNTREND","45.26","TRUE","FALSE","FALSE","WEAKENING","WEAKENING (Passive)","1.08","1.08","NORMAL","0","100","40","21.96","17.33","20.68","759.74","757.94","769.69","42803700","39558305","920","Supertrend bearish | RSI 40.0 lemah | Volume 1.08x | Lolos anti-crash ADX | RISEN NORMAL DOWNTREND","Full Grid (1-2-3-4)","100000000","905","780","745","705","0.1","0.2","0.3","0.4","110","256","402","567","1335","99845500","154500","747.91","747.96","645","1295","1685","1685","28.73","13.76","86.19","125.3","3","9.11"
"BMTR","2026-05-26","2026-05-26","560","FULL","129","0.78125","AVOID","-","passive","FALSE","","G ACC","2026-04-16","","40d","40","DOWNTREND","BEARISH","BEARISH","BEARISH","STRUCTURE + DISCOUNT","NORMAL DOWNTREND","25","TRUE","FALSE","FALSE","LAGGING","LAGGARD (Passive)","0.22","0.22","DRY / QUIET","66.67","33.33","31.51","34.66","12.88","30.78","145","148.6","149.35","12834400","57242930","920","Supertrend bearish | RSI 31.5 lemah | Volume 0.22x | Crash filter aktif | RISEN NORMAL DOWNTREND","Full Grid (1-2-3-4)","100000000","186","154","146","135","0.1","0.2","0.3","0.4","537","1298","2054","2962","6851","99952800","47200","145.9","145.9","119","286","388","388","36.02","18.43","108.6","165.94","3.01","9"
"IBST","2026-05-26","2026-05-26","560","FULL","8475","0","HOLD","-","passive","FALSE","","G ACC","2026-04-16","","40d","40","UPTREND","BULLISH","BULLISH","BULLISH","UPTREND PREMIUM","SIDEWAYS","0","FALSE","FALSE","FALSE","WEAKENING","WEAKENING (Passive)","0","0","NO VOLUME","50","50","90.42","73.32","77.39","8.24","8189.76","7255.16","5926.4","0","0","920","Supertrend bullish | RSI 90.4 > 50 | Volume NaNx | Lolos anti-crash ADX | RISEN SIDEWAYS","Full Grid (1-2-3-4)","100000000","7025","5625","5275","4810","0.1","0.2","0.3","0.4","14","35","56","83","188","98985500","1014500","5265.19","5268.08","4160","11325","15625","15625","40.78","20.99","122.42","196.76","3","9.37"
"IMJS","2026-05-26","2026-05-26","560","FULL","152","-2.564102564102564","AVOID","-","passive","FALSE","","SMART GAMMA","2026-04-16","","40d","40","DOWNTREND","BEARISH","BEARISH","BEARISH","STRUCTURE + DISCOUNT","SIDEWAYS","25","TRUE","FALSE","FALSE","LAGGING","LAGGARD (Passive)","0.21","0.21","DRY / QUIET","0","100","33.41","31.15","17.83","28.77","174.93","184.45","212.89","2927000","14276390","920","Supertrend bearish | RSI 33.4 lemah | Volume 0.21x | Crash filter aktif | RISEN SIDEWAYS","Full Grid (1-2-3-4)","100000000","226","190","182","169","0.1","0.2","0.3","0.4","442","1052","1648","2366","5508","99956200","43800","181.47","181.48","152","338","448","448","32.74","16.24","98.23","146.87","3","9.04"
"IPTV","2026-05-26","2026-05-26","560","FULL","38","0","HOLD","-","passive","FALSE","","SMART SNIPER","2026-04-16","Structure + Discount","40d","40","UPTREND","BEARISH","BEARISH","BEARISH","UPTREND DISCOUNT","SIDEWAYS","25","TRUE","FALSE","FALSE","LAGGING","LAGGARD (Passive)","0.55","0.55","DRY / QUIET","100","0","40.56","19.16","26.65","39.66","40.64","42.11","41.04","3376400","6121215","920","Supertrend bullish | RSI 40.6 lemah | Volume 0.55x | Lolos anti-crash ADX | RISEN SIDEWAYS","Full Grid (1-2-3-4)","100000000","43","41","40","39","0.1","0.2","0.3","0.4","2325","4878","7500","10256","24959","99995700","4300","40.06","40.06","38","51","71","71","11.63","5.15","65.12","77.22","5.6","14.99"
"JGLE","2026-05-26","2026-05-26","560","FULL","70","0","AVOID","-","passive","FALSE","","SMART GAMMA","2026-04-16","","40d","40","DOWNTREND","BEARISH","BULLISH","BULLISH","DOWNTREND PREMIUM","NORMAL UPTREND","15.57","TRUE","TRUE","FALSE","LAGGING","LAGGARD (Passive)","1.23","1.23","EXPANSION","33.33","66.67","46.04","15.88","35.63","34.6","75.12","69.16","45.67","147300500","119986940","920","Supertrend bearish | RSI 46.0 lemah | Volume valid 1.23x | Lolos anti-crash ADX | RISEN NORMAL UPTREND","Full Grid (1-2-3-4)","100000000","70","52","47","41","0.1","0.2","0.3","0.4","1428","3846","6382","9756","21412","99990200","9800","46.7","46.7","32","127","184","184","54.29","31.47","162.86","294.02","3","9.34"
"KAQI","2026-05-26","2026-05-26","283","FULL","93","-6.0606060606060606","AVOID","-","passive","FALSE","","SMART GAMMA","2026-04-16","","40d","40","DOWNTREND","BEARISH","BEARISH","BULLISH","STRUCTURE + DISCOUNT","NORMAL UPTREND","30","TRUE","TRUE","FALSE","LAGGING","LAGGARD (Passive)","0.18","0.18","DRY / QUIET","10","90","40.77","17.62","17.65","19.58","106.51","104.07","87.38","32010500","174436630","920","Supertrend bearish | RSI 40.8 lemah | Volume 0.18x | Lolos anti-crash ADX | RISEN NORMAL UPTREND","Full Grid (1-2-3-4)","100000000","125","102","96","88","0.1","0.2","0.3","0.4","800","1960","3125","4545","10430","99988000","12000","95.87","95.87","76","199","272","272","39.2","20.72","117.6","183.73","3","8.87"
"LABA","2026-05-26","2026-05-26","560","FULL","94","-4.081632653061225","AVOID","-","passive","FALSE","","SMART SNIPER","2026-04-16","Discount Only","40d","40","DOWNTREND","BEARISH","BEARISH","BEARISH","STRUCTURE + DISCOUNT","NORMAL DOWNTREND","25","TRUE","FALSE","FALSE","LAGGING","LAGGARD (Passive)","0.16","0.16","DRY / QUIET","11.11","88.89","34.07","23.4","20.11","19.71","112.55","121.48","179.41","5055500","32267205","920","Supertrend bearish | RSI 34.1 lemah | Volume 0.16x | Lolos anti-crash ADX | RISEN NORMAL DOWNTREND","Full Grid (1-2-3-4)","100000000","157","129","122","112","0.1","0.2","0.3","0.4","636","1550","2459","3571","8216","99975200","24800","121.68","121.69","98","246","334","334","37.58","19.46","112.74","174.48","3","8.96"
"LEAD","2026-05-26","2026-05-26","560","FULL","101","-4.716981132075472","AVOID","-","passive","FALSE","","SMART GAMMA","2026-04-16","","40d","40","DOWNTREND","BEARISH","BEARISH","BEARISH","STRUCTURE + DISCOUNT","NORMAL DOWNTREND","59.05","TRUE","FALSE","FALSE","LAGGING","LAGGARD (Passive)","0.45","0.45","DRY / QUIET","0","100","33.69","23.86","13.53","27.15","120.28","132.22","123.17","9657000","21609335","920","Supertrend bearish | RSI 33.7 lemah | Volume 0.45x | Lolos anti-crash ADX | RISEN NORMAL DOWNTREND","Full Grid (1-2-3-4)","100000000","168","137","129","118","0.1","0.2","0.3","0.4","595","1459","2325","3389","7768","99967000","33000","128.69","128.69","102","268","366","366","39.29","20.74","117.86","184.4","3","8.89"
"MSIE","2026-05-26","2026-05-26","560","FULL","148","0","HOLD","-","passive","FALSE","","SMART GAMMA","2026-04-16","","40d","40","UPTREND","BULLISH","BULLISH","BULLISH","UPTREND PREMIUM","NORMAL UPTREND","65","TRUE","TRUE","FALSE","WEAKENING","WEAKENING (Passive)","0","0","NO VOLUME","50","50","90.13","73.58","68.55","4.96","128.35","98.6","62.01","0","7771200","920","Supertrend bullish | RSI 90.1 > 50 | Volume 0x | Lolos anti-crash ADX | RISEN NORMAL UPTREND","Full Grid (1-2-3-4)","100000000","55","47","45","42","0.1","0.2","0.3","0.4","1818","4255","6666","9523","22262","99991100","8900","44.92","44.92","38","81","106","106","30.91","15.4","92.73","136","3","8.83"
"SMKM","2026-05-26","2026-05-26","560","FULL","83","-3.488372093023256","AVOID","-","passive","FALSE","","SMART SNIPER","2026-04-16","Discount Only","40d","40","DOWNTREND","BEARISH","BEARISH","BEARISH","STRUCTURE + DISCOUNT","SIDEWAYS","95.01","TRUE","FALSE","FALSE","WEAKENING","WEAKENING (Passive)","1.01","1.01","NORMAL","33.33","66.67","35.87","11.28","15.04","22.1","90.5","99.09","116.15","4054100","4006670","920","Supertrend bearish | RSI 35.9 lemah | Volume 1.01x | Lolos anti-crash ADX | RISEN SIDEWAYS","Full Grid (1-2-3-4)","100000000","107","91","87","81","0.1","0.2","0.3","0.4","934","2197","3448","4938","11517","99981900","18100","86.81","86.81","72","160","238","238","32.71","17.06","122.43","174.15","3.74","10.21"
"SOTS","2026-05-26","2026-05-26","560","FULL","780","0","AVOID","-","passive","FALSE","","SMART SNIPER","2026-04-16","Discount Only","40d","40","DOWNTREND","BEARISH","BEARISH","BEARISH","STRUCTURE + DISCOUNT","SIDEWAYS","92.5","TRUE","FALSE","FALSE","LAGGING","LAGGARD (Passive)","0.37","0.37","DRY / QUIET","35.29","64.71","39.1","10.69","20.15","20.96","904.75","1114.61","1135.85","412400","1111805","920","Supertrend bearish | RSI 39.1 lemah | Volume 0.37x | Lolos anti-crash ADX | RISEN SIDEWAYS","Full Grid (1-2-3-4)","100000000","1215","935","870","775","0.1","0.2","0.3","0.4","82","213","344","516","1155","99796500","203500","864.04","864.18","620","2110","3000","3000","48.97","28.24","146.91","247.21","3","8.75"
"WMPP","2026-05-26","2026-05-26","560","FULL","36","9.090909090909092","HOLD","-","passive","FALSE","","SMART GAMMA","2026-04-16","","40d","40","UPTREND","BEARISH","BULLISH","BULLISH","UPTREND PREMIUM","NORMAL UPTREND","8.78","TRUE","TRUE","FALSE","LAGGING","LAGGARD (Passive)","1.79","1.79","EXPANSION","100","0","46.66","29.66","34.13","44.55","37.86","34.68","22.02","58201500","32569620","920","Supertrend bullish | RSI 46.7 lemah | Volume valid 1.79x | Lolos anti-crash ADX | RISEN NORMAL UPTREND","Full Grid (1-2-3-4)","100000000","48","29","25","18","0.1","0.2","0.3","0.4","2083","6896","12000","22222","43201","99996400","3600","23.15","23.15","10","105","162","162","79.17","56.8","237.5","599.88","3","10.56"
"ASLC","2026-05-26","2026-05-26","560","FULL","67","-2.898550724637681","AVOID","-","passive","FALSE","","SMART SNIPER","2026-04-15","Structure + Discount","41d","41","DOWNTREND","BEARISH","BEARISH","BEARISH","STRUCTURE + DISCOUNT","NORMAL DOWNTREND","44.78","TRUE","FALSE","FALSE","WEAKENING","WEAKENING (Passive)","0.6","0.6","DRY / QUIET","20","80","34.05","13.14","11.74","21.24","72.89","76.01","81.06","8203900","13671505","918","Supertrend bearish | RSI 34.0 lemah | Volume 0.6x | Lolos anti-crash ADX | RISEN NORMAL DOWNTREND","Full Grid (1-2-3-4)","100000000","82","76","75","73","0.1","0.2","0.3","0.4","1219","2631","4000","5479","13329","99988100","11900","75.02","75.02","69","102","121","121","15.85","8.02","47.56","61.3","3","7.64"
"BIKE","2026-05-26","2026-05-26","560","FULL","510","0","AVOID","-","passive","FALSE","","EARLY SWEEP","2026-04-15","","41d","41","DOWNTREND","NEUTRAL","BULLISH","BEARISH","DOWNTREND DISCOUNT","SIDEWAYS","0","FALSE","FALSE","FALSE","LAGGING","LAGGARD (Passive)","0","0","NO VOLUME","50","50","50.73","26.34","31.84","19.76","510.3","508.42","606.61","0","125790","918","Supertrend bearish | RSI 50.7 > 50 | Volume 0x | Lolos anti-crash ADX | RISEN SIDEWAYS","Full Grid (1-2-3-4)","100000000","995","890","865","830","0.1","0.2","0.3","0.4","100","224","346","481","1151","99738000","262000","866.53","866.57","775","1325","1655","1655","22.11","10.56","66.33","90.99","3","8.61"
"INCF","2026-05-26","2026-05-26","560","FULL","50","0","AVOID","-","passive","FALSE","","BETA BREAKOUT","2026-04-15","","41d","41","DOWNTREND","BEARISH","BEARISH","BEARISH","DOWNTREND DISCOUNT","SIDEWAYS","71.73","TRUE","TRUE","FALSE","LAGGING","LAGGARD (Passive)","0.05","0.05","DRY / QUIET","50","50","35.48","17.08","17.95","20.96","54.69","57.66","53.24","1324300","25739215","918","Supertrend bearish | RSI 35.5 lemah | Volume 0.05x | Lolos anti-crash ADX | RISEN SIDEWAYS","Full Grid (1-2-3-4)","100000000","64","58","56","54","0.1","0.2","0.3","0.4","1562","3448","5357","7407","17774","99992200","7800","56.26","56.26","50","85","106","106","21.88","11.12","65.63","88.42","3","7.95"
"KRYA","2026-05-26","2026-05-26","560","FULL","63","-3.076923076923077","AVOID","-","passive","FALSE","","SMART SNIPER","2026-04-15","Structure + Discount","41d","41","DOWNTREND","BEARISH","BEARISH","BEARISH","STRUCTURE + DISCOUNT","SIDEWAYS","25","TRUE","FALSE","FALSE","LAGGING","LAGGARD (Passive)","0.32","0.32","DRY / QUIET","9.09","90.91","41.92","27.1","25.44","16.67","69.63","75.84","115.89","72100200","227952200","918","Supertrend bearish | RSI 41.9 lemah | Volume 0.32x | Lolos anti-crash ADX | RISEN SIDEWAYS","Full Grid (1-2-3-4)","100000000","67","61","60","58","0.1","0.2","0.3","0.4","1492","3278","5000","6896","16666","99989000","11000","60","60","54","87","106","106","19.4","9.99","58.21","76.68","3","7.67"
"LPPS","2026-05-26","2026-05-26","560","FULL","69","-4.166666666666666","AVOID","-","passive","FALSE","","SMART SNIPER","2026-04-15","Structure + Discount","41d","41","DOWNTREND","BEARISH","BEARISH","BEARISH","STRUCTURE + DISCOUNT","NORMAL DOWNTREND","25","TRUE","FALSE","FALSE","LAGGING","LAGGARD (Passive)","0.58","0.58","DRY / QUIET","33.33","66.67","27.44","18.5","17.51","20.77","80.17","84.93","92.28","1735000","2988525","918","Supertrend bearish | RSI 27.4 lemah | Volume 0.58x | Lolos anti-crash ADX | RISEN NORMAL DOWNTREND","Full Grid (1-2-3-4)","100000000","93","83","81","77","0.1","0.2","0.3","0.4","1075","2409","3703","5194","12381","99980300","19700","80.75","80.75","72","125","156","156","22.58","10.84","67.74","93.18","3","8.6"
"MPXL","2026-05-26","2026-05-26","560","FULL","156","1.9607843137254901","AVOID","-","passive","FALSE","","SMART SNIPER","2026-04-15","Discount Only","41d","41","DOWNTREND","BEARISH","BEARISH","BEARISH","STRUCTURE + DISCOUNT","SIDEWAYS","25","TRUE","FALSE","FALSE","WEAKENING","WEAKENING (Passive)","0.1","0.1","DRY / QUIET","42.86","57.14","44.34","18.41","23.27","25.08","164.58","165.19","167.48","520000","5297140","918","Supertrend bearish | RSI 44.3 lemah | Volume 0.1x | Lolos anti-crash ADX | RISEN SIDEWAYS","Full Grid (1-2-3-4)","100000000","168","150","145","139","0.1","0.2","0.3","0.4","595","1333","2068","2877","6873","99967300","32700","145.45","145.45","129","226","286","286","23.21","11.31","70.24","96.63","3.03","8.54"
"NELY","2026-05-26","2026-05-26","560","FULL","250","-3.10077519379845","AVOID","-","passive","FALSE","","EARLY SWEEP","2026-04-15","","41d","41","DOWNTREND","BEARISH","BEARISH","BEARISH","STRUCTURE + DISCOUNT","NORMAL DOWNTREND","51.27","TRUE","FALSE","FALSE","LAGGING","LAGGARD (Passive)","0.32","0.32","DRY / QUIET","0","100","25.1","42.49","10.68","34.93","290.11","323.37","367.93","173500","543210","918","Supertrend bearish | RSI 25.1 lemah | Volume 0.32x | Crash filter aktif | RISEN NORMAL DOWNTREND","Full Grid (1-2-3-4)","100000000","428","392","384","372","0.1","0.2","0.3","0.4","233","510","781","1075","2599","99944800","55200","384.55","384.56","354","540","650","650","17.29","7.94","51.87","69.03","3","8.69"
"NSSS","2026-05-26","2026-05-26","560","FULL","460","-6.122448979591836","AVOID","-","passive","FALSE","","SMART SNIPER","2026-04-15","Structure + Discount","41d","41","DOWNTREND","BEARISH","BEARISH","BEARISH","STRUCTURE + DISCOUNT","NORMAL DOWNTREND","57.77","TRUE","FALSE","FALSE","LAGGING","LAGGARD (Passive)","0.27","0.27","DRY / QUIET","10","90","20.79","29.16","12.23","35.44","684.77","801.07","746.6","4655200","16928805","918","Supertrend bearish | RSI 20.8 lemah | Volume 0.27x | Lolos anti-crash ADX | RISEN NORMAL DOWNTREND","Full Grid (1-2-3-4)","100000000","900","860","850","835","0.1","0.2","0.3","0.4","111","232","352","479","1174","99858500","141500","850.58","850.59","800","1050","1285","1285","11.11","5.95","42.78","51.07","3.85","8.59"
"NTBK","2026-05-26","2026-05-26","560","FULL","77","-3.75","AVOID","-","passive","FALSE","","SMART SNIPER","2026-04-15","Discount Only","41d","41","DOWNTREND","BEARISH","BEARISH","BEARISH","STRUCTURE + DISCOUNT","SIDEWAYS","34.34","TRUE","TRUE","FALSE","LAGGING","LAGGARD (Passive)","0.24","0.24","DRY / QUIET","0","100","40.21","38.55","23.76","19.63","87.84","86.9","88.09","26259400","108701890","918","Supertrend bearish | RSI 40.2 lemah | Volume 0.24x | Lolos anti-crash ADX | RISEN SIDEWAYS","Full Grid (1-2-3-4)","100000000","85","72","68","64","0.1","0.2","0.3","0.4","1176","2777","4411","6250","14614","99985200","14800","68.42","68.42","57","127","137","137","32.94","16.69","61.18","100.24","1.86","6.01"
"POLY","2026-05-26","2026-05-26","560","FULL","32","0","AVOID","-","passive","FALSE","","G ACC","2026-02-24","","91d","91","DOWNTREND","BEARISH","BEARISH","BULLISH","DOWNTREND DISCOUNT","SIDEWAYS","0","FALSE","FALSE","FALSE","LEADING","LEADING (Passive)","0","0","NO VOLUME","50","50","42.01","16.19","27.74","38.62","32.2","33.36","31.03","0","0","918","Supertrend bearish | RSI 42.0 lemah | Volume NaNx | Lolos anti-crash ADX | RISEN SIDEWAYS","Full Grid (1-2-3-4)","100000000","56","42","39","34","0.1","0.2","0.3","0.4","1785","4761","7692","11764","26002","99988600","11400","38.45","38.45","27","100","143","143","51.79","29.79","155.36","271.87","3","9.13"
"SPRE","2026-05-26","2026-05-26","452","FULL","74","2.7777777777777777","AVOID","-","passive","FALSE","","SMART SNIPER","2026-04-15","Discount Only","41d","41","DOWNTREND","BEARISH","BEARISH","BEARISH","STRUCTURE + DISCOUNT","NORMAL DOWNTREND","79.64","TRUE","FALSE","FALSE","LAGGING","LAGGARD (Passive)","0.33","0.33","DRY / QUIET","60","40","33.96","33.36","10.21","24.66","83.04","99.52","133.98","1194600","3603580","918","Supertrend bearish | RSI 34.0 lemah | Volume 0.33x | Crash filter aktif | RISEN NORMAL DOWNTREND","Full Grid (1-2-3-4)","100000000","103","90","87","83","0.1","0.2","0.3","0.4","970","2222","3448","4819","11459","99984300","15700","87.25","87.26","75","145","187","187","27.18","14.04","81.55","114.32","3","8.14"
"TCID","2026-05-26","2026-05-26","560","FULL","2780","-3.8062283737024223","AVOID","-","passive","FALSE","","SMART SNIPER","2026-04-15","Structure + Discount","41d","41","DOWNTREND","BEARISH","BEARISH","BEARISH","STRUCTURE + DISCOUNT","SIDEWAYS","100","TRUE","FALSE","FALSE","LAGGING","LAGGARD (Passive)","0.01","0.01","DRY / QUIET","8.33","91.67","44.29","14.53","15.28","17.15","2849.49","2865.59","2833.02","700","106790","918","Supertrend bearish | RSI 44.3 lemah | Volume 0.01x | Lolos anti-crash ADX | RISEN SIDEWAYS","Full Grid (1-2-3-4)","100000000","2970","2740","2680","2600","0.1","0.2","0.3","0.4","33","72","111","153","369","99057000","943000","2684.47","2684.93","2480","3710","4440","4440","16.5","7.62","49.49","65.4","3","8.59"
"VICI","2026-05-26","2026-05-26","560","FULL","535","-0.9259259259259258","AVOID","-","passive","FALSE","","SMART SNIPER","2026-04-15","Structure + Discount","41d","41","DOWNTREND","BEARISH","BEARISH","BEARISH","STRUCTURE + DISCOUNT","SIDEWAYS","84.45","TRUE","FALSE","FALSE","WEAKENING","WEAKENING (Passive)","0.28","0.28","DRY / QUIET","25","75","35.39","13.38","21.77","17.69","570.83","584.31","620.81","397100","1407455","918","Supertrend bearish | RSI 35.4 lemah | Volume 0.28x | Lolos anti-crash ADX | RISEN SIDEWAYS","Full Grid (1-2-3-4)","100000000","630","565","550","530","0.1","0.2","0.3","0.4","158","353","545","754","1810","99835500","164500","551.58","551.61","492","835","1045","1045","21.9","10.8","65.87","89.46","3.01","8.28"
"ALDO","2026-05-26","2026-05-26","560","FULL","685","-0.7246376811594203","HOLD","-","passive","FALSE","","SMART GAMMA","2026-04-14","","42d","42","UPTREND","BULLISH","BULLISH","BULLISH","UPTREND PREMIUM","NORMAL UPTREND","59.15","TRUE","TRUE","FALSE","WEAKENING","WEAKENING (Passive)","0.11","0.11","DRY / QUIET","100","0","61.34","26.16","16.39","14.37","653.26","619.75","578.04","26400","229850","916","Supertrend bullish | RSI 61.3 > 50 | Volume 0.11x | Lolos anti-crash ADX | RISEN NORMAL UPTREND","Full Grid (1-2-3-4)","100000000","595","560","550","535","0.1","0.2","0.3","0.4","168","357","545","747","1817","99927500","72500","549.96","549.96","515","715","835","835","13.45","6.36","40.34","51.83","3","8.15"
"BOAT","2026-05-26","2026-05-26","359","FULL","116","1.7543859649122806","AVOID","-","passive","FALSE","","SMART SNIPER","2026-04-14","Discount Only","42d","42","DOWNTREND","BEARISH","BEARISH","BEARISH","STRUCTURE + DISCOUNT","NORMAL DOWNTREND","64.06","TRUE","FALSE","FALSE","LAGGING","LAGGARD (Passive)","0.27","0.27","DRY / QUIET","80","20","33.26","18.87","9.33","24.09","130.93","142.11","149.7","730800","2709215","916","Supertrend bearish | RSI 33.3 lemah | Volume 0.27x | Lolos anti-crash ADX | RISEN NORMAL DOWNTREND","Full Grid (1-2-3-4)","100000000","158","141","136","130","0.1","0.2","0.3","0.4","632","1418","2205","3076","7331","99955400","44600","136.35","136.35","121","214","220","220","23.42","11.26","39.24","61.35","1.68","5.45"
"BUKK","2026-05-26","2026-05-26","560","FULL","810","1.8867924528301887","AVOID","-","passive","FALSE","","V-SHAPE","2026-04-14","","42d","42","DOWNTREND","BEARISH","BEARISH","BEARISH","DOWNTREND DISCOUNT","NORMAL DOWNTREND","31.57","TRUE","FALSE","FALSE","LAGGING","LAGGARD (Passive)","1.31","1.31","EXPANSION","14.29","85.71","23.34","24.17","8.7","28.94","1064.21","1227.62","1272.05","117100","89460","916","Supertrend bearish | RSI 23.3 lemah | Volume valid 1.31x | Lolos anti-crash ADX | RISEN NORMAL DOWNTREND","Full Grid (1-2-3-4)","100000000","1315","1240","1220","1195","0.1","0.2","0.3","0.4","76","161","245","334","816","99761000","239000","1222.56","1222.55","1135","1675","2060","2060","13.69","7.16","56.65","68.5","4.14","9.56"
"CASH","2026-05-26","2026-05-26","560","FULL","202","-3.8095238095238098","AVOID","-","passive","FALSE","","BETA BREAKOUT","2026-04-14","","42d","42","DOWNTREND","BEARISH","BULLISH","BULLISH","DEMAND STRUCTURE","NORMAL UPTREND","25","TRUE","TRUE","FALSE","WEAKENING","WEAKENING (Passive)","0.4","0.4","DRY / QUIET","0","100","46.53","30.85","22.65","19.25","215.39","201.53","147.27","2732300","6767935","916","Supertrend bearish | RSI 46.5 lemah | Volume 0.4x | Lolos anti-crash ADX | RISEN NORMAL UPTREND","Full Grid (1-2-3-4)","100000000","190","170","165","159","0.1","0.2","0.3","0.4","526","1176","1818","2515","6035","99971500","28500","165.65","165.65","147","254","320","320","22.63","11.26","68.42","93.18","3.02","8.27"
"ELTY","2026-05-26","2026-05-26","560","FULL","32","-5.88235294117647","AVOID","-","passive","FALSE","","EARLY SWEEP","2026-04-14","","42d","42","DOWNTREND","BEARISH","BEARISH","BEARISH","STRUCTURE + DISCOUNT","NORMAL DOWNTREND","52.83","TRUE","FALSE","FALSE","LAGGING","LAGGARD (Passive)","0.9","0.9","NORMAL","0","100","33.12","15.68","28.89","42.52","37.76","40.57","35.52","131021800","145304430","916","Supertrend bearish | RSI 33.1 lemah | Volume 0.9x | Lolos anti-crash ADX | RISEN NORMAL DOWNTREND","Full Grid (1-2-3-4)","100000000","69","46","40","32","0.1","0.2","0.3","0.4","1449","4347","7500","12500","25796","99994300","5700","38.76","38.76","21","141","214","214","69.57","45.83","210.14","452.07","3.02","9.86"
"FITT","2026-05-26","2026-05-26","560","FULL","362","-3.2085561497326207","AVOID","-","passive","FALSE","","SMART SNIPER","2026-04-14","Discount Only","42d","42","DOWNTREND","BEARISH","BEARISH","BEARISH","STRUCTURE + DISCOUNT","NORMAL DOWNTREND","69.79","TRUE","FALSE","FALSE","LAGGING","LAGGARD (Passive)","0.55","0.55","DRY / QUIET","46.15","53.85","42.5","16.53","29.7","20.1","396.6","439.49","509.83","1171200","2126080","916","Supertrend bearish | RSI 42.5 lemah | Volume 0.55x | Lolos anti-crash ADX | RISEN NORMAL DOWNTREND","Full Grid (1-2-3-4)","100000000","464","346","316","276","0.1","0.2","0.3","0.4","215","578","949","1449","3191","99955600","44400","313.24","313.26","212","840","1220","1220","54.31","32.32","162.93","289.47","3","8.96"
"GIAA","2026-05-26","2026-05-26","560","FULL","58","-1.694915254237288","AVOID","-","passive","FALSE","","EARLY SWEEP","2026-04-14","","42d","42","DOWNTREND","BEARISH","BEARISH","BEARISH","STRUCTURE + DISCOUNT","NORMAL DOWNTREND","46.04","TRUE","FALSE","FALSE","LAGGING","LAGGARD (Passive)","0.54","0.54","DRY / QUIET","25","75","30.64","20.68","17.03","26.87","63.39","69.51","78.15","42992700","79756415","916","Supertrend bearish | RSI 30.6 lemah | Volume 0.54x | Lolos anti-crash ADX | RISEN NORMAL DOWNTREND","Full Grid (1-2-3-4)","100000000","116","91","85","77","0.1","0.2","0.3","0.4","862","2197","3529","5194","11782","99982200","17800","84.86","84.86","65","193","270","270","43.97","23.4","132.76","218.17","3.02","9.32"
"INET","2026-05-26","2026-05-26","560","FULL","214","-4.464285714285714","AVOID","-","passive","FALSE","","SMART SNIPER","2026-04-14","Discount Only","42d","42","DOWNTREND","BEARISH","BEARISH","BEARISH","STRUCTURE + DISCOUNT","NORMAL DOWNTREND","49.72","TRUE","FALSE","FALSE","LAGGING","LAGGARD (Passive)","0.45","0.45","DRY / QUIET","0","100","29.1","23.57","14.78","34.89","270.17","304.25","341.22","89793100","197652410","916","Supertrend bearish | RSI 29.1 lemah | Volume 0.45x | Lolos anti-crash ADX | RISEN NORMAL DOWNTREND","Full Grid (1-2-3-4)","100000000","338","288","276","260","0.1","0.2","0.3","0.4","295","694","1086","1538","3613","99919800","80200","276.56","276.57","232","498","655","655","31.36","16.11","93.79","136.84","2.99","8.49"
"MGLV","2026-05-26","2026-05-26","560","FULL","7000","-0.3558718861209964","AVOID","-","passive","FALSE","","SMART GAMMA","2026-04-14","","42d","42","DOWNTREND","BEARISH","BULLISH","BULLISH","DEMAND STRUCTURE","NORMAL UPTREND","25.61","TRUE","TRUE","FALSE","WEAKENING","WEAKENING (Passive)","0.41","0.41","DRY / QUIET","88.24","11.76","47.72","24.25","20.13","23.68","7272.32","6337.34","3422.66","114900","283450","916","Supertrend bearish | RSI 47.7 lemah | Volume 0.41x | Lolos anti-crash ADX | RISEN NORMAL UPTREND","Full Grid (1-2-3-4)","100000000","6500","4870","4480","3930","0.1","0.2","0.3","0.4","15","41","66","101","223","98978000","1022000","4438.48","4440.54","3170","11500","16500","16500","51.23","28.58","153.85","271.75","3","9.51"
"PICO","2026-05-26","2026-05-26","560","FULL","140","2.18978102189781","AVOID","-","passive","FALSE","","SMART SNIPER","2026-04-14","Structure + Discount","42d","42","DOWNTREND","BEARISH","BEARISH","BEARISH","STRUCTURE + DISCOUNT","SIDEWAYS","36.88","TRUE","FALSE","FALSE","WEAKENING","WEAKENING (Passive)","0.12","0.12","DRY / QUIET","75","25","34.38","19.44","18.95","26.27","150.04","156.09","173.82","49700","427530","916","Supertrend bearish | RSI 34.4 lemah | Volume 0.12x | Lolos anti-crash ADX | RISEN SIDEWAYS","Full Grid (1-2-3-4)","100000000","169","148","143","136","0.1","0.2","0.3","0.4","591","1351","2097","2941","6980","99967400","32600","143.22","143.22","125","236","302","302","26.04","12.72","78.7","110.86","3.02","8.71"
"PURI","2026-05-26","2026-05-26","560","FULL","135","-2.1739130434782608","AVOID","-","passive","FALSE","","SMART SNIPER","2026-04-14","Structure + Discount","42d","42","DOWNTREND","BEARISH","BEARISH","BEARISH","STRUCTURE + DISCOUNT","NORMAL DOWNTREND","50.06","TRUE","FALSE","FALSE","LAGGING","LAGGARD (Passive)","0.19","0.19","DRY / QUIET","15.38","84.62","32.36","21.06","23.76","18.73","152.1","167.4","224.61","320500","1681020","916","Supertrend bearish | RSI 32.4 lemah | Volume 0.19x | Lolos anti-crash ADX | RISEN NORMAL DOWNTREND","Full Grid (1-2-3-4)","100000000","190","158","150","139","0.1","0.2","0.3","0.4","526","1265","2000","2877","6668","99971300","28700","149.93","149.93","122","292","394","394","35.79","18.63","107.37","162.79","3","8.74"
"REAL","2026-05-26","2026-05-26","560","FULL","50","0","AVOID","-","passive","FALSE","","SMART SNIPER","2026-04-14","Structure + Discount","42d","42","DOWNTREND","BEARISH","BEARISH","BEARISH","STRUCTURE + DISCOUNT","SIDEWAYS","94.43","TRUE","FALSE","FALSE","LAGGING","LAGGARD (Passive)","0.02","0.02","DRY / QUIET","50","50","36.29","24.16","19.8","14.15","52.6","54.89","56.24","752400","47973280","916","Supertrend bearish | RSI 36.3 lemah | Volume 0.02x | Lolos anti-crash ADX | RISEN SIDEWAYS","Full Grid (1-2-3-4)","100000000","55","53","52","51","0.1","0.2","0.3","0.4","1818","3773","5769","7843","19203","99994000","6000","52.07","52.07","49","74","85","85","10.91","5.9","54.55","63.24","5","10.72"
"SAMF","2026-05-26","2026-05-26","560","FULL","290","1.3986013986013985","AVOID","-","passive","FALSE","","SMART SNIPER","2026-04-14","Demand Structure","42d","42","DOWNTREND","BEARISH","BEARISH","BEARISH","STRUCTURE + DISCOUNT","NORMAL DOWNTREND","39.55","TRUE","FALSE","FALSE","LAGGING","LAGGARD (Passive)","1.16","1.16","NORMAL","50","50","30.41","22.52","13.36","22.75","310.67","320.38","346.07","218700","188645","916","Supertrend bearish | RSI 30.4 lemah | Volume 1.16x | Lolos anti-crash ADX | RISEN NORMAL DOWNTREND","Full Grid (1-2-3-4)","100000000","346","328","322","316","0.1","0.2","0.3","0.4","289","609","931","1265","3094","99926800","73200","322.97","322.97","304","410","472","472","12.14","5.87","36.42","46.14","3","7.86"
"TOBA","2026-05-26","2026-05-26","560","FULL","430","-3.587443946188341","AVOID","-","passive","FALSE","","SMART SNIPER","2026-04-14","Discount Only","42d","42","DOWNTREND","BEARISH","BEARISH","BEARISH","STRUCTURE + DISCOUNT","NORMAL DOWNTREND","42.39","TRUE","FALSE","FALSE","LAGGING","LAGGARD (Passive)","0.75","0.75","DRY / QUIET","0","100","28.51","27.18","12","37.6","528.01","588.15","715.77","9353300","12544215","916","Supertrend bearish | RSI 28.5 lemah | Volume 0.75x | Lolos anti-crash ADX | RISEN NORMAL DOWNTREND","Full Grid (1-2-3-4)","100000000","660","580","560","535","0.1","0.2","0.3","0.4","151","344","535","747","1777","99842500","157500","561.86","561.89","492","910","1165","1165","25.45","12.43","76.52","107.35","3.01","8.63"
"UFOE","2026-05-26","2026-05-26","560","FULL","140","2.18978102189781","AVOID","-","passive","FALSE","","SMART SNIPER","2026-02-23","Structure + Discount","92d","92","DOWNTREND","BEARISH","BEARISH","BEARISH","STRUCTURE + DISCOUNT","SIDEWAYS","25","TRUE","FALSE","FALSE","LEADING","LEADING (Passive)","0.03","0.03","DRY / QUIET","100","0","40.45","16.54","24.01","20.16","145.37","151.57","173.85","66200","2096430","916","Supertrend bearish | RSI 40.5 lemah | Volume 0.03x | Lolos anti-crash ADX | RISEN SIDEWAYS","Full Grid (1-2-3-4)","100000000","200","172","165","156","0.1","0.2","0.3","0.4","500","1162","1818","2564","6044","99981800","18200","165.42","165.42","142","288","374","374","29","14.16","87","126.09","3","8.9"
"ARNA","2026-05-26","2026-05-26","560","FULL","450","-0.881057268722467","AVOID","-","passive","FALSE","","BETA BREAKOUT","2026-04-13","","43d","43","DOWNTREND","BEARISH","BEARISH","BEARISH","STRUCTURE + DISCOUNT","NORMAL DOWNTREND","53.85","TRUE","FALSE","FALSE","LAGGING","LAGGARD (Passive)","0.85","0.85","NORMAL","60","40","19.59","43.31","11.99","36.09","478.28","497.75","537.52","4281500","5021200","914","Supertrend bearish | RSI 19.6 lemah | Volume 0.85x | Crash filter aktif | RISEN NORMAL DOWNTREND","Full Grid (1-2-3-4)","100000000","545","525","515","510","0.1","0.2","0.3","0.4","183","380","582","784","1929","99880500","119500","517.78","517.79","498","615","685","685","8.62","3.82","25.69","32.29","2.98","8.45"
"BKSL","2026-05-26","2026-05-26","560","FULL","75","-3.8461538461538463","AVOID","-","passive","FALSE","","SMART SNIPER","2026-04-13","Discount Only","43d","43","DOWNTREND","BEARISH","BEARISH","BEARISH","STRUCTURE + DISCOUNT","NORMAL DOWNTREND","32.23","TRUE","FALSE","FALSE","LAGGING","LAGGARD (Passive)","0.48","0.48","DRY / QUIET","28.57","71.43","26.71","28.09","10.56","35.29","94.35","106.5","119.16","156700600","327612990","914","Supertrend bearish | RSI 26.7 lemah | Volume 0.48x | Lolos anti-crash ADX | RISEN NORMAL DOWNTREND","Full Grid (1-2-3-4)","100000000","121","110","107","103","0.1","0.2","0.3","0.4","826","1818","2803","3883","9330","99979600","20400","107.16","107.16","96","159","196","196","20.66","10.41","61.98","82.91","3","7.96"
"LSIP","2026-05-26","2026-05-26","560","FULL","1270","-1.1673151750972763","AVOID","-","passive","FALSE","","SMART GAMMA","2026-04-13","","43d","43","DOWNTREND","BEARISH","BEARISH","BEARISH","STRUCTURE + DISCOUNT","NORMAL UPTREND","19.72","TRUE","TRUE","FALSE","LAGGING","LAGGARD (Passive)","0.51","0.51","DRY / QUIET","0","100","30.44","37.82","10.04","29.25","1456.85","1455.11","1333.88","8893000","17359970","914","Supertrend bearish | RSI 30.4 lemah | Volume 0.51x | Crash filter aktif | RISEN NORMAL UPTREND","Full Grid (1-2-3-4)","100000000","1550","1290","1230","1140","0.1","0.2","0.3","0.4","64","155","243","350","812","99704000","296000","1227.88","1228","1020","2350","3140","3140","34.19","16.93","102.58","155.72","3","9.2"
"PGUN","2026-05-26","2026-05-26","560","FULL","7725","3","AVOID","-","passive","FALSE","","SMART SNIPER","2026-04-13","Discount Only","43d","43","DOWNTREND","BEARISH","BEARISH","BEARISH","STRUCTURE + DISCOUNT","NORMAL DOWNTREND","54.64","TRUE","FALSE","FALSE","LAGGING","LAGGARD (Passive)","0.58","0.58","DRY / QUIET","64.29","35.71","40.55","27.39","8.05","26.35","8316.11","8782.84","8455.54","9300","15935","914","Supertrend bearish | RSI 40.5 lemah | Volume 0.58x | Lolos anti-crash ADX | RISEN NORMAL DOWNTREND","Full Grid (1-2-3-4)","100000000","9775","8475","8150","7700","0.1","0.2","0.3","0.4","10","23","36","51","120","97877500","2122500","8156.46","8157.48","7000","13950","16000","16000","28.39","14.18","63.68","96.16","2.24","6.78"
"VKTR","2026-05-26","2026-05-26","560","FULL","705","-2.083333333333333","AVOID","-","passive","FALSE","","SMART GAMMA","2026-04-13","","43d","43","DOWNTREND","BEARISH","BEARISH","BULLISH","DOWNTREND","NORMAL DOWNTREND","34.01","TRUE","FALSE","FALSE","LAGGING","LAGGARD (Passive)","0.42","0.42","DRY / QUIET","20","80","36.11","27.72","9.65","25.87","824.19","850.77","649.06","23908400","56702075","914","Supertrend bearish | RSI 36.1 lemah | Volume 0.42x | Lolos anti-crash ADX | RISEN NORMAL DOWNTREND","Full Grid (1-2-3-4)","100000000","1030","820","770","700","0.1","0.2","0.3","0.4","97","243","389","571","1300","99840000","160000","768","768.03","595","1685","2340","2340","42.23","22.53","127.18","204.69","3.01","9.09"
"JAST","2026-05-26","2026-05-26","560","FULL","88","-2.2222222222222223","HOLD","-","passive","FALSE","","BETA BREAKOUT","2026-02-20","","95d","95","UPTREND","BEARISH","BEARISH","BEARISH","STRUCTURE + DISCOUNT","NORMAL DOWNTREND","31.75","TRUE","FALSE","FALSE","LEADING","LEADING (Passive)","0.47","0.47","DRY / QUIET","33.33","66.67","40.03","26.45","20.31","26.53","93.5","97.31","93.94","3046100","6523850","910","Supertrend bullish | RSI 40.0 lemah | Volume 0.47x | Lolos anti-crash ADX | RISEN NORMAL DOWNTREND","Full Grid (1-2-3-4)","100000000","124","109","105","100","0.1","0.2","0.3","0.4","806","1834","2857","4000","9497","99983500","16500","105.28","105.28","92","188","220","220","25.81","12.61","77.42","108.97","3","8.64"
"NOBU","2026-05-26","2026-05-26","560","FULL","474","-0.42016806722689076","AVOID","-","passive","FALSE","","SMART GAMMA","2026-02-20","","95d","95","DOWNTREND","BEARISH","BEARISH","BEARISH","STRUCTURE + DISCOUNT","NORMAL DOWNTREND","57.5","TRUE","FALSE","FALSE","LEADING","LEADING (Passive)","0.39","0.39","DRY / QUIET","40","60","32.41","20.28","16.44","27.47","503.62","527.66","552.23","1282600","3308330","910","Supertrend bearish | RSI 32.4 lemah | Volume 0.39x | Lolos anti-crash ADX | RISEN NORMAL DOWNTREND","Full Grid (1-2-3-4)","100000000","680","565","540","500","0.1","0.2","0.3","0.4","147","353","555","800","1855","99910500","89500","538.6","538.62","448","1030","1375","1375","34.12","16.82","102.21","155.29","3","9.23"
"TIRT","2026-05-26","2026-05-26","560","FULL","420","3.9603960396039604","AVOID","-","passive","FALSE","","BETA BREAKOUT","2026-03-17","","70d","70","DOWNTREND","BEARISH","BEARISH","BULLISH","DOWNTREND","NORMAL UPTREND","59.53","TRUE","TRUE","FALSE","IMPROVING","IMPROVING (Passive)","0.41","0.41","DRY / QUIET","100","0","36.79","19.05","30.25","41.98","466.77","530.59","366.95","149400","368140","910","Supertrend bearish | RSI 36.8 lemah | Volume 0.41x | Lolos anti-crash ADX | RISEN NORMAL UPTREND","Full Grid (1-2-3-4)","100000000","890","850","840","825","0.1","0.2","0.3","0.4","112","235","357","484","1188","99861000","139000","840.58","840.59","800","1025","1160","1160","10.11","4.83","30.34","38","3","7.87"
"ANDI","2026-05-26","2026-05-26","560","FULL","19","5.555555555555555","AVOID","-","passive","FALSE","","EARLY SWEEP","2026-04-10","","46d","46","DOWNTREND","BEARISH","BEARISH","BEARISH","DOWNTREND DISCOUNT","NORMAL DOWNTREND","40.2","TRUE","FALSE","FALSE","LAGGING","LAGGARD (Passive)","0.45","0.45","DRY / QUIET","50","50","33.17","28.29","21.26","42.4","21.91","24.08","24.61","3658400","8074905","908","Supertrend bearish | RSI 33.2 lemah | Volume 0.45x | Lolos anti-crash ADX | RISEN NORMAL DOWNTREND","Full Grid (1-2-3-4)","100000000","30","29","28","28","0.1","0.2","0.3","0.4","3333","6896","10714","14285","35228","99994600","5400","28.38","28.38","27","38","40","40","10","4.88","33.33","40.92","3.33","8.39"
"BEKS","2026-05-26","2026-05-26","560","FULL","23","4.545454545454546","AVOID","-","passive","FALSE","","EARLY SWEEP","2026-03-16","","71d","71","DOWNTREND","BEARISH","BEARISH","BEARISH","STRUCTURE + DISCOUNT","NORMAL DOWNTREND","17.5","TRUE","FALSE","FALSE","IMPROVING","IMPROVING (Passive)","0.39","0.39","DRY / QUIET","100","0","31.31","69.31","9.27","44.75","24.99","26.67","28.11","9503500","24535465","908","Supertrend bearish | RSI 31.3 lemah | Volume 0.39x | Crash filter aktif | RISEN NORMAL DOWNTREND","Full Grid (1-2-3-4)","100000000","33","30","29","28","0.1","0.2","0.3","0.4","3030","6666","10344","14285","34325","99992600","7400","29.13","29.13","27","42","51","51","18.18","7.32","54.55","75.07","3","10.26"
"OPMS","2026-05-26","2026-05-26","560","FULL","112","-1.7543859649122806","AVOID","-","passive","FALSE","","SMART SNIPER","2026-04-10","Discount Only","46d","46","DOWNTREND","BEARISH","BEARISH","BEARISH","STRUCTURE + DISCOUNT","NORMAL DOWNTREND","64.33","TRUE","FALSE","FALSE","LAGGING","LAGGARD (Passive)","0.16","0.16","DRY / QUIET","28.57","71.43","39.24","28.61","20.45","22.29","122.49","127.37","119.03","2324500","14343230","908","Supertrend bearish | RSI 39.2 lemah | Volume 0.16x | Lolos anti-crash ADX | RISEN NORMAL DOWNTREND","Full Grid (1-2-3-4)","100000000","164","131","123","111","0.1","0.2","0.3","0.4","609","1526","2439","3603","8177","99971200","28800","122.26","122.26","94","270","374","374","42.68","23.11","128.05","205.91","3","8.91"
"PACK","2026-05-26","2026-05-26","560","FULL","308","-0.6451612903225806","AVOID","-","passive","FALSE","","V-SHAPE","2026-04-10","","46d","46","DOWNTREND","BULLISH","BEARISH","BEARISH","DOWNTREND DISCOUNT","SIDEWAYS","17.5","TRUE","FALSE","FALSE","WEAKENING","WEAKENING (Passive)","1.12","1.12","NORMAL","60.87","39.13","55.94","25.13","29.49","18.79","284.31","328.52","1146.33","441470800","395868275","908","Supertrend bearish | RSI 55.9 > 50 | Volume 1.12x | Lolos anti-crash ADX | RISEN SIDEWAYS","Full Grid (1-2-3-4)","100000000","189","166","161","153","0.1","0.2","0.3","0.4","529","1204","1863","2614","6210","99973000","27000","160.99","160.99","138","266","680","680","26.98","14.28","259.79","322.39","9.63","22.58"
"PANI","2026-05-26","2026-05-26","560","FULL","7650","-2.857142857142857","AVOID","-","passive","FALSE","","SMART SNIPER","2026-04-10","Structure + Discount","46d","46","DOWNTREND","BEARISH","BEARISH","BEARISH","DOWNTREND DISCOUNT","NORMAL DOWNTREND","37.77","TRUE","FALSE","FALSE","LAGGING","LAGGARD (Passive)","0.75","0.75","DRY / QUIET","28.57","71.43","39.15","19.47","16.49","26.34","8187.63","8625.89","10721.77","4134200","5546105","908","Supertrend bearish | RSI 39.1 lemah | Volume 0.75x | Lolos anti-crash ADX | RISEN NORMAL DOWNTREND","Full Grid (1-2-3-4)","100000000","8650","8075","7925","7725","0.1","0.2","0.3","0.4","11","24","37","51","123","97615000","2385000","7936.18","7938.82","7375","10575","12475","12475","14.74","7.07","44.22","57.19","3","8.09"
"SMGR","2026-05-26","2026-05-26","560","FULL","1775","0.8522727272727272","AVOID","-","passive","FALSE","","V-SHAPE","2026-04-10","","46d","46","DOWNTREND","BEARISH","BEARISH","BEARISH","STRUCTURE + DISCOUNT","NORMAL DOWNTREND","64.17","TRUE","FALSE","FALSE","LAGGING","LAGGARD (Passive)","0.56","0.56","DRY / QUIET","37.5","62.5","26.8","36.45","11.79","35.86","2004.2","2223.26","2585.2","7597300","13556290","908","Supertrend bearish | RSI 26.8 lemah | Volume 0.56x | Crash filter aktif | RISEN NORMAL DOWNTREND","Full Grid (1-2-3-4)","100000000","2410","2390","2380","2370","0.1","0.2","0.3","0.4","41","83","126","168","418","99522000","478000","2380.91","2380.94","2340","2670","2700","2700","2.9","1.72","12.03","13.4","4.14","7.8"
"HDFA","2026-05-26","2026-05-26","560","FULL","93","0","AVOID","-","passive","FALSE","","SMART SNIPER","2026-04-09","Structure + Discount","47d","47","DOWNTREND","BEARISH","BEARISH","BEARISH","STRUCTURE + DISCOUNT","NORMAL DOWNTREND","47.29","TRUE","FALSE","FALSE","LAGGING","LAGGARD (Passive)","0.29","0.29","DRY / QUIET","37.5","62.5","36.84","31.97","32.72","14.98","101.99","106.57","119.7","701300","2403190","906","Supertrend bearish | RSI 36.8 lemah | Volume 0.29x | Lolos anti-crash ADX | RISEN NORMAL DOWNTREND","Full Grid (1-2-3-4)","100000000","122","104","99","93","0.1","0.2","0.3","0.4","819","1923","3030","4301","10073","99987300","12700","99.26","99.26","83","181","240","240","31.97","16.38","96.72","141.78","3.03","8.65"
"MSKY","2026-05-26","2026-05-26","560","FULL","59","-3.278688524590164","AVOID","-","passive","FALSE","","SMART GAMMA","2026-04-09","","47d","47","DOWNTREND","BEARISH","BEARISH","BEARISH","STRUCTURE + DISCOUNT","NORMAL DOWNTREND","50.44","TRUE","FALSE","FALSE","LAGGING","LAGGARD (Passive)","0.24","0.24","DRY / QUIET","0","100","24.07","24.98","15.06","30.14","74.86","79.66","80.31","3423400","14448205","906","Supertrend bearish | RSI 24.1 lemah | Volume 0.24x | Lolos anti-crash ADX | RISEN NORMAL DOWNTREND","Full Grid (1-2-3-4)","100000000","97","80","76","70","0.1","0.2","0.3","0.4","1030","2500","3947","5714","13191","99986200","13800","75.8","75.8","61","151","206","206","37.11","19.52","112.37","171.77","3.03","8.8"
"PEGE","2026-05-26","2026-05-26","560","FULL","117","0.8620689655172413","AVOID","-","passive","FALSE","","SMART SNIPER","2026-04-09","Discount Only","47d","47","DOWNTREND","BEARISH","BEARISH","BEARISH","STRUCTURE + DISCOUNT","NORMAL DOWNTREND","64.65","TRUE","FALSE","FALSE","LAGGING","LAGGARD (Passive)","0.14","0.14","DRY / QUIET","66.67","33.33","33.87","14.37","20.47","26.84","132.83","149.41","160.09","540100","3960790","906","Supertrend bearish | RSI 33.9 lemah | Volume 0.14x | Lolos anti-crash ADX | RISEN NORMAL DOWNTREND","Full Grid (1-2-3-4)","100000000","163","134","127","117","0.1","0.2","0.3","0.4","613","1492","2362","3418","7885","99972700","27300","126.79","126.79","100","258","352","352","38.65","21.13","115.95","177.63","3","8.41"
"FMII","2026-05-26","2026-05-26","560","FULL","226","1.8018018018018018","AVOID","-","passive","FALSE","","EARLY SWEEP","2026-04-08","","48d","48","DOWNTREND","BEARISH","BEARISH","BEARISH","STRUCTURE + DISCOUNT","SIDEWAYS","53.09","TRUE","FALSE","FALSE","WEAKENING","WEAKENING (Passive)","0.2","0.2","DRY / QUIET","50","50","44.11","18.48","24.63","14.13","239.26","244.55","291.19","24700","123955","904","Supertrend bearish | RSI 44.1 lemah | Volume 0.2x | Lolos anti-crash ADX | RISEN SIDEWAYS","Full Grid (1-2-3-4)","100000000","434","374","360","340","0.1","0.2","0.3","0.4","230","534","833","1176","2773","99925600","74400","360.35","360.36","308","625","810","810","29.03","14.53","86.64","124.78","2.98","8.59"
"KUAS","2026-05-26","2026-05-26","560","FULL","92","-5.154639175257731","AVOID","-","passive","FALSE","","SMART GAMMA","2026-04-08","","48d","48","DOWNTREND","BEARISH","BEARISH","BULLISH","STRUCTURE + DISCOUNT","NORMAL DOWNTREND","63.4","TRUE","FALSE","FALSE","LAGGING","LAGGARD (Passive)","0.26","0.26","DRY / QUIET","0","100","40.1","24.29","23.31","18.12","104.44","104.34","85.79","12357900","47200595","904","Supertrend bearish | RSI 40.1 lemah | Volume 0.26x | Lolos anti-crash ADX | RISEN NORMAL DOWNTREND","Full Grid (1-2-3-4)","100000000","147","108","98","85","0.1","0.2","0.3","0.4","680","1851","3061","4705","10297","99977100","22900","97.09","97.09","65","270","394","394","55.78","33.05","168.03","305.79","3.01","9.25"
"LPCK","2026-05-26","2026-05-26","560","FULL","515","-1.9047619047619049","AVOID","-","passive","FALSE","","V-SHAPE","2026-04-08","","48d","48","DOWNTREND","BEARISH","BEARISH","BEARISH","DOWNTREND DISCOUNT","NORMAL DOWNTREND","70.61","TRUE","FALSE","FALSE","LAGGING","LAGGARD (Passive)","0.82","0.82","NORMAL","42.86","57.14","23.49","28.89","10.55","23.02","584.6","627.66","633.6","363600","442980","904","Supertrend bearish | RSI 23.5 lemah | Volume 0.82x | Lolos anti-crash ADX | RISEN NORMAL DOWNTREND","Full Grid (1-2-3-4)","100000000","640","605","595","585","0.1","0.2","0.3","0.4","156","330","504","683","1673","99892500","107500","597.09","597.09","560","760","880","880","12.5","6.21","37.5","47.38","3","7.63"
"MHKI","2026-05-26","2026-05-26","499","FULL","135","-4.25531914893617","AVOID","-","passive","FALSE","","SMART SNIPER","2026-04-08","Structure + Discount","48d","48","DOWNTREND","BEARISH","BEARISH","BEARISH","STRUCTURE + DISCOUNT","NORMAL DOWNTREND","53.95","TRUE","FALSE","FALSE","LAGGING","LAGGARD (Passive)","0.33","0.33","DRY / QUIET","9.09","90.91","29.59","22.16","14.17","33.68","164.79","180.82","190.03","2695500","8280325","904","Supertrend bearish | RSI 29.6 lemah | Volume 0.33x | Lolos anti-crash ADX | RISEN NORMAL DOWNTREND","Full Grid (1-2-3-4)","100000000","202","177","170","162","0.1","0.2","0.3","0.4","495","1129","1764","2469","5857","99968100","31900","170.68","170.68","148","284","364","364","26.73","13.29","80.2","113.26","3","8.52"
"RMKO","2026-05-26","2026-05-26","560","FULL","326","-2.976190476190476","AVOID","-","passive","FALSE","","V-SHAPE","2026-04-08","","48d","48","DOWNTREND","BEARISH","BEARISH","BEARISH","STRUCTURE + DISCOUNT","NORMAL DOWNTREND","62.89","TRUE","FALSE","FALSE","LAGGING","LAGGARD (Passive)","1.18","1.18","NORMAL","5.88","94.12","26.53","25.55","14.9","30.14","433.51","498.56","432.44","9667600","8218830","904","Supertrend bearish | RSI 26.5 lemah | Volume 1.18x | Lolos anti-crash ADX | RISEN NORMAL DOWNTREND","Full Grid (1-2-3-4)","100000000","535","476","462","442","0.1","0.2","0.3","0.4","186","420","649","904","2159","99883600","116400","462.64","462.66","400","1180","2140","2140","25.23","13.54","300","362.56","11.89","26.78"
"SMGA","2026-05-26","2026-05-26","540","FULL","73","0","AVOID","-","passive","FALSE","","V-SHAPE","2026-04-08","","48d","48","DOWNTREND","BEARISH","BEARISH","BEARISH","STRUCTURE + DISCOUNT","NORMAL DOWNTREND","27.89","TRUE","FALSE","FALSE","LAGGING","LAGGARD (Passive)","0.36","0.36","DRY / QUIET","75","25","34.84","25.92","13.64","36.02","82.85","89.6","96.62","6171500","16952420","904","Supertrend bearish | RSI 34.8 lemah | Volume 0.36x | Lolos anti-crash ADX | RISEN NORMAL DOWNTREND","Full Grid (1-2-3-4)","100000000","89","83","81","79","0.1","0.2","0.3","0.4","1123","2409","3703","5063","12298","99981400","18600","81.3","81.3","75","110","131","131","15.73","7.75","47.19","61.13","3","7.89"
"WIFI","2026-05-26","2026-05-26","560","FULL","2010","-1.4705882352941175","AVOID","-","passive","FALSE","","SMART SNIPER","2026-04-08","Discount Only","48d","48","DOWNTREND","BEARISH","BEARISH","BEARISH","STRUCTURE + DISCOUNT","NORMAL DOWNTREND","24.18","TRUE","FALSE","FALSE","LAGGING","LAGGARD (Passive)","0.78","0.78","DRY / QUIET","25","75","37.27","21.89","11.1","30.1","2188.43","2301.84","2494.89","15725700","20070175","904","Supertrend bearish | RSI 37.3 lemah | Volume 0.78x | Lolos anti-crash ADX | RISEN NORMAL DOWNTREND","Full Grid (1-2-3-4)","100000000","2310","2110","2060","1990","0.1","0.2","0.3","0.4","43","94","145","201","483","99636000","364000","2062.86","2063.08","1875","2960","3620","3620","18.83","9.11","56.71","75.48","3.01","8.29"
"YELO","2026-05-26","2026-05-26","560","FULL","77","-2.5316455696202533","AVOID","-","passive","FALSE","","BETA BREAKOUT","2026-04-08","","48d","48","DOWNTREND","BEARISH","BEARISH","BEARISH","STRUCTURE + DISCOUNT","NORMAL DOWNTREND","69.04","TRUE","FALSE","FALSE","LAGGING","LAGGARD (Passive)","0.31","0.31","DRY / QUIET","20","80","31.5","17.03","14.72","26.83","92.08","98.1","86.93","15764800","51589160","904","Supertrend bearish | RSI 31.5 lemah | Volume 0.31x | Lolos anti-crash ADX | RISEN NORMAL DOWNTREND","Full Grid (1-2-3-4)","100000000","114","99","95","90","0.1","0.2","0.3","0.4","877","2020","3157","4444","10498","99983300","16700","95.24","95.24","82","162","164","164","28.07","13.9","43.86","72.2","1.56","5.19"
"GSMF","2026-05-26","2026-05-26","560","FULL","101","-2.8846153846153846","AVOID","-","passive","FALSE","","SMART GAMMA","2026-04-07","","49d","49","DOWNTREND","BEARISH","BEARISH","BULLISH","STRUCTURE + DISCOUNT","SIDEWAYS","25","TRUE","FALSE","FALSE","LAGGING","LAGGARD (Passive)","0.2","0.2","DRY / QUIET","33.33","66.67","43.1","37.57","28.94","22.62","115.5","112.56","100.24","18435600","92320910","902","Supertrend bearish | RSI 43.1 lemah | Volume 0.2x | Lolos anti-crash ADX | RISEN SIDEWAYS","Full Grid (1-2-3-4)","100000000","144","112","104","94","0.1","0.2","0.3","0.4","694","1785","2884","4255","9618","99976200","23800","103.95","103.95","77","244","346","346","46.53","25.92","140.28","232.86","3.01","8.98"
"NPGF","2026-05-26","2026-05-26","560","FULL","63","1.6129032258064515","AVOID","-","passive","FALSE","","BETA BREAKOUT","2026-04-07","","49d","49","DOWNTREND","BEARISH","BEARISH","BULLISH","STRUCTURE + DISCOUNT","NORMAL DOWNTREND","51.44","TRUE","FALSE","FALSE","LAGGING","LAGGARD (Passive)","0.45","0.45","DRY / QUIET","100","0","36.3","25.44","13.13","20.03","69.45","69.56","61.86","25454000","57143165","902","Supertrend bearish | RSI 36.3 lemah | Volume 0.45x | Lolos anti-crash ADX | RISEN NORMAL DOWNTREND","Full Grid (1-2-3-4)","100000000","72","65","63","61","0.1","0.2","0.3","0.4","1388","3076","4761","6557","15782","99979600","20400","63.35","63.35","57","95","117","117","20.83","10.02","62.5","84.69","3","8.45"
"WAPO","2026-05-26","2026-05-26","560","FULL","122","-0.8130081300813009","AVOID","-","passive","FALSE","","V-SHAPE","2026-04-07","","49d","49","DOWNTREND","BEARISH","BEARISH","BEARISH","DOWNTREND DISCOUNT","SIDEWAYS","84.99","TRUE","FALSE","FALSE","LAGGING","LAGGARD (Passive)","0.42","0.42","DRY / QUIET","12.5","87.5","38.12","17.9","19.17","20.06","130.24","137.83","154.75","290900","700405","902","Supertrend bearish | RSI 38.1 lemah | Volume 0.42x | Lolos anti-crash ADX | RISEN SIDEWAYS","Full Grid (1-2-3-4)","100000000","122","116","115","113","0.1","0.2","0.3","0.4","819","1724","2608","3539","8690","99972900","27100","115.04","115.04","108","143","164","164","11.48","6.12","34.43","42.55","3","6.95"
"AYAM","2026-05-26","2026-05-26","560","FULL","308","0","AVOID","-","passive","FALSE","","V-SHAPE","2026-04-06","","50d","50","DOWNTREND","BEARISH","BEARISH","BULLISH","STRUCTURE + DISCOUNT","NORMAL DOWNTREND","87.57","TRUE","FALSE","FALSE","LAGGING","LAGGARD (Passive)","0.93","0.93","NORMAL","50","50","35.23","18.52","11.4","23.67","324.14","334.33","299.43","37068600","39719500","900","Supertrend bearish | RSI 35.2 lemah | Volume 0.93x | Lolos anti-crash ADX | RISEN NORMAL DOWNTREND","Full Grid (1-2-3-4)","100000000","312","296","292","286","0.1","0.2","0.3","0.4","320","675","1027","1398","3420","99935200","64800","292.21","292.21","276","366","378","378","11.54","5.55","21.15","29.36","1.83","5.29"
"FORE","2026-05-26","2026-05-26","265","FULL","750","-7.975460122699387","AVOID","-","passive","FALSE","","G ACC","2026-04-06","","50d","50","DOWNTREND","BEARISH","BEARISH","BULLISH","DOWNTREND","NORMAL UPTREND","0","FALSE","TRUE","FALSE","LAGGING","LAGGARD (Passive)","0.83","0.83","NORMAL","0","100","35.67","42.67","19.58","25.33","906.01","820.86","619.83","28510300","34522075","900","Supertrend bearish | RSI 35.7 lemah | Volume 0.83x | Crash filter aktif | RISEN NORMAL UPTREND","Full Grid (1-2-3-4)","100000000","805","595","545","472","0.1","0.2","0.3","0.4","124","336","550","847","1857","99927400","72600","538.11","538.13","374","1450","2100","2100","53.54","30.5","160.87","290.25","3","9.52"
"TRON","2026-05-26","2026-05-26","560","FULL","97","0","AVOID","-","passive","FALSE","","SMART SNIPER","2026-04-06","Discount Only","50d","50","DOWNTREND","BEARISH","BEARISH","BEARISH","STRUCTURE + DISCOUNT","SIDEWAYS","67.45","TRUE","FALSE","FALSE","LAGGING","LAGGARD (Passive)","1.47","1.47","EXPANSION","15.79","84.21","21.79","13.47","20.31","18.39","120.33","136.55","142.5","14222500","9647585","900","Supertrend bearish | RSI 21.8 lemah | Volume valid 1.47x | Lolos anti-crash ADX | RISEN SIDEWAYS","Full Grid (1-2-3-4)","100000000","162","128","120","109","0.1","0.2","0.3","0.4","617","1562","2500","3669","8348","99981100","18900","119.77","119.77","90","270","378","378","44.44","24.85","133.33","215.61","3","8.68"
"ACRO","2026-05-26","2026-05-26","553","FULL","65","0","AVOID","-","passive","FALSE","","BETA BREAKOUT","2026-02-13","","102d","102","DOWNTREND","BEARISH","BEARISH","BEARISH","STRUCTURE + DISCOUNT","NORMAL DOWNTREND","31.22","TRUE","FALSE","FALSE","LEADING","LEADING (Passive)","0.55","0.55","DRY / QUIET","60","40","36.52","22.18","19.34","20.7","69.86","73.81","78.87","3042600","5523135","896","Supertrend bearish | RSI 36.5 lemah | Volume 0.55x | Lolos anti-crash ADX | RISEN NORMAL DOWNTREND","Full Grid (1-2-3-4)","100000000","95","83","80","75","0.1","0.2","0.3","0.4","1052","2409","3750","5333","12544","99986200","13800","79.71","79.71","68","136","176","176","28.42","14.69","85.26","120.8","3","8.22"
"AMMN","2026-05-26","2026-05-26","560","FULL","3110","-1.2698412698412698","AVOID","-","passive","FALSE","","V-SHAPE","2026-02-27","","88d","88","DOWNTREND","BEARISH","BEARISH","BEARISH","STRUCTURE + DISCOUNT","NORMAL DOWNTREND","8.92","TRUE","FALSE","FALSE","IMPROVING","IMPROVING (Passive)","2.02","2.02","VOLUME SURGE","2.63","97.37","27.9","44.34","13.24","33.89","3992.11","4850.85","6386.22","182391700","90498415","894","Supertrend bearish | RSI 27.9 lemah | Volume valid 2.02x | Crash filter aktif | RISEN NORMAL DOWNTREND","Full Grid (1-2-3-4)","100000000","7650","7400","7325","7225","0.1","0.2","0.3","0.4","13","27","40","55","135","98962500","1037500","7330.56","7330.42","7050","8550","9450","9450","7.84","3.83","23.53","28.91","3","7.55"
"BPII","2026-05-26","2026-05-26","560","FULL","460","-2.127659574468085","AVOID","-","passive","FALSE","","BETA BREAKOUT","2026-02-12","","103d","103","DOWNTREND","BEARISH","BEARISH","BEARISH","STRUCTURE + DISCOUNT","SIDEWAYS","76.25","TRUE","FALSE","FALSE","LEADING","LEADING (Passive)","0.29","0.29","DRY / QUIET","0","100","46.55","46.64","36.26","9.38","467.11","473.16","585.3","35700","122650","894","Supertrend bearish | RSI 46.5 lemah | Volume 0.29x | Lolos anti-crash ADX | RISEN SIDEWAYS","Full Grid (1-2-3-4)","100000000","555","476","458","432","0.1","0.2","0.3","0.4","180","420","655","925","2180","99941000","59000","458.44","458.44","388","805","1055","1055","30.09","15.37","90.09","130.13","2.99","8.47"
"BULL","2026-05-26","2026-05-26","560","FULL","382","-6.372549019607843","AVOID","-","passive","FALSE","","BETA BREAKOUT","2026-04-01","","55d","55","DOWNTREND","BEARISH","BEARISH","BULLISH","DEMAND STRUCTURE","SIDEWAYS","25","TRUE","FALSE","FALSE","LAGGING","LAGGARD (Passive)","0.67","0.67","DRY / QUIET","5","95","37.99","23.8","13.71","27.06","443.68","451.02","361.74","206333300","308127985","890","Supertrend bearish | RSI 38.0 lemah | Volume 0.67x | Lolos anti-crash ADX | RISEN SIDEWAYS","Full Grid (1-2-3-4)","100000000","414","360","346","328","0.1","0.2","0.3","0.4","241","555","867","1219","2882","99938800","61200","346.77","346.78","296","590","770","770","28.5","14.64","85.99","122.05","3.02","8.34"
"CHEM","2026-05-26","2026-05-26","560","FULL","69","-2.8169014084507045","AVOID","-","passive","FALSE","","SMART GAMMA","2026-04-01","","55d","55","DOWNTREND","BEARISH","BEARISH","BEARISH","STRUCTURE + DISCOUNT","NORMAL DOWNTREND","63.5","TRUE","FALSE","FALSE","LAGGING","LAGGARD (Passive)","0.29","0.29","DRY / QUIET","33.33","66.67","33.08","22.21","13.53","25.14","82.15","89.64","91.67","8444300","29199730","890","Supertrend bearish | RSI 33.1 lemah | Volume 0.29x | Lolos anti-crash ADX | RISEN NORMAL DOWNTREND","Full Grid (1-2-3-4)","100000000","142","112","105","95","0.1","0.2","0.3","0.4","704","1785","2857","4210","9556","99982300","17700","104.63","104.63","80","236","328","328","43.66","23.54","130.99","213.49","3","9.07"
"OKAS","2026-05-26","2026-05-26","560","FULL","106","0","AVOID","-","passive","FALSE","","SMART SNIPER","2026-02-10","Structure + Discount","105d","105","DOWNTREND","BEARISH","BEARISH","BEARISH","STRUCTURE + DISCOUNT","SIDEWAYS","58.29","TRUE","FALSE","FALSE","LEADING","LEADING (Passive)","0.15","0.15","DRY / QUIET","100","0","37.65","23.13","14.72","30.01","113.94","118.9","138.3","446400","2990925","890","Supertrend bearish | RSI 37.6 lemah | Volume 0.15x | Lolos anti-crash ADX | RISEN SIDEWAYS","Full Grid (1-2-3-4)","100000000","147","126","121","114","0.1","0.2","0.3","0.4","680","1587","2479","3508","8254","99979300","20700","121.13","121.13","103","214","280","280","29.93","14.97","90.48","131.16","3.02","8.76"
"BTEK","2026-05-26","2026-05-26","560","FULL","12","9.090909090909092","HOLD","-","passive","FALSE","","EARLY SWEEP","2026-02-09","","106d","106","UPTREND","BEARISH","BEARISH","BEARISH","UPTREND DISCOUNT","NORMAL DOWNTREND","46.74","TRUE","FALSE","FALSE","LEADING","LEADING (Passive)","1.14","1.14","NORMAL","100","0","45.75","38.93","29.57","42.01","12.25","14.07","15.45","126159000","110967920","888","Supertrend bullish | RSI 45.8 lemah | Volume 1.14x | Crash filter aktif | RISEN NORMAL DOWNTREND","Full Grid (1-2-3-4)","100000000","18","15","14","12","0.1","0.2","0.3","0.4","5555","13333","21428","33333","73649","99997300","2700","13.58","13.58","11","29","39","39","38.89","18.98","116.67","187.24","3","9.86"
"KBLM","2026-05-26","2026-05-26","560","FULL","302","2.027027027027027","AVOID","-","passive","FALSE","","SMART SNIPER","2026-03-31","Structure + Discount","56d","56","DOWNTREND","BEARISH","BEARISH","BEARISH","STRUCTURE + DISCOUNT","NORMAL DOWNTREND","22.17","TRUE","FALSE","FALSE","WEAKENING","WEAKENING (Passive)","1.62","1.62","EXPANSION","33.33","66.67","38.77","16.36","18.71","21.12","317.52","323.02","330.92","229200","141835","888","Supertrend bearish | RSI 38.8 lemah | Volume valid 1.62x | Lolos anti-crash ADX | RISEN NORMAL DOWNTREND","Full Grid (1-2-3-4)","100000000","340","324","318","314","0.1","0.2","0.3","0.4","294","617","943","1273","3127","99946400","53600","319.62","319.62","304","394","448","448","10.59","4.89","31.76","40.16","3","8.22"
"LINK","2026-05-26","2026-05-26","560","FULL","1200","2.564102564102564","AVOID","-","passive","FALSE","","V-SHAPE","2026-03-31","","56d","56","DOWNTREND","BEARISH","BEARISH","BEARISH","STRUCTURE + DISCOUNT","NORMAL DOWNTREND","42.48","TRUE","FALSE","FALSE","LAGGING","LAGGARD (Passive)","0.17","0.17","DRY / QUIET","74.07","25.93","27.89","44.33","7.26","37.15","1503.94","1808.37","2337.82","11400","65935","888","Supertrend bearish | RSI 27.9 lemah | Volume 0.17x | Crash filter aktif | RISEN NORMAL DOWNTREND","Full Grid (1-2-3-4)","100000000","1855","1815","1800","1790","0.1","0.2","0.3","0.4","53","110","166","223","552","99593500","406500","1804.23","1804.3","1735","2040","2050","2050","6.47","3.84","10.51","13.62","1.63","3.55"
"PNSE","2026-05-26","2026-05-26","560","FULL","515","-4.62962962962963","AVOID","-","passive","FALSE","","BETA BREAKOUT","2025-09-02","","266d","266","DOWNTREND","BEARISH","BEARISH","BEARISH","STRUCTURE + DISCOUNT","CRASH / SELL-OFF","35","TRUE","FALSE","TRUE","LAGGING","LAGGARD (Passive)","3.36","3.36","VOLUME SURGE","6.25","93.75","32.93","21.95","18.42","10.53","596.78","633.02","680.21","108700","32310","888","Supertrend bearish | RSI 32.9 lemah | Volume valid 3.36x | Lolos anti-crash ADX | RISEN CRASH / SELL-OFF","Full Grid (1-2-3-4)","100000000","885","765","735","690","0.1","0.2","0.3","0.4","112","261","408","579","1360","99817500","182500","733.95","734.05","625","1275","1665","1665","29.38","14.84","88.14","126.85","3","8.55"
"SHID","2026-05-26","2026-05-26","560","FULL","715","-1.3793103448275863","AVOID","-","passive","FALSE","","EARLY SWEEP","2026-03-31","","56d","56","DOWNTREND","BEARISH","BEARISH","BEARISH","STRUCTURE + DISCOUNT","SIDEWAYS","95.9","TRUE","FALSE","FALSE","WEAKENING","WEAKENING (Passive)","0.11","0.11","DRY / QUIET","66.67","33.33","38.15","25.77","14.45","16.5","741.43","764.28","832.3","1200","10705","888","Supertrend bearish | RSI 38.1 lemah | Volume 0.11x | Lolos anti-crash ADX | RISEN SIDEWAYS","Full Grid (1-2-3-4)","100000000","940","850","825","795","0.1","0.2","0.3","0.4","106","235","363","503","1207","99875000","125000","827.46","827.5","745","1235","1525","1525","20.74","9.97","62.23","84.3","3","8.46"
"SWID","2026-05-26","2026-05-26","560","FULL","97","2.1052631578947367","AVOID","-","passive","FALSE","","V-SHAPE","2026-03-31","","56d","56","DOWNTREND","BEARISH","BEARISH","BEARISH","STRUCTURE + DISCOUNT","SIDEWAYS","33.22","TRUE","FALSE","FALSE","WEAKENING","WEAKENING (Passive)","0.07","0.07","DRY / QUIET","50","50","41.66","17.99","23.43","21.79","103.57","106.64","103.33","1005900","13417225","888","Supertrend bearish | RSI 41.7 lemah | Volume 0.07x | Lolos anti-crash ADX | RISEN SIDEWAYS","Full Grid (1-2-3-4)","100000000","98","92","90","88","0.1","0.2","0.3","0.4","1020","2173","3333","4545","11071","99980600","19400","90.31","90.31","83","121","143","143","15.31","8.09","45.92","58.35","3","7.21"
"TRUS","2026-05-26","2026-05-26","560","FULL","296","2.7777777777777777","AVOID","-","passive","FALSE","","EARLY SWEEP","2026-03-06","","81d","81","DOWNTREND","BEARISH","BEARISH","BEARISH","STRUCTURE + DISCOUNT","NORMAL DOWNTREND","27.11","TRUE","FALSE","FALSE","IMPROVING","IMPROVING (Passive)","0.37","0.37","DRY / QUIET","91.67","8.33","29.92","34.36","19.56","23.54","331.92","366.92","438.42","16000","43040","888","Supertrend bearish | RSI 29.9 lemah | Volume 0.37x | Crash filter aktif | RISEN NORMAL DOWNTREND","Full Grid (1-2-3-4)","100000000","620","510","484","448","0.1","0.2","0.3","0.4","161","392","619","892","2064","99895200","104800","483.99","483.99","394","960","1300","1300","36.45","18.59","109.68","168.6","3.01","9.07"
"FLMC","2026-05-26","2026-05-26","560","FULL","144","-0.6896551724137931","AVOID","-","passive","FALSE","","EARLY SWEEP","2026-03-30","","57d","57","DOWNTREND","BEARISH","BEARISH","BEARISH","STRUCTURE + DISCOUNT","SIDEWAYS","49.57","TRUE","FALSE","FALSE","LAGGING","LAGGARD (Passive)","0.04","0.04","DRY / QUIET","50","50","35.75","18.81","11.6","21.29","157.83","156.1","145.21","36400","957105","886","Supertrend bearish | RSI 35.8 lemah | Volume 0.04x | Lolos anti-crash ADX | RISEN SIDEWAYS","Full Grid (1-2-3-4)","100000000","182","159","153","145","0.1","0.2","0.3","0.4","549","1257","1960","2758","6524","99957100","42900","153.21","153.22","132","258","332","332","27.47","13.85","82.42","116.69","3","8.43"
"MBAP","2026-05-26","2026-05-26","560","FULL","1540","-0.964630225080386","AVOID","-","passive","FALSE","","BETA BREAKOUT","2026-03-30","","57d","57","DOWNTREND","BEARISH","BEARISH","BEARISH","STRUCTURE + DISCOUNT","NORMAL DOWNTREND","39.61","TRUE","FALSE","FALSE","LAGGING","LAGGARD (Passive)","0.51","0.51","DRY / QUIET","25","75","34.24","16.77","22.98","16.2","1625.53","1670.44","1743.45","54100","106235","886","Supertrend bearish | RSI 34.2 lemah | Volume 0.51x | Lolos anti-crash ADX | RISEN NORMAL DOWNTREND","Full Grid (1-2-3-4)","100000000","1870","1690","1650","1585","0.1","0.2","0.3","0.4","53","118","181","252","604","99660000","340000","1650","1650.16","1495","2430","3000","3000","20.05","9.39","60.43","81.82","3.01","8.71"
"DVLA","2026-05-26","2026-05-26","560","FULL","1595","0","AVOID","-","passive","FALSE","","BETA BREAKOUT","2026-02-06","","109d","109","DOWNTREND","NEUTRAL","BEARISH","BEARISH","STRUCTURE + DISCOUNT","SIDEWAYS","64.46","TRUE","FALSE","FALSE","LEADING","LEADING (Passive)","0.27","0.27","DRY / QUIET","100","0","46.71","47.44","9.35","26.18","1597.29","1606.53","1628.18","4900","18425","882","Supertrend bearish | RSI 46.7 lemah | Volume 0.27x | Crash filter aktif | RISEN SIDEWAYS","Full Grid (1-2-3-4)","100000000","1680","1640","1625","1615","0.1","0.2","0.3","0.4","59","121","184","247","611","99546500","453500","1629.24","1629.28","1590","1815","1995","1995","5.36","2.41","18.75","22.45","3.5","9.32"
"CBPE","2026-05-26","2026-05-26","560","FULL","288","-1.36986301369863","HOLD","-","passive","FALSE","","BETA BREAKOUT","2026-03-27","","60d","60","UPTREND","BEARISH","BEARISH","BULLISH","DEMAND STRUCTURE","NORMAL DOWNTREND","93.91","TRUE","FALSE","FALSE","WEAKENING","WEAKENING (Passive)","0.94","0.94","NORMAL","10.53","89.47","40.63","12.6","20.97","11.08","303.3","307.29","279.22","143000","151935","880","Supertrend bullish | RSI 40.6 lemah | Volume 0.94x | Lolos anti-crash ADX | RISEN NORMAL DOWNTREND","Full Grid (1-2-3-4)","100000000","354","312","302","288","0.1","0.2","0.3","0.4","282","641","993","1388","3304","99945000","55000","302.5","302.5","264","490","625","625","25.42","12.73","76.55","106.61","3.01","8.38"
"DOID","2026-05-26","2026-05-26","560","FULL","212","2.912621359223301","AVOID","-","passive","FALSE","","V-SHAPE","2026-03-02","","85d","85","DOWNTREND","BEARISH","BEARISH","BEARISH","STRUCTURE + DISCOUNT","NORMAL DOWNTREND","33.25","TRUE","FALSE","FALSE","IMPROVING","IMPROVING (Passive)","0.62","0.62","DRY / QUIET","60","40","33.78","41.11","8.03","29.75","230.49","252.18","318.61","3181500","5152845","880","Supertrend bearish | RSI 33.8 lemah | Volume 0.62x | Crash filter aktif | RISEN NORMAL DOWNTREND","Full Grid (1-2-3-4)","100000000","318","300","294","288","0.1","0.2","0.3","0.4","314","666","1020","1388","3388","99927600","72400","294.95","294.95","276","382","444","444","13.21","6.42","39.62","50.54","3","7.87"
"ERAA","2026-05-26","2026-05-26","560","FULL","376","1.0752688172043012","AVOID","-","passive","FALSE","","SMART SNIPER","2026-02-05","Structure + Discount","110d","110","DOWNTREND","BEARISH","BEARISH","BEARISH","STRUCTURE + DISCOUNT","NORMAL DOWNTREND","33.32","TRUE","FALSE","FALSE","LEADING","LEADING (Passive)","0.39","0.39","DRY / QUIET","50","50","39.9","26.25","13.05","27.2","387.22","393.82","414.03","15987800","41046545","880","Supertrend bearish | RSI 39.9 lemah | Volume 0.39x | Lolos anti-crash ADX | RISEN NORMAL DOWNTREND","Full Grid (1-2-3-4)","100000000","418","384","376","364","0.1","0.2","0.3","0.4","239","520","797","1098","2654","99892600","107400","376.39","376.39","346","525","635","635","17.22","8.07","51.91","68.71","3.01","8.51"
"APLN","2026-05-26","2026-05-26","560","FULL","141","-7.236842105263158","AVOID","-","passive","FALSE","","SMART GAMMA","2026-03-26","","61d","61","DOWNTREND","BEARISH","BEARISH","BULLISH","DOWNTREND DISCOUNT","NORMAL DOWNTREND","0","FALSE","FALSE","FALSE","LAGGING","LAGGARD (Passive)","0.27","0.27","DRY / QUIET","11.76","88.24","32.76","17.1","16.84","24.15","168.37","166.11","136.87","32414900","119561460","878","Supertrend bearish | RSI 32.8 lemah | Volume 0.27x | Lolos anti-crash ADX | RISEN NORMAL DOWNTREND","Full Grid (1-2-3-4)","100000000","167","140","133","124","0.1","0.2","0.3","0.4","598","1428","2255","3225","7506","99960100","39900","133.17","133.18","109","254","342","342","34.73","18.15","104.79","156.81","3.02","8.64"
"DCII","2026-05-26","2026-05-26","560","FULL","193000","0","AVOID","-","passive","FALSE","","EARLY SWEEP","2026-03-26","","61d","61","DOWNTREND","BEARISH","BEARISH","BEARISH","STRUCTURE + DISCOUNT","SIDEWAYS","65","TRUE","FALSE","FALSE","LAGGING","LAGGARD (Passive)","0.37","0.37","DRY / QUIET","50","50","37.43","41.93","22.89","68.16","198039.91","202903","212541.71","400","1070","878","Supertrend bearish | RSI 37.4 lemah | Volume 0.37x | Crash filter aktif | RISEN SIDEWAYS","Full Grid (1-2-3-4)","100000000","220000","207275","204250","199975","0.1","0.2","0.3","0.4","0","0","1","2","3","60420000","39580000","201400","204562.34","193150","293875","347175","347175","12.2","4.1","57.81","72.38","4.74","17.67"
"MBTO","2026-05-26","2026-05-26","560","FULL","113","-0.8771929824561403","AVOID","-","passive","FALSE","","SMART SNIPER","2026-02-04","Demand Structure","111d","111","DOWNTREND","BEARISH","BEARISH","BEARISH","STRUCTURE + DISCOUNT","SIDEWAYS","45.14","TRUE","FALSE","FALSE","LEADING","LEADING (Passive)","0.14","0.14","DRY / QUIET","25","75","45.37","34.82","30.26","13.93","116.31","122.2","135.32","366500","2691545","878","Supertrend bearish | RSI 45.4 lemah | Volume 0.14x | Lolos anti-crash ADX | RISEN SIDEWAYS","Full Grid (1-2-3-4)","100000000","191","160","152","141","0.1","0.2","0.3","0.4","523","1250","1973","2836","6582","99966500","33500","151.88","151.88","125","290","390","390","34.55","17.7","104.19","156.78","3.02","8.86"
"MTWI","2026-05-26","2026-05-26","560","FULL","268","-0.7407407407407408","AVOID","-","passive","FALSE","","SMART SNIPER","2026-03-26","Structure + Discount","61d","61","DOWNTREND","BEARISH","BEARISH","BEARISH","STRUCTURE + DISCOUNT","NORMAL DOWNTREND","35.05","TRUE","FALSE","FALSE","LAGGING","LAGGARD (Passive)","0.23","0.23","DRY / QUIET","85.71","14.29","25.56","26.08","7.26","19.66","299.3","319.32","320.93","40700","179010","878","Supertrend bearish | RSI 25.6 lemah | Volume 0.23x | Lolos anti-crash ADX | RISEN NORMAL DOWNTREND","Full Grid (1-2-3-4)","100000000","366","340","334","326","0.1","0.2","0.3","0.4","273","588","898","1226","2985","99944600","55400","334.82","334.82","310","450","535","535","15.3","7.41","46.17","59.79","3.02","8.06"
"ABMM","2026-05-26","2026-05-26","560","FULL","2430","-0.8163265306122449","AVOID","-","passive","FALSE","","BETA BREAKOUT","2026-03-25","","62d","62","DOWNTREND","BEARISH","BEARISH","BEARISH","STRUCTURE + DISCOUNT","NORMAL DOWNTREND","23.7","TRUE","FALSE","FALSE","LAGGING","LAGGARD (Passive)","0.49","0.49","DRY / QUIET","40","60","25.23","41.64","8.54","36.87","2715.68","2847.23","2957","782600","1610185","876","Supertrend bearish | RSI 25.2 lemah | Volume 0.49x | Crash filter aktif | RISEN NORMAL DOWNTREND","Full Grid (1-2-3-4)","100000000","3060","2920","2890","2840","0.1","0.2","0.3","0.4","32","68","103","140","343","99175000","825000","2891.4","2891.64","2760","3510","3960","3960","9.8","4.54","29.41","36.96","3","8.13"
"BRRC","2026-05-26","2026-05-26","322","FULL","60","-1.639344262295082","AVOID","-","passive","FALSE","","EARLY SWEEP","2026-03-25","","62d","62","DOWNTREND","BEARISH","BEARISH","BEARISH","STRUCTURE + DISCOUNT","NORMAL DOWNTREND","64.8","TRUE","FALSE","FALSE","LAGGING","LAGGARD (Passive)","0.21","0.21","DRY / QUIET","25","75","32.63","22.97","16.02","27.17","70.38","78.8","97.79","4417300","20980405","876","Supertrend bearish | RSI 32.6 lemah | Volume 0.21x | Lolos anti-crash ADX | RISEN NORMAL DOWNTREND","Full Grid (1-2-3-4)","100000000","126","107","103","96","0.1","0.2","0.3","0.4","793","1869","2912","4166","9740","99977300","22700","102.65","102.65","86","186","246","246","31.75","16.22","95.24","139.66","3","8.61"
"ERTX","2026-05-26","2026-05-26","560","FULL","161","-1.8292682926829267","AVOID","-","passive","FALSE","","EARLY SWEEP","2026-03-25","","62d","62","DOWNTREND","BEARISH","BEARISH","BEARISH","STRUCTURE + DISCOUNT","NORMAL DOWNTREND","64.49","TRUE","FALSE","FALSE","LAGGING","LAGGARD (Passive)","0.43","0.43","DRY / QUIET","72.73","27.27","26.4","18.61","14.31","30.2","187.85","203.06","190.82","775300","1785820","876","Supertrend bearish | RSI 26.4 lemah | Volume 0.43x | Lolos anti-crash ADX | RISEN NORMAL DOWNTREND","Full Grid (1-2-3-4)","100000000","340","252","232","202","0.1","0.2","0.3","0.4","294","793","1293","1980","4360","99973200","26800","229.3","229.3","159","610","885","885","53.24","30.66","160.29","285.96","3.01","9.33"
"EDGE","2026-05-26","2026-05-26","560","FULL","4790","0","HOLD","-","passive","FALSE","","V-SHAPE","2026-02-02","","113d","113","UPTREND","NEUTRAL","BULLISH","BULLISH","UPTREND","SIDEWAYS","0","FALSE","FALSE","FALSE","LEADING","LEADING (Passive)","0","0","NO VOLUME","50","50","53.32","9.68","19.88","16.41","4789.9","4778.48","4603.51","0","0","874","Supertrend bullish | RSI 53.3 > 50 | Volume NaNx | Lolos anti-crash ADX | RISEN SIDEWAYS","Full Grid (1-2-3-4)","100000000","5200","4720","4600","4440","0.1","0.2","0.3","0.4","19","42","65","90","216","99564000","436000","4609.44","4610.18","4170","6750","8300","8300","19.81","9.53","59.62","80.07","3.01","8.4"
"AMOR","2026-05-26","2026-05-26","560","FULL","350","1.1560693641618496","AVOID","-","passive","FALSE","","EARLY SWEEP","2026-01-29","","117d","117","DOWNTREND","NEUTRAL","BEARISH","BEARISH","STRUCTURE + DISCOUNT","NORMAL DOWNTREND","34.63","TRUE","FALSE","FALSE","LEADING","LEADING (Passive)","0.98","0.98","NORMAL","80","20","49.53","21.2","17.81","24.77","350.18","352.26","409.75","220900","224395","866","Supertrend bearish | RSI 49.5 lemah | Volume 0.98x | Lolos anti-crash ADX | RISEN NORMAL DOWNTREND","Full Grid (1-2-3-4)","100000000","386","384","382","382","0.1","0.2","0.3","0.4","259","520","785","1047","2611","99947800","52200","382.8","382.8","378","482","496","496","2.07","1.25","28.5","29.57","13.75","23.61"
"BBRI","2026-05-26","2026-05-26","560","FULL","3070","-3.1545741324921135","AVOID","-","passive","FALSE","","V-SHAPE","2026-01-29","","117d","117","DOWNTREND","BEARISH","BEARISH","BEARISH","STRUCTURE + DISCOUNT","NORMAL DOWNTREND","35.6","TRUE","FALSE","FALSE","LEADING","LEADING (Passive)","0.77","0.77","DRY / QUIET","0","100","42.81","22.8","26.94","27.27","3145.72","3290.83","3656.91","185037400","241343210","866","Supertrend bearish | RSI 42.8 lemah | Volume 0.77x | Lolos anti-crash ADX | RISEN NORMAL DOWNTREND","Full Grid (1-2-3-4)","100000000","3780","3540","3480","3390","0.1","0.2","0.3","0.4","26","56","86","117","285","99243000","757000","3482.21","3482.46","3270","4550","5300","5300","13.49","6.09","40.21","52.2","2.98","8.57"
"ISSP","2026-05-26","2026-05-26","560","FULL","428","0.9433962264150944","AVOID","-","passive","FALSE","","V-SHAPE","2026-01-29","","117d","117","DOWNTREND","BEARISH","BEARISH","BEARISH","STRUCTURE + DISCOUNT","SIDEWAYS","24.79","TRUE","FALSE","FALSE","LEADING","LEADING (Passive)","1.21","1.21","EXPANSION","87.5","12.5","43.58","44.14","11.76","27.93","433.64","451.6","429.94","2183300","1805465","866","Supertrend bearish | RSI 43.6 lemah | Volume valid 1.21x | Crash filter aktif | RISEN SIDEWAYS","Full Grid (1-2-3-4)","100000000","462","430","422","412","0.1","0.2","0.3","0.4","216","465","710","970","2361","99900200","99800","423.13","423.13","394","565","665","665","14.72","6.88","43.94","57.16","2.99","8.3"
"KBLI","2026-05-26","2026-05-26","560","FULL","322","0.625","AVOID","-","passive","FALSE","","EARLY SWEEP","2026-01-29","","117d","117","DOWNTREND","BEARISH","BEARISH","BEARISH","STRUCTURE + DISCOUNT","SIDEWAYS","25","TRUE","FALSE","FALSE","LEADING","LEADING (Passive)","0.07","0.07","DRY / QUIET","33.33","66.67","47.59","16.77","15.78","16.41","322.67","324.53","338.58","67700","1023860","866","Supertrend bearish | RSI 47.6 lemah | Volume 0.07x | Lolos anti-crash ADX | RISEN SIDEWAYS","Full Grid (1-2-3-4)","100000000","324","310","306","302","0.1","0.2","0.3","0.4","308","645","980","1324","3257","99947000","53000","306.87","306.87","294","370","384","384","9.26","4.19","18.52","25.14","2","5.99"
"MGRO","2026-05-26","2026-05-26","560","FULL","655","-0.7575757575757576","AVOID","-","passive","FALSE","","EARLY SWEEP","2026-01-29","","117d","117","DOWNTREND","BEARISH","BEARISH","BEARISH","STRUCTURE + DISCOUNT","NORMAL DOWNTREND","58.02","TRUE","FALSE","FALSE","LEADING","LEADING (Passive)","1.17","1.17","NORMAL","66.67","33.33","39.26","42.35","9.41","20.51","676.74","695.65","717.58","3563700","3040540","866","Supertrend bearish | RSI 39.3 lemah | Volume 1.17x | Crash filter aktif | RISEN NORMAL DOWNTREND","Full Grid (1-2-3-4)","100000000","765","750","745","740","0.1","0.2","0.3","0.4","130","266","402","540","1338","99804000","196000","745.92","745.93","730","820","900","900","4.58","2.13","17.65","20.66","3.86","9.68"
"MLBI","2026-05-26","2026-05-26","560","FULL","6075","0.4132231404958678","AVOID","-","passive","FALSE","","EARLY SWEEP","2026-01-29","","117d","117","DOWNTREND","BULLISH","BULLISH","BULLISH","DOWNTREND PREMIUM","NORMAL UPTREND","25","TRUE","TRUE","FALSE","LEADING","LEADING (Passive)","0.07","0.07","DRY / QUIET","25","75","58.89","44.83","26.3","8.04","5948.39","5820.76","5795.62","30800","464460","866","Supertrend bearish | RSI 58.9 > 50 | Volume 0.07x | Lolos anti-crash ADX | RISEN NORMAL UPTREND","Full Grid (1-2-3-4)","100000000","6475","6050","5925","5775","0.1","0.2","0.3","0.4","15","33","50","69","167","99150000","850000","5937.13","5938.28","5575","7825","9175","9175","13.9","6.1","41.7","54.54","3","8.94"
"SILO","2026-05-26","2026-05-26","560","FULL","2390","4.824561403508771","AVOID","-","passive","FALSE","","G ACC","2026-01-29","","117d","117","DOWNTREND","BEARISH","BEARISH","BEARISH","DEMAND STRUCTURE","NORMAL DOWNTREND","56.58","TRUE","FALSE","FALSE","LEADING","LEADING (Passive)","0.93","0.93","NORMAL","44.44","55.56","45.1","36.06","11.15","26.36","2420.04","2513.44","2493.45","414500","444310","866","Supertrend bearish | RSI 45.1 lemah | Volume 0.93x | Crash filter aktif | RISEN NORMAL DOWNTREND","Full Grid (1-2-3-4)","100000000","2800","2610","2560","2490","0.1","0.2","0.3","0.4","35","76","117","160","388","99428000","572000","2562.58","2562.97","2390","3420","4030","4030","14.64","6.73","43.93","57.26","3","8.5"
"UCID","2026-05-26","2026-05-26","560","FULL","394","2.072538860103627","AVOID","-","passive","FALSE","","EARLY SWEEP","2026-01-29","","117d","117","DOWNTREND","NEUTRAL","BEARISH","BEARISH","STRUCTURE + DISCOUNT","NORMAL DOWNTREND","34.47","TRUE","FALSE","FALSE","LEADING","LEADING (Passive)","0.86","0.86","NORMAL","57.14","42.86","48.18","34.19","17.78","22.73","393.85","403.68","457.77","1274100","1489850","866","Supertrend bearish | RSI 48.2 lemah | Volume 0.86x | Crash filter aktif | RISEN NORMAL DOWNTREND","Full Grid (1-2-3-4)","100000000","700","690","690","685","0.1","0.2","0.3","0.4","142","289","434","583","1448","99762500","237500","688.97","688.97","675","855","875","875","3.57","2.03","25","27","7","13.32"
"APII","2026-05-26","2026-05-26","560","FULL","192","2.127659574468085","AVOID","-","passive","FALSE","","V-SHAPE","2026-01-27","","119d","119","DOWNTREND","BULLISH","BULLISH","BULLISH","STRUCTURE + DISCOUNT","SIDEWAYS","43.91","TRUE","FALSE","FALSE","LEADING","LEADING (Passive)","1.26","1.26","EXPANSION","75","25","53.37","28.18","19.54","10.94","189.6","190.78","189.1","185700","147605","862","Supertrend bearish | RSI 53.4 > 50 | Volume valid 1.26x | Lolos anti-crash ADX | RISEN SIDEWAYS","Full Grid (1-2-3-4)","100000000","212","202","200","196","0.1","0.2","0.3","0.4","471","990","1500","2040","5001","99967200","32800","199.89","199.9","190","246","278","278","10.38","4.95","31.13","39.07","3","7.89"
"SUNI","2026-05-26","2026-05-26","560","FULL","665","0.7575757575757576","HOLD","-","passive","FALSE","","V-SHAPE","2026-01-27","","119d","119","UPTREND","BULLISH","BEARISH","BEARISH","UPTREND DISCOUNT","NORMAL DOWNTREND","0","FALSE","FALSE","FALSE","LEADING","LEADING (Passive)","0.77","0.77","DRY / QUIET","75","25","54.88","56.52","17.43","20.21","646.2","686.26","755.45","574400","749640","862","Supertrend bullish | RSI 54.9 > 50 | Volume 0.77x | Crash filter aktif | RISEN NORMAL DOWNTREND","Full Grid (1-2-3-4)","100000000","830","800","790","780","0.1","0.2","0.3","0.4","120","250","379","512","1261","99837000","163000","791.73","791.73","760","935","1040","1040","8.43","4.01","25.3","31.36","3","7.82"
"DGIK","2026-05-26","2026-05-26","560","FULL","130","-3.7037037037037033","AVOID","-","passive","FALSE","","V-SHAPE","2026-01-26","","120d","120","DOWNTREND","BEARISH","BEARISH","BULLISH","STRUCTURE + DISCOUNT","SIDEWAYS","60","TRUE","FALSE","FALSE","LEADING","LEADING (Passive)","0.79","0.79","DRY / QUIET","14.29","85.71","45.39","24.1","15.04","19.24","133.68","133.51","121.94","3134800","3949345","860","Supertrend bearish | RSI 45.4 lemah | Volume 0.79x | Lolos anti-crash ADX | RISEN SIDEWAYS","Full Grid (1-2-3-4)","100000000","151","144","142","140","0.1","0.2","0.3","0.4","662","1388","2112","2857","7019","99971800","28200","142.43","142.43","134","184","206","206","11.26","5.92","36.42","44.63","3.24","7.54"
"ESTA","2026-05-26","2026-05-26","560","FULL","186","-7.920792079207921","HOLD","-","passive","FALSE","","EARLY SWEEP","2026-03-17","","70d","70","UPTREND","BEARISH","BEARISH","BEARISH","STRUCTURE + DISCOUNT","NORMAL DOWNTREND","0","FALSE","FALSE","FALSE","WEAKENING","WEAKENING (Passive)","1.37","1.37","EXPANSION","35.48","64.52","37.65","36.43","24.46","18.85","203.61","207.39","196.91","2882000","2097950","860","Supertrend bullish | RSI 37.6 lemah | Volume valid 1.37x | Lolos anti-crash ADX | RISEN NORMAL DOWNTREND","Full Grid (1-2-3-4)","100000000","192","177","173","168","0.1","0.2","0.3","0.4","520","1129","1734","2380","5763","99949500","50500","173.43","173.44","156","246","270","270","18.75","10.05","40.63","55.68","2.17","5.54"
"FOOD","2026-05-26","2026-05-26","560","FULL","165","0","AVOID","-","passive","FALSE","","EARLY SWEEP","2026-03-17","","70d","70","DOWNTREND","BEARISH","BEARISH","BEARISH","STRUCTURE + DISCOUNT","NORMAL DOWNTREND","66.84","TRUE","FALSE","FALSE","LAGGING","LAGGARD (Passive)","0.08","0.08","DRY / QUIET","50","50","39.42","34.08","18","50.29","179.63","202.78","224.46","2700","33105","860","Supertrend bearish | RSI 39.4 lemah | Volume 0.08x | Crash filter aktif | RISEN NORMAL DOWNTREND","Full Grid (1-2-3-4)","100000000","282","250","242","230","0.1","0.2","0.3","0.4","354","800","1239","1739","4132","99963600","36400","241.93","241.93","212","388","492","492","24.82","12.37","74.47","103.37","3","8.36"
"ROCK","2026-05-26","2026-05-26","560","FULL","1700","-5.555555555555555","AVOID","-","passive","FALSE","","SMART GAMMA","2026-03-17","","70d","70","DOWNTREND","BEARISH","BEARISH","BULLISH","STRUCTURE + DISCOUNT","NORMAL DOWNTREND","56.62","TRUE","FALSE","FALSE","LAGGING","LAGGARD (Passive)","0.51","0.51","DRY / QUIET","22.86","77.14","30.32","19.54","25.6","27.15","2205.25","2309.6","1678.24","56600","110390","860","Supertrend bearish | RSI 30.3 lemah | Volume 0.51x | Lolos anti-crash ADX | RISEN NORMAL DOWNTREND","Full Grid (1-2-3-4)","100000000","3520","2580","2360","2050","0.1","0.2","0.3","0.4","28","77","127","195","427","99669000","331000","2334.17","2335.53","1570","6450","9375","9375","55.4","32.74","166.34","301.64","3","9.21"
"SMLE","2026-05-26","2026-05-26","554","FULL","101","-0.9803921568627451","AVOID","-","passive","FALSE","","V-SHAPE","2026-03-17","","70d","70","DOWNTREND","BEARISH","BEARISH","BEARISH","STRUCTURE + DISCOUNT","NORMAL DOWNTREND","65","TRUE","FALSE","FALSE","LAGGING","LAGGARD (Passive)","0.18","0.18","DRY / QUIET","33.33","66.67","22.25","41.63","5.87","32.29","117.85","131.49","167.48","108300","589140","860","Supertrend bearish | RSI 22.3 lemah | Volume 0.18x | Crash filter aktif | RISEN NORMAL DOWNTREND","Full Grid (1-2-3-4)","100000000","114","103","100","97","0.1","0.2","0.3","0.4","877","1941","3000","4123","9941","99983200","16800","100.58","100.58","89","152","189","189","21.93","11.51","65.79","87.92","3","7.64"
"TBMS","2026-05-26","2026-05-26","560","FULL","1300","-2.9850746268656714","AVOID","-","passive","FALSE","","V-SHAPE","2026-01-26","","120d","120","DOWNTREND","BEARISH","BEARISH","BULLISH","STRUCTURE + DISCOUNT","SIDEWAYS","58.6","TRUE","FALSE","FALSE","LEADING","LEADING (Passive)","0.13","0.13","DRY / QUIET","20","80","46.92","14.54","28.54","20.1","1319.79","1333.37","1284.33","5700","43225","860","Supertrend bearish | RSI 46.9 lemah | Volume 0.13x | Lolos anti-crash ADX | RISEN SIDEWAYS","Full Grid (1-2-3-4)","100000000","1510","1450","1435","1410","0.1","0.2","0.3","0.4","66","137","209","283","695","99725500","274500","1434.9","1434.92","1370","1720","1930","1930","9.27","4.52","27.81","34.5","3","7.63"
"AHAP","2026-05-26","2026-05-26","560","FULL","87","-1.1363636363636365","AVOID","-","passive","FALSE","","EARLY SWEEP","2026-03-16","","71d","71","DOWNTREND","BEARISH","BEARISH","BEARISH","STRUCTURE + DISCOUNT","NORMAL DOWNTREND","59.91","TRUE","FALSE","FALSE","LAGGING","LAGGARD (Passive)","0.49","0.49","DRY / QUIET","16.67","83.33","33.66","21.51","12.64","28.83","100.68","110.1","108.05","12021800","24563960","858","Supertrend bearish | RSI 33.7 lemah | Volume 0.49x | Lolos anti-crash ADX | RISEN NORMAL DOWNTREND","Full Grid (1-2-3-4)","100000000","136","124","121","117","0.1","0.2","0.3","0.4","735","1612","2479","3418","8244","99971300","28700","121.27","121.27","109","177","218","218","19.85","10.11","60.29","79.77","3.04","7.89"
"HRUM","2026-05-26","2026-05-26","560","FULL","795","0.6329113924050633","AVOID","-","passive","FALSE","","BETA BREAKOUT","2026-02-19","","96d","96","DOWNTREND","BEARISH","BEARISH","BEARISH","STRUCTURE + DISCOUNT","NORMAL DOWNTREND","18.62","TRUE","FALSE","FALSE","IMPROVING","IMPROVING (Passive)","0.57","0.57","DRY / QUIET","12.5","87.5","34.08","38.07","14.19","36.64","877.04","955.78","1016.68","9587700","16712175","858","Supertrend bearish | RSI 34.1 lemah | Volume 0.57x | Crash filter aktif | RISEN NORMAL DOWNTREND","Full Grid (1-2-3-4)","100000000","1240","1095","1060","1010","0.1","0.2","0.3","0.4","80","182","283","396","941","99843000","157000","1061.03","1061.17","930","1705","2170","2170","25","12.35","75","104.52","3","8.46"
"KDTN","2026-05-26","2026-05-26","560","FULL","805","-3.592814371257485","AVOID","-","passive","FALSE","","EARLY SWEEP","2026-03-16","","71d","71","DOWNTREND","BEARISH","BEARISH","BULLISH","DEMAND STRUCTURE","NORMAL DOWNTREND","38.35","TRUE","FALSE","FALSE","LAGGING","LAGGARD (Passive)","0.05","0.05","DRY / QUIET","9.09","90.91","35.71","29.11","23.75","21.52","905.27","939.44","700.83","132900","2708775","858","Supertrend bearish | RSI 35.7 lemah | Volume 0.05x | Lolos anti-crash ADX | RISEN NORMAL DOWNTREND","Full Grid (1-2-3-4)","100000000","1575","840","665","420","0.1","0.2","0.3","0.4","63","238","451","952","1704","99890000","110000","586.21","586.48","77","3820","6075","6075","95.11","86.86","285.71","936.32","3","10.78"
"PBRX","2026-05-26","2026-05-26","560","FULL","30","7.142857142857142","HOLD","-","passive","FALSE","","BETA BREAKOUT","2026-02-19","","96d","96","UPTREND","BEARISH","BEARISH","BEARISH","UPTREND DISCOUNT","NORMAL DOWNTREND","42.07","TRUE","FALSE","FALSE","IMPROVING","IMPROVING (Passive)","0.36","0.36","DRY / QUIET","50","50","38.46","37.67","29.18","54.37","33.37","37.11","37.12","5793800","15932785","858","Supertrend bullish | RSI 38.5 lemah | Volume 0.36x | Crash filter aktif | RISEN NORMAL DOWNTREND","Full Grid (1-2-3-4)","100000000","48","44","43","42","0.1","0.2","0.3","0.4","2083","4545","6976","9523","23127","99989800","10200","43.24","43.24","39","62","73","73","18.75","9.8","52.08","68.84","2.78","7.03"
"PSGO","2026-05-26","2026-05-26","560","FULL","191","-2.051282051282051","AVOID","-","passive","FALSE","","EARLY SWEEP","2026-03-16","","71d","71","DOWNTREND","BEARISH","BEARISH","BEARISH","STRUCTURE + DISCOUNT","NORMAL DOWNTREND","44.88","TRUE","FALSE","FALSE","LAGGING","LAGGARD (Passive)","0.85","0.85","NORMAL","60","40","35.64","22.88","6.31","24.05","197.93","200.58","202.04","611500","723425","858","Supertrend bearish | RSI 35.6 lemah | Volume 0.85x | Lolos anti-crash ADX | RISEN NORMAL DOWNTREND","Full Grid (1-2-3-4)","100000000","274","232","222","208","0.1","0.2","0.3","0.4","364","862","1351","1923","4500","99962600","37400","222.14","222.15","187","404","535","535","31.75","15.82","95.26","140.84","3","8.9"
"TGKA","2026-05-26","2026-05-26","560","FULL","4720","-4.0650406504065035","AVOID","-","passive","FALSE","","SMART SNIPER","2026-03-13","Demand Structure","74d","74","DOWNTREND","BEARISH","BEARISH","BEARISH","STRUCTURE + DISCOUNT","NORMAL DOWNTREND","17.5","TRUE","FALSE","FALSE","WEAKENING","WEAKENING (Passive)","0.24","0.24","DRY / QUIET","100","0","39.88","25.03","32.03","27.97","4946.11","4942.36","5238.8","2600","10990","852","Supertrend bearish | RSI 39.9 lemah | Volume 0.24x | Lolos anti-crash ADX | RISEN NORMAL DOWNTREND","Full Grid (1-2-3-4)","100000000","5500","5100","5025","4890","0.1","0.2","0.3","0.4","18","39","59","81","197","99046500","953500","5027.74","5027.69","4690","6725","7925","7925","14.73","6.72","44.09","57.63","2.99","8.58"
"TRIN","2026-05-26","2026-05-26","560","FULL","432","-8.47457627118644","AVOID","-","passive","FALSE","","V-SHAPE","2026-03-13","","74d","74","DOWNTREND","BEARISH","BEARISH","BEARISH","DOWNTREND DISCOUNT","NORMAL DOWNTREND","0","FALSE","FALSE","FALSE","LAGGING","LAGGARD (Passive)","0.67","0.67","DRY / QUIET","0","100","18.57","37.73","5.57","26.92","605.11","719.15","664.74","3122100","4684165","852","Supertrend bearish | RSI 18.6 lemah | Volume 0.67x | Crash filter aktif | RISEN NORMAL DOWNTREND","Full Grid (1-2-3-4)","100000000","615","565","550","530","0.1","0.2","0.3","0.4","162","353","545","754","1814","99844500","155500","550.41","550.43","488","805","1225","1225","20.65","11.34","99.19","122.56","4.8","10.81"
"AMFG","2026-05-26","2026-05-26","560","FULL","3130","0","AVOID","-","passive","FALSE","","BETA BREAKOUT","2026-03-11","","76d","76","DOWNTREND","BEARISH","BEARISH","BEARISH","STRUCTURE + DISCOUNT","SIDEWAYS","25","TRUE","FALSE","FALSE","LAGGING","LAGGARD (Passive)","0.23","0.23","DRY / QUIET","100","0","39.87","40.57","32.87","14.84","3195.21","3254.4","3436.72","3100","13525","848","Supertrend bearish | RSI 39.9 lemah | Volume 0.23x | Lolos anti-crash ADX | RISEN SIDEWAYS","Full Grid (1-2-3-4)","100000000","3490","3330","3290","3230","0.1","0.2","0.3","0.4","28","60","91","123","302","99420000","580000","3292.05","3292.31","3140","4020","4540","4540","10.03","4.62","30.09","37.91","3","8.21"
"CARE","2026-05-26","2026-05-26","560","FULL","410","0","AVOID","-","passive","FALSE","","BETA BREAKOUT","2026-01-20","","126d","126","DOWNTREND","BEARISH","BEARISH","NEUTRAL","STRUCTURE + DISCOUNT","SIDEWAYS","65","TRUE","FALSE","FALSE","LEADING","LEADING (Passive)","0.5","0.5","DRY / QUIET","50","50","42.39","33.41","28.35","10.05","412.43","427.82","410.39","825600","1635380","848","Supertrend bearish | RSI 42.4 lemah | Volume 0.5x | Lolos anti-crash ADX | RISEN SIDEWAYS","Full Grid (1-2-3-4)","100000000","825","700","665","625","0.1","0.2","0.3","0.4","121","285","451","640","1497","99924000","76000","667.49","667.53","560","1225","1620","1620","32.12","16.1","96.36","142.7","3","8.86"
"CMPP","2026-05-26","2026-05-26","560","FULL","71","9.230769230769232","AVOID","-","passive","FALSE","","EARLY SWEEP","2026-03-11","","76d","76","DOWNTREND","BEARISH","BEARISH","BEARISH","STRUCTURE + DISCOUNT","NORMAL DOWNTREND","25","TRUE","FALSE","FALSE","LAGGING","LAGGARD (Passive)","0.02","0.02","DRY / QUIET","100","0","39.81","39.9","9.49","49.35","76.12","81.03","87.13","6900","286050","848","Supertrend bearish | RSI 39.8 lemah | Volume 0.02x | Crash filter aktif | RISEN NORMAL DOWNTREND","Full Grid (1-2-3-4)","100000000","107","97","95","91","0.1","0.2","0.3","0.4","934","2061","3157","4395","10547","99971500","28500","94.79","94.79","86","139","170","170","19.63","9.27","58.88","79.35","3","8.56"
"PORT","2026-05-26","2026-05-26","560","FULL","900","0.5586592178770949","HOLD","-","passive","FALSE","","EARLY SWEEP","2026-03-11","","76d","76","UPTREND","BEARISH","BEARISH","BEARISH","STRUCTURE + DISCOUNT","SIDEWAYS","43.89","TRUE","FALSE","FALSE","LAGGING","LAGGARD (Passive)","0.05","0.05","DRY / QUIET","16.67","83.33","48.58","56.71","40.53","7.28","906.54","918.69","975.66","1300","26210","848","Supertrend bullish | RSI 48.6 lemah | Volume 0.05x | Lolos anti-crash ADX | RISEN SIDEWAYS","Full Grid (1-2-3-4)","100000000","1260","1125","1095","1050","0.1","0.2","0.3","0.4","79","177","273","380","909","99660000","340000","1096.37","1096.41","970","1695","2130","2130","23.02","11.53","69.05","94.28","3","8.18"
"BLUE","2026-05-26","2026-05-26","560","FULL","3350","4.6875","AVOID","-","passive","FALSE","","G ACC","2026-01-19","","127d","127","DOWNTREND","BULLISH","BEARISH","BULLISH","DOWNTREND","SIDEWAYS","48.98","TRUE","FALSE","FALSE","LEADING","LEADING (Passive)","0.99","0.99","NORMAL","60.53","39.47","51.66","18.17","26.35","16.65","3214.48","3472.03","2919.96","791100","798555","846","Supertrend bearish | RSI 51.7 > 50 | Volume 0.99x | Lolos anti-crash ADX | RISEN SIDEWAYS","Full Grid (1-2-3-4)","100000000","5075","3920","3650","3260","0.1","0.2","0.3","0.4","19","51","82","122","274","99336500","663500","3625.42","3628.24","2680","8675","12250","12250","47.19","26.08","141.38","237.89","3","9.12"
"EPMT","2026-05-26","2026-05-26","560","FULL","2320","0.8695652173913043","AVOID","-","passive","FALSE","","BETA BREAKOUT","2026-01-19","","127d","127","DOWNTREND","BEARISH","BEARISH","BEARISH","DEMAND STRUCTURE","SIDEWAYS","17.68","TRUE","FALSE","FALSE","LEADING","LEADING (Passive)","0.62","0.62","DRY / QUIET","75","25","46.14","24.29","21.2","20.14","2340.9","2340.8","2325.94","74500","120330","846","Supertrend bearish | RSI 46.1 lemah | Volume 0.62x | Lolos anti-crash ADX | RISEN SIDEWAYS","Full Grid (1-2-3-4)","100000000","2350","2310","2290","2280","0.1","0.2","0.3","0.4","42","86","131","175","434","99635000","365000","2295.74","2295.81","2260","2490","2740","2740","3.83","1.56","16.6","19.35","4.33","12.43"
"GTRA","2026-05-26","2026-05-26","560","FULL","202","0","AVOID","-","passive","FALSE","","EARLY SWEEP","2026-03-10","","77d","77","DOWNTREND","BEARISH","BEARISH","BEARISH","STRUCTURE + DISCOUNT","NORMAL DOWNTREND","44.05","TRUE","FALSE","FALSE","LAGGING","LAGGARD (Passive)","0.36","0.36","DRY / QUIET","46.15","53.85","34.61","17.33","18.49","19.72","227.04","246.68","249.75","278900","769240","846","Supertrend bearish | RSI 34.6 lemah | Volume 0.36x | Lolos anti-crash ADX | RISEN NORMAL DOWNTREND","Full Grid (1-2-3-4)","100000000","316","288","282","272","0.1","0.2","0.3","0.4","316","694","1063","1470","3543","99933400","66600","282.06","282.06","256","406","496","496","18.99","9.24","56.96","75.85","3","8.21"
"INPC","2026-05-26","2026-05-26","560","FULL","140","-2.097902097902098","AVOID","-","passive","FALSE","","SMART SNIPER + V-SHAPE","2026-03-10","Structure + Discount","77d","77","DOWNTREND","BEARISH","BEARISH","BEARISH","STRUCTURE + DISCOUNT","NORMAL DOWNTREND","46.06","TRUE","FALSE","FALSE","LAGGING","LAGGARD (Passive)","0.57","0.57","DRY / QUIET","20","80","38.87","20.87","14.1","28.01","151.04","158.74","165.76","2301800","4011700","846","Supertrend bearish | RSI 38.9 lemah | Volume 0.57x | Lolos anti-crash ADX | RISEN NORMAL DOWNTREND","Full Grid (1-2-3-4)","100000000","199","175","169","160","0.1","0.2","0.3","0.4","502","1142","1775","2500","5919","99972300","27700","168.9","168.9","147","278","356","356","26.13","12.97","78.89","110.77","3.02","8.54"
"VERN","2026-05-26","2026-05-26","384","FULL","124","-0.8","AVOID","-","passive","FALSE","","V-SHAPE","2026-03-10","","77d","77","DOWNTREND","BEARISH","BEARISH","BEARISH","DEMAND STRUCTURE","NORMAL DOWNTREND","33","TRUE","FALSE","FALSE","WEAKENING","WEAKENING (Passive)","0.1","0.1","DRY / QUIET","44.44","55.56","43.16","25.47","21.74","21.42","130.69","127.3","125.18","659300","6590995","846","Supertrend bearish | RSI 43.2 lemah | Volume 0.1x | Lolos anti-crash ADX | RISEN NORMAL DOWNTREND","Full Grid (1-2-3-4)","100000000","91","87","86","85","0.1","0.2","0.3","0.4","1098","2298","3488","4705","11589","99973700","26300","86.27","86.27","81","113","114","114","10.99","6.1","25.27","32.15","2.3","5.27"
"WOOD","2026-05-26","2026-05-26","560","FULL","258","-0.7692307692307693","AVOID","-","passive","FALSE","","V-SHAPE","2026-03-10","","77d","77","DOWNTREND","BEARISH","BEARISH","BEARISH","STRUCTURE + DISCOUNT","NORMAL DOWNTREND","36.92","TRUE","FALSE","FALSE","LAGGING","LAGGARD (Passive)","1.07","1.07","NORMAL","0","100","23.58","21.61","9.79","29.19","287.14","303.79","346.22","1196100","1122775","846","Supertrend bearish | RSI 23.6 lemah | Volume 1.07x | Lolos anti-crash ADX | RISEN NORMAL DOWNTREND","Full Grid (1-2-3-4)","100000000","324","312","308","304","0.1","0.2","0.3","0.4","308","641","974","1315","3238","99953600","46400","308.69","308.69","294","370","414","414","9.26","4.76","27.78","34.12","3","7.17"
"BSIM","2026-05-26","2026-05-26","560","FULL","795","0","AVOID","-","passive","FALSE","","EARLY SWEEP","2026-03-09","","78d","78","DOWNTREND","BEARISH","BEARISH","BEARISH","STRUCTURE + DISCOUNT","NORMAL DOWNTREND","65","TRUE","FALSE","FALSE","LAGGING","LAGGARD (Passive)","0.27","0.27","DRY / QUIET","0","100","28.42","15.25","18.48","20.5","839.82","887.57","928.56","10700","39560","844","Supertrend bearish | RSI 28.4 lemah | Volume 0.27x | Lolos anti-crash ADX | RISEN NORMAL DOWNTREND","Full Grid (1-2-3-4)","100000000","1130","985","950","900","0.1","0.2","0.3","0.4","88","203","315","444","1050","99824500","175500","950.71","950.77","825","1590","2050","2050","26.99","13.22","81.42","115.63","3.02","8.74"
"CBUT","2026-05-26","2026-05-26","560","FULL","615","-3.90625","AVOID","-","passive","FALSE","","SMART SNIPER + V-SHAPE","2026-03-09","Structure + Discount","78d","78","DOWNTREND","BEARISH","BEARISH","BEARISH","STRUCTURE + DISCOUNT","NORMAL DOWNTREND","34.78","TRUE","FALSE","FALSE","LAGGING","LAGGARD (Passive)","0.41","0.41","DRY / QUIET","25","75","30.47","27.58","15.71","20.7","757.76","833.11","1048.91","36800","88930","844","Supertrend bearish | RSI 30.5 lemah | Volume 0.41x | Lolos anti-crash ADX | RISEN NORMAL DOWNTREND","Full Grid (1-2-3-4)","100000000","1025","945","925","895","0.1","0.2","0.3","0.4","97","211","324","446","1078","99769000","231000","925.5","925.54","850","1290","1550","1550","17.07","8.16","51.22","67.48","3","8.27"
"DGNS","2026-05-26","2026-05-26","560","FULL","232","1.7543859649122806","AVOID","-","passive","FALSE","","G ACC","2026-03-09","","78d","78","DOWNTREND","BEARISH","BEARISH","BEARISH","DEMAND STRUCTURE","NORMAL DOWNTREND","25","TRUE","FALSE","FALSE","LAGGING","LAGGARD (Passive)","0.04","0.04","DRY / QUIET","33.33","66.67","32.81","15.21","15.83","25.9","255.98","268.53","234.79","177800","4565860","844","Supertrend bearish | RSI 32.8 lemah | Volume 0.04x | Lolos anti-crash ADX | RISEN NORMAL DOWNTREND","Full Grid (1-2-3-4)","100000000","324","298","292","284","0.1","0.2","0.3","0.4","308","671","1027","1408","3414","99950600","49400","292.77","292.77","268","408","492","492","17.28","8.46","51.85","68.05","3","8.04"
"BBNI","2026-05-26","2026-05-26","560","FULL","3840","-1.2853470437017995","HOLD","-","passive","FALSE","","BETA BREAKOUT","2026-01-15","","131d","131","UPTREND","BULLISH","BEARISH","BEARISH","UPTREND DISCOUNT","NORMAL DOWNTREND","65.89","TRUE","FALSE","FALSE","LEADING","LEADING (Passive)","0.63","0.63","DRY / QUIET","37.5","62.5","49.85","15.11","21.41","18.05","3832.11","3916.51","4181.56","25818200","41042310","838","Supertrend bullish | RSI 49.9 lemah | Volume 0.63x | Lolos anti-crash ADX | RISEN NORMAL DOWNTREND","Full Grid (1-2-3-4)","100000000","4540","4360","4320","4260","0.1","0.2","0.3","0.4","22","45","69","93","229","99034000","966000","4324.63","4324.53","4160","5100","5675","5675","8.37","3.81","25","31.23","2.99","8.2"
"BTPS","2026-05-26","2026-05-26","560","FULL","970","-0.5128205128205128","AVOID","-","passive","FALSE","","V-SHAPE","2026-01-15","","131d","131","DOWNTREND","BEARISH","BEARISH","BEARISH","STRUCTURE + DISCOUNT","NORMAL DOWNTREND","80.96","TRUE","FALSE","FALSE","LEADING","LEADING (Passive)","0.4","0.4","DRY / QUIET","50","50","38.08","31.45","13.84","27.05","1000.58","1047.17","1174.45","2479600","6149400","838","Supertrend bearish | RSI 38.1 lemah | Volume 0.4x | Crash filter aktif | RISEN NORMAL DOWNTREND","Full Grid (1-2-3-4)","100000000","1210","1185","1175","1165","0.1","0.2","0.3","0.4","82","168","255","343","848","99752000","248000","1176.32","1176.35","1145","1310","1440","1440","5.37","2.66","19.01","22.42","3.54","8.42"
"KIJA","2026-05-26","2026-05-26","560","FULL","122","-1.6129032258064515","AVOID","-","passive","FALSE","","V-SHAPE","2026-03-06","","81d","81","DOWNTREND","BEARISH","BEARISH","BEARISH","STRUCTURE + DISCOUNT","NORMAL DOWNTREND","39.06","TRUE","FALSE","FALSE","LAGGING","LAGGARD (Passive)","0.62","0.62","DRY / QUIET","25","75","17.91","27.89","9.92","39.15","160.39","177.09","193.16","57212400","92338950","838","Supertrend bearish | RSI 17.9 lemah | Volume 0.62x | Lolos anti-crash ADX | RISEN NORMAL DOWNTREND","Full Grid (1-2-3-4)","100000000","183","174","172","169","0.1","0.2","0.3","0.4","546","1149","1744","2366","5805","99966600","33400","172.21","172.21","161","216","250","250","12.02","6.51","36.61","45.17","3.05","6.94"
"SBMA","2026-05-26","2026-05-26","560","FULL","112","0.9009009009009009","AVOID","-","passive","FALSE","","BETA BREAKOUT","2026-01-15","","131d","131","DOWNTREND","BEARISH","BEARISH","BEARISH","STRUCTURE + DISCOUNT","NORMAL DOWNTREND","43.58","TRUE","FALSE","FALSE","LEADING","LEADING (Passive)","0.19","0.19","DRY / QUIET","25","75","34.48","25.45","14.25","22.02","116.01","119.73","125.91","166800","894720","838","Supertrend bearish | RSI 34.5 lemah | Volume 0.19x | Lolos anti-crash ADX | RISEN NORMAL DOWNTREND","Full Grid (1-2-3-4)","100000000","137","132","131","129","0.1","0.2","0.3","0.4","729","1515","2290","3100","7634","99974300","25700","130.96","130.96","126","154","170","170","8.03","3.79","24.09","29.81","3","7.87"
"WINR","2026-05-26","2026-05-26","560","FULL","26","0","AVOID","-","passive","FALSE","","EARLY SWEEP","2026-03-05","","82d","82","DOWNTREND","BEARISH","BEARISH","BEARISH","DOWNTREND DISCOUNT","NORMAL DOWNTREND","57.24","TRUE","FALSE","FALSE","LAGGING","LAGGARD (Passive)","0.49","0.49","DRY / QUIET","0","100","39.1","17.11","30.57","37.04","29.04","32.25","35.42","10545700","21370250","836","Supertrend bearish | RSI 39.1 lemah | Volume 0.49x | Lolos anti-crash ADX | RISEN NORMAL DOWNTREND","Full Grid (1-2-3-4)","100000000","75","58","54","48","0.1","0.2","0.3","0.4","1333","3448","5555","8333","18669","99991300","8700","53.56","53.56","40","128","180","180","46.67","25.32","140","236.07","3","9.32"
"ZINC","2026-05-26","2026-05-26","560","FULL","30","0","AVOID","-","passive","FALSE","","G ACC","2026-01-14","","132d","132","DOWNTREND","BEARISH","BEARISH","BEARISH","STRUCTURE + DISCOUNT","SIDEWAYS","0","FALSE","FALSE","FALSE","LEADING","LEADING (Passive)","0","0","NO VOLUME","50","50","42.01","23.67","25.95","42.43","30.09","31.22","30.33","0","0","836","Supertrend bearish | RSI 42.0 lemah | Volume NaNx | Lolos anti-crash ADX | RISEN SIDEWAYS","Full Grid (1-2-3-4)","100000000","46","38","36","33","0.1","0.2","0.3","0.4","2173","5263","8333","12121","27890","99993300","6700","35.85","35.85","30","70","94","94","34.78","16.32","104.35","162.18","3","9.94"
"SULI","2026-05-26","2026-05-26","560","FULL","85","-2.2988505747126435","AVOID","-","passive","FALSE","","V-SHAPE","2026-03-04","","83d","83","DOWNTREND","BEARISH","BEARISH","BEARISH","STRUCTURE + DISCOUNT","NORMAL DOWNTREND","17.5","TRUE","FALSE","FALSE","LAGGING","LAGGARD (Passive)","0.87","0.87","NORMAL","20","80","28.34","13.1","29.17","21.84","96.35","102.65","112.66","5338100","6153455","834","Supertrend bearish | RSI 28.3 lemah | Volume 0.87x | Lolos anti-crash ADX | RISEN NORMAL DOWNTREND","Full Grid (1-2-3-4)","100000000","117","112","110","108","0.1","0.2","0.3","0.4","854","1785","2727","3703","9069","99973200","26800","110.24","110.24","104","137","156","156","11.11","5.66","33.33","41.51","3","7.34"
"BUDI","2026-05-26","2026-05-26","560","FULL","210","0.9615384615384616","AVOID","-","passive","FALSE","","V-SHAPE","2026-01-02","","144d","144","DOWNTREND","NEUTRAL","BEARISH","BEARISH","STRUCTURE + DISCOUNT","SIDEWAYS","59.55","TRUE","FALSE","TRUE","LEADING","LEADING (Passive)","2.26","2.26","VOLUME SURGE","50","50","49.58","16.74","19.28","16.65","209.81","211.49","216.64","462100","204110","832","Supertrend bearish | RSI 49.6 lemah | Volume valid 2.26x | Lolos anti-crash ADX | RISEN SIDEWAYS","Full Grid (1-2-3-4)","100000000","216","214","214","212","0.1","0.2","0.3","0.4","462","934","1401","1886","4683","99931400","68600","213.39","213.39","210","226","248","248","2.78","1.59","14.81","16.22","5.33","10.2"
"GPSO","2026-05-26","2026-05-26","560","FULL","486","-0.8163265306122449","HOLD","-","passive","FALSE","","V-SHAPE","2026-03-03","","84d","84","UPTREND","BULLISH","BULLISH","BEARISH","UPTREND DISCOUNT","NORMAL UPTREND","63.93","TRUE","TRUE","FALSE","WEAKENING","WEAKENING (Passive)","0.14","0.14","DRY / QUIET","0","100","72.09","58.01","39.98","5.28","435.23","416.71","489.42","2853000","19884570","832","Supertrend bullish | RSI 72.1 > 50 | Volume 0.14x | Lolos anti-crash ADX | RISEN NORMAL UPTREND","Full Grid (1-2-3-4)","100000000","396","384","380","376","0.1","0.2","0.3","0.4","252","520","789","1063","2624","99898000","102000","380.71","380.71","362","448","498","498","8.59","4.91","25.76","30.81","3","6.27"
"RALS","2026-05-26","2026-05-26","560","FULL","390","-0.5102040816326531","AVOID","-","passive","FALSE","","SMART GAMMA","2026-03-03","","84d","84","DOWNTREND","BEARISH","BEARISH","BEARISH","DOWNTREND DISCOUNT","NORMAL DOWNTREND","32.28","TRUE","FALSE","FALSE","LAGGING","LAGGARD (Passive)","1.1","1.1","NORMAL","25","75","24.75","21.13","12.85","41.76","437.1","446.61","436.95","10407400","9466015","832","Supertrend bearish | RSI 24.8 lemah | Volume 1.1x | Lolos anti-crash ADX | RISEN NORMAL DOWNTREND","Full Grid (1-2-3-4)","100000000","530","470","456","436","0.1","0.2","0.3","0.4","188","425","657","917","2187","99879400","120600","456.7","456.72","406","715","900","900","23.4","11.1","69.81","97.07","2.98","8.74"
"SMAR","2026-05-26","2026-05-26","560","FULL","5050","-3.349282296650718","AVOID","-","passive","FALSE","","V-SHAPE","2026-03-03","","84d","84","DOWNTREND","BEARISH","BEARISH","BEARISH","STRUCTURE + DISCOUNT","SIDEWAYS","22.89","TRUE","FALSE","FALSE","LAGGING","LAGGARD (Passive)","0.92","0.92","NORMAL","21.05","78.95","38.3","27.23","16.37","29.34","5635.23","5625.95","5162.71","203900","221990","832","Supertrend bearish | RSI 38.3 lemah | Volume 0.92x | Lolos anti-crash ADX | RISEN SIDEWAYS","Full Grid (1-2-3-4)","100000000","5975","5650","5550","5450","0.1","0.2","0.3","0.4","16","35","54","73","178","99090000","910000","5566.85","5568.45","5225","7100","8225","8225","12.55","6.14","37.66","47.75","3","7.78"
"APEX","2026-05-26","2026-05-26","560","FULL","139","-6.081081081081082","AVOID","-","passive","FALSE","","V-SHAPE","2026-03-02","","85d","85","DOWNTREND","BEARISH","BEARISH","BEARISH","STRUCTURE + DISCOUNT","NORMAL DOWNTREND","62.03","TRUE","FALSE","FALSE","LAGGING","LAGGARD (Passive)","0.34","0.34","DRY / QUIET","0","100","29.94","27.42","11.58","29.88","168.2","185.49","182.55","7269300","21170305","830","Supertrend bearish | RSI 29.9 lemah | Volume 0.34x | Lolos anti-crash ADX | RISEN NORMAL DOWNTREND","Full Grid (1-2-3-4)","100000000","258","228","220","210","0.1","0.2","0.3","0.4","387","877","1363","1904","4531","99950200","49800","220.59","220.6","193","356","454","454","25.19","12.51","75.97","105.81","3.02","8.46"
"BBSI","2026-05-26","2026-05-26","560","FULL","4420","-2.857142857142857","AVOID","-","passive","FALSE","","SMART GAMMA","2026-03-02","","85d","85","DOWNTREND","BEARISH","BEARISH","BULLISH","DEMAND STRUCTURE","NORMAL DOWNTREND","52.05","TRUE","FALSE","FALSE","WEAKENING","WEAKENING (Passive)","0.17","0.17","DRY / QUIET","50","50","39.85","57.75","4.38","37.52","4620.47","4591.8","4318.98","600","3490","830","Supertrend bearish | RSI 39.9 lemah | Volume 0.17x | Crash filter aktif | RISEN NORMAL DOWNTREND","Full Grid (1-2-3-4)","100000000","5000","4180","3980","3700","0.1","0.2","0.3","0.4","20","47","75","108","250","99456000","544000","3978.24","3978.8","3310","7525","10075","10075","33.8","16.8","101.5","153.25","3","9.12"
"ESSA","2026-05-26","2026-05-26","560","FULL","695","-2.797202797202797","AVOID","-","passive","FALSE","","BETA BREAKOUT","2026-03-02","","85d","85","DOWNTREND","BEARISH","BEARISH","BEARISH","STRUCTURE + DISCOUNT","SIDEWAYS","25","TRUE","TRUE","FALSE","LAGGING","LAGGARD (Passive)","0.21","0.21","DRY / QUIET","16.67","83.33","38.89","27.12","12.04","22.94","775.11","769.08","702.86","29085000","139687900","830","Supertrend bearish | RSI 38.9 lemah | Volume 0.21x | Lolos anti-crash ADX | RISEN SIDEWAYS","Full Grid (1-2-3-4)","100000000","725","665","650","625","0.1","0.2","0.3","0.4","137","300","461","640","1538","99847500","152500","649.2","649.26","590","930","1130","1130","18.62","9.12","55.86","74.06","3","8.12"
"RUIS","2026-05-26","2026-05-26","560","FULL","178","-4.301075268817205","AVOID","-","passive","FALSE","","BETA BREAKOUT","2026-03-02","","85d","85","DOWNTREND","BEARISH","BEARISH","BEARISH","STRUCTURE + DISCOUNT","NORMAL DOWNTREND","65","TRUE","FALSE","FALSE","LAGGING","LAGGARD (Passive)","0.43","0.43","DRY / QUIET","12.5","87.5","30.33","27.12","13.19","27.36","203.78","220.08","220.26","452300","1049800","830","Supertrend bearish | RSI 30.3 lemah | Volume 0.43x | Lolos anti-crash ADX | RISEN NORMAL DOWNTREND","Full Grid (1-2-3-4)","100000000","310","258","244","226","0.1","0.2","0.3","0.4","322","775","1229","1769","4095","99944000","56000","244.06","244.07","200","476","640","640","35.48","18.05","106.45","162.23","3","8.99"
"ASRI","2026-05-26","2026-05-26","560","FULL","119","0","AVOID","-","passive","FALSE","","BETA BREAKOUT","2026-01-09","","137d","137","DOWNTREND","BEARISH","BEARISH","BEARISH","DOWNTREND DISCOUNT","NORMAL DOWNTREND","46.76","TRUE","FALSE","FALSE","LEADING","LEADING (Passive)","0.26","0.26","DRY / QUIET","50","50","37.81","22.18","17.22","32.05","125.29","133.46","149.08","5787700","22308155","826","Supertrend bearish | RSI 37.8 lemah | Volume 0.26x | Lolos anti-crash ADX | RISEN NORMAL DOWNTREND","Full Grid (1-2-3-4)","100000000","177","169","166","164","0.1","0.2","0.3","0.4","564","1183","1807","2439","5993","99971300","28700","166.81","166.82","159","204","232","232","10.17","4.68","31.07","39.08","3.06","8.34"
"MLIA","2026-05-26","2026-05-26","560","FULL","248","-0.8","AVOID","-","passive","FALSE","","BETA BREAKOUT","2026-01-09","","137d","137","DOWNTREND","BEARISH","BEARISH","BEARISH","DOWNTREND DISCOUNT","NORMAL DOWNTREND","65","TRUE","FALSE","FALSE","LEADING","LEADING (Passive)","0.39","0.39","DRY / QUIET","0","100","15.52","75.15","4.09","43","260.29","275.66","307.76","50500","130605","826","Supertrend bearish | RSI 15.5 lemah | Volume 0.39x | Crash filter aktif | RISEN NORMAL DOWNTREND","Full Grid (1-2-3-4)","100000000","350","340","336","332","0.1","0.2","0.3","0.4","285","588","892","1204","2969","99911000","89000","336.51","336.52","326","386","424","424","6.86","3.12","21.14","26","3.08","8.32"
"TAPG","2026-05-26","2026-05-26","560","FULL","1495","-1.9672131147540985","AVOID","-","passive","FALSE","","SMART SNIPER","2026-02-27","Demand Structure","88d","88","DOWNTREND","BEARISH","BEARISH","BEARISH","STRUCTURE + DISCOUNT","SIDEWAYS","17.5","TRUE","TRUE","FALSE","LAGGING","LAGGARD (Passive)","0.66","0.66","DRY / QUIET","0","100","34.12","31.95","16.53","30.94","1758.31","1776.41","1582.54","26143700","39403535","824","Supertrend bearish | RSI 34.1 lemah | Volume 0.66x | Crash filter aktif | RISEN SIDEWAYS","Full Grid (1-2-3-4)","100000000","1625","1485","1450","1400","0.1","0.2","0.3","0.4","61","134","206","285","686","99581500","418500","1451.63","1451.74","1330","2070","2510","2510","18.15","8.38","54.46","72.91","3","8.7"
"DADA","2026-05-26","2026-05-26","560","FULL","50","0","AVOID","-","passive","FALSE","","SMART SNIPER","2026-01-07","Discount Only","139d","139","DOWNTREND","NEUTRAL","BEARISH","BULLISH","DOWNTREND DISCOUNT","SIDEWAYS","0","FALSE","FALSE","FALSE","LEADING","LEADING (Passive)","0.2","0.2","DRY / QUIET","50","50","43.12","84.88","65.97","1.55","50","50.19","47.09","195900","997700","822","Supertrend bearish | RSI 43.1 lemah | Volume 0.2x | Lolos anti-crash ADX | RISEN SIDEWAYS","Full Grid (1-2-3-4)","100000000","60","34","27","18","0.1","0.2","0.3","0.4","1666","5882","11111","22222","40881","99994100","5900","24.46","24.46","7","163","240","240","88.33","71.38","300","881.2","3.4","12.34"
"STAR","2026-05-26","2026-05-26","560","FULL","432","-3.1390134529147984","AVOID","-","passive","FALSE","","BETA BREAKOUT","2026-02-26","","89d","89","DOWNTREND","BEARISH","BEARISH","BULLISH","DEMAND STRUCTURE","NORMAL DOWNTREND","25","TRUE","FALSE","FALSE","LAGGING","LAGGARD (Passive)","0.03","0.03","DRY / QUIET","25","75","25.02","46.49","17.65","23.53","545.01","577.71","410.99","10300","357135","822","Supertrend bearish | RSI 25.0 lemah | Volume 0.03x | Crash filter aktif | RISEN NORMAL DOWNTREND","Full Grid (1-2-3-4)","100000000","790","700","675","645","0.1","0.2","0.3","0.4","126","285","444","620","1475","99864000","136000","677.04","677.1","590","1090","1390","1390","25.32","12.86","75.95","105.3","3","8.19"
"TKIM","2026-05-26","2026-05-26","560","FULL","5600","0.4484304932735426","AVOID","-","passive","FALSE","","G ACC","2026-02-26","","89d","89","DOWNTREND","BEARISH","BEARISH","BEARISH","DOWNTREND DISCOUNT","NORMAL DOWNTREND","30.42","TRUE","FALSE","FALSE","LAGGING","LAGGARD (Passive)","1.78","1.78","EXPANSION","26.67","73.33","15.44","38.71","5.77","39.75","7481.78","8078.2","7655.48","7634700","4298550","822","Supertrend bearish | RSI 15.4 lemah | Volume valid 1.78x | Crash filter aktif | RISEN NORMAL DOWNTREND","Full Grid (1-2-3-4)","100000000","10975","8725","8175","7425","0.1","0.2","0.3","0.4","9","22","36","53","120","97855000","2145000","8154.58","8156.37","6350","17925","24850","24850","42.14","22.13","126.42","204.74","3","9.25"
"BGTG","2026-05-26","2026-05-26","560","FULL","118","0.8547008547008548","AVOID","-","passive","FALSE","","BETA BREAKOUT","2026-01-06","","140d","140","DOWNTREND","BEARISH","BEARISH","BULLISH","STRUCTURE + DISCOUNT","SIDEWAYS","94.46","TRUE","FALSE","FALSE","LEADING","LEADING (Passive)","0.63","0.63","DRY / QUIET","66.67","33.33","45.5","22.42","10.83","18.57","119.33","121.6","115.56","3173400","5012095","820","Supertrend bearish | RSI 45.5 lemah | Volume 0.63x | Lolos anti-crash ADX | RISEN SIDEWAYS","Full Grid (1-2-3-4)","100000000","144","126","122","116","0.1","0.2","0.3","0.4","694","1587","2459","3448","8188","99986400","13600","122.11","122.11","106","202","258","258","26.39","13.2","79.17","111.28","3","8.43"
"GDST","2026-05-26","2026-05-26","560","FULL","90","-1.098901098901099","AVOID","-","passive","FALSE","","BETA BREAKOUT","2026-01-06","","140d","140","DOWNTREND","BEARISH","BEARISH","BEARISH","STRUCTURE + DISCOUNT","NORMAL DOWNTREND","25","TRUE","FALSE","FALSE","LEADING","LEADING (Passive)","0.04","0.04","DRY / QUIET","33.33","66.67","36.17","23.28","23.17","21.88","96.57","101.47","107.92","830600","21098140","820","Supertrend bearish | RSI 36.2 lemah | Volume 0.04x | Lolos anti-crash ADX | RISEN NORMAL DOWNTREND","Full Grid (1-2-3-4)","100000000","134","125","122","119","0.1","0.2","0.3","0.4","746","1600","2459","3361","8166","99992100","7900","122.45","122.45","114","164","194","194","14.93","6.9","44.78","58.43","3","8.47"
"JAYA","2026-05-26","2026-05-26","560","FULL","129","-2.272727272727273","HOLD","-","passive","FALSE","","BETA BREAKOUT","2026-02-25","","90d","90","UPTREND","BEARISH","BEARISH","BULLISH","STRUCTURE + DISCOUNT","SIDEWAYS","100","TRUE","FALSE","FALSE","LAGGING","LAGGARD (Passive)","0.33","0.33","DRY / QUIET","0","100","44.8","30.45","17.56","14.14","134.38","133.18","119.44","5552800","16894315","820","Supertrend bullish | RSI 44.8 lemah | Volume 0.33x | Lolos anti-crash ADX | RISEN SIDEWAYS","Full Grid (1-2-3-4)","100000000","162","132","124","114","0.1","0.2","0.3","0.4","617","1515","2419","3508","8059","99980200","19800","124.06","124.06","99","256","352","352","38.89","20.2","117.28","183.73","3.02","9.1"
"KLBF","2026-05-26","2026-05-26","560","FULL","795","-1.8518518518518516","AVOID","-","passive","FALSE","","V-SHAPE","2026-02-25","","90d","90","DOWNTREND","BEARISH","BEARISH","BEARISH","STRUCTURE + DISCOUNT","NORMAL DOWNTREND","34.46","TRUE","FALSE","FALSE","LAGGING","LAGGARD (Passive)","0.48","0.48","DRY / QUIET","20","80","28.69","32.5","12.9","29.58","859.65","925.04","1111.95","31534700","65707595","820","Supertrend bearish | RSI 28.7 lemah | Volume 0.48x | Crash filter aktif | RISEN NORMAL DOWNTREND","Full Grid (1-2-3-4)","100000000","1115","1095","1085","1080","0.1","0.2","0.3","0.4","89","182","276","370","917","99758500","241500","1087.88","1087.9","1065","1190","1230","1230","4.48","2.1","10.31","13.06","2.3","6.21"
"NINE","2026-05-26","2026-05-26","560","FULL","98","-4.854368932038835","AVOID","-","passive","FALSE","","V-SHAPE","2026-02-25","","90d","90","DOWNTREND","BEARISH","BEARISH","BEARISH","STRUCTURE + DISCOUNT","NORMAL DOWNTREND","29.43","TRUE","FALSE","FALSE","LAGGING","LAGGARD (Passive)","0.27","0.27","DRY / QUIET","7.69","92.31","36.59","19.57","16.25","24.35","120.01","134.67","178.39","8797400","33030230","820","Supertrend bearish | RSI 36.6 lemah | Volume 0.27x | Lolos anti-crash ADX | RISEN NORMAL DOWNTREND","Full Grid (1-2-3-4)","100000000","150","126","120","112","0.1","0.2","0.3","0.4","666","1587","2500","3571","8324","99981400","18600","120.11","120.11","98","228","306","306","34.67","18.41","104","154.76","3","8.41"
"OMED","2026-05-26","2026-05-26","560","FULL","202","-11.403508771929824","AVOID","-","passive","FALSE","","BETA BREAKOUT","2026-02-25","","90d","90","DOWNTREND","BEARISH","BEARISH","BEARISH","DOWNTREND DISCOUNT","SIDEWAYS","0","FALSE","TRUE","FALSE","LAGGING","LAGGARD (Passive)","0.41","0.41","DRY / QUIET","0","100","24.34","26.76","12.2","29.46","254.64","257.94","226.34","13135900","32094300","820","Supertrend bearish | RSI 24.3 lemah | Volume 0.41x | Lolos anti-crash ADX | RISEN SIDEWAYS","Full Grid (1-2-3-4)","100000000","242","220","214","208","0.1","0.2","0.3","0.4","413","909","1401","1923","4646","99972400","27600","215.18","215.18","196","312","380","380","19.01","8.91","57.02","76.6","3","8.59"
"RAFI","2026-05-26","2026-05-26","560","FULL","36","0","AVOID","-","passive","FALSE","","BETA BREAKOUT","2026-01-06","","140d","140","DOWNTREND","NEUTRAL","BEARISH","BULLISH","DEMAND STRUCTURE","SIDEWAYS","0","FALSE","FALSE","FALSE","LEADING","LEADING (Passive)","0","0","NO VOLUME","50","50","40.45","37.2","20.15","44.11","36.01","36.29","33.34","0","0","820","Supertrend bearish | RSI 40.5 lemah | Volume NaNx | Crash filter aktif | RISEN SIDEWAYS","Full Grid (1-2-3-4)","100000000","38","34","33","32","0.1","0.2","0.3","0.4","2631","5882","9090","12500","30103","99993600","6400","33.22","33.22","30","50","62","62","21.05","9.69","63.16","86.65","3","8.95"
"ASJT","2026-05-26","2026-05-26","560","FULL","174","-1.694915254237288","AVOID","-","passive","FALSE","","G ACC","2026-01-05","","141d","141","DOWNTREND","BEARISH","BEARISH","BULLISH","STRUCTURE + DISCOUNT","NORMAL DOWNTREND","54.53","TRUE","FALSE","FALSE","LEADING","LEADING (Passive)","0.6","0.6","DRY / QUIET","66.67","33.33","34.8","31.91","6.55","28.45","181.94","185.05","163.64","215400","358250","818","Supertrend bearish | RSI 34.8 lemah | Volume 0.6x | Crash filter aktif | RISEN NORMAL DOWNTREND","Full Grid (1-2-3-4)","100000000","254","178","159","134","0.1","0.2","0.3","0.4","393","1123","1886","2985","6387","99958000","42000","156.5","156.52","97","490","725","725","61.81","38.02","185.43","363.25","3","9.55"
"BVIC","2026-05-26","2026-05-26","560","FULL","99","0","AVOID","-","passive","FALSE","","SMART GAMMA","2026-01-05","","141d","141","DOWNTREND","BEARISH","BEARISH","BEARISH","DOWNTREND DISCOUNT","SIDEWAYS","98.53","TRUE","FALSE","FALSE","LEADING","LEADING (Passive)","0.98","0.98","NORMAL","50","50","35.86","26.65","10.17","21.75","102.49","106.69","108.19","1719000","1753200","818","Supertrend bearish | RSI 35.9 lemah | Volume 0.98x | Lolos anti-crash ADX | RISEN SIDEWAYS","Full Grid (1-2-3-4)","100000000","139","123","119","113","0.1","0.2","0.3","0.4","719","1626","2521","3539","8405","99984500","15500","118.96","118.96","104","192","244","244","25.18","12.57","75.54","105.11","3","8.36"
"CPRO","2026-05-26","2026-05-26","560","FULL","52","-1.8867924528301887","AVOID","-","passive","FALSE","","SMART GAMMA","2026-01-05","","141d","141","DOWNTREND","BEARISH","BEARISH","BEARISH","STRUCTURE + DISCOUNT","SIDEWAYS","57.22","TRUE","FALSE","FALSE","LEADING","LEADING (Passive)","0.59","0.59","DRY / QUIET","50","50","38.55","22.85","14.63","19.02","54.58","56.7","58.91","68098800","115696990","818","Supertrend bearish | RSI 38.5 lemah | Volume 0.59x | Lolos anti-crash ADX | RISEN SIDEWAYS","Full Grid (1-2-3-4)","100000000","86","73","70","66","0.1","0.2","0.3","0.4","1162","2739","4285","6060","14246","99978900","21100","70.18","70.18","59","127","167","167","31.4","15.93","94.19","137.96","3","8.66"
"INCI","2026-05-26","2026-05-26","560","FULL","695","0.7246376811594203","AVOID","-","passive","FALSE","","G ACC","2026-02-24","","91d","91","DOWNTREND","BEARISH","BEARISH","BULLISH","STRUCTURE + DISCOUNT","SIDEWAYS","74.43","TRUE","FALSE","FALSE","LAGGING","LAGGARD (Passive)","1.15","1.15","NORMAL","40","60","39.58","18.77","7.53","18.87","710.5","714.48","683.85","55000","47715","818","Supertrend bearish | RSI 39.6 lemah | Volume 1.15x | Lolos anti-crash ADX | RISEN SIDEWAYS","Full Grid (1-2-3-4)","100000000","885","760","730","690","0.1","0.2","0.3","0.4","112","263","410","579","1364","99781000","219000","731.53","731.62","625","1275","1665","1665","29.38","14.56","88.14","127.6","3","8.76"
"MNCN","2026-05-26","2026-05-26","560","FULL","208","0","AVOID","-","passive","FALSE","","BETA BREAKOUT","2026-01-05","","141d","141","DOWNTREND","BEARISH","BEARISH","BEARISH","STRUCTURE + DISCOUNT","NORMAL DOWNTREND","38.45","TRUE","FALSE","FALSE","LEADING","LEADING (Passive)","0.35","0.35","DRY / QUIET","33.33","66.67","33.65","31.76","14.31","26.86","222.86","232.07","250.37","11350900","32345980","818","Supertrend bearish | RSI 33.6 lemah | Volume 0.35x | Crash filter aktif | RISEN NORMAL DOWNTREND","Full Grid (1-2-3-4)","100000000","280","268","266","262","0.1","0.2","0.3","0.4","357","746","1127","1526","3756","99948200","51800","266.1","266.1","254","320","358","358","9.29","4.55","27.86","34.53","3","7.59"
"PTPP","2026-05-26","2026-05-26","560","FULL","210","0","AVOID","-","passive","FALSE","","BETA BREAKOUT","2026-02-24","","91d","91","DOWNTREND","BEARISH","BEARISH","BEARISH","STRUCTURE + DISCOUNT","NORMAL DOWNTREND","55.35","TRUE","FALSE","FALSE","LAGGING","LAGGARD (Passive)","0.27","0.27","DRY / QUIET","33.33","66.67","24.72","26.94","14.49","31.26","236.6","265.47","331.56","2746000","10214275","818","Supertrend bearish | RSI 24.7 lemah | Volume 0.27x | Lolos anti-crash ADX | RISEN NORMAL DOWNTREND","Full Grid (1-2-3-4)","100000000","374","336","326","312","0.1","0.2","0.3","0.4","267","595","920","1282","3064","99968200","31800","326.27","326.27","292","498","620","620","21.93","10.5","65.78","90.03","3","8.57"
"BAYU","2026-05-26","2026-05-26","560","FULL","1150","-1.7094017094017095","AVOID","-","passive","FALSE","","SMART GAMMA","2026-02-23","","92d","92","DOWNTREND","BEARISH","BEARISH","BEARISH","STRUCTURE + DISCOUNT","NORMAL DOWNTREND","24.79","TRUE","FALSE","FALSE","LAGGING","LAGGARD (Passive)","0.34","0.34","DRY / QUIET","52.63","47.37","23.32","40.4","8.57","37.7","1276.08","1321.33","1337.89","80200","239150","816","Supertrend bearish | RSI 23.3 lemah | Volume 0.34x | Crash filter aktif | RISEN NORMAL DOWNTREND","Full Grid (1-2-3-4)","100000000","1375","1290","1265","1235","0.1","0.2","0.3","0.4","72","155","237","323","787","99766000","234000","1267.67","1267.74","1195","1645","1915","1915","13.09","5.73","39.27","51.06","3","8.91"
"DRMA","2026-05-26","2026-05-26","560","FULL","975","0.5154639175257731","AVOID","-","passive","FALSE","","BETA BREAKOUT","2026-02-23","","92d","92","DOWNTREND","BEARISH","BEARISH","BEARISH","STRUCTURE + DISCOUNT","SIDEWAYS","88.03","TRUE","FALSE","FALSE","LAGGING","LAGGARD (Passive)","0.14","0.14","DRY / QUIET","50","50","42.94","14.37","17.6","15.43","991.74","1000.56","1011.66","335400","2408015","816","Supertrend bearish | RSI 42.9 lemah | Volume 0.14x | Lolos anti-crash ADX | RISEN SIDEWAYS","Full Grid (1-2-3-4)","100000000","1100","1010","990","960","0.1","0.2","0.3","0.4","90","198","303","416","1007","99831000","169000","991.37","991.45","915","1380","1655","1655","16.82","7.7","50.45","66.94","3","8.69"
"KMTR","2026-05-26","2026-05-26","560","FULL","228","1.7857142857142856","AVOID","-","passive","FALSE","","V-SHAPE","2026-02-23","","92d","92","DOWNTREND","BEARISH","BEARISH","BEARISH","STRUCTURE + DISCOUNT","NORMAL DOWNTREND","30.54","TRUE","FALSE","FALSE","LAGGING","LAGGARD (Passive)","0.72","0.72","DRY / QUIET","22.22","77.78","33.82","30.57","16.64","18.41","243.52","254.42","272.12","135700","189315","816","Supertrend bearish | RSI 33.8 lemah | Volume 0.72x | Crash filter aktif | RISEN NORMAL DOWNTREND","Full Grid (1-2-3-4)","100000000","298","272","264","256","0.1","0.2","0.3","0.4","335","735","1136","1562","3768","99952600","47400","265.27","265.27","242","382","466","466","18.79","8.77","56.38","75.67","3","8.63"
"TRJA","2026-05-26","2026-05-26","560","FULL","121","-2.4193548387096775","AVOID","-","passive","FALSE","","V-SHAPE","2026-02-23","","92d","92","DOWNTREND","BEARISH","BEARISH","BEARISH","DOWNTREND DISCOUNT","NORMAL DOWNTREND","27.14","TRUE","FALSE","FALSE","WEAKENING","WEAKENING (Passive)","0.09","0.09","DRY / QUIET","0","100","33.17","41.87","27.53","12.98","129.47","135.1","149.24","125100","1410985","816","Supertrend bearish | RSI 33.2 lemah | Volume 0.09x | Lolos anti-crash ADX | RISEN NORMAL DOWNTREND","Full Grid (1-2-3-4)","100000000","164","148","144","138","0.1","0.2","0.3","0.4","609","1351","2083","2898","6941","99970000","30000","144.03","144.03","129","216","270","270","21.34","10.43","64.63","87.46","3.03","8.38"
"VAST","2026-05-26","2026-05-26","560","FULL","116","-4.132231404958678","AVOID","-","passive","FALSE","","SMART SNIPER","2026-02-10","Demand Structure","105d","105","DOWNTREND","BEARISH","BEARISH","BEARISH","STRUCTURE + DISCOUNT","SIDEWAYS","65.66","TRUE","FALSE","FALSE","WEAKENING","WEAKENING (Passive)","2.07","2.07","VOLUME SURGE","0","100","35.62","32.24","25.72","19.29","125.44","127.14","136.43","14725800","7097195","810","Supertrend bearish | RSI 35.6 lemah | Volume valid 2.07x | Lolos anti-crash ADX | RISEN SIDEWAYS","Full Grid (1-2-3-4)","100000000","171","145","138","129","0.1","0.2","0.3","0.4","584","1379","2173","3100","7236","99959300","40700","138.14","138.14","115","256","340","340","32.75","16.75","98.83","146.12","3.02","8.72"
"YULE","2026-05-26","2026-05-26","560","FULL","3240","-0.3076923076923077","AVOID","-","passive","FALSE","","BETA BREAKOUT","2025-12-22","","155d","155","DOWNTREND","BEARISH","BEARISH","BULLISH","DEMAND STRUCTURE","SIDEWAYS","48.01","TRUE","FALSE","TRUE","LEADING","LEADING (Passive)","8.66","8.66","VOLUME SURGE","50","50","42.72","30.15","32.41","17.95","3290.17","3299.79","3069.3","148500","17155","810","Supertrend bearish | RSI 42.7 lemah | Volume valid 8.66x | Lolos anti-crash ADX | RISEN SIDEWAYS","Full Grid (1-2-3-4)","100000000","3200","2920","2850","2750","0.1","0.2","0.3","0.4","31","68","105","145","349","99576000","424000","2853.18","2853.39","2610","4090","4970","4970","18.44","8.52","55.31","74.19","3","8.7"
"ASSA","2026-05-26","2026-05-26","560","FULL","650","-2.9850746268656714","AVOID","-","passive","FALSE","","BETA BREAKOUT","2026-02-18","","97d","97","DOWNTREND","BEARISH","BEARISH","BEARISH","STRUCTURE + DISCOUNT","NORMAL DOWNTREND","54.09","TRUE","FALSE","FALSE","LAGGING","LAGGARD (Passive)","0.51","0.51","DRY / QUIET","0","100","22.68","48.63","8.75","36.83","752.25","850.75","939.74","4756900","9327115","806","Supertrend bearish | RSI 22.7 lemah | Volume 0.51x | Crash filter aktif | RISEN NORMAL DOWNTREND","Full Grid (1-2-3-4)","100000000","1225","1115","1085","1050","0.1","0.2","0.3","0.4","81","179","276","380","916","99727000","273000","1088.72","1088.79","990","1580","1930","1930","19.18","9.07","57.55","77.27","3","8.52"
"ATAP","2026-05-26","2026-05-26","560","FULL","432","1.4084507042253522","HOLD","-","passive","FALSE","","BETA BREAKOUT","2026-02-18","","97d","97","UPTREND","BEARISH","BEARISH","BULLISH","DEMAND STRUCTURE","SIDEWAYS","70.28","TRUE","FALSE","FALSE","LAGGING","LAGGARD (Passive)","0.12","0.12","DRY / QUIET","50","50","34.71","13.54","14.64","22.24","470.45","522.42","409.49","175900","1445270","806","Supertrend bullish | RSI 34.7 lemah | Volume 0.12x | Lolos anti-crash ADX | RISEN SIDEWAYS","Full Grid (1-2-3-4)","100000000","850","730","700","660","0.1","0.2","0.3","0.4","117","273","428","606","1424","99830000","170000","701.05","701.14","595","1235","1615","1615","30","15.13","90","130.37","3","8.62"
"LIVE","2026-05-26","2026-05-26","535","FULL","214","-1.834862385321101","HOLD","-","passive","FALSE","","BETA BREAKOUT","2026-02-18","","97d","97","UPTREND","BEARISH","BEARISH","BEARISH","STRUCTURE + DISCOUNT","SIDEWAYS","91.28","TRUE","FALSE","FALSE","WEAKENING","WEAKENING (Passive)","0.35","0.35","DRY / QUIET","0","100","44.62","29.28","22.44","12.72","220.35","222.73","217.05","234000","659850","806","Supertrend bullish | RSI 44.6 lemah | Volume 0.35x | Lolos anti-crash ADX | RISEN SIDEWAYS","Full Grid (1-2-3-4)","100000000","274","230","220","204","0.1","0.2","0.3","0.4","364","869","1363","1960","4556","99930600","69400","219.34","219.35","179","416","560","560","34.67","18.39","104.38","155.31","3.01","8.45"
"MDRN","2026-05-26","2026-05-26","560","FULL","33","10","AVOID","-","passive","FALSE","","SMART GAMMA","2026-02-18","","97d","97","DOWNTREND","BEARISH","BEARISH","BEARISH","DOWNTREND DISCOUNT","NORMAL DOWNTREND","49.49","TRUE","FALSE","FALSE","LAGGING","LAGGARD (Passive)","0.51","0.51","DRY / QUIET","100","0","28.16","33.06","18.07","53.65","42.03","48.91","44.97","2342800","4572320","806","Supertrend bearish | RSI 28.2 lemah | Volume 0.51x | Crash filter aktif | RISEN NORMAL DOWNTREND","Full Grid (1-2-3-4)","100000000","72","69","68","66","0.1","0.2","0.3","0.4","1388","2898","4411","6060","14757","99980600","19400","67.75","67.75","64","84","106","106","11.11","5.54","47.22","56.45","4.25","10.2"
"OASA","2026-05-26","2026-05-26","560","FULL","356","-5.319148936170213","AVOID","-","passive","FALSE","","BETA BREAKOUT","2026-02-18","","97d","97","DOWNTREND","BEARISH","BEARISH","BULLISH","DEMAND STRUCTURE","NORMAL UPTREND","60","TRUE","TRUE","FALSE","WEAKENING","WEAKENING (Passive)","0.38","0.38","DRY / QUIET","0","100","46.17","21.07","17.97","18.73","381.9","364.26","301.63","38457400","100254185","806","Supertrend bearish | RSI 46.2 lemah | Volume 0.38x | Lolos anti-crash ADX | RISEN NORMAL UPTREND","Full Grid (1-2-3-4)","100000000","468","400","382","360","0.1","0.2","0.3","0.4","213","500","785","1111","2609","99951400","48600","383.1","383.12","320","690","910","910","31.62","16.47","94.44","137.53","2.99","8.35"
"TBIG","2026-05-26","2026-05-26","560","FULL","1470","9.701492537313433","HOLD","-","passive","FALSE","","G ACC","2025-12-29","","148d","148","UPTREND","BEARISH","BEARISH","BEARISH","UPTREND DISCOUNT","SIDEWAYS","25","TRUE","FALSE","FALSE","LEADING","LEADING (Passive)","0.33","0.33","DRY / QUIET","96.15","3.85","41.71","46.38","18.52","33.35","1520.99","1631.13","1837.01","996800","3048670","804","Supertrend bullish | RSI 41.7 lemah | Volume 0.33x | Crash filter aktif | RISEN SIDEWAYS","Full Grid (1-2-3-4)","100000000","2810","2340","2230","2070","0.1","0.2","0.3","0.4","35","85","134","193","447","99558000","442000","2227.25","2228.05","1845","4260","5700","5700","34.34","17.16","102.85","155.92","2.99","9.09"
"AADI","2026-05-26","2026-05-26","343","FULL","8325","0.9090909090909091","AVOID","-","passive","FALSE","","SMART GAMMA","2026-01-22","","124d","124","DOWNTREND","BEARISH","BEARISH","BEARISH","DOWNTREND DISCOUNT","NORMAL UPTREND","27.9","TRUE","TRUE","FALSE","IMPROVING","IMPROVING (Passive)","0.51","0.51","DRY / QUIET","66.67","33.33","34.41","37.15","11.85","32.15","9270.89","9648.03","8666.3","9894100","19540305","802","Supertrend bearish | RSI 34.4 lemah | Volume 0.51x | Crash filter aktif | RISEN NORMAL UPTREND","Full Grid (1-2-3-4)","100000000","7975","7475","7350","7175","0.1","0.2","0.3","0.4","12","26","40","55","133","97867500","2132500","7358.46","7360.49","6900","9600","11200","11200","13.48","6.23","40.44","52.21","3","8.38"
"BDKR","2026-05-26","2026-05-26","560","FULL","145","-0.684931506849315","AVOID","-","passive","FALSE","","BETA BREAKOUT","2026-02-13","","102d","102","DOWNTREND","BEARISH","BEARISH","BEARISH","STRUCTURE + DISCOUNT","SIDEWAYS","32.27","TRUE","FALSE","FALSE","WEAKENING","WEAKENING (Passive)","0.62","0.62","DRY / QUIET","75","25","34.93","23.21","12.19","20.42","154.7","157.9","177.53","12372900","19883920","796","Supertrend bearish | RSI 34.9 lemah | Volume 0.62x | Lolos anti-crash ADX | RISEN SIDEWAYS","Full Grid (1-2-3-4)","100000000","180","161","156","149","0.1","0.2","0.3","0.4","555","1242","1923","2684","6404","99976600","23400","156.12","156.12","139","242","304","304","22.78","10.96","68.89","94.73","3.02","8.64"
"BSWD","2026-05-26","2026-05-26","560","FULL","1400","0","AVOID","-","passive","FALSE","","BETA BREAKOUT","2026-02-13","","102d","102","DOWNTREND","BULLISH","BULLISH","BULLISH","DOWNTREND PREMIUM","NORMAL DOWNTREND","17.5","TRUE","FALSE","FALSE","LAGGING","LAGGARD (Passive)","0","0","NO VOLUME","50","50","65.42","69.22","67.28","32.72","1388.02","1342.21","1340.34","0","125","796","Supertrend bearish | RSI 65.4 > 50 | Volume 0x | Lolos anti-crash ADX | RISEN NORMAL DOWNTREND","Full Grid (1-2-3-4)","100000000","1155","1105","1090","1070","0.1","0.2","0.3","0.4","86","180","275","373","914","99709000","291000","1090.91","1090.94","1045","1500","1750","1750","9.52","4.21","51.52","60.42","5.41","14.36"
"NRCA","2026-05-26","2026-05-26","560","FULL","478","0.42016806722689076","AVOID","-","passive","FALSE","","V-SHAPE","2026-01-19","","127d","127","DOWNTREND","BEARISH","BEARISH","BEARISH","STRUCTURE + DISCOUNT","NORMAL DOWNTREND","60.35","TRUE","FALSE","FALSE","IMPROVING","IMPROVING (Passive)","0.69","0.69","DRY / QUIET","20","80","34.97","31.98","12.12","31.53","547.21","630.16","792.97","6466200","9404505","796","Supertrend bearish | RSI 35.0 lemah | Volume 0.69x | Crash filter aktif | RISEN NORMAL DOWNTREND","Full Grid (1-2-3-4)","100000000","1345","1225","1195","1150","0.1","0.2","0.3","0.4","74","163","251","347","835","99820000","180000","1195.45","1195.48","1070","1935","2160","2160","20.45","10.49","60.59","80.69","2.96","7.69"
"PNLF","2026-05-26","2026-05-26","560","FULL","240","0","AVOID","-","passive","FALSE","","BETA BREAKOUT","2026-02-13","","102d","102","DOWNTREND","BEARISH","BEARISH","BEARISH","STRUCTURE + DISCOUNT","SIDEWAYS","24.81","TRUE","FALSE","FALSE","WEAKENING","WEAKENING (Passive)","0.5","0.5","DRY / QUIET","66.67","33.33","42.61","20.47","22.02","20.67","249.75","251.92","267.13","34774500","69458055","796","Supertrend bearish | RSI 42.6 lemah | Volume 0.5x | Lolos anti-crash ADX | RISEN SIDEWAYS","Full Grid (1-2-3-4)","100000000","288","260","254","244","0.1","0.2","0.3","0.4","347","769","1181","1639","3936","99976600","23400","254.01","254.01","230","376","462","462","20.14","9.45","60.42","81.89","3","8.66"
"PTPS","2026-05-26","2026-05-26","560","FULL","140","0","AVOID","-","passive","FALSE","","BETA BREAKOUT","2026-01-19","","127d","127","DOWNTREND","BEARISH","BEARISH","BEARISH","STRUCTURE + DISCOUNT","NORMAL DOWNTREND","25","TRUE","FALSE","FALSE","IMPROVING","IMPROVING (Passive)","0.33","0.33","DRY / QUIET","40","60","21.05","46.39","11.73","36.38","157.29","171.29","170.87","1868600","5724675","796","Supertrend bearish | RSI 21.1 lemah | Volume 0.33x | Crash filter aktif | RISEN NORMAL DOWNTREND","Full Grid (1-2-3-4)","100000000","204","193","190","187","0.1","0.2","0.3","0.4","490","1036","1578","2139","5243","99972100","27900","190.68","190.68","181","238","274","274","11.27","5.08","34.31","43.7","3.04","8.61"
"TYRE","2026-05-26","2026-05-26","560","FULL","108","-1.8181818181818181","AVOID","-","passive","FALSE","","EARLY SWEEP","2026-02-12","","103d","103","DOWNTREND","BEARISH","BEARISH","BEARISH","STRUCTURE + DISCOUNT","NORMAL DOWNTREND","60","TRUE","FALSE","FALSE","LAGGING","LAGGARD (Passive)","0.24","0.24","DRY / QUIET","41.67","58.33","39.3","20.52","10.79","16.47","113.26","115.4","121.76","400800","1637870","794","Supertrend bearish | RSI 39.3 lemah | Volume 0.24x | Lolos anti-crash ADX | RISEN NORMAL DOWNTREND","Full Grid (1-2-3-4)","100000000","128","124","123","122","0.1","0.2","0.3","0.4","781","1612","2439","3278","8110","99976900","23100","123.28","123.28","119","142","156","156","7.03","3.47","21.88","26.55","3.11","7.65"
"CUAN","2026-05-26","2026-05-26","560","FULL","505","3.909465020576132","AVOID","-","passive","FALSE","","SMART SNIPER","2026-02-11","Structure + Discount","104d","104","DOWNTREND","BEARISH","BEARISH","BEARISH","STRUCTURE + DISCOUNT","NORMAL DOWNTREND","18.79","TRUE","FALSE","FALSE","LAGGING","LAGGARD (Passive)","1.99","1.99","EXPANSION","23.08","76.92","19.95","46.02","12.37","43.26","891.37","1159.65","2589.43","871026600","437124350","792","Supertrend bearish | RSI 19.9 lemah | Volume valid 1.99x | Crash filter aktif | RISEN NORMAL DOWNTREND","Full Grid (1-2-3-4)","100000000","1925","1630","1555","1455","0.1","0.2","0.3","0.4","51","122","192","274","639","99426500","573500","1555.97","1556.45","1295","2870","3820","3820","32.73","16.77","98.44","145.51","3.01","8.68"
"MBMA","2026-05-26","2026-05-26","560","FULL","476","-4.032258064516129","AVOID","-","passive","FALSE","","SMART GAMMA","2026-01-13","","133d","133","DOWNTREND","BEARISH","BEARISH","BEARISH","STRUCTURE + DISCOUNT","NORMAL DOWNTREND","20.12","TRUE","FALSE","FALSE","IMPROVING","IMPROVING (Passive)","0.68","0.68","DRY / QUIET","19.05","80.95","33.25","41.99","8.42","33.13","572.45","637.66","616.69","173316900","253250930","784","Supertrend bearish | RSI 33.3 lemah | Volume 0.68x | Crash filter aktif | RISEN NORMAL DOWNTREND","Full Grid (1-2-3-4)","100000000","775","655","625","585","0.1","0.2","0.3","0.4","129","305","480","683","1597","99930500","69500","625.74","625.73","525","1150","1525","1525","32.26","16.1","96.77","143.71","3","8.93"
"ADMG","2026-05-26","2026-05-26","560","FULL","199","-0.5","AVOID","-","passive","FALSE","","V-SHAPE","2025-12-18","","159d","159","DOWNTREND","BEARISH","BEARISH","BULLISH","DEMAND STRUCTURE","SIDEWAYS","78.25","TRUE","FALSE","FALSE","LEADING","LEADING (Passive)","0.53","0.53","DRY / QUIET","85.71","14.29","46.97","13.4","14.71","18.32","200.63","203.51","181.54","247100","464825","782","Supertrend bearish | RSI 47.0 lemah | Volume 0.53x | Lolos anti-crash ADX | RISEN SIDEWAYS","Full Grid (1-2-3-4)","100000000","177","166","163","160","0.1","0.2","0.3","0.4","564","1204","1840","2500","6108","99961200","38800","163.66","163.66","153","214","250","250","13.56","6.51","41.24","52.76","3.04","8.1"
"FORU","2026-05-26","2026-05-26","560","FULL","1440","5.88235294117647","AVOID","-","passive","FALSE","","BETA BREAKOUT","2025-12-18","","159d","159","DOWNTREND","BULLISH","BULLISH","BULLISH","DOWNTREND","SIDEWAYS","16.03","TRUE","FALSE","FALSE","LEADING","LEADING (Passive)","1.83","1.83","EXPANSION","57.69","42.31","59.11","21.98","24.39","15.79","1329.95","1336.92","1434.94","489800","267500","782","Supertrend bearish | RSI 59.1 > 50 | Volume valid 1.83x | Lolos anti-crash ADX | RISEN SIDEWAYS","Full Grid (1-2-3-4)","100000000","1585","1285","1215","1115","0.1","0.2","0.3","0.4","63","155","246","358","822","99709000","291000","1213","1213.02","960","2520","3460","3460","39.43","20.86","118.3","185.24","3","8.88"
"LION","2026-05-26","2026-05-26","560","FULL","380","-3.061224489795918","AVOID","-","passive","FALSE","","SMART GAMMA","2026-02-06","","109d","109","DOWNTREND","BEARISH","BEARISH","BEARISH","STRUCTURE + DISCOUNT","NORMAL DOWNTREND","65","TRUE","FALSE","FALSE","LAGGING","LAGGARD (Passive)","0.33","0.33","DRY / QUIET","0","100","36.78","13.22","19.31","21.66","399.05","413.22","439.28","28000","84390","782","Supertrend bearish | RSI 36.8 lemah | Volume 0.33x | Lolos anti-crash ADX | RISEN NORMAL DOWNTREND","Full Grid (1-2-3-4)","100000000","605","494","468","432","0.1","0.2","0.3","0.4","165","404","641","925","2135","99898900","101100","467.91","467.92","378","945","1285","1285","37.52","19.22","112.4","174.63","3","9.09"
"SMKL","2026-05-26","2026-05-26","560","FULL","149","-2.6143790849673203","AVOID","-","passive","FALSE","","EARLY SWEEP","2026-02-06","","109d","109","DOWNTREND","BEARISH","BEARISH","BEARISH","STRUCTURE + DISCOUNT","NORMAL DOWNTREND","25","TRUE","FALSE","FALSE","WEAKENING","WEAKENING (Passive)","0.3","0.3","DRY / QUIET","20","80","41.08","32.63","23.1","12.75","160.45","163.89","167.41","637400","2093865","782","Supertrend bearish | RSI 41.1 lemah | Volume 0.3x | Lolos anti-crash ADX | RISEN NORMAL DOWNTREND","Full Grid (1-2-3-4)","100000000","171","167","165","164","0.1","0.2","0.3","0.4","584","1197","1818","2439","6038","99972900","27100","165.57","165.57","161","186","204","204","5.85","2.76","19.3","23.21","3.3","8.4"
"SMIL","2026-05-26","2026-05-26","560","FULL","270","0","HOLD","-","passive","FALSE","","EARLY SWEEP","2026-02-05","","110d","110","UPTREND","BEARISH","BEARISH","BEARISH","STRUCTURE + DISCOUNT","NORMAL UPTREND","60","TRUE","TRUE","FALSE","WEAKENING","WEAKENING (Passive)","0.59","0.59","DRY / QUIET","33.33","66.67","47.54","15.96","16.37","20.18","276.41","278.2","329.16","8070400","13784810","780","Supertrend bullish | RSI 47.5 lemah | Volume 0.59x | Lolos anti-crash ADX | RISEN NORMAL UPTREND","Full Grid (1-2-3-4)","100000000","372","358","354","350","0.1","0.2","0.3","0.4","268","558","847","1142","2815","99899800","100200","354.88","354.89","342","418","462","462","8.06","3.63","24.19","30.18","3","8.31"
"NASI","2026-05-26","2026-05-26","560","FULL","124","0","AVOID","-","passive","FALSE","","SMART GAMMA","2026-02-04","","111d","111","DOWNTREND","BEARISH","BEARISH","BEARISH","DOWNTREND DISCOUNT","NORMAL DOWNTREND","63.79","TRUE","FALSE","FALSE","LAGGING","LAGGARD (Passive)","0.11","0.11","DRY / QUIET","33.33","66.67","27.98","19.81","16.42","19.75","138.18","145.14","129.09","468400","4098370","778","Supertrend bearish | RSI 28.0 lemah | Volume 0.11x | Lolos anti-crash ADX | RISEN NORMAL DOWNTREND","Full Grid (1-2-3-4)","100000000","185","147","138","125","0.1","0.2","0.3","0.4","540","1360","2173","3200","7273","99969400","30600","137.45","137.46","106","304","422","422","42.7","22.88","128.11","207.01","3","9.05"
"DOSS","2026-05-26","2026-05-26","427","FULL","129","-3.007518796992481","AVOID","-","passive","FALSE","","EARLY SWEEP","2026-02-03","","112d","112","DOWNTREND","BEARISH","BEARISH","BEARISH","STRUCTURE + DISCOUNT","NORMAL DOWNTREND","45.59","TRUE","FALSE","FALSE","LAGGING","LAGGARD (Passive)","0.46","0.46","DRY / QUIET","16.67","83.33","30.65","21.98","12.98","26.22","143.08","152.32","167.46","730300","1587560","776","Supertrend bearish | RSI 30.6 lemah | Volume 0.46x | Lolos anti-crash ADX | RISEN NORMAL DOWNTREND","Full Grid (1-2-3-4)","100000000","160","151","149","146","0.1","0.2","0.3","0.4","625","1324","2013","2739","6701","99975500","24500","149.19","149.19","140","190","220","220","12.5","6.16","37.5","47.46","3","7.7"
"INPS","2026-05-26","2026-05-26","560","FULL","720","6.666666666666667","HOLD","-","passive","FALSE","","BETA BREAKOUT","2025-12-15","","162d","162","UPTREND","BULLISH","BULLISH","BULLISH","UPTREND PREMIUM","NORMAL UPTREND","34.59","TRUE","TRUE","FALSE","LEADING","LEADING (Passive)","0.64","0.64","DRY / QUIET","0","100","59.42","13.12","31.99","32.23","646.62","608.13","407.08","382800","601790","776","Supertrend bullish | RSI 59.4 > 50 | Volume 0.64x | Lolos anti-crash ADX | RISEN NORMAL UPTREND","Full Grid (1-2-3-4)","100000000","214","163","150","133","0.1","0.2","0.3","0.4","467","1226","2000","3007","6700","99970700","29300","149.21","149.21","109","372","530","530","49.07","26.95","147.66","255.2","3.01","9.47"
"MERI","2026-05-26","2026-05-26","211","IPO / SHORT","120","-0.8264462809917356","AVOID","-","passive","FALSE","","EARLY SWEEP","2026-02-03","","112d","112","DOWNTREND","BEARISH","BEARISH","BEARISH","STRUCTURE + DISCOUNT","NORMAL DOWNTREND","72.23","TRUE","FALSE","FALSE","LAGGING","LAGGARD (Passive)","0.23","0.23","DRY / QUIET","44.44","55.56","36.06","27.23","23.49","22.63","132.6","141.55","172.89","895500","3822535","776","Supertrend bearish | RSI 36.1 lemah | Volume 0.23x | Lolos anti-crash ADX | RISEN NORMAL DOWNTREND","Full Grid (1-2-3-4)","100000000","177","174","173","171","0.1","0.2","0.3","0.4","564","1149","1734","2339","5786","99970500","29500","172.78","172.78","168","206","230","230","5.08","2.77","29.94","33.12","5.89","11.97"
"TUGU","2026-05-26","2026-05-26","560","FULL","1160","-1.276595744680851","AVOID","-","passive","FALSE","","BETA BREAKOUT","2025-12-15","","162d","162","DOWNTREND","BEARISH","BEARISH","BEARISH","DOWNTREND DISCOUNT","SIDEWAYS","68.16","TRUE","FALSE","FALSE","LEADING","LEADING (Passive)","0.62","0.62","DRY / QUIET","33.33","66.67","35.9","25.08","10.55","23.49","1209.22","1233.93","1165.21","1953400","3154625","776","Supertrend bearish | RSI 35.9 lemah | Volume 0.62x | Lolos anti-crash ADX | RISEN SIDEWAYS","Full Grid (1-2-3-4)","100000000","1165","1110","1095","1080","0.1","0.2","0.3","0.4","85","180","273","370","908","99736000","264000","1098.41","1098.47","1050","1340","1510","1510","9.87","4.41","29.61","37.47","3","8.5"
"TSPC","2026-05-26","2026-05-26","560","FULL","2390","0","AVOID","-","passive","FALSE","","V-SHAPE","2025-12-12","","165d","165","DOWNTREND","BEARISH","BEARISH","BEARISH","STRUCTURE + DISCOUNT","SIDEWAYS","31.57","TRUE","FALSE","FALSE","LEADING","LEADING (Passive)","0.31","0.31","DRY / QUIET","33.33","66.67","41.56","17.77","18.37","20.14","2427.07","2485.52","2557.96","404300","1315720","770","Supertrend bearish | RSI 41.6 lemah | Volume 0.31x | Lolos anti-crash ADX | RISEN SIDEWAYS","Full Grid (1-2-3-4)","100000000","2770","2720","2710","2690","0.1","0.2","0.3","0.4","36","73","110","148","367","99450000","550000","2709.81","2709.8","2660","2940","3230","3230","3.97","1.84","16.61","19.2","4.18","10.44"
"BIRD","2026-05-26","2026-05-26","560","FULL","1550","-0.3215434083601286","AVOID","-","passive","FALSE","","EARLY SWEEP","2025-12-10","","167d","167","DOWNTREND","BEARISH","BEARISH","BEARISH","STRUCTURE + DISCOUNT","NORMAL DOWNTREND","32.03","TRUE","FALSE","FALSE","LEADING","LEADING (Passive)","0.69","0.69","DRY / QUIET","50","50","41.92","36.04","14.03","24.14","1573.8","1614.74","1699.55","1380100","2006430","766","Supertrend bearish | RSI 41.9 lemah | Volume 0.69x | Crash filter aktif | RISEN NORMAL DOWNTREND","Full Grid (1-2-3-4)","100000000","1815","1770","1755","1740","0.1","0.2","0.3","0.4","55","112","170","229","566","99487500","512500","1757.73","1757.73","1710","1975","2170","2170","5.79","2.72","19.56","23.45","3.38","8.64"
"HELI","2026-05-26","2026-05-26","560","FULL","172","-5.4945054945054945","AVOID","-","passive","FALSE","","EARLY SWEEP","2026-01-29","","117d","117","DOWNTREND","BEARISH","BEARISH","BEARISH","STRUCTURE + DISCOUNT","NORMAL DOWNTREND","35.99","TRUE","FALSE","FALSE","LAGGING","LAGGARD (Passive)","0.55","0.55","DRY / QUIET","0","100","31.23","41.67","26.87","16.29","189.26","196.36","222.9","552600","1011835","766","Supertrend bearish | RSI 31.2 lemah | Volume 0.55x | Lolos anti-crash ADX | RISEN NORMAL DOWNTREND","Full Grid (1-2-3-4)","100000000","238","234","232","230","0.1","0.2","0.3","0.4","420","854","1293","1739","4306","99974200","25800","232.17","232.17","226","256","260","260","5.04","2.66","9.24","11.98","1.83","4.51"
"MDIY","2026-05-26","2026-05-26","333","FULL","800","0.628930817610063","AVOID","-","passive","FALSE","","V-SHAPE","2025-12-10","","167d","167","DOWNTREND","BEARISH","BEARISH","BEARISH","STRUCTURE + DISCOUNT","NORMAL DOWNTREND","41","TRUE","FALSE","FALSE","LEADING","LEADING (Passive)","0.26","0.26","DRY / QUIET","42.86","57.14","38.52","24.78","14.57","16.93","832.82","868.56","1031.98","191200","745385","766","Supertrend bearish | RSI 38.5 lemah | Volume 0.26x | Lolos anti-crash ADX | RISEN NORMAL DOWNTREND","Full Grid (1-2-3-4)","100000000","1060","1045","1040","1035","0.1","0.2","0.3","0.4","94","191","288","386","959","99826500","173500","1040.94","1040.95","1025","1130","1145","1145","3.3","1.53","8.02","10","2.43","6.53"
"PBID","2026-05-26","2026-05-26","560","FULL","488","0","AVOID","-","passive","FALSE","","EARLY SWEEP","2026-01-29","","117d","117","DOWNTREND","BEARISH","BEARISH","BEARISH","STRUCTURE + DISCOUNT","SIDEWAYS","17.5","TRUE","FALSE","FALSE","WEAKENING","WEAKENING (Passive)","0.26","0.26","DRY / QUIET","80","20","37.16","39.22","17","28.97","518.77","514.72","510.19","720500","2759830","766","Supertrend bearish | RSI 37.2 lemah | Volume 0.26x | Crash filter aktif | RISEN SIDEWAYS","Full Grid (1-2-3-4)","100000000","488","478","474","470","0.1","0.2","0.3","0.4","204","418","632","851","2105","99889400","110600","474.53","474.54","464","525","540","540","4.92","2.22","10.66","13.8","2.17","6.21"
"SSIA","2026-05-26","2026-05-26","560","FULL","1645","-3.2352941176470593","AVOID","-","passive","FALSE","","V-SHAPE","2026-01-29","","117d","117","DOWNTREND","BEARISH","BULLISH","BULLISH","DEMAND STRUCTURE","SIDEWAYS","54.22","TRUE","FALSE","FALSE","LAGGING","LAGGARD (Passive)","0.66","0.66","DRY / QUIET","4","96","50.65","19.45","19.9","17.93","1652.04","1586.66","1581.56","18453100","28077750","766","Supertrend bearish | RSI 50.6 > 50 | Volume 0.66x | Lolos anti-crash ADX | RISEN SIDEWAYS","Full Grid (1-2-3-4)","100000000","1600","1440","1400","1345","0.1","0.2","0.3","0.4","62","138","214","297","711","99698500","301500","1402.23","1402.38","1255","2120","2640","2640","21.56","10.5","65","88.27","3.01","8.41"
"TRUK","2026-05-26","2026-05-26","560","FULL","402","1.0050251256281406","AVOID","-","passive","FALSE","","V-SHAPE","2026-01-29","","117d","117","DOWNTREND","BEARISH","BEARISH","BULLISH","DEMAND STRUCTURE","NORMAL DOWNTREND","25","TRUE","FALSE","FALSE","LAGGING","LAGGARD (Passive)","0.14","0.14","DRY / QUIET","90","10","40.95","25.56","22.65","29.47","459.03","448.34","381.69","110700","773240","766","Supertrend bearish | RSI 41.0 lemah | Volume 0.14x | Lolos anti-crash ADX | RISEN NORMAL DOWNTREND","Full Grid (1-2-3-4)","100000000","535","474","460","440","0.1","0.2","0.3","0.4","186","421","652","909","2168","99894400","105600","460.77","460.8","404","730","930","930","24.49","12.32","73.83","101.84","3.02","8.27"
"GUNA","2026-05-26","2026-05-26","448","FULL","198","-0.5025125628140703","AVOID","-","passive","FALSE","","SMART GAMMA","2025-12-08","","169d","169","DOWNTREND","BEARISH","BEARISH","BEARISH","STRUCTURE + DISCOUNT","NORMAL DOWNTREND","36.43","TRUE","FALSE","FALSE","LEADING","LEADING (Passive)","0.1","0.1","DRY / QUIET","80","20","38.61","24.5","10.62","19.01","208.58","219.24","246.4","48800","483550","762","Supertrend bearish | RSI 38.6 lemah | Volume 0.1x | Lolos anti-crash ADX | RISEN NORMAL DOWNTREND","Full Grid (1-2-3-4)","100000000","290","282","280","278","0.1","0.2","0.3","0.4","344","709","1071","1438","3562","99934200","65800","280.56","280.56","272","318","350","350","6.21","3.05","20.69","24.75","3.33","8.12"
"HILL","2026-05-26","2026-05-26","560","FULL","15","0","AVOID","-","passive","FALSE","","EARLY SWEEP","2026-01-02","","144d","144","DOWNTREND","BEARISH","BEARISH","BEARISH","STRUCTURE + DISCOUNT","NORMAL DOWNTREND","65","TRUE","FALSE","FALSE","IMPROVING","IMPROVING (Passive)","1.03","1.03","NORMAL","50","50","26.09","41.23","13.42","50.43","18.38","31.44","234.88","63562500","61938415","762","Supertrend bearish | RSI 26.1 lemah | Volume 1.03x | Crash filter aktif | RISEN NORMAL DOWNTREND","Full Grid (1-2-3-4)","100000000","182","161","156","149","0.1","0.2","0.3","0.4","549","1242","1923","2684","6398","99978400","21600","156.27","156.27","138","248","314","314","24.18","11.69","72.53","100.94","3","8.64"
"BBRM","2026-05-26","2026-05-26","560","FULL","122","-1.6129032258064515","AVOID","-","passive","FALSE","","V-SHAPE","2026-01-26","","120d","120","DOWNTREND","BEARISH","BEARISH","BEARISH","STRUCTURE + DISCOUNT","SIDEWAYS","85.18","TRUE","FALSE","FALSE","LAGGING","LAGGARD (Passive)","0.15","0.15","DRY / QUIET","0","100","28.77","13.16","16.64","17.62","136.85","147.06","136.41","443100","3054125","760","Supertrend bearish | RSI 28.8 lemah | Volume 0.15x | Lolos anti-crash ADX | RISEN SIDEWAYS","Full Grid (1-2-3-4)","100000000","252","220","212","200","0.1","0.2","0.3","0.4","396","909","1415","2000","4720","99975200","24800","211.81","211.82","181","358","466","466","28.17","14.55","84.92","120.01","3.01","8.25"
"MLPL","2026-05-26","2026-05-26","560","FULL","84","-3.4482758620689653","AVOID","-","passive","FALSE","","SMART SNIPER","2026-01-26","Discount Only","120d","120","DOWNTREND","BEARISH","BEARISH","BEARISH","STRUCTURE + DISCOUNT","NORMAL DOWNTREND","50.12","TRUE","FALSE","FALSE","LAGGING","LAGGARD (Passive)","0.86","0.86","NORMAL","0","100","32.51","19.75","16.3","29.46","94","100.59","118.72","24769400","28954120","760","Supertrend bearish | RSI 32.5 lemah | Volume 0.86x | Lolos anti-crash ADX | RISEN NORMAL DOWNTREND","Full Grid (1-2-3-4)","100000000","157","145","142","138","0.1","0.2","0.3","0.4","636","1379","2112","2898","7025","99963500","36500","142.3","142.3","131","196","236","236","16.56","7.94","50.32","65.85","3.04","8.29"
"PJAA","2026-05-26","2026-05-26","560","FULL","476","0","AVOID","-","passive","FALSE","","SMART GAMMA","2025-12-04","","173d","173","DOWNTREND","BEARISH","BEARISH","BEARISH","STRUCTURE + DISCOUNT","SIDEWAYS","77.28","TRUE","FALSE","FALSE","LEADING","LEADING (Passive)","0.31","0.31","DRY / QUIET","60","40","30.92","29.04","13.91","31.07","492.16","512.35","536.68","57400","182815","754","Supertrend bearish | RSI 30.9 lemah | Volume 0.31x | Lolos anti-crash ADX | RISEN SIDEWAYS","Full Grid (1-2-3-4)","100000000","690","595","575","540","0.1","0.2","0.3","0.4","144","336","521","740","1741","99845500","154500","573.5","573.55","494","985","1280","1280","28.41","13.86","85.51","123.19","3.01","8.89"
"SMSM","2026-05-26","2026-05-26","560","FULL","1720","-1.7142857142857144","AVOID","-","passive","FALSE","","SMART SNIPER","2026-01-23","Discount Only","123d","123","DOWNTREND","BEARISH","BEARISH","BEARISH","STRUCTURE + DISCOUNT","SIDEWAYS","25","TRUE","FALSE","FALSE","WEAKENING","WEAKENING (Passive)","0.35","0.35","DRY / QUIET","11.11","88.89","39.17","24.19","18.5","29.12","1787.93","1791.74","1806.03","791000","2253030","754","Supertrend bearish | RSI 39.2 lemah | Volume 0.35x | Lolos anti-crash ADX | RISEN SIDEWAYS","Full Grid (1-2-3-4)","100000000","1785","1720","1705","1685","0.1","0.2","0.3","0.4","56","116","175","237","584","99720000","280000","1707.53","1707.52","1650","1990","2190","2190","7.56","3.37","22.69","28.26","3","8.39"
"BUKA","2026-05-26","2026-05-26","560","FULL","127","0","AVOID","-","passive","FALSE","","V-SHAPE","2026-01-22","","124d","124","DOWNTREND","BEARISH","BEARISH","BEARISH","STRUCTURE + DISCOUNT","NORMAL DOWNTREND","28.92","TRUE","FALSE","FALSE","LAGGING","LAGGARD (Passive)","0.42","0.42","DRY / QUIET","25","75","29.44","31.19","9.51","29.71","139.61","144.99","150.59","41890800","98662035","752","Supertrend bearish | RSI 29.4 lemah | Volume 0.42x | Crash filter aktif | RISEN NORMAL DOWNTREND","Full Grid (1-2-3-4)","100000000","160","158","157","156","0.1","0.2","0.3","0.4","625","1265","1910","2564","6364","99972400","27600","157.09","157.09","154","169","172","172","3.75","1.97","7.5","9.49","2","4.82"
"CLAY","2026-05-26","2026-05-26","560","FULL","2910","0","AVOID","-","passive","FALSE","","BETA BREAKOUT","2026-01-22","","124d","124","DOWNTREND","BULLISH","BULLISH","BULLISH","DEMAND STRUCTURE","SIDEWAYS","84.99","TRUE","FALSE","FALSE","LAGGING","LAGGARD (Passive)","1.76","1.76","EXPANSION","90","10","62.09","10.02","15.12","21.8","2866.03","2816.37","2398.83","84500","48100","752","Supertrend bearish | RSI 62.1 > 50 | Volume valid 1.76x | Lolos anti-crash ADX | RISEN SIDEWAYS","Full Grid (1-2-3-4)","100000000","2680","2340","2260","2150","0.1","0.2","0.3","0.4","37","85","132","186","440","99628000","372000","2264.27","2264.63","1960","3760","4840","4840","26.87","13.44","80.6","113.76","3","8.47"
"GOLF","2026-05-26","2026-05-26","449","FULL","166","-1.1904761904761905","AVOID","-","passive","FALSE","","SMART GAMMA","2026-01-22","","124d","124","DOWNTREND","BEARISH","BEARISH","BEARISH","STRUCTURE + DISCOUNT","NORMAL DOWNTREND","84.59","TRUE","FALSE","FALSE","LAGGING","LAGGARD (Passive)","0.64","0.64","DRY / QUIET","60","40","30.02","18.55","12.64","26.11","181.93","192.22","211.16","3737200","5882825","752","Supertrend bearish | RSI 30.0 lemah | Volume 0.64x | Lolos anti-crash ADX | RISEN NORMAL DOWNTREND","Full Grid (1-2-3-4)","100000000","404","308","286","254","0.1","0.2","0.3","0.4","247","649","1048","1574","3518","99920400","79600","284.03","284.04","206","700","1000","1000","49.01","27.47","147.52","252.08","3.01","9.18"
"KBLV","2026-05-26","2026-05-26","560","FULL","89","-2.197802197802198","AVOID","-","passive","FALSE","","EARLY SWEEP","2026-01-22","","124d","124","DOWNTREND","BEARISH","BEARISH","BEARISH","DOWNTREND DISCOUNT","NORMAL DOWNTREND","47.44","TRUE","FALSE","FALSE","LAGGING","LAGGARD (Passive)","0.73","0.73","DRY / QUIET","0","100","27.05","22.96","15.95","24.07","104.59","115.81","142.07","5340600","7339965","752","Supertrend bearish | RSI 27.1 lemah | Volume 0.73x | Lolos anti-crash ADX | RISEN NORMAL DOWNTREND","Full Grid (1-2-3-4)","100000000","181","174","172","170","0.1","0.2","0.3","0.4","552","1149","1744","2352","5797","99964600","35400","172.44","172.44","163","236","246","246","9.94","5.48","35.91","42.66","3.61","7.79"
"LPKR","2026-05-26","2026-05-26","560","FULL","69","-1.4285714285714286","AVOID","-","passive","FALSE","","G ACC","2026-01-22","","124d","124","DOWNTREND","BEARISH","BEARISH","BEARISH","STRUCTURE + DISCOUNT","NORMAL DOWNTREND","51.61","TRUE","FALSE","FALSE","LAGGING","LAGGARD (Passive)","0.83","0.83","NORMAL","25","75","30.02","23.83","11.45","27.9","78.11","82.56","88.55","47847500","57773670","752","Supertrend bearish | RSI 30.0 lemah | Volume 0.83x | Lolos anti-crash ADX | RISEN NORMAL DOWNTREND","Full Grid (1-2-3-4)","100000000","128","105","100","92","0.1","0.2","0.3","0.4","781","1904","3000","4347","10032","99981200","18800","99.66","99.66","81","199","270","270","36.72","18.73","110.94","170.91","3.02","9.13"
"MAHA","2026-05-26","2026-05-26","560","FULL","145","0","HOLD","-","passive","FALSE","","BETA BREAKOUT","2026-01-22","","124d","124","UPTREND","BEARISH","BEARISH","BEARISH","STRUCTURE + DISCOUNT","NORMAL DOWNTREND","99.09","TRUE","FALSE","FALSE","LAGGING","LAGGARD (Passive)","0.37","0.37","DRY / QUIET","66.67","33.33","41.72","15.65","13.18","15.63","148.29","150.17","155.27","3610700","9811985","752","Supertrend bullish | RSI 41.7 lemah | Volume 0.37x | Lolos anti-crash ADX | RISEN NORMAL DOWNTREND","Full Grid (1-2-3-4)","100000000","214","190","184","175","0.1","0.2","0.3","0.4","467","1052","1630","2285","5434","99961300","38700","183.96","183.96","162","292","370","370","24.3","11.94","72.9","101.14","3","8.47"
"SDRA","2026-05-26","2026-05-26","560","FULL","236","-3.278688524590164","AVOID","-","passive","FALSE","","SMART SNIPER","2026-01-22","Structure + Discount","124d","124","DOWNTREND","BEARISH","BEARISH","BEARISH","STRUCTURE + DISCOUNT","NORMAL DOWNTREND","25","TRUE","FALSE","FALSE","LAGGING","LAGGARD (Passive)","0.8","0.8","DRY / QUIET","80","20","42.01","25.96","20.11","17.39","249.59","255.47","284.55","1112100","1394125","752","Supertrend bearish | RSI 42.0 lemah | Volume 0.8x | Lolos anti-crash ADX | RISEN NORMAL DOWNTREND","Full Grid (1-2-3-4)","100000000","288","284","282","280","0.1","0.2","0.3","0.4","347","704","1063","1428","3542","99947800","52200","282.18","282.18","276","306","336","336","4.17","2.19","16.67","19.07","4","8.71"
"MIKA","2026-05-26","2026-05-26","560","FULL","1650","-2.6548672566371683","AVOID","-","passive","FALSE","","EARLY SWEEP","2026-01-21","","125d","125","DOWNTREND","BEARISH","BEARISH","BEARISH","STRUCTURE + DISCOUNT","NORMAL DOWNTREND","6.97","TRUE","FALSE","FALSE","LAGGING","LAGGARD (Passive)","1.99","1.99","EXPANSION","0","100","24.65","46","7.31","33.96","1838.64","1985.37","2268.54","11752500","5905755","750","Supertrend bearish | RSI 24.6 lemah | Volume valid 1.99x | Crash filter aktif | RISEN NORMAL DOWNTREND","Full Grid (1-2-3-4)","100000000","2660","2390","2320","2230","0.1","0.2","0.3","0.4","37","83","129","179","428","99524000","476000","2325.33","2325.81","2090","3520","4370","4370","21.43","10.12","64.29","87.93","3","8.69"
"PSKT","2026-05-26","2026-05-26","560","FULL","202","1","AVOID","-","passive","FALSE","","BETA BREAKOUT","2026-01-21","","125d","125","DOWNTREND","BEARISH","BEARISH","BEARISH","STRUCTURE + DISCOUNT","NORMAL DOWNTREND","61.1","TRUE","FALSE","FALSE","LAGGING","LAGGARD (Passive)","0.33","0.33","DRY / QUIET","42.86","57.14","35.22","15.69","14.21","26.09","234.25","250.24","211.3","11172200","34103835","750","Supertrend bearish | RSI 35.2 lemah | Volume 0.33x | Lolos anti-crash ADX | RISEN NORMAL DOWNTREND","Full Grid (1-2-3-4)","100000000","402","326","308","282","0.1","0.2","0.3","0.4","248","613","974","1418","3253","99940200","59800","307.22","307.25","242","640","880","880","39.8","21.23","118.91","186.44","2.99","8.78"
"KEEN","2026-05-26","2026-05-26","560","FULL","860","-3.3707865168539324","AVOID","-","passive","FALSE","","BETA BREAKOUT","2026-01-20","","126d","126","DOWNTREND","BEARISH","BEARISH","BEARISH","STRUCTURE + DISCOUNT","NORMAL DOWNTREND","56.7","TRUE","FALSE","FALSE","LAGGING","LAGGARD (Passive)","0.76","0.76","DRY / QUIET","0","100","43.96","18.7","19.74","19.47","892.01","915.55","932.55","6644500","8700065","748","Supertrend bearish | RSI 44.0 lemah | Volume 0.76x | Lolos anti-crash ADX | RISEN NORMAL DOWNTREND","Full Grid (1-2-3-4)","100000000","1285","1140","1105","1055","0.1","0.2","0.3","0.4","77","175","271","379","902","99774500","225500","1106.15","1106.32","980","1745","2200","2200","23.74","11.4","71.21","98.89","3","8.67"
"BLES","2026-05-26","2026-05-26","449","FULL","146","-0.6802721088435374","AVOID","-","passive","FALSE","","SMART SNIPER","2026-01-19","Structure + Discount","127d","127","DOWNTREND","BEARISH","BEARISH","BEARISH","DEMAND STRUCTURE","NORMAL DOWNTREND","61.05","TRUE","FALSE","FALSE","WEAKENING","WEAKENING (Passive)","0.08","0.08","DRY / QUIET","25","75","35.7","23.4","16.56","20.22","154.3","154.12","163.16","180000","2254510","746","Supertrend bearish | RSI 35.7 lemah | Volume 0.08x | Lolos anti-crash ADX | RISEN NORMAL DOWNTREND","Full Grid (1-2-3-4)","100000000","172","165","163","160","0.1","0.2","0.3","0.4","581","1212","1840","2500","6133","99983200","16800","163.02","163.03","156","196","220","220","9.3","4.31","27.91","34.95","3","8.11"
"BWPT","2026-05-26","2026-05-26","560","FULL","86","-3.3707865168539324","AVOID","-","passive","FALSE","","BETA BREAKOUT","2026-01-19","","127d","127","DOWNTREND","BEARISH","BEARISH","BEARISH","STRUCTURE + DISCOUNT","NORMAL DOWNTREND","17.5","TRUE","FALSE","FALSE","LAGGING","LAGGARD (Passive)","0.57","0.57","DRY / QUIET","0","100","23.07","36.5","9.91","33.79","110.07","120.87","123.95","53356900","93965610","746","Supertrend bearish | RSI 23.1 lemah | Volume 0.57x | Crash filter aktif | RISEN NORMAL DOWNTREND","Full Grid (1-2-3-4)","100000000","163","154","151","148","0.1","0.2","0.3","0.4","613","1298","1986","2702","6599","99959300","40700","151.48","151.48","142","195","226","226","12.88","6.26","38.65","49.2","3","7.86"
"PTMP","2026-05-26","2026-05-26","560","FULL","62","-4.615384615384616","AVOID","-","passive","FALSE","","BETA BREAKOUT","2026-01-19","","127d","127","DOWNTREND","BEARISH","BEARISH","BEARISH","STRUCTURE + DISCOUNT","SIDEWAYS","41.4","TRUE","FALSE","FALSE","LAGGING","LAGGARD (Passive)","0.08","0.08","DRY / QUIET","0","100","41.31","42.04","22.99","18.99","67.82","69.05","77.23","6146000","77587115","746","Supertrend bearish | RSI 41.3 lemah | Volume 0.08x | Lolos anti-crash ADX | RISEN SIDEWAYS","Full Grid (1-2-3-4)","100000000","93","87","86","84","0.1","0.2","0.3","0.4","1075","2298","3488","4761","11622","99979300","20700","86.03","86.03","80","113","132","132","13.98","7","41.94","53.44","3","7.63"
"AISA","2026-05-26","2026-05-26","560","FULL","107","-0.9259259259259258","AVOID","-","passive","FALSE","","BETA BREAKOUT","2026-01-15","","131d","131","DOWNTREND","BEARISH","BEARISH","BEARISH","STRUCTURE + DISCOUNT","NORMAL DOWNTREND","34","TRUE","FALSE","FALSE","LAGGING","LAGGARD (Passive)","0.66","0.66","DRY / QUIET","0","100","32.79","25.31","15.81","30","117.14","123.12","130.93","2460500","3733740","738","Supertrend bearish | RSI 32.8 lemah | Volume 0.66x | Lolos anti-crash ADX | RISEN NORMAL DOWNTREND","Full Grid (1-2-3-4)","100000000","153","141","138","133","0.1","0.2","0.3","0.4","653","1418","2173","3007","7251","99965200","34800","137.86","137.87","127","192","232","232","16.99","7.88","51.63","68.28","3.04","8.66"
"INRU","2026-05-26","2026-05-26","560","FULL","590","0","AVOID","-","passive","FALSE","","V-SHAPE","2025-11-26","","181d","181","DOWNTREND","NEUTRAL","BEARISH","BEARISH","DOWNTREND DISCOUNT","NORMAL DOWNTREND","0","FALSE","FALSE","FALSE","LEADING","LEADING (Passive)","0","0","NO VOLUME","50","50","30.67","22.65","13.3","21.1","590.01","592.17","625.68","0","0","738","Supertrend bearish | RSI 30.7 lemah | Volume NaNx | Lolos anti-crash ADX | RISEN NORMAL DOWNTREND","Full Grid (1-2-3-4)","100000000","740","710","705","695","0.1","0.2","0.3","0.4","135","281","425","575","1416","99866000","134000","705.27","705.27","670","845","950","950","9.46","5","28.38","34.7","3","6.94"
"AXIO","2026-05-26","2026-05-26","560","FULL","111","-1.7699115044247788","AVOID","-","passive","FALSE","","V-SHAPE","2026-01-14","","132d","132","DOWNTREND","BEARISH","BEARISH","BEARISH","STRUCTURE + DISCOUNT","SIDEWAYS","98.76","TRUE","FALSE","FALSE","LAGGING","LAGGARD (Passive)","0.66","0.66","DRY / QUIET","0","100","37.78","22.3","15.57","10.71","114.28","116.04","122.64","356500","543870","736","Supertrend bearish | RSI 37.8 lemah | Volume 0.66x | Lolos anti-crash ADX | RISEN SIDEWAYS","Full Grid (1-2-3-4)","100000000","129","128","127","127","0.1","0.2","0.3","0.4","775","1562","2362","3149","7848","99980800","19200","127.4","127.4","125","135","149","149","3.1","1.88","15.5","16.96","5","9.01"
"HAIS","2026-05-26","2026-05-26","560","FULL","176","-1.675977653631285","AVOID","-","passive","FALSE","","BETA BREAKOUT","2025-11-25","","182d","182","DOWNTREND","BEARISH","BEARISH","BEARISH","STRUCTURE + DISCOUNT","NORMAL DOWNTREND","61.71","TRUE","FALSE","FALSE","LEADING","LEADING (Passive)","0.3","0.3","DRY / QUIET","0","100","28.44","55.78","5.34","26.81","185.6","195.57","207.76","421000","1384430","736","Supertrend bearish | RSI 28.4 lemah | Volume 0.3x | Crash filter aktif | RISEN NORMAL DOWNTREND","Full Grid (1-2-3-4)","100000000","244","222","216","210","0.1","0.2","0.3","0.4","409","900","1388","1904","4601","99924400","75600","217.18","217.18","197","314","386","386","19.26","9.29","58.2","77.73","3.02","8.37"
"TAMU","2026-05-26","2026-05-26","560","FULL","22","10","HOLD","-","passive","FALSE","","SMART GAMMA","2026-01-14","","132d","132","UPTREND","BEARISH","BEARISH","BEARISH","UPTREND DISCOUNT","NORMAL DOWNTREND","57.61","TRUE","FALSE","FALSE","LAGGING","LAGGARD (Passive)","0.78","0.78","DRY / QUIET","100","0","36.09","24.79","28.42","49.44","25.77","29.13","30.04","5935000","7606195","736","Supertrend bullish | RSI 36.1 lemah | Volume 0.78x | Lolos anti-crash ADX | RISEN NORMAL DOWNTREND","Full Grid (1-2-3-4)","100000000","69","48","42","35","0.1","0.2","0.3","0.4","1449","4166","7142","11428","24185","99989300","10700","41.34","41.34","25","135","202","202","63.77","39.53","192.75","388.59","3.02","9.83"
"WINE","2026-05-26","2026-05-26","560","FULL","159","-0.625","AVOID","-","passive","FALSE","","V-SHAPE","2026-01-14","","132d","132","DOWNTREND","BEARISH","BEARISH","BEARISH","DOWNTREND DISCOUNT","NORMAL DOWNTREND","26.42","TRUE","FALSE","FALSE","LAGGING","LAGGARD (Passive)","1.24","1.24","EXPANSION","22.22","77.78","18.3","39.8","3.19","24.2","174.28","181.35","205.02","1742600","1400475","736","Supertrend bearish | RSI 18.3 lemah | Volume valid 1.24x | Crash filter aktif | RISEN NORMAL DOWNTREND","Full Grid (1-2-3-4)","100000000","208","200","198","195","0.1","0.2","0.3","0.4","480","1000","1515","2051","5046","99975500","24500","198.13","198.13","191","234","260","260","8.17","3.6","25","31.23","3.06","8.68"
"INDF","2026-05-26","2026-05-26","560","FULL","6825","-1.7985611510791366","AVOID","-","passive","FALSE","","SMART SNIPER","2025-11-24","Structure + Discount","183d","183","DOWNTREND","NEUTRAL","BULLISH","BEARISH","DEMAND STRUCTURE","SIDEWAYS","31.43","TRUE","FALSE","FALSE","LEADING","LEADING (Passive)","1.51","1.51","EXPANSION","28.57","71.43","51.03","20.53","20.43","20.01","6816.06","6750.14","6964.22","13244900","8766615","734","Supertrend bearish | RSI 51.0 > 50 | Volume valid 1.51x | Lolos anti-crash ADX | RISEN SIDEWAYS","Full Grid (1-2-3-4)","100000000","7450","7150","7075","6975","0.1","0.2","0.3","0.4","13","27","42","57","139","98462500","1537500","7083.63","7084.9","6825","8400","9325","9325","8.39","3.65","25.17","31.64","3","8.67"
"KDSI","2026-05-26","2026-05-26","560","FULL","450","0.4464285714285714","HOLD","-","passive","FALSE","","V-SHAPE","2025-11-24","","183d","183","UPTREND","NEUTRAL","NEUTRAL","BEARISH","STRUCTURE + DISCOUNT","SIDEWAYS","51.19","TRUE","FALSE","FALSE","LEADING","LEADING (Passive)","1.03","1.03","NORMAL","100","0","50.59","19.61","7.9","16.08","449.47","449.56","486.3","47900","46385","734","Supertrend bullish | RSI 50.6 > 50 | Volume 1.03x | Lolos anti-crash ADX | RISEN SIDEWAYS","Full Grid (1-2-3-4)","100000000","462","454","452","450","0.1","0.2","0.3","0.4","216","440","663","888","2207","99882800","117200","452.57","452.57","442","492","540","540","4.33","2.34","16.88","19.32","3.9","8.27"
"KPIG","2026-05-26","2026-05-26","560","FULL","96","0","AVOID","-","passive","FALSE","","V-SHAPE","2025-11-24","","183d","183","DOWNTREND","BEARISH","BEARISH","BEARISH","STRUCTURE + DISCOUNT","NORMAL DOWNTREND","56.32","TRUE","FALSE","FALSE","LEADING","LEADING (Passive)","0.84","0.84","NORMAL","100","0","39.66","19.49","17.53","24.62","103.36","114.84","141.21","60804200","72297275","734","Supertrend bearish | RSI 39.7 lemah | Volume 0.84x | Lolos anti-crash ADX | RISEN NORMAL DOWNTREND","Full Grid (1-2-3-4)","100000000","140","137","136","134","0.1","0.2","0.3","0.4","714","1459","2205","2985","7363","99971300","28700","135.78","135.78","132","152","167","167","5.71","2.78","19.29","23","3.38","8.27"
"PALM","2026-05-26","2026-05-26","560","FULL","340","-0.5847953216374269","AVOID","-","passive","FALSE","","BETA BREAKOUT + V-SHAPE","2026-01-13","","133d","133","DOWNTREND","BEARISH","BEARISH","BEARISH","STRUCTURE + DISCOUNT","NORMAL DOWNTREND","47.29","TRUE","FALSE","FALSE","LAGGING","LAGGARD (Passive)","0.26","0.26","DRY / QUIET","16.67","83.33","37.08","19","15.28","28.49","356.14","363.91","378.4","275300","1048175","734","Supertrend bearish | RSI 37.1 lemah | Volume 0.26x | Lolos anti-crash ADX | RISEN NORMAL DOWNTREND","Full Grid (1-2-3-4)","100000000","408","388","384","376","0.1","0.2","0.3","0.4","245","515","781","1063","2604","99937200","62800","383.78","383.78","366","472","535","535","10.29","4.63","31.13","39.4","3.02","8.5"
"SNLK","2026-05-26","2026-05-26","560","FULL","246","-0.8064516129032258","AVOID","-","passive","FALSE","","SMART SNIPER","2025-11-24","Structure + Discount","183d","183","DOWNTREND","BULLISH","BEARISH","BEARISH","STRUCTURE + DISCOUNT","SIDEWAYS","62.58","TRUE","FALSE","FALSE","LEADING","LEADING (Passive)","0.92","0.92","NORMAL","40","60","50.29","17.05","13.47","12.68","243.59","259.65","365.98","13188200","14391435","734","Supertrend bearish | RSI 50.3 > 50 | Volume 0.92x | Lolos anti-crash ADX | RISEN SIDEWAYS","Full Grid (1-2-3-4)","100000000","414","408","406","404","0.1","0.2","0.3","0.4","241","490","738","990","2459","99928200","71800","406.38","406.38","400","448","555","555","3.38","1.57","34.06","36.57","10.07","23.3"
"DKHH","2026-05-26","2026-05-26","249","FULL","65","-1.5151515151515151","AVOID","-","passive","FALSE","","SMART GAMMA","2026-01-12","","134d","134","DOWNTREND","BEARISH","BEARISH","BEARISH","STRUCTURE + DISCOUNT","SIDEWAYS","25","TRUE","FALSE","FALSE","LAGGING","LAGGARD (Passive)","0.07","0.07","DRY / QUIET","0","100","40.79","26.93","22.89","16.71","72.25","73.07","87.47","7606200","107877445","732","Supertrend bearish | RSI 40.8 lemah | Volume 0.07x | Lolos anti-crash ADX | RISEN SIDEWAYS","Full Grid (1-2-3-4)","100000000","116","99","95","89","0.1","0.2","0.3","0.4","862","2020","3157","4494","10533","99985300","14700","94.93","94.93","81","169","222","222","30.17","14.67","91.38","133.87","3.03","9.13"
"CSIS","2026-05-26","2026-05-26","560","FULL","147","0","AVOID","-","passive","FALSE","","BETA BREAKOUT","2025-12-15","","162d","162","DOWNTREND","BEARISH","BEARISH","BEARISH","STRUCTURE + DISCOUNT","NORMAL DOWNTREND","38.87","TRUE","FALSE","FALSE","IMPROVING","IMPROVING (Passive)","0.62","0.62","DRY / QUIET","20","80","39.05","23.59","17.54","25.97","162.76","181.29","204","3144000","5106195","726","Supertrend bearish | RSI 39.0 lemah | Volume 0.62x | Lolos anti-crash ADX | RISEN NORMAL DOWNTREND","Full Grid (1-2-3-4)","100000000","550","464","442","414","0.1","0.2","0.3","0.4","181","431","678","966","2256","99913400","86600","442.88","442.92","368","825","1095","1095","33.09","16.91","99.09","147.25","2.99","8.71"
"DART","2026-05-26","2026-05-26","560","FULL","131","11.965811965811966","AVOID","-","passive","FALSE","","BETA BREAKOUT + V-SHAPE","2025-12-15","","162d","162","DOWNTREND","BEARISH","BEARISH","BEARISH","STRUCTURE + DISCOUNT","NORMAL DOWNTREND","25","TRUE","FALSE","FALSE","IMPROVING","IMPROVING (Passive)","0.52","0.52","DRY / QUIET","65.22","34.78","40.46","26.72","31.39","21.29","141.04","149.21","160.54","1668500","3184610","726","Supertrend bearish | RSI 40.5 lemah | Volume 0.52x | Lolos anti-crash ADX | RISEN NORMAL DOWNTREND","Full Grid (1-2-3-4)","100000000","214","194","189","183","0.1","0.2","0.3","0.4","467","1030","1587","2185","5269","99955600","44400","189.71","189.71","171","278","344","344","20.09","9.86","60.75","81.33","3.02","8.25"
"KRAS","2026-05-26","2026-05-26","560","FULL","214","-6.956521739130435","AVOID","-","passive","FALSE","","BETA BREAKOUT","2026-01-09","","137d","137","DOWNTREND","BEARISH","BEARISH","BEARISH","STRUCTURE + DISCOUNT","NORMAL DOWNTREND","14.48","TRUE","FALSE","FALSE","LAGGING","LAGGARD (Passive)","1.28","1.28","EXPANSION","0","100","23.98","32.35","14.19","40.96","259.09","284.2","294.74","11277800","8820255","726","Supertrend bearish | RSI 24.0 lemah | Volume valid 1.28x | Crash filter aktif | RISEN NORMAL DOWNTREND","Full Grid (1-2-3-4)","100000000","380","368","364","360","0.1","0.2","0.3","0.4","263","543","824","1111","2741","99966000","34000","364.71","364.71","350","426","470","470","7.89","4.03","23.68","28.87","3","7.16"
"MIDI","2026-05-26","2026-05-26","560","FULL","286","-2.7210884353741496","AVOID","-","passive","FALSE","","V-SHAPE","2026-01-09","","137d","137","DOWNTREND","BEARISH","BEARISH","BEARISH","DOWNTREND DISCOUNT","NORMAL DOWNTREND","0","FALSE","FALSE","FALSE","LAGGING","LAGGARD (Passive)","1.36","1.36","EXPANSION","42.86","57.14","28.61","32.72","10.49","31.34","319.78","321.57","355.61","35026300","25810810","726","Supertrend bearish | RSI 28.6 lemah | Volume valid 1.36x | Crash filter aktif | RISEN NORMAL DOWNTREND","Full Grid (1-2-3-4)","100000000","368","356","354","350","0.1","0.2","0.3","0.4","271","561","847","1142","2821","99898200","101800","354.12","354.13","342","408","414","414","7.07","3.42","12.5","16.91","1.77","4.94"
"SKLT","2026-05-26","2026-05-26","560","FULL","193","0.5208333333333333","AVOID","-","passive","FALSE","","BETA BREAKOUT","2025-11-20","","187d","187","DOWNTREND","BEARISH","BEARISH","BEARISH","STRUCTURE + DISCOUNT","NORMAL DOWNTREND","75.89","TRUE","FALSE","FALSE","LEADING","LEADING (Passive)","0.09","0.09","DRY / QUIET","30","70","33.69","24.64","13.53","21.79","207.03","219.8","222.05","19500","209240","726","Supertrend bearish | RSI 33.7 lemah | Volume 0.09x | Lolos anti-crash ADX | RISEN NORMAL DOWNTREND","Full Grid (1-2-3-4)","100000000","270","214","200","182","0.1","0.2","0.3","0.4","370","934","1500","2197","5001","99963000","37000","199.89","199.89","155","442","615","615","42.59","22.46","127.78","207.68","3","9.25"
"GWSA","2026-05-26","2026-05-26","560","FULL","130","-0.7633587786259541","AVOID","-","passive","FALSE","","G ACC","2026-01-07","","139d","139","DOWNTREND","BEARISH","BEARISH","BEARISH","DOWNTREND DISCOUNT","NORMAL DOWNTREND","65","TRUE","FALSE","FALSE","LAGGING","LAGGARD (Passive)","0.49","0.49","DRY / QUIET","71.43","28.57","30.68","17.3","16.6","24.54","141.68","150.12","154.73","862500","1764680","722","Supertrend bearish | RSI 30.7 lemah | Volume 0.49x | Lolos anti-crash ADX | RISEN NORMAL DOWNTREND","Full Grid (1-2-3-4)","100000000","166","156","154","150","0.1","0.2","0.3","0.4","602","1282","1948","2666","6498","99981600","18400","153.87","153.87","145","198","230","230","12.65","5.76","38.55","49.48","3.05","8.59"
"POWR","2026-05-26","2026-05-26","560","FULL","705","-0.7042253521126761","AVOID","-","passive","FALSE","","SMART GAMMA","2026-01-07","","139d","139","DOWNTREND","BEARISH","BEARISH","BEARISH","STRUCTURE + DISCOUNT","NORMAL DOWNTREND","16.17","TRUE","FALSE","FALSE","WEAKENING","WEAKENING (Passive)","1.36","1.36","EXPANSION","50","50","36.77","25.72","16.2","20.46","735.45","732.88","715.17","8239700","6072410","722","Supertrend bearish | RSI 36.8 lemah | Volume valid 1.36x | Lolos anti-crash ADX | RISEN NORMAL DOWNTREND","Full Grid (1-2-3-4)","100000000","715","700","695","685","0.1","0.2","0.3","0.4","139","285","431","583","1438","99778500","221500","693.87","693.88","680","770","845","845","4.9","2","18.18","21.78","3.71","10.9"
"NICE","2026-05-26","2026-05-26","555","FULL","276","0","AVOID","-","passive","FALSE","","SMART SNIPER","2026-01-06","Demand Structure","140d","140","DOWNTREND","BEARISH","BEARISH","BEARISH","STRUCTURE + DISCOUNT","NORMAL DOWNTREND","37.18","TRUE","FALSE","FALSE","LAGGING","LAGGARD (Passive)","0.92","0.92","NORMAL","46.15","53.85","34.02","22.19","16","24.36","295.83","311.29","363.35","640600","696550","720","Supertrend bearish | RSI 34.0 lemah | Volume 0.92x | Lolos anti-crash ADX | RISEN NORMAL DOWNTREND","Full Grid (1-2-3-4)","100000000","442","408","398","386","0.1","0.2","0.3","0.4","226","490","753","1036","2505","99940200","59800","398.96","398.97","370","550","660","660","16.29","7.26","49.32","65.43","3.03","9.01"
"NICL","2026-05-26","2026-05-26","560","FULL","545","-1.8018018018018018","AVOID","-","passive","FALSE","","G ACC","2026-01-06","","140d","140","DOWNTREND","BEARISH","BEARISH","BEARISH","STRUCTURE + DISCOUNT","NORMAL DOWNTREND","46.98","TRUE","FALSE","FALSE","LAGGING","LAGGARD (Passive)","0.74","0.74","DRY / QUIET","30","70","21.81","38.99","7.2","37.39","728.38","851.8","961.89","12115500","16314175","720","Supertrend bearish | RSI 21.8 lemah | Volume 0.74x | Crash filter aktif | RISEN NORMAL DOWNTREND","Full Grid (1-2-3-4)","100000000","1840","1410","1305","1160","0.1","0.2","0.3","0.4","54","141","229","344","768","99605500","394500","1296.95","1297.18","955","3170","4500","4500","48.1","26.37","144.57","246.97","3.01","9.37"
"VICO","2026-05-26","2026-05-26","560","FULL","142","-2.0689655172413794","AVOID","-","passive","FALSE","","V-SHAPE","2026-01-06","","140d","140","DOWNTREND","BEARISH","BEARISH","BEARISH","STRUCTURE + DISCOUNT","NORMAL DOWNTREND","25","TRUE","FALSE","FALSE","LAGGING","LAGGARD (Passive)","0.4","0.4","DRY / QUIET","0","100","35","34.89","30.72","15.46","154.47","161.39","173.08","405500","1020160","720","Supertrend bearish | RSI 35.0 lemah | Volume 0.4x | Lolos anti-crash ADX | RISEN NORMAL DOWNTREND","Full Grid (1-2-3-4)","100000000","212","204","202","200","0.1","0.2","0.3","0.4","471","980","1485","2000","4936","99974200","25800","202.54","202.54","194","240","266","266","8.49","4.22","25.47","31.33","3","7.43"
"MMLP","2026-05-26","2026-05-26","560","FULL","318","-0.625","AVOID","-","passive","FALSE","","V-SHAPE","2026-01-02","","144d","144","DOWNTREND","BEARISH","BEARISH","BEARISH","STRUCTURE + DISCOUNT","NORMAL DOWNTREND","67.4","TRUE","FALSE","FALSE","LAGGING","LAGGARD (Passive)","0.45","0.45","DRY / QUIET","20","80","36.51","15.89","15.93","24.24","334.39","358.61","449.09","461000","1030310","712","Supertrend bearish | RSI 36.5 lemah | Volume 0.45x | Lolos anti-crash ADX | RISEN NORMAL DOWNTREND","Full Grid (1-2-3-4)","100000000","555","520","510","500","0.1","0.2","0.3","0.4","180","384","588","800","1952","99946000","54000","512.02","512.02","478","670","785","785","13.87","6.64","41.44","53.31","2.99","8.02"
"TEBE","2026-05-26","2026-05-26","560","FULL","1010","-5.607476635514018","AVOID","-","passive","FALSE","","SMART SNIPER + V-SHAPE","2025-12-08","Demand Structure","169d","169","DOWNTREND","BEARISH","BEARISH","BEARISH","STRUCTURE + DISCOUNT","NORMAL DOWNTREND","51.67","TRUE","FALSE","FALSE","IMPROVING","IMPROVING (Passive)","0.69","0.69","DRY / QUIET","0","100","34.45","32.07","12.22","34.24","1155.9","1304.14","1560.88","1055500","1524385","712","Supertrend bearish | RSI 34.5 lemah | Volume 0.69x | Crash filter aktif | RISEN NORMAL DOWNTREND","Full Grid (1-2-3-4)","100000000","2500","2230","2170","2080","0.1","0.2","0.3","0.4","40","89","138","192","459","99729000","271000","2172.75","2172.77","1925","3360","4230","4230","23","11.4","69.2","94.68","3.01","8.3"
"CMNP","2026-05-26","2026-05-26","560","FULL","1405","-1.7482517482517483","AVOID","-","passive","FALSE","","G ACC","2025-12-30","","147d","147","DOWNTREND","BEARISH","BEARISH","BEARISH","STRUCTURE + DISCOUNT","SIDEWAYS","54.06","TRUE","FALSE","FALSE","WEAKENING","WEAKENING (Passive)","0.09","0.09","DRY / QUIET","11.11","88.89","39.31","18.21","19.98","20.6","1480.61","1481.88","1466.54","87200","924890","706","Supertrend bearish | RSI 39.3 lemah | Volume 0.09x | Lolos anti-crash ADX | RISEN SIDEWAYS","Full Grid (1-2-3-4)","100000000","1765","1535","1480","1400","0.1","0.2","0.3","0.4","56","130","202","285","673","99635000","365000","1480.46","1480.68","1285","2490","3500","3500","27.2","13.2","98.3","136.41","3.61","10.33"
"GLVA","2026-05-26","2026-05-26","560","FULL","344","4.242424242424243","AVOID","-","passive","FALSE","","SMART GAMMA","2025-11-10","","197d","197","DOWNTREND","BULLISH","BEARISH","BEARISH","STRUCTURE + DISCOUNT","SIDEWAYS","82.32","TRUE","FALSE","FALSE","LEADING","LEADING (Passive)","0.12","0.12","DRY / QUIET","100","0","51.93","17.4","13.58","16.26","340.06","344.83","356.78","5200","42690","706","Supertrend bearish | RSI 51.9 > 50 | Volume 0.12x | Lolos anti-crash ADX | RISEN SIDEWAYS","Full Grid (1-2-3-4)","100000000","462","388","370","344","0.1","0.2","0.3","0.4","216","515","810","1162","2703","99904000","96000","369.6","369.62","308","695","925","925","33.33","16.67","100.22","150.27","3.01","9.02"
"BACA","2026-05-26","2026-05-26","560","FULL","122","-3.1746031746031744","AVOID","-","passive","FALSE","","SMART GAMMA","2025-12-29","","148d","148","DOWNTREND","BEARISH","BEARISH","BEARISH","STRUCTURE + DISCOUNT","NORMAL DOWNTREND","18.54","TRUE","FALSE","FALSE","WEAKENING","WEAKENING (Passive)","0.73","0.73","DRY / QUIET","16.67","83.33","32.03","21.26","13.24","23.18","131.25","138.07","146.74","1267100","1745310","704","Supertrend bearish | RSI 32.0 lemah | Volume 0.73x | Lolos anti-crash ADX | RISEN NORMAL DOWNTREND","Full Grid (1-2-3-4)","100000000","252","195","181","162","0.1","0.2","0.3","0.4","396","1025","1657","2469","5547","99956200","43800","180.2","180.21","134","430","605","605","46.83","25.64","140.08","235.74","2.99","9.2"
"BPTR","2026-05-26","2026-05-26","560","FULL","73","1.3888888888888888","AVOID","-","passive","FALSE","","V-SHAPE","2025-12-29","","148d","148","DOWNTREND","BEARISH","BEARISH","BEARISH","DOWNTREND DISCOUNT","NORMAL DOWNTREND","25","TRUE","FALSE","FALSE","LAGGING","LAGGARD (Passive)","0.11","0.11","DRY / QUIET","60","40","40.74","33.15","29.67","20.68","80.68","82.64","86.16","1840500","16249990","704","Supertrend bearish | RSI 40.7 lemah | Volume 0.11x | Lolos anti-crash ADX | RISEN NORMAL DOWNTREND","Full Grid (1-2-3-4)","100000000","91","88","87","86","0.1","0.2","0.3","0.4","1098","2272","3448","4651","11469","99981600","18400","87.18","87.18","84","102","112","112","7.69","3.64","23.08","28.48","3","7.82"
"COCO","2026-05-26","2026-05-26","560","FULL","236","-6.349206349206349","AVOID","-","passive","FALSE","","EARLY SWEEP","2025-12-29","","148d","148","DOWNTREND","BEARISH","BEARISH","BEARISH","STRUCTURE + DISCOUNT","NORMAL DOWNTREND","25","TRUE","FALSE","FALSE","LAGGING","LAGGARD (Passive)","0.16","0.16","DRY / QUIET","9.09","90.91","35.54","20.16","18.43","28.14","306.17","330.86","328.82","13047100","80643885","704","Supertrend bearish | RSI 35.5 lemah | Volume 0.16x | Lolos anti-crash ADX | RISEN NORMAL DOWNTREND","Full Grid (1-2-3-4)","100000000","444","328","300","260","0.1","0.2","0.3","0.4","225","609","1000","1538","3372","99953200","46800","296.42","296.43","194","820","1195","1195","56.31","34.55","169.14","303.14","3","8.77"
"GZCO","2026-05-26","2026-05-26","560","FULL","148","-3.2679738562091507","AVOID","-","passive","FALSE","","EARLY SWEEP","2025-12-29","","148d","148","DOWNTREND","BEARISH","BEARISH","BEARISH","STRUCTURE + DISCOUNT","NORMAL DOWNTREND","25","TRUE","FALSE","FALSE","LAGGING","LAGGARD (Passive)","0.53","0.53","DRY / QUIET","0","100","30.71","34.57","11.08","31.54","184.82","200.04","204.92","15141200","28415385","704","Supertrend bearish | RSI 30.7 lemah | Volume 0.53x | Crash filter aktif | RISEN NORMAL DOWNTREND","Full Grid (1-2-3-4)","100000000","394","238","202","149","0.1","0.2","0.3","0.4","253","840","1485","2684","5262","99948800","51200","189.94","189.97","75","875","1350","1350","80.96","60.51","242.64","610.73","3","10.09"
"AVIA","2026-05-26","2026-05-26","560","FULL","344","1.1764705882352942","AVOID","-","passive","FALSE","","BETA BREAKOUT","2025-11-05","","202d","202","DOWNTREND","BEARISH","BEARISH","BEARISH","STRUCTURE + DISCOUNT","NORMAL DOWNTREND","36.3","TRUE","FALSE","FALSE","LEADING","LEADING (Passive)","0.5","0.5","DRY / QUIET","75","25","33.93","33.08","12.78","29.86","362.53","382.35","419.99","9047900","18107350","696","Supertrend bearish | RSI 33.9 lemah | Volume 0.5x | Crash filter aktif | RISEN NORMAL DOWNTREND","Full Grid (1-2-3-4)","100000000","458","436","430","424","0.1","0.2","0.3","0.4","218","458","697","943","2316","99907400","92600","431.38","431.38","412","525","595","595","10.04","4.49","29.91","37.93","2.98","8.44"
"PLAN","2026-05-26","2026-05-26","560","FULL","44","7.317073170731707","AVOID","-","passive","FALSE","","EARLY SWEEP","2025-12-24","","153d","153","DOWNTREND","BEARISH","BEARISH","BEARISH","STRUCTURE + DISCOUNT","SIDEWAYS","36.06","TRUE","FALSE","FALSE","LAGGING","LAGGARD (Passive)","1.35","1.35","EXPANSION","75","25","44.65","13.83","25.4","25.25","46.63","50.51","51.72","7385000","5457035","694","Supertrend bearish | RSI 44.6 lemah | Volume valid 1.35x | Lolos anti-crash ADX | RISEN SIDEWAYS","Full Grid (1-2-3-4)","100000000","53","49","47","46","0.1","0.2","0.3","0.4","1886","4081","6382","8695","21044","99985100","14900","47.51","47.51","43","68","83","83","18.87","9.5","56.6","74.69","3","7.86"
"ASDM","2026-05-26","2026-05-26","560","FULL","505","0","AVOID","-","passive","FALSE","","SMART GAMMA","2025-11-03","","204d","204","DOWNTREND","BEARISH","BEARISH","BEARISH","STRUCTURE + DISCOUNT","NORMAL DOWNTREND","45.19","TRUE","FALSE","FALSE","LEADING","LEADING (Passive)","0.07","0.07","DRY / QUIET","0","100","32.18","45.52","13.2","25.38","532.26","569.05","582.26","6500","93995","692","Supertrend bearish | RSI 32.2 lemah | Volume 0.07x | Crash filter aktif | RISEN NORMAL DOWNTREND","Full Grid (1-2-3-4)","100000000","600","555","545","530","0.1","0.2","0.3","0.4","166","360","550","754","1830","99877000","123000","545.78","545.79","505","745","885","885","15.83","7.47","47.5","62.15","3","8.32"
"BSML","2026-05-26","2026-05-26","560","FULL","402","-1.4705882352941175","HOLD","-","passive","FALSE","","V-SHAPE","2025-12-22","","155d","155","UPTREND","BEARISH","BULLISH","BULLISH","UPTREND PREMIUM","NORMAL UPTREND","62.58","TRUE","TRUE","FALSE","WEAKENING","WEAKENING (Passive)","0.71","0.71","DRY / QUIET","0","100","50.32","30.04","23.89","17.98","406.28","380.13","271.5","11752400","16546950","690","Supertrend bullish | RSI 50.3 > 50 | Volume 0.71x | Lolos anti-crash ADX | RISEN NORMAL UPTREND","Full Grid (1-2-3-4)","100000000","254","230","224","214","0.1","0.2","0.3","0.4","393","869","1339","1869","4470","99959400","40600","223.62","223.63","202","332","410","410","20.47","9.67","61.42","83.34","3","8.62"
"MMIX","2026-05-26","2026-05-26","560","FULL","386","3.2085561497326207","HOLD","-","passive","FALSE","","EARLY SWEEP","2025-12-19","","158d","158","UPTREND","BULLISH","BULLISH","BULLISH","UPTREND PREMIUM","NORMAL UPTREND","32.53","TRUE","TRUE","FALSE","LAGGING","LAGGARD (Passive)","1.2","1.2","EXPANSION","87.5","12.5","68.34","54.21","31.47","13.15","343.95","302","254.02","5460600","4540420","684","Supertrend bullish | RSI 68.3 > 50 | Volume valid 1.2x | Lolos anti-crash ADX | RISEN NORMAL UPTREND","Full Grid (1-2-3-4)","100000000","244","232","230","226","0.1","0.2","0.3","0.4","409","862","1304","1769","4344","99949400","50600","230.09","230.09","216","286","288","288","11.48","6.12","18.03","25.17","1.57","4.11"
"UNTR","2026-05-26","2026-05-26","560","FULL","23800","-3.1536113936927768","AVOID","-","passive","FALSE","","BETA BREAKOUT","2025-12-19","","158d","158","DOWNTREND","BEARISH","BEARISH","BEARISH","STRUCTURE + DISCOUNT","NORMAL DOWNTREND","15.31","TRUE","FALSE","FALSE","LAGGING","LAGGARD (Passive)","1.38","1.38","EXPANSION","17.07","82.93","23.39","39.69","12.27","41.03","27036.6","28493.23","27862.3","5015300","3628610","684","Supertrend bearish | RSI 23.4 lemah | Volume valid 1.38x | Crash filter aktif | RISEN NORMAL DOWNTREND","Full Grid (1-2-3-4)","100000000","29800","28825","28600","28275","0.1","0.2","0.3","0.4","3","6","10","14","33","94420000","5580000","28612.12","28628.35","27700","32950","36250","36250","7.05","3.19","21.64","26.69","3.07","8.37"
"WINS","2026-05-26","2026-05-26","560","FULL","500","-4.761904761904762","AVOID","-","passive","FALSE","","G ACC","2025-12-18","","159d","159","DOWNTREND","BEARISH","BEARISH","BULLISH","DEMAND STRUCTURE","SIDEWAYS","69.49","TRUE","FALSE","FALSE","WEAKENING","WEAKENING (Passive)","0.64","0.64","DRY / QUIET","6.25","93.75","39.69","19.17","18.09","21.31","529.64","526.49","486.36","1745600","2739590","682","Supertrend bearish | RSI 39.7 lemah | Volume 0.64x | Lolos anti-crash ADX | RISEN SIDEWAYS","Full Grid (1-2-3-4)","100000000","515","462","448","430","0.1","0.2","0.3","0.4","194","432","669","930","2225","99910600","89400","449.04","449.04","404","680","850","850","21.55","10.03","65.05","89.29","3.02","8.9"
"AGRO","2026-05-26","2026-05-26","560","FULL","164","-1.7964071856287425","AVOID","-","passive","FALSE","","SMART GAMMA","2025-12-15","","162d","162","DOWNTREND","BEARISH","BEARISH","BEARISH","STRUCTURE + DISCOUNT","NORMAL DOWNTREND","25","TRUE","FALSE","FALSE","LAGGING","LAGGARD (Passive)","0.53","0.53","DRY / QUIET","25","75","39.56","24.13","20.71","25.91","175.08","184.01","207.84","6074000","11372830","676","Supertrend bearish | RSI 39.6 lemah | Volume 0.53x | Lolos anti-crash ADX | RISEN NORMAL DOWNTREND","Full Grid (1-2-3-4)","100000000","248","228","224","216","0.1","0.2","0.3","0.4","403","877","1339","1851","4470","99965200","34800","223.64","223.64","206","312","374","374","16.94","7.89","50.81","67.24","3","8.53"
"MINE","2026-05-26","2026-05-26","283","FULL","260","-2.9850746268656714","AVOID","-","passive","FALSE","","EARLY SWEEP","2025-12-15","","162d","162","DOWNTREND","BEARISH","BEARISH","BEARISH","STRUCTURE + DISCOUNT","NORMAL DOWNTREND","20.26","TRUE","FALSE","FALSE","LAGGING","LAGGARD (Passive)","1.55","1.55","EXPANSION","50","50","25.34","25.82","13.38","30.78","305.67","341.15","412.61","1138900","736040","676","Supertrend bearish | RSI 25.3 lemah | Volume valid 1.55x | Lolos anti-crash ADX | RISEN NORMAL DOWNTREND","Full Grid (1-2-3-4)","100000000","484","480","478","476","0.1","0.2","0.3","0.4","206","416","627","840","2089","99893000","107000","478.19","478.19","472","530","535","535","2.48","1.29","10.54","11.88","4.25","9.18"
"SGRO","2026-05-26","2026-05-26","560","FULL","2920","2.097902097902098","AVOID","-","passive","FALSE","","SMART GAMMA","2025-11-19","","188d","188","DOWNTREND","BEARISH","BEARISH","BEARISH","STRUCTURE + DISCOUNT","NORMAL DOWNTREND","62.49","TRUE","FALSE","FALSE","IMPROVING","IMPROVING (Passive)","0.47","0.47","DRY / QUIET","63.64","36.36","23.68","53.78","11.07","41.95","3713.94","4655.85","5192.32","91000","192170","674","Supertrend bearish | RSI 23.7 lemah | Volume 0.47x | Crash filter aktif | RISEN NORMAL DOWNTREND","Full Grid (1-2-3-4)","100000000","7225","5900","5600","5150","0.1","0.2","0.3","0.4","13","33","53","77","176","98197500","1802500","5579.4","5587.2","4510","11300","15375","15375","37.58","19.17","112.8","175.57","3","9.16"
"LPGI","2026-05-26","2026-05-26","560","FULL","700","0.7194244604316548","HOLD","-","passive","FALSE","","SMART GAMMA","2025-10-22","","216d","216","UPTREND","BULLISH","BULLISH","BULLISH","DEMAND STRUCTURE","SIDEWAYS","56.41","TRUE","FALSE","FALSE","LEADING","LEADING (Passive)","0.04","0.04","DRY / QUIET","75","25","52.89","21.8","13.3","13.79","695.17","683.58","684.17","4000","100075","668","Supertrend bullish | RSI 52.9 > 50 | Volume 0.04x | Lolos anti-crash ADX | RISEN SIDEWAYS","Full Grid (1-2-3-4)","100000000","770","595","555","496","0.1","0.2","0.3","0.4","129","336","540","806","1811","99872600","127400","551.48","551.57","406","3500","3550","3550","47.27","26.38","361.04","543.73","7.64","20.61"
"EMTK","2026-05-26","2026-05-26","560","FULL","655","0.7692307692307693","AVOID","-","passive","FALSE","","G ACC","2025-12-10","","167d","167","DOWNTREND","BEARISH","BEARISH","BEARISH","STRUCTURE + DISCOUNT","NORMAL DOWNTREND","44.01","TRUE","FALSE","FALSE","LAGGING","LAGGARD (Passive)","0.6","0.6","DRY / QUIET","40","60","27.01","28.7","14.45","35.11","742.23","804.51","903.15","17431200","29198010","666","Supertrend bearish | RSI 27.0 lemah | Volume 0.6x | Lolos anti-crash ADX | RISEN NORMAL DOWNTREND","Full Grid (1-2-3-4)","100000000","1420","1290","1255","1210","0.1","0.2","0.3","0.4","70","155","239","330","794","99859500","140500","1257.68","1257.73","1140","1840","2260","2260","19.72","9.36","59.15","79.7","3","8.52"
"IMPC","2026-05-26","2026-05-26","560","FULL","1760","-3.0303030303030303","AVOID","-","passive","FALSE","","G ACC","2025-12-05","","172d","172","DOWNTREND","BEARISH","BEARISH","BEARISH","STRUCTURE + DISCOUNT","NORMAL DOWNTREND","38.02","TRUE","FALSE","FALSE","LAGGING","LAGGARD (Passive)","0.39","0.39","DRY / QUIET","4","96","34.48","21.58","16.91","23.04","2007.89","2151.94","2091.41","10341500","26655850","656","Supertrend bearish | RSI 34.5 lemah | Volume 0.39x | Lolos anti-crash ADX | RISEN NORMAL DOWNTREND","Full Grid (1-2-3-4)","100000000","3790","2040","1625","1040","0.1","0.2","0.3","0.4","26","98","184","384","692","99682000","318000","1440.49","1441.64","244","9100","14425","14425","93.56","83.06","280.61","901.39","3","10.85"
"BANK","2026-05-26","2026-05-26","560","FULL","278","-2.112676056338028","AVOID","-","passive","FALSE","","SMART GAMMA","2025-12-04","","173d","173","DOWNTREND","BEARISH","BEARISH","BEARISH","STRUCTURE + DISCOUNT","NORMAL DOWNTREND","17.5","TRUE","FALSE","FALSE","LAGGING","LAGGARD (Passive)","0.6","0.6","DRY / QUIET","46.15","53.85","23.65","34.24","11.93","41.17","444.64","513.2","686.8","8802800","14555160","654","Supertrend bearish | RSI 23.6 lemah | Volume 0.6x | Crash filter aktif | RISEN NORMAL DOWNTREND","Full Grid (1-2-3-4)","100000000","970","895","875","850","0.1","0.2","0.3","0.4","103","223","342","470","1138","99824500","175500","877.19","877.19","815","1205","1435","1435","15.98","7.09","47.94","63.59","3","8.97"
"BSBK","2026-05-26","2026-05-26","560","FULL","52","-1.8867924528301887","AVOID","-","passive","FALSE","","BETA BREAKOUT + V-SHAPE","2025-12-04","","173d","173","DOWNTREND","BEARISH","BEARISH","BEARISH","STRUCTURE + DISCOUNT","NORMAL DOWNTREND","72.32","TRUE","FALSE","FALSE","LAGGING","LAGGARD (Passive)","0.25","0.25","DRY / QUIET","0","100","32.47","20.27","14.79","20.76","56.51","59.24","63.27","6929700","27809170","654","Supertrend bearish | RSI 32.5 lemah | Volume 0.25x | Lolos anti-crash ADX | RISEN NORMAL DOWNTREND","Full Grid (1-2-3-4)","100000000","87","76","73","69","0.1","0.2","0.3","0.4","1149","2631","4109","5797","13686","99986900","13100","73.06","73.06","63","123","159","159","27.59","13.77","82.76","117.64","3","8.54"
"MANG","2026-05-26","2026-05-26","553","FULL","47","-6","AVOID","-","passive","FALSE","","SMART GAMMA","2025-12-03","","174d","174","DOWNTREND","BEARISH","BEARISH","BEARISH","STRUCTURE + DISCOUNT","SIDEWAYS","46.09","TRUE","TRUE","FALSE","LAGGING","LAGGARD (Passive)","1.04","1.04","NORMAL","12.5","87.5","45.84","23.17","25.16","17.91","49.36","50.51","56.08","10753700","10383065","652","Supertrend bearish | RSI 45.8 lemah | Volume 1.04x | Lolos anti-crash ADX | RISEN SIDEWAYS","Full Grid (1-2-3-4)","100000000","79","65","61","56","0.1","0.2","0.3","0.4","1265","3076","4918","7142","16401","99982500","17500","60.96","60.96","49","124","169","169","37.97","19.62","113.92","177.23","3","9.03"
"LUCY","2026-05-26","2026-05-26","560","FULL","1025","-5.092592592592593","AVOID","-","passive","FALSE","","G ACC","2025-12-01","","176d","176","DOWNTREND","BEARISH","BEARISH","BULLISH","DEMAND STRUCTURE","NORMAL UPTREND","21.35","TRUE","TRUE","FALSE","LAGGING","LAGGARD (Passive)","0.13","0.13","DRY / QUIET","31.58","68.42","33.66","21.51","20.1","37.79","1350.48","1411.75","925.06","56500","436400","648","Supertrend bearish | RSI 33.7 lemah | Volume 0.13x | Lolos anti-crash ADX | RISEN NORMAL UPTREND","Full Grid (1-2-3-4)","100000000","194","145","133","117","0.1","0.2","0.3","0.4","515","1379","2255","3418","7567","99968600","31400","132.11","132.11","94","344","494","494","51.55","28.85","154.64","273.93","3","9.5"
"JKON","2026-05-26","2026-05-26","560","FULL","71","0","AVOID","-","passive","FALSE","","V-SHAPE","2025-11-28","","179d","179","DOWNTREND","BEARISH","BEARISH","BEARISH","STRUCTURE + DISCOUNT","SIDEWAYS","45.92","TRUE","FALSE","FALSE","LAGGING","LAGGARD (Passive)","0.13","0.13","DRY / QUIET","50","50","36.41","27.28","15.26","11.84","73.84","75.25","79.92","2658900","19874075","642","Supertrend bearish | RSI 36.4 lemah | Volume 0.13x | Lolos anti-crash ADX | RISEN SIDEWAYS","Full Grid (1-2-3-4)","100000000","87","84","83","82","0.1","0.2","0.3","0.4","1149","2380","3614","4878","12021","99984100","15900","83.17","83.17","80","98","108","108","8.05","3.82","24.14","29.85","3","7.82"
"CHIP","2026-05-26","2026-05-26","560","FULL","975","0","AVOID","-","passive","FALSE","","SMART GAMMA","2025-10-08","","230d","230","DOWNTREND","BEARISH","BEARISH","BEARISH","STRUCTURE + DISCOUNT","NORMAL DOWNTREND","70.1","TRUE","FALSE","FALSE","LEADING","LEADING (Passive)","0.94","0.94","NORMAL","75","25","24.09","71.01","4.39","30.89","1011.79","1067.61","1237.47","106700","113140","640","Supertrend bearish | RSI 24.1 lemah | Volume 0.94x | Crash filter aktif | RISEN NORMAL DOWNTREND","Full Grid (1-2-3-4)","100000000","1595","1475","1445","1405","0.1","0.2","0.3","0.4","62","135","207","284","688","99615000","385000","1447.89","1448.02","1345","1970","2210","2210","15.67","7.11","38.56","52.64","2.46","7.41"
"MENN","2026-05-26","2026-05-26","560","FULL","53","0","AVOID","-","passive","FALSE","","V-SHAPE","2025-10-08","","230d","230","DOWNTREND","NEUTRAL","NEUTRAL","BULLISH","STRUCTURE + DISCOUNT","NORMAL UPTREND","0","FALSE","TRUE","FALSE","LEADING","LEADING (Passive)","0","0","NO VOLUME","50","50","46.21","23.53","21.84","13.52","53","53.01","51.12","0","0","640","Supertrend bearish | RSI 46.2 lemah | Volume NaNx | Lolos anti-crash ADX | RISEN NORMAL UPTREND","Full Grid (1-2-3-4)","100000000","55","50","49","47","0.1","0.2","0.3","0.4","1818","4000","6122","8510","20450","99993800","6200","48.9","48.9","44","72","88","88","20","10.01","60","79.97","3","7.99"
"AMAR","2026-05-26","2026-05-26","560","FULL","196","0.5128205128205128","AVOID","-","passive","FALSE","","BETA BREAKOUT","2025-10-07","","231d","231","DOWNTREND","NEUTRAL","BEARISH","BEARISH","STRUCTURE + DISCOUNT","SIDEWAYS","64.59","TRUE","FALSE","FALSE","LEADING","LEADING (Passive)","0.2","0.2","DRY / QUIET","33.33","66.67","48.15","15.62","18.04","24.52","196.37","199.41","206.54","125300","616885","638","Supertrend bearish | RSI 48.1 lemah | Volume 0.2x | Lolos anti-crash ADX | RISEN SIDEWAYS","Full Grid (1-2-3-4)","100000000","230","214","210","204","0.1","0.2","0.3","0.4","434","934","1428","1960","4756","99941600","58400","210.14","210.14","195","282","336","336","15.22","7.2","46.09","59.89","3.03","8.31"
"YUPI","2026-05-26","2026-05-26","272","FULL","1430","0.3508771929824561","AVOID","-","passive","FALSE","","V-SHAPE","2025-11-26","","181d","181","DOWNTREND","BEARISH","BEARISH","BEARISH","STRUCTURE + DISCOUNT","NORMAL DOWNTREND","35.09","TRUE","FALSE","FALSE","WEAKENING","WEAKENING (Passive)","0.56","0.56","DRY / QUIET","100","0","35.08","30.87","9.77","26.39","1493.05","1516.37","1650.72","12700","22810","638","Supertrend bearish | RSI 35.1 lemah | Volume 0.56x | Crash filter aktif | RISEN NORMAL DOWNTREND","Full Grid (1-2-3-4)","100000000","1675","1645","1640","1630","0.1","0.2","0.3","0.4","59","121","182","245","607","99570000","430000","1640.36","1640.4","1605","1790","1985","1985","4.18","2.16","18.51","21.01","4.43","9.75"
"MPRO","2026-05-26","2026-05-26","560","FULL","9000","0","AVOID","-","passive","FALSE","","BETA BREAKOUT","2025-11-25","","182d","182","DOWNTREND","BEARISH","BEARISH","BULLISH","DEMAND STRUCTURE","SIDEWAYS","89.85","TRUE","FALSE","FALSE","LAGGING","LAGGARD (Passive)","0","0","NO VOLUME","50","50","7.2","84.34","3.51","93.32","9205.86","9532.12","8301.42","0","50","636","Supertrend bearish | RSI 7.2 lemah | Volume 0x | Crash filter aktif | RISEN SIDEWAYS","Full Grid (1-2-3-4)","100000000","9650","5875","4990","3720","0.1","0.2","0.3","0.4","10","34","60","107","211","99369000","631000","4709.43","4715.82","1965","21175","32700","32700","79.64","58.28","238.86","594.35","3","10.2"
"MTPS","2026-05-26","2026-05-26","560","FULL","81","0","HOLD","-","passive","FALSE","","SMART GAMMA","2025-10-06","","232d","232","UPTREND","NEUTRAL","NEUTRAL","BULLISH","UPTREND PREMIUM","SIDEWAYS","0","FALSE","FALSE","FALSE","LEADING","LEADING (Passive)","0","0","NO VOLUME","50","50","62.02","33.1","46.47","23.36","81","80.88","69.28","0","0","636","Supertrend bullish | RSI 62.0 > 50 | Volume NaNx | Lolos anti-crash ADX | RISEN SIDEWAYS","Full Grid (1-2-3-4)","100000000","55","48","46","43","0.1","0.2","0.3","0.4","1818","4166","6521","9302","21807","99991000","9000","45.85","45.85","39","79","103","103","29.09","14.95","87.27","124.63","3","8.34"
"SLIS","2026-05-26","2026-05-26","560","FULL","75","2.73972602739726","AVOID","-","passive","FALSE","","V-SHAPE","2025-11-20","","187d","187","DOWNTREND","BEARISH","BEARISH","BEARISH","STRUCTURE + DISCOUNT","NORMAL DOWNTREND","33.46","TRUE","FALSE","FALSE","LAGGING","LAGGARD (Passive)","0.23","0.23","DRY / QUIET","50","50","40.72","18.04","22.85","23.44","80.61","83.94","81.77","7795800","34573235","626","Supertrend bearish | RSI 40.7 lemah | Volume 0.23x | Lolos anti-crash ADX | RISEN NORMAL DOWNTREND","Full Grid (1-2-3-4)","100000000","83","76","74","71","0.1","0.2","0.3","0.4","1204","2631","4054","5633","13522","99982700","17300","73.94","73.94","67","107","131","131","19.28","9.39","57.83","77.17","3","8.22"
"BIMA","2026-05-26","2026-05-26","560","FULL","82","0","HOLD","-","passive","FALSE","","BETA BREAKOUT","2025-09-29","","239d","239","UPTREND","NEUTRAL","NEUTRAL","BULLISH","UPTREND PREMIUM","SIDEWAYS","0","FALSE","FALSE","FALSE","LEADING","LEADING (Passive)","0","0","NO VOLUME","50","50","60.95","12.02","28.25","35.97","82","81.93","78.02","0","0","622","Supertrend bullish | RSI 61.0 > 50 | Volume NaNx | Lolos anti-crash ADX | RISEN SIDEWAYS","Full Grid (1-2-3-4)","100000000","87","64","58","50","0.1","0.2","0.3","0.4","1149","3125","5172","8000","17446","99993900","6100","57.32","57.32","39","159","232","232","55.17","31.96","166.67","304.77","3.02","9.54"
"CCSI","2026-05-26","2026-05-26","560","FULL","252","-2.3255813953488373","HOLD","-","passive","FALSE","","V-SHAPE","2025-11-14","","193d","193","UPTREND","BEARISH","BEARISH","BEARISH","STRUCTURE + DISCOUNT","NORMAL DOWNTREND","25","TRUE","FALSE","FALSE","WEAKENING","WEAKENING (Passive)","0.25","0.25","DRY / QUIET","15.38","84.62","45.23","31.18","30.86","11.76","262.94","268.46","306.07","352300","1430860","614","Supertrend bullish | RSI 45.2 lemah | Volume 0.25x | Lolos anti-crash ADX | RISEN NORMAL DOWNTREND","Full Grid (1-2-3-4)","100000000","350","346","344","342","0.1","0.2","0.3","0.4","285","578","872","1169","2904","99950400","49600","344.18","344.18","336","372","410","410","4","2.38","17.14","19.12","4.29","8.04"
"JECC","2026-05-26","2026-05-26","560","FULL","575","-6.504065040650407","AVOID","-","passive","FALSE","","BETA BREAKOUT + V-SHAPE","2025-11-13","","194d","194","DOWNTREND","BEARISH","BEARISH","BEARISH","DOWNTREND DISCOUNT","NORMAL DOWNTREND","0","FALSE","FALSE","FALSE","LAGGING","LAGGARD (Passive)","0.98","0.98","NORMAL","33.33","66.67","12.46","32.27","13.43","61.88","801.35","882.5","988.08","38200","39130","612","Supertrend bearish | RSI 12.5 lemah | Volume 0.98x | Crash filter aktif | RISEN NORMAL DOWNTREND","Full Grid (1-2-3-4)","100000000","1375","1230","1195","1145","0.1","0.2","0.3","0.4","72","162","251","349","834","99781000","219000","1196.41","1196.57","1060","1850","2320","2320","22.91","11.4","68.73","93.91","3","8.24"
"MARI","2026-05-26","2026-05-26","560","FULL","29","7.4074074074074066","HOLD","-","passive","FALSE","","SMART GAMMA","2025-09-22","","246d","246","UPTREND","BULLISH","BEARISH","BEARISH","UPTREND DISCOUNT","SIDEWAYS","25","TRUE","FALSE","FALSE","LEADING","LEADING (Passive)","0.33","0.33","DRY / QUIET","100","0","52.26","23.78","28.52","38.83","28.22","29.57","33.65","916100","2804975","608","Supertrend bullish | RSI 52.3 > 50 | Volume 0.33x | Lolos anti-crash ADX | RISEN SIDEWAYS","Full Grid (1-2-3-4)","100000000","48","36","33","29","0.1","0.2","0.3","0.4","2083","5555","9090","13793","30521","99993100","6900","32.76","32.76","24","84","120","120","50","26.74","150","266.28","3","9.96"
"GLOB","2026-05-26","2026-05-26","560","FULL","155","0","HOLD","-","passive","FALSE","","SMART SNIPER","2025-09-15","Structure + Discount","253d","253","UPTREND","NEUTRAL","NEUTRAL","BULLISH","UPTREND PREMIUM","NORMAL UPTREND","0","FALSE","TRUE","FALSE","LEADING","LEADING (Passive)","0","0","NO VOLUME","50","50","77.8","43.39","61.93","24.45","155","154.73","134.27","0","0","594","Supertrend bullish | RSI 77.8 > 50 | Volume NaNx | Lolos anti-crash ADX | RISEN NORMAL UPTREND","Full Grid (1-2-3-4)","100000000","57","54","53","52","0.1","0.2","0.3","0.4","1754","3703","5660","7692","18809","99990400","9600","53.16","53.16","51","66","104","104","10.53","4.06","82.46","95.63","7.83","23.53"
"ITIC","2026-05-26","2026-05-26","560","FULL","216","-2.7027027027027026","AVOID","-","passive","FALSE","","BETA BREAKOUT","2025-10-30","","208d","208","DOWNTREND","BEARISH","BEARISH","BEARISH","DOWNTREND DISCOUNT","NORMAL DOWNTREND","0","FALSE","FALSE","FALSE","LAGGING","LAGGARD (Passive)","0.27","0.27","DRY / QUIET","28.57","71.43","30.72","17.85","18.53","19.04","242.92","262.3","300.41","370600","1378000","584","Supertrend bearish | RSI 30.7 lemah | Volume 0.27x | Lolos anti-crash ADX | RISEN NORMAL DOWNTREND","Full Grid (1-2-3-4)","100000000","474","404","386","362","0.1","0.2","0.3","0.4","210","495","777","1104","2586","99909000","91000","386.35","386.37","324","700","925","925","31.65","16.14","95.15","139.42","3.01","8.64"
"DPNS","2026-05-26","2026-05-26","560","FULL","310","0","AVOID","-","passive","FALSE","","BETA BREAKOUT","2025-09-09","","259d","259","DOWNTREND","NEUTRAL","NEUTRAL","BULLISH","DOWNTREND PREMIUM","SIDEWAYS","0","FALSE","FALSE","FALSE","LEADING","LEADING (Passive)","0","0","NO VOLUME","50","50","54.26","31.12","24.39","12.81","310","309.92","302.17","0","0","582","Supertrend bearish | RSI 54.3 > 50 | Volume NaNx | Lolos anti-crash ADX | RISEN SIDEWAYS","Full Grid (1-2-3-4)","100000000","302","270","262","252","0.1","0.2","0.3","0.4","331","740","1145","1587","3803","99967600","32400","262.87","262.87","234","404","505","505","22.52","10.98","67.22","92.11","2.99","8.39"
"MTFN","2026-05-26","2026-05-26","560","FULL","16","6.666666666666667","AVOID","-","passive","FALSE","","SMART GAMMA","2025-09-29","","239d","239","DOWNTREND","BEARISH","BEARISH","BEARISH","STRUCTURE + DISCOUNT","NORMAL DOWNTREND","64.48","TRUE","FALSE","FALSE","IMPROVING","IMPROVING (Passive)","0.19","0.19","DRY / QUIET","50","50","34","35.75","18.47","49.93","19.18","21.86","20.63","12599600","65240845","572","Supertrend bearish | RSI 34.0 lemah | Volume 0.19x | Crash filter aktif | RISEN NORMAL DOWNTREND","Full Grid (1-2-3-4)","100000000","24","18","17","15","0.1","0.2","0.3","0.4","4166","11111","17647","26666","59590","99997100","2900","16.78","16.78","12","42","60","60","50","28.49","150","257.55","3","9.04"
"SPTO","2026-05-26","2026-05-26","560","FULL","555","0","AVOID","-","passive","FALSE","","BETA BREAKOUT","2025-08-25","","274d","274","DOWNTREND","BEARISH","BEARISH","BEARISH","STRUCTURE + DISCOUNT","NORMAL DOWNTREND","25","TRUE","FALSE","FALSE","LEADING","LEADING (Passive)","0.5","0.5","DRY / QUIET","100","0","17.77","65.1","1.98","44.02","588.8","614.91","638.33","1071400","2154105","552","Supertrend bearish | RSI 17.8 lemah | Volume 0.5x | Crash filter aktif | RISEN NORMAL DOWNTREND","Full Grid (1-2-3-4)","100000000","685","660","655","645","0.1","0.2","0.3","0.4","145","303","458","620","1526","99919500","80500","654.78","654.8","630","770","850","850","8.03","3.78","24.09","29.81","3","7.88"
"PPRI","2026-05-26","2026-05-26","560","FULL","150","2.73972602739726","AVOID","-","passive","FALSE","","SMART GAMMA","2025-10-10","","228d","228","DOWNTREND","BEARISH","BEARISH","BEARISH","STRUCTURE + DISCOUNT","SIDEWAYS","58.9","TRUE","FALSE","FALSE","LAGGING","LAGGARD (Passive)","0.21","0.21","DRY / QUIET","54.55","45.45","35.07","18.63","15.62","25.9","169.39","191.5","240.77","487700","2323740","544","Supertrend bearish | RSI 35.1 lemah | Volume 0.21x | Lolos anti-crash ADX | RISEN SIDEWAYS","Full Grid (1-2-3-4)","100000000","510","320","276","212","0.1","0.2","0.3","0.4","196","625","1086","1886","3793","99952800","47200","263.52","263.52","121","1095","1675","1675","76.27","54.08","228.43","535.63","2.99","9.9"
"MCAS","2026-05-26","2026-05-26","560","FULL","260","-1.5151515151515151","AVOID","-","passive","FALSE","","SMART SNIPER","2025-10-02","Structure + Discount","236d","236","DOWNTREND","BEARISH","BEARISH","BEARISH","STRUCTURE + DISCOUNT","NORMAL DOWNTREND","50.84","TRUE","FALSE","FALSE","LAGGING","LAGGARD (Passive)","0.44","0.44","DRY / QUIET","57.14","42.86","17.22","18.94","19.05","30.25","308.25","364.17","650","168800","381855","528","Supertrend bearish | RSI 17.2 lemah | Volume 0.44x | Lolos anti-crash ADX | RISEN NORMAL DOWNTREND","Full Grid (1-2-3-4)","100000000","990","870","840","800","0.1","0.2","0.3","0.4","101","229","357","500","1187","99910000","90000","841.7","841.72","735","1375","1755","1755","25.76","12.68","77.27","108.51","3","8.56"
"MKPI","2026-05-26","2026-05-26","560","FULL","21900","0","AVOID","-","passive","FALSE","","BETA BREAKOUT","2025-08-05","","294d","294","DOWNTREND","BEARISH","BEARISH","BEARISH","DOWNTREND DISCOUNT","NORMAL DOWNTREND","55.22","TRUE","FALSE","FALSE","LEADING","LEADING (Passive)","0.89","0.89","NORMAL","100","0","40.62","71.78","7.19","36.83","22070.46","22555.58","23647.29","37200","41600","512","Supertrend bearish | RSI 40.6 lemah | Volume 0.89x | Crash filter aktif | RISEN NORMAL DOWNTREND","Full Grid (1-2-3-4)","100000000","24500","23150","22825","22350","0.1","0.2","0.3","0.4","4","8","13","17","42","95987500","4012500","22854.17","22851.13","21625","28825","33125","33125","11.73","5.38","35.2","44.94","3","8.36"
"TRGU","2026-05-26","2026-05-26","560","FULL","176","-0.5649717514124294","AVOID","-","passive","FALSE","","BETA BREAKOUT","2025-09-24","","244d","244","DOWNTREND","BEARISH","BEARISH","BEARISH","STRUCTURE + DISCOUNT","SIDEWAYS","45.53","TRUE","FALSE","FALSE","LAGGING","LAGGARD (Passive)","0.06","0.06","DRY / QUIET","60","40","39.38","46.75","5.27","25.12","181.75","184.66","187.59","9800","162990","512","Supertrend bearish | RSI 39.4 lemah | Volume 0.06x | Crash filter aktif | RISEN SIDEWAYS","Full Grid (1-2-3-4)","100000000","188","177","174","171","0.1","0.2","0.3","0.4","531","1129","1724","2339","5723","99960600","39400","174.66","174.67","165","222","258","258","12.23","5.53","37.23","47.71","3.04","8.62"
"SURI","2026-05-26","2026-05-26","560","FULL","70","0","AVOID","-","passive","FALSE","","BETA BREAKOUT","2025-09-15","","253d","253","DOWNTREND","BEARISH","BEARISH","BEARISH","STRUCTURE + DISCOUNT","NORMAL DOWNTREND","25.57","TRUE","FALSE","FALSE","WEAKENING","WEAKENING (Passive)","0.06","0.06","DRY / QUIET","20","80","43.42","44.12","27.29","15.63","75.17","75.46","85.72","3506100","54173155","494","Supertrend bearish | RSI 43.4 lemah | Volume 0.06x | Lolos anti-crash ADX | RISEN NORMAL DOWNTREND","Full Grid (1-2-3-4)","100000000","151","124","117","108","0.1","0.2","0.3","0.4","662","1612","2564","3703","8541","99976200","23800","117.05","117.06","93","238","326","326","38.41","20.55","115.89","178.5","3.02","8.69"
"MKTR","2026-05-26","2026-05-26","560","FULL","125","0","AVOID","-","passive","FALSE","","BETA BREAKOUT","2025-09-02","","266d","266","DOWNTREND","BEARISH","BEARISH","BEARISH","STRUCTURE + DISCOUNT","SIDEWAYS","97.75","TRUE","FALSE","FALSE","LAGGING","LAGGARD (Passive)","0.75","0.75","DRY / QUIET","100","0","41.17","18.44","10.62","14.15","128.47","130.93","133.37","439500","584630","468","Supertrend bearish | RSI 41.2 lemah | Volume 0.75x | Lolos anti-crash ADX | RISEN SIDEWAYS","Full Grid (1-2-3-4)","100000000","145","117","110","101","0.1","0.2","0.3","0.4","689","1709","2727","3960","9085","99978800","21200","110.05","110.05","88","230","316","316","39.31","20.04","117.93","187.15","3","9.34"
"PTSN","2026-05-26","2026-05-26","560","FULL","270","0","AVOID","-","passive","FALSE","","G ACC","2025-09-02","","266d","266","DOWNTREND","BEARISH","BEARISH","BEARISH","STRUCTURE + DISCOUNT","NORMAL DOWNTREND","56.99","TRUE","FALSE","FALSE","LAGGING","LAGGARD (Passive)","0.32","0.32","DRY / QUIET","0","100","26.43","20.33","13.7","26.33","292.75","313.28","331","240000","741005","468","Supertrend bearish | RSI 26.4 lemah | Volume 0.32x | Lolos anti-crash ADX | RISEN NORMAL DOWNTREND","Full Grid (1-2-3-4)","100000000","442","322","292","252","0.1","0.2","0.3","0.4","226","621","1027","1587","3461","99966200","33800","288.84","288.85","193","815","1190","1190","56.33","33.18","169.23","312","3","9.4"
"WMUU","2026-05-26","2026-05-26","560","FULL","57","0","AVOID","-","passive","FALSE","","SMART GAMMA","2025-08-22","","277d","277","DOWNTREND","BEARISH","BEARISH","BULLISH","DEMAND STRUCTURE","NORMAL UPTREND","53.1","TRUE","TRUE","FALSE","LAGGING","LAGGARD (Passive)","0.35","0.35","DRY / QUIET","33.33","66.67","38.29","18.23","16.82","23.3","64.63","67.03","52.46","100461200","284000205","446","Supertrend bearish | RSI 38.3 lemah | Volume 0.35x | Lolos anti-crash ADX | RISEN NORMAL UPTREND","Full Grid (1-2-3-4)","100000000","15","12","11","9","0.1","0.2","0.3","0.4","6666","16666","27272","44444","95048","99997000","3000","10.52","10.52","8","26","36","36","46.67","23.96","140","242.18","3","10.11"
"KIAS","2026-05-26","2026-05-26","560","FULL","21","0","HOLD","-","passive","FALSE","","V-SHAPE","2025-07-02","","328d","328","UPTREND","NEUTRAL","NEUTRAL","BULLISH","UPTREND PREMIUM","SIDEWAYS","0","FALSE","FALSE","FALSE","LEADING","LEADING (Passive)","0","0","NO VOLUME","50","50","56.2","14.65","22.46","16.72","21","21","20.76","0","0","444","Supertrend bullish | RSI 56.2 > 50 | Volume NaNx | Lolos anti-crash ADX | RISEN SIDEWAYS","Full Grid (1-2-3-4)","100000000","19","18","18","17","0.1","0.2","0.3","0.4","5263","11111","16666","23529","56569","99997600","2400","17.68","17.68","17","22","25","25","10.53","3.83","31.58","41.43","3","10.82"
"PRIM","2026-05-26","2026-05-26","560","FULL","84","-2.3255813953488373","AVOID","-","passive","FALSE","","SMART GAMMA","2025-08-21","","278d","278","DOWNTREND","BEARISH","BULLISH","BULLISH","DOWNTREND","SIDEWAYS","25","TRUE","FALSE","FALSE","WEAKENING","WEAKENING (Passive)","0.11","0.11","DRY / QUIET","0","100","50.23","42.76","31.94","15.02","84.83","81.65","78.24","11361000","100447355","444","Supertrend bearish | RSI 50.2 > 50 | Volume 0.11x | Lolos anti-crash ADX | RISEN SIDEWAYS","Full Grid (1-2-3-4)","100000000","90","73","68","62","0.1","0.2","0.3","0.4","1111","2739","4411","6451","14712","99984700","15300","67.96","67.96","54","144","198","198","40","20.54","120","191.34","3","9.31"
"SICO","2026-05-26","2026-05-26","560","FULL","111","0.9090909090909091","AVOID","-","passive","FALSE","","G ACC","2025-06-23","","337d","337","DOWNTREND","BEARISH","BEARISH","BEARISH","DOWNTREND DISCOUNT","NORMAL DOWNTREND","65","TRUE","FALSE","FALSE","LEADING","LEADING (Passive)","0.15","0.15","DRY / QUIET","50","50","33.81","23.38","21.35","23.55","118.51","123.73","124.1","1028500","6688945","426","Supertrend bearish | RSI 33.8 lemah | Volume 0.15x | Lolos anti-crash ADX | RISEN NORMAL DOWNTREND","Full Grid (1-2-3-4)","100000000","135","112","107","99","0.1","0.2","0.3","0.4","740","1785","2803","4040","9368","99970100","29900","106.71","106.72","88","206","276","276","34.81","17.54","104.44","158.63","3","9.05"
"SWAT","2026-05-26","2026-05-26","560","FULL","16","0","AVOID","-","passive","FALSE","","EARLY SWEEP","2025-06-10","","350d","350","DOWNTREND","NEUTRAL","NEUTRAL","BEARISH","DOWNTREND PREMIUM","SIDEWAYS","0","FALSE","FALSE","FALSE","LEADING","LEADING (Passive)","0","0","NO VOLUME","50","50","32.31","40.29","22.79","53.54","16","16","17.01","0","0","400","Supertrend bearish | RSI 32.3 lemah | Volume NaNx | Crash filter aktif | RISEN SIDEWAYS","Full Grid (1-2-3-4)","100000000","28","24","22","21","0.1","0.2","0.3","0.4","3571","8333","13636","19047","44587","99995900","4100","22.43","22.43","19","42","55","55","32.14","15.28","96.43","145.24","3","9.5"
"NFCX","2026-05-26","2026-05-26","560","FULL","1700","0","AVOID","-","passive","FALSE","","BETA BREAKOUT","2025-07-21","","309d","309","DOWNTREND","BEARISH","BEARISH","BEARISH","DEMAND STRUCTURE","NORMAL DOWNTREND","70.11","TRUE","FALSE","FALSE","LAGGING","LAGGARD (Passive)","1.04","1.04","NORMAL","100","0","35.31","36.13","6.64","39.59","1745.48","1749.55","1719.27","39600","38120","382","Supertrend bearish | RSI 35.3 lemah | Volume 1.04x | Crash filter aktif | RISEN NORMAL DOWNTREND","Full Grid (1-2-3-4)","100000000","1950","1825","1795","1755","0.1","0.2","0.3","0.4","51","109","167","227","554","99652500","347500","1798.78","1798.81","1680","2360","2760","2760","13.85","6.6","41.54","53.44","3","8.09"
"TGRA","2026-05-26","2026-05-26","560","FULL","27","0","AVOID","-","passive","FALSE","","V-SHAPE","2025-05-27","","364d","364","DOWNTREND","NEUTRAL","NEUTRAL","BEARISH","DOWNTREND PREMIUM","SIDEWAYS","0","FALSE","FALSE","FALSE","LEADING","LEADING (Passive)","0","0","NO VOLUME","50","50","28.01","49.1","20.59","60.31","27","27","27.66","0","0","372","Supertrend bearish | RSI 28.0 lemah | Volume NaNx | Crash filter aktif | RISEN SIDEWAYS","Full Grid (1-2-3-4)","100000000","36","34","33","32","0.1","0.2","0.3","0.4","2777","5882","9090","12500","30249","99993000","7000","33.06","33.06","31","50","51","51","13.89","6.22","41.67","54.28","3","8.72"
"TGUK","2026-05-26","2026-05-26","560","FULL","137","0","HOLD","-","passive","FALSE","","G ACC","2025-05-23","","368d","368","UPTREND","NEUTRAL","NEUTRAL","BULLISH","UPTREND PREMIUM","NORMAL UPTREND","0","FALSE","TRUE","FALSE","LEADING","LEADING (Passive)","0","0","NO VOLUME","50","50","81.24","67.69","41.46","7.99","137","137","130.05","0","0","364","Supertrend bullish | RSI 81.2 > 50 | Volume NaNx | Lolos anti-crash ADX | RISEN NORMAL UPTREND","Full Grid (1-2-3-4)","100000000","137","94","83","69","0.1","0.2","0.3","0.4","729","2127","3614","5797","12267","99976600","23400","81.5","81.51","48","270","404","404","64.96","41.1","194.89","395.7","3","9.63"
"PMMP","2026-05-26","2026-05-26","560","FULL","50","0","AVOID","-","passive","FALSE","","SMART SNIPER","2025-05-06","Structure + Discount","385d","385","DOWNTREND","NEUTRAL","NEUTRAL","BEARISH","DEMAND STRUCTURE","SIDEWAYS","0","FALSE","FALSE","FALSE","LEADING","LEADING (Passive)","0","0","NO VOLUME","50","50","31.32","17.15","14.16","20.03","50","50","55.52","0","0","330","Supertrend bearish | RSI 31.3 lemah | Volume NaNx | Lolos anti-crash ADX | RISEN SIDEWAYS","Full Grid (1-2-3-4)","100000000","59","55","53","52","0.1","0.2","0.3","0.4","1694","3636","5660","7692","18682","99989000","11000","53.52","53.52","49","74","89","89","16.95","8.45","50.85","66.29","3","7.85"
"ALTO","2026-05-26","2026-05-26","560","FULL","18","0","AVOID","-","passive","FALSE","","EARLY SWEEP","2025-04-15","","406d","406","DOWNTREND","NEUTRAL","NEUTRAL","NEUTRAL","DOWNTREND PREMIUM","SIDEWAYS","0","FALSE","FALSE","FALSE","LEADING","LEADING (Passive)","0","0","NO VOLUME","50","50","49.07","10.4","36.3","44.72","18","18","18.02","0","0","288","Supertrend bearish | RSI 49.1 lemah | Volume NaNx | Lolos anti-crash ADX | RISEN SIDEWAYS","Full Grid (1-2-3-4)","100000000","22","19","18","17","0.1","0.2","0.3","0.4","4545","10526","16666","23529","55266","99996500","3500","18.09","18.09","16","31","40","40","27.27","11.57","81.82","121.07","3","10.46"
"PTMR","2026-05-26","2026-05-26","384","FULL","374","0","HOLD","-","passive","FALSE","","SMART SNIPER","2025-04-15","Structure + Discount","406d","406","UPTREND","NEUTRAL","NEUTRAL","BULLISH","UPTREND PREMIUM","NORMAL UPTREND","0","FALSE","TRUE","FALSE","LEADING","LEADING (Passive)","0","0","NO VOLUME","50","50","97.28","97.14","74.14","1.07","374","373.97","348.29","0","0","288","Supertrend bullish | RSI 97.3 > 50 | Volume NaNx | Lolos anti-crash ADX | RISEN NORMAL UPTREND","Full Grid (1-2-3-4)","100000000","132","127","125","123","0.1","0.2","0.3","0.4","757","1574","2400","3252","7983","99981800","18200","125.24","125.24","120","150","168","168","9.09","4.19","27.27","34.14","3","8.15"
"MTMH","2026-05-26","2026-05-26","560","FULL","955","-3.535353535353535","HOLD","-","passive","FALSE","","EARLY SWEEP","2025-06-03","","357d","357","UPTREND","BEARISH","BEARISH","BEARISH","STRUCTURE + DISCOUNT","NORMAL DOWNTREND","53.91","TRUE","FALSE","FALSE","WEAKENING","WEAKENING (Passive)","0.1","0.1","DRY / QUIET","55.56","44.44","45.68","27.77","26.4","14.37","993.44","1006.3","1054.27","3200","30885","286","Supertrend bullish | RSI 45.7 lemah | Volume 0.1x | Lolos anti-crash ADX | RISEN NORMAL DOWNTREND","Full Grid (1-2-3-4)","100000000","875","855","845","840","0.1","0.2","0.3","0.4","114","233","355","476","1178","99878000","122000","847.86","847.87","825","970","1005","1005","5.71","2.7","14.86","18.53","2.6","6.87"
"HITS","2026-05-26","2026-05-26","560","FULL","116","0","AVOID","-","passive","FALSE","","SMART SNIPER + V-SHAPE","2025-02-28","Demand Structure","452d","452","DOWNTREND","NEUTRAL","NEUTRAL","BEARISH","DOWNTREND PREMIUM","SIDEWAYS","0","FALSE","FALSE","FALSE","LEADING","LEADING (Passive)","0","0","NO VOLUME","50","50","15.01","55.29","11.87","41.21","116","116","130.64","0","0","196","Supertrend bearish | RSI 15.0 lemah | Volume NaNx | Crash filter aktif | RISEN SIDEWAYS","Full Grid (1-2-3-4)","100000000","364","322","312","298","0.1","0.2","0.3","0.4","274","621","961","1342","3198","99944600","55400","312.52","312.53","276","496","630","630","24.18","11.69","73.08","101.59","3.02","8.69"
"WIKA","2026-05-26","2026-05-26","560","FULL","204","0","AVOID","-","passive","FALSE","","EARLY SWEEP","2025-02-12","","468d","468","DOWNTREND","NEUTRAL","NEUTRAL","BEARISH","DOWNTREND PREMIUM","NORMAL DOWNTREND","0","FALSE","FALSE","FALSE","LEADING","LEADING (Passive)","0","0","NO VOLUME","50","50","39.98","14.93","17.98","24.3","204","204","207.38","0","0","164","Supertrend bearish | RSI 40.0 lemah | Volume NaNx | Lolos anti-crash ADX | RISEN NORMAL DOWNTREND","Full Grid (1-2-3-4)","100000000","250","234","228","224","0.1","0.2","0.3","0.4","400","854","1315","1785","4354","99949600","50400","229.56","229.56","212","380","426","426","15.2","7.65","70.4","85.57","4.63","11.19"
"ZBRA","2026-05-26","2026-05-26","560","FULL","50","0","AVOID","-","passive","FALSE","","EARLY SWEEP","2025-01-31","","480d","480","DOWNTREND","NEUTRAL","NEUTRAL","BEARISH","DOWNTREND PREMIUM","SIDEWAYS","0","FALSE","FALSE","FALSE","LEADING","LEADING (Passive)","0","0","NO VOLUME","50","50","36.27","32.76","27.84","14.1","50","50","56.83","0","0","140","Supertrend bearish | RSI 36.3 lemah | Volume NaNx | Lolos anti-crash ADX | RISEN SIDEWAYS","Full Grid (1-2-3-4)","100000000","71","67","66","65","0.1","0.2","0.3","0.4","1408","2985","4545","6153","15091","99987800","12200","66.26","66.26","61","116","128","128","14.08","7.93","80.28","93.19","5.7","11.75"
"ARMY","2026-05-26","2026-05-26","560","FULL","50","0","HOLD","-","passive","FALSE","","-","","","-","","UPTREND","NEUTRAL","NEUTRAL","NEUTRAL","UPTREND PREMIUM","N/A","0","FALSE","FALSE","FALSE","LEADING","LEADING (Passive)","0","0","NO VOLUME","50","50","100","0","0","0","50","50","50","0","0","100","Supertrend bullish | RSI 100.0 > 50 | Volume NaNx | Lolos anti-crash ADX | RISEN N/A","","","","","","","","","","","","","","","","","","","","","","","","","","","","",""
"BIKA","2026-05-26","2026-05-26","560","FULL","55","0","AVOID","-","passive","FALSE","","-","","","-","","DOWNTREND","NEUTRAL","NEUTRAL","NEUTRAL","DOWNTREND PREMIUM","SIDEWAYS","0","FALSE","FALSE","FALSE","LEADING","LEADING (Passive)","0","0","NO VOLUME","50","50","52.09","7.21","43.08","37.28","55","55","54.98","0","0","100","Supertrend bearish | RSI 52.1 > 50 | Volume NaNx | Lolos anti-crash ADX | RISEN SIDEWAYS","","","","","","","","","","","","","","","","","","","","","","","","","","","","",""
"BOSS","2026-05-26","2026-05-26","560","FULL","50","0","HOLD","-","passive","FALSE","","-","","","-","","UPTREND","NEUTRAL","NEUTRAL","NEUTRAL","UPTREND PREMIUM","N/A","0","FALSE","FALSE","FALSE","LEADING","LEADING (Passive)","0","0","NO VOLUME","50","50","100","0","0","0","50","50","50","0","0","100","Supertrend bullish | RSI 100.0 > 50 | Volume NaNx | Lolos anti-crash ADX | RISEN N/A","","","","","","","","","","","","","","","","","","","","","","","","","","","","",""
"BTEL","2026-05-26","2026-05-26","560","FULL","50","0","HOLD","-","passive","FALSE","","-","","","-","","UPTREND","NEUTRAL","NEUTRAL","NEUTRAL","UPTREND PREMIUM","N/A","0","FALSE","FALSE","FALSE","LEADING","LEADING (Passive)","0","0","NO VOLUME","50","50","100","0","0","0","50","50","50","0","0","100","Supertrend bullish | RSI 100.0 > 50 | Volume NaNx | Lolos anti-crash ADX | RISEN N/A","","","","","","","","","","","","","","","","","","","","","","","","","","","","",""
"CBMF","2026-05-26","2026-05-26","560","FULL","50","0","HOLD","-","passive","FALSE","","-","","","-","","UPTREND","NEUTRAL","NEUTRAL","NEUTRAL","UPTREND PREMIUM","N/A","0","FALSE","FALSE","FALSE","LEADING","LEADING (Passive)","0","0","NO VOLUME","50","50","100","0","0","0","50","50","50","0","0","100","Supertrend bullish | RSI 100.0 > 50 | Volume NaNx | Lolos anti-crash ADX | RISEN N/A","","","","","","","","","","","","","","","","","","","","","","","","","","","","",""
"CNTB","2026-05-26","2026-05-26","560","FULL","250","0","HOLD","-","passive","FALSE","","-","","","-","","UPTREND","NEUTRAL","NEUTRAL","NEUTRAL","UPTREND PREMIUM","N/A","0","FALSE","FALSE","FALSE","LEADING","LEADING (Passive)","0","0","NO VOLUME","50","50","100","0","0","0","250","250","250","0","0","100","Supertrend bullish | RSI 100.0 > 50 | Volume NaNx | Lolos anti-crash ADX | RISEN N/A","","","","","","","","","","","","","","","","","","","","","","","","","","","","",""
"CNTX","2026-05-26","2026-05-26","560","FULL","142","0","HOLD","-","passive","FALSE","","-","","","-","","UPTREND","NEUTRAL","NEUTRAL","NEUTRAL","UPTREND PREMIUM","SIDEWAYS","0","FALSE","FALSE","FALSE","LEADING","LEADING (Passive)","0","0","NO VOLUME","50","50","100","100","100","0","142","142","141.88","0","0","100","Supertrend bullish | RSI 100.0 > 50 | Volume NaNx | Lolos anti-crash ADX | RISEN SIDEWAYS","","","","","","","","","","","","","","","","","","","","","","","","","","","","",""
"COWL","2026-05-26","2026-05-26","560","FULL","50","0","HOLD","-","passive","FALSE","","-","","","-","","UPTREND","NEUTRAL","NEUTRAL","NEUTRAL","UPTREND PREMIUM","N/A","0","FALSE","FALSE","FALSE","LEADING","LEADING (Passive)","0","0","NO VOLUME","50","50","100","0","0","0","50","50","50","0","0","100","Supertrend bullish | RSI 100.0 > 50 | Volume NaNx | Lolos anti-crash ADX | RISEN N/A","","","","","","","","","","","","","","","","","","","","","","","","","","","","",""
"CPRI","2026-05-26","2026-05-26","560","FULL","50","0","HOLD","-","passive","FALSE","","-","","","-","","UPTREND","NEUTRAL","NEUTRAL","NEUTRAL","UPTREND PREMIUM","N/A","0","FALSE","FALSE","FALSE","LEADING","LEADING (Passive)","0","0","NO VOLUME","50","50","100","0","0","0","50","50","50","0","0","100","Supertrend bullish | RSI 100.0 > 50 | Volume NaNx | Lolos anti-crash ADX | RISEN N/A","","","","","","","","","","","","","","","","","","","","","","","","","","","","",""
"DEAL","2026-05-26","2026-05-26","560","FULL","6","0","HOLD","-","passive","FALSE","","-","","","-","","UPTREND","NEUTRAL","NEUTRAL","NEUTRAL","UPTREND PREMIUM","SIDEWAYS","0","FALSE","FALSE","FALSE","LEADING","LEADING (Passive)","0","0","NO VOLUME","50","50","42.75","16.23","31.35","43.5","6","6","6.01","0","0","100","Supertrend bullish | RSI 42.8 lemah | Volume NaNx | Lolos anti-crash ADX | RISEN SIDEWAYS","","","","","","","","","","","","","","","","","","","","","","","","","","","","",""
"DUCK","2026-05-26","2026-05-26","560","FULL","176","0","HOLD","-","passive","FALSE","","-","","","-","","UPTREND","NEUTRAL","NEUTRAL","NEUTRAL","UPTREND PREMIUM","N/A","0","FALSE","FALSE","FALSE","LEADING","LEADING (Passive)","0","0","NO VOLUME","50","50","100","0","0","0","176","176","176","0","0","100","Supertrend bullish | RSI 100.0 > 50 | Volume NaNx | Lolos anti-crash ADX | RISEN N/A","","","","","","","","","","","","","","","","","","","","","","","","","","","","",""
"ENVY","2026-05-26","2026-05-26","560","FULL","50","0","HOLD","-","passive","FALSE","","-","","","-","","UPTREND","NEUTRAL","NEUTRAL","NEUTRAL","UPTREND PREMIUM","N/A","0","FALSE","FALSE","FALSE","LEADING","LEADING (Passive)","0","0","NO VOLUME","50","50","100","0","0","0","50","50","50","0","0","100","Supertrend bullish | RSI 100.0 > 50 | Volume NaNx | Lolos anti-crash ADX | RISEN N/A","","","","","","","","","","","","","","","","","","","","","","","","","","","","",""
"ETWA","2026-05-26","2026-05-26","560","FULL","70","0","AVOID","-","passive","FALSE","","-","","","-","","DOWNTREND","NEUTRAL","NEUTRAL","NEUTRAL","DOWNTREND PREMIUM","SIDEWAYS","0","FALSE","FALSE","FALSE","LEADING","LEADING (Passive)","0","0","NO VOLUME","50","50","24.91","72.6","8.26","52","70","70","70.12","0","0","100","Supertrend bearish | RSI 24.9 lemah | Volume NaNx | Crash filter aktif | RISEN SIDEWAYS","","","","","","","","","","","","","","","","","","","","","","","","","","","","",""
"FASW","2026-05-26","2026-05-26","560","FULL","5275","0","AVOID","-","passive","FALSE","","-","","","-","","DOWNTREND","NEUTRAL","NEUTRAL","BEARISH","DOWNTREND PREMIUM","SIDEWAYS","0","FALSE","FALSE","FALSE","LEADING","LEADING (Passive)","0","0","NO VOLUME","50","50","0.83","97.73","1.13","98.75","5275","5275.02","5294.01","0","0","100","Supertrend bearish | RSI 0.8 lemah | Volume NaNx | Crash filter aktif | RISEN SIDEWAYS","","","","","","","","","","","","","","","","","","","","","","","","","","","","",""
"GAMA","2026-05-26","2026-05-26","560","FULL","18","0","HOLD","-","passive","FALSE","","-","","","-","","UPTREND","NEUTRAL","NEUTRAL","NEUTRAL","UPTREND PREMIUM","N/A","0","FALSE","FALSE","FALSE","LEADING","LEADING (Passive)","0","0","NO VOLUME","50","50","100","0","0","0","18","18","18","0","0","100","Supertrend bullish | RSI 100.0 > 50 | Volume NaNx | Lolos anti-crash ADX | RISEN N/A","","","","","","","","","","","","","","","","","","","","","","","","","","","","",""
"GOLL","2026-05-26","2026-05-26","560","FULL","50","0","HOLD","-","passive","FALSE","","-","","","-","","UPTREND","NEUTRAL","NEUTRAL","NEUTRAL","UPTREND PREMIUM","N/A","0","FALSE","FALSE","FALSE","LEADING","LEADING (Passive)","0","0","NO VOLUME","50","50","100","0","0","0","50","50","50","0","0","100","Supertrend bullish | RSI 100.0 > 50 | Volume NaNx | Lolos anti-crash ADX | RISEN N/A","","","","","","","","","","","","","","","","","","","","","","","","","","","","",""
"GOTOM","2026-05-26","2026-05-26","358","FULL","68","0","HOLD","-","passive","FALSE","","-","","","-","","UPTREND","NEUTRAL","NEUTRAL","NEUTRAL","UPTREND PREMIUM","N/A","0","FALSE","FALSE","FALSE","LEADING","LEADING (Passive)","0","0","NO VOLUME","50","50","100","0","0","0","68","68","68","0","0","100","Supertrend bullish | RSI 100.0 > 50 | Volume NaNx | Lolos anti-crash ADX | RISEN N/A","","","","","","","","","","","","","","","","","","","","","","","","","","","","",""
"HKMU","2026-05-26","2026-05-26","560","FULL","50","0","HOLD","-","passive","FALSE","","-","","","-","","UPTREND","NEUTRAL","NEUTRAL","NEUTRAL","UPTREND PREMIUM","N/A","0","FALSE","FALSE","FALSE","LEADING","LEADING (Passive)","0","0","NO VOLUME","50","50","100","0","0","0","50","50","50","0","0","100","Supertrend bullish | RSI 100.0 > 50 | Volume NaNx | Lolos anti-crash ADX | RISEN N/A","","","","","","","","","","","","","","","","","","","","","","","","","","","","",""
"HOME","2026-05-26","2026-05-26","560","FULL","50","0","HOLD","-","passive","FALSE","","-","","","-","","UPTREND","NEUTRAL","NEUTRAL","NEUTRAL","UPTREND PREMIUM","N/A","0","FALSE","FALSE","FALSE","LEADING","LEADING (Passive)","0","0","NO VOLUME","50","50","100","0","0","0","50","50","50","0","0","100","Supertrend bullish | RSI 100.0 > 50 | Volume NaNx | Lolos anti-crash ADX | RISEN N/A","","","","","","","","","","","","","","","","","","","","","","","","","","","","",""
"HOTL","2026-05-26","2026-05-26","560","FULL","50","0","HOLD","-","passive","FALSE","","-","","","-","","UPTREND","NEUTRAL","NEUTRAL","NEUTRAL","UPTREND PREMIUM","N/A","0","FALSE","FALSE","FALSE","LEADING","LEADING (Passive)","0","0","NO VOLUME","50","50","100","0","0","0","50","50","50","0","0","100","Supertrend bullish | RSI 100.0 > 50 | Volume NaNx | Lolos anti-crash ADX | RISEN N/A","","","","","","","","","","","","","","","","","","","","","","","","","","","","",""
"IIKP","2026-05-26","2026-05-26","560","FULL","50","0","HOLD","-","passive","FALSE","","-","","","-","","UPTREND","NEUTRAL","NEUTRAL","NEUTRAL","UPTREND PREMIUM","N/A","0","FALSE","FALSE","FALSE","LEADING","LEADING (Passive)","0","0","NO VOLUME","50","50","100","0","0","0","50","50","50","0","0","100","Supertrend bullish | RSI 100.0 > 50 | Volume NaNx | Lolos anti-crash ADX | RISEN N/A","","","","","","","","","","","","","","","","","","","","","","","","","","","","",""
"JSKY","2026-05-26","2026-05-26","560","FULL","52","0","HOLD","-","passive","FALSE","","-","","","-","","UPTREND","NEUTRAL","NEUTRAL","NEUTRAL","UPTREND PREMIUM","N/A","0","FALSE","FALSE","FALSE","LEADING","LEADING (Passive)","0","0","NO VOLUME","50","50","100","0","0","0","52","52","52","0","0","100","Supertrend bullish | RSI 100.0 > 50 | Volume NaNx | Lolos anti-crash ADX | RISEN N/A","","","","","","","","","","","","","","","","","","","","","","","","","","","","",""
"KAYU","2026-05-26","2026-05-26","560","FULL","18","0","AVOID","-","passive","FALSE","","-","","","-","","DOWNTREND","NEUTRAL","NEUTRAL","BEARISH","DOWNTREND PREMIUM","NORMAL DOWNTREND","0","FALSE","FALSE","FALSE","LEADING","LEADING (Passive)","0","0","NO VOLUME","50","50","0","100","0","100","18","18","18.32","0","0","100","Supertrend bearish | RSI 0.0 lemah | Volume NaNx | Crash filter aktif | RISEN NORMAL DOWNTREND","","","","","","","","","","","","","","","","","","","","","","","","","","","","",""
"KBRI","2026-05-26","2026-05-26","560","FULL","50","0","HOLD","-","passive","FALSE","","-","","","-","","UPTREND","NEUTRAL","NEUTRAL","NEUTRAL","UPTREND PREMIUM","N/A","0","FALSE","FALSE","FALSE","LEADING","LEADING (Passive)","0","0","NO VOLUME","50","50","100","0","0","0","50","50","50","0","0","100","Supertrend bullish | RSI 100.0 > 50 | Volume NaNx | Lolos anti-crash ADX | RISEN N/A","","","","","","","","","","","","","","","","","","","","","","","","","","","","",""
"LCGP","2026-05-26","2026-05-26","560","FULL","114","0","HOLD","-","passive","FALSE","","-","","","-","","UPTREND","NEUTRAL","NEUTRAL","NEUTRAL","UPTREND PREMIUM","N/A","0","FALSE","FALSE","FALSE","LEADING","LEADING (Passive)","0","0","NO VOLUME","50","50","100","0","0","0","114","114","114","0","0","100","Supertrend bullish | RSI 100.0 > 50 | Volume NaNx | Lolos anti-crash ADX | RISEN N/A","","","","","","","","","","","","","","","","","","","","","","","","","","","","",""
"LMAS","2026-05-26","2026-05-26","560","FULL","50","0","HOLD","-","passive","FALSE","","-","","","-","","UPTREND","NEUTRAL","NEUTRAL","NEUTRAL","UPTREND PREMIUM","N/A","0","FALSE","FALSE","FALSE","LEADING","LEADING (Passive)","0","0","NO VOLUME","50","50","100","0","0","0","50","50","50","0","0","100","Supertrend bullish | RSI 100.0 > 50 | Volume NaNx | Lolos anti-crash ADX | RISEN N/A","","","","","","","","","","","","","","","","","","","","","","","","","","","","",""
"MABA","2026-05-26","2026-05-26","560","FULL","50","0","HOLD","-","passive","FALSE","","-","","","-","","UPTREND","NEUTRAL","NEUTRAL","NEUTRAL","UPTREND PREMIUM","N/A","0","FALSE","FALSE","FALSE","LEADING","LEADING (Passive)","0","0","NO VOLUME","50","50","100","0","0","0","50","50","50","0","0","100","Supertrend bullish | RSI 100.0 > 50 | Volume NaNx | Lolos anti-crash ADX | RISEN N/A","","","","","","","","","","","","","","","","","","","","","","","","","","","","",""
"MAGP","2026-05-26","2026-05-26","560","FULL","50","0","HOLD","-","passive","FALSE","","-","","","-","","UPTREND","NEUTRAL","NEUTRAL","NEUTRAL","UPTREND PREMIUM","N/A","0","FALSE","FALSE","FALSE","LEADING","LEADING (Passive)","0","0","NO VOLUME","50","50","100","0","0","0","50","50","50","0","0","100","Supertrend bullish | RSI 100.0 > 50 | Volume NaNx | Lolos anti-crash ADX | RISEN N/A","","","","","","","","","","","","","","","","","","","","","","","","","","","","",""
"META","2026-05-26","2026-05-26","560","FULL","238","0","HOLD","-","passive","FALSE","","-","","","-","","UPTREND","NEUTRAL","NEUTRAL","NEUTRAL","UPTREND PREMIUM","N/A","0","FALSE","FALSE","FALSE","LEADING","LEADING (Passive)","0","0","NO VOLUME","50","50","100","0","0","0","238","238","238","0","0","100","Supertrend bullish | RSI 100.0 > 50 | Volume NaNx | Lolos anti-crash ADX | RISEN N/A","","","","","","","","","","","","","","","","","","","","","","","","","","","","",""
"MKNT","2026-05-26","2026-05-26","560","FULL","1","0","AVOID","-","passive","FALSE","","-","","","-","","DOWNTREND","NEUTRAL","NEUTRAL","BEARISH","DOWNTREND PREMIUM","SIDEWAYS","0","FALSE","FALSE","FALSE","LEADING","LEADING (Passive)","0","0","NO VOLUME","50","50","44.11","54.76","3.84","13.13","1","1","1.01","0","0","100","Supertrend bearish | RSI 44.1 lemah | Volume NaNx | Crash filter aktif | RISEN SIDEWAYS","","","","","","","","","","","","","","","","","","","","","","","","","","","","",""
"MTRA","2026-05-26","2026-05-26","560","FULL","244","0","HOLD","-","passive","FALSE","","-","","","-","","UPTREND","NEUTRAL","NEUTRAL","NEUTRAL","UPTREND PREMIUM","N/A","0","FALSE","FALSE","FALSE","LEADING","LEADING (Passive)","0","0","NO VOLUME","50","50","100","0","0","0","244","244","244","0","0","100","Supertrend bullish | RSI 100.0 > 50 | Volume NaNx | Lolos anti-crash ADX | RISEN N/A","","","","","","","","","","","","","","","","","","","","","","","","","","","","",""
"NUSA","2026-05-26","2026-05-26","560","FULL","50","0","HOLD","-","passive","FALSE","","-","","","-","","UPTREND","NEUTRAL","NEUTRAL","NEUTRAL","UPTREND PREMIUM","N/A","0","FALSE","FALSE","FALSE","LEADING","LEADING (Passive)","0","0","NO VOLUME","50","50","100","0","0","0","50","50","50","0","0","100","Supertrend bullish | RSI 100.0 > 50 | Volume NaNx | Lolos anti-crash ADX | RISEN N/A","","","","","","","","","","","","","","","","","","","","","","","","","","","","",""
"OCAP","2026-05-26","2026-05-26","560","FULL","159","0","HOLD","-","passive","FALSE","","-","","","-","","UPTREND","NEUTRAL","NEUTRAL","NEUTRAL","UPTREND PREMIUM","N/A","0","FALSE","FALSE","FALSE","LEADING","LEADING (Passive)","0","0","NO VOLUME","50","50","100","0","0","0","159","159","159","0","0","100","Supertrend bullish | RSI 100.0 > 50 | Volume NaNx | Lolos anti-crash ADX | RISEN N/A","","","","","","","","","","","","","","","","","","","","","","","","","","","","",""
"PLAS","2026-05-26","2026-05-26","560","FULL","50","0","HOLD","-","passive","FALSE","","-","","","-","","UPTREND","NEUTRAL","NEUTRAL","NEUTRAL","UPTREND PREMIUM","N/A","0","FALSE","FALSE","FALSE","LEADING","LEADING (Passive)","0","0","NO VOLUME","50","50","100","0","0","0","50","50","50","0","0","100","Supertrend bullish | RSI 100.0 > 50 | Volume NaNx | Lolos anti-crash ADX | RISEN N/A","","","","","","","","","","","","","","","","","","","","","","","","","","","","",""
"POOL","2026-05-26","2026-05-26","560","FULL","50","0","HOLD","-","passive","FALSE","","-","","","-","","UPTREND","NEUTRAL","NEUTRAL","NEUTRAL","UPTREND PREMIUM","N/A","0","FALSE","FALSE","FALSE","LEADING","LEADING (Passive)","0","0","NO VOLUME","50","50","100","0","0","0","50","50","50","0","0","100","Supertrend bullish | RSI 100.0 > 50 | Volume NaNx | Lolos anti-crash ADX | RISEN N/A","","","","","","","","","","","","","","","","","","","","","","","","","","","","",""
"POSA","2026-05-26","2026-05-26","560","FULL","50","0","HOLD","-","passive","FALSE","","-","","","-","","UPTREND","NEUTRAL","NEUTRAL","NEUTRAL","UPTREND PREMIUM","N/A","0","FALSE","FALSE","FALSE","LEADING","LEADING (Passive)","0","0","NO VOLUME","50","50","100","0","0","0","50","50","50","0","0","100","Supertrend bullish | RSI 100.0 > 50 | Volume NaNx | Lolos anti-crash ADX | RISEN N/A","","","","","","","","","","","","","","","","","","","","","","","","","","","","",""
"PURE","2026-05-26","2026-05-26","560","FULL","51","0","HOLD","-","passive","FALSE","","-","","","-","","UPTREND","NEUTRAL","NEUTRAL","NEUTRAL","UPTREND PREMIUM","N/A","0","FALSE","FALSE","FALSE","LEADING","LEADING (Passive)","0","0","NO VOLUME","50","50","100","0","0","0","51","51","51","0","0","100","Supertrend bullish | RSI 100.0 > 50 | Volume NaNx | Lolos anti-crash ADX | RISEN N/A","","","","","","","","","","","","","","","","","","","","","","","","","","","","",""
"RIMO","2026-05-26","2026-05-26","560","FULL","50","0","HOLD","-","passive","FALSE","","-","","","-","","UPTREND","NEUTRAL","NEUTRAL","NEUTRAL","UPTREND PREMIUM","N/A","0","FALSE","FALSE","FALSE","LEADING","LEADING (Passive)","0","0","NO VOLUME","50","50","100","0","0","0","50","50","50","0","0","100","Supertrend bullish | RSI 100.0 > 50 | Volume NaNx | Lolos anti-crash ADX | RISEN N/A","","","","","","","","","","","","","","","","","","","","","","","","","","","","",""
"SBAT","2026-05-26","2026-05-26","560","FULL","1","0","AVOID","-","passive","FALSE","","-","","","-","","DOWNTREND","NEUTRAL","NEUTRAL","BEARISH","DOWNTREND PREMIUM","SIDEWAYS","0","FALSE","FALSE","FALSE","LEADING","LEADING (Passive)","0","0","NO VOLUME","50","50","45.46","99.66","0.03","20.53","1","1","1.03","0","0","100","Supertrend bearish | RSI 45.5 lemah | Volume NaNx | Crash filter aktif | RISEN SIDEWAYS","","","","","","","","","","","","","","","","","","","","","","","","","","","","",""
"SCPI","2026-05-26","2026-05-26","560","FULL","29000","0","HOLD","-","passive","FALSE","","-","","","-","","UPTREND","NEUTRAL","NEUTRAL","NEUTRAL","UPTREND PREMIUM","N/A","0","FALSE","FALSE","FALSE","LEADING","LEADING (Passive)","0","0","NO VOLUME","50","50","100","0","0","0","29000","29000","29000","0","0","100","Supertrend bullish | RSI 100.0 > 50 | Volume NaNx | Lolos anti-crash ADX | RISEN N/A","","","","","","","","","","","","","","","","","","","","","","","","","","","","",""
"SIMA","2026-05-26","2026-05-26","560","FULL","50","0","HOLD","-","passive","FALSE","","-","","","-","","UPTREND","NEUTRAL","NEUTRAL","NEUTRAL","UPTREND PREMIUM","N/A","0","FALSE","FALSE","FALSE","LEADING","LEADING (Passive)","0","0","NO VOLUME","50","50","100","0","0","0","50","50","50","0","0","100","Supertrend bullish | RSI 100.0 > 50 | Volume NaNx | Lolos anti-crash ADX | RISEN N/A","","","","","","","","","","","","","","","","","","","","","","","","","","","","",""
"SKYB","2026-05-26","2026-05-26","560","FULL","51","0","HOLD","-","passive","FALSE","","-","","","-","","UPTREND","NEUTRAL","NEUTRAL","NEUTRAL","UPTREND PREMIUM","N/A","0","FALSE","FALSE","FALSE","LEADING","LEADING (Passive)","0","0","NO VOLUME","50","50","100","0","0","0","51","51","51","0","0","100","Supertrend bullish | RSI 100.0 > 50 | Volume NaNx | Lolos anti-crash ADX | RISEN N/A","","","","","","","","","","","","","","","","","","","","","","","","","","","","",""
"SMRU","2026-05-26","2026-05-26","560","FULL","50","0","HOLD","-","passive","FALSE","","-","","","-","","UPTREND","NEUTRAL","NEUTRAL","NEUTRAL","UPTREND PREMIUM","N/A","0","FALSE","FALSE","FALSE","LEADING","LEADING (Passive)","0","0","NO VOLUME","50","50","100","0","0","0","50","50","50","0","0","100","Supertrend bullish | RSI 100.0 > 50 | Volume NaNx | Lolos anti-crash ADX | RISEN N/A","","","","","","","","","","","","","","","","","","","","","","","","","","","","",""
"SRIL","2026-05-26","2026-05-26","560","FULL","146","0","HOLD","-","passive","FALSE","","-","","","-","","UPTREND","NEUTRAL","NEUTRAL","NEUTRAL","UPTREND PREMIUM","N/A","0","FALSE","FALSE","FALSE","LEADING","LEADING (Passive)","0","0","NO VOLUME","50","50","100","0","0","0","146","146","146","0","0","100","Supertrend bullish | RSI 100.0 > 50 | Volume NaNx | Lolos anti-crash ADX | RISEN N/A","","","","","","","","","","","","","","","","","","","","","","","","","","","","",""
"SUGI","2026-05-26","2026-05-26","560","FULL","50","0","HOLD","-","passive","FALSE","","-","","","-","","UPTREND","NEUTRAL","NEUTRAL","NEUTRAL","UPTREND PREMIUM","N/A","0","FALSE","FALSE","FALSE","LEADING","LEADING (Passive)","0","0","NO VOLUME","50","50","100","0","0","0","50","50","50","0","0","100","Supertrend bullish | RSI 100.0 > 50 | Volume NaNx | Lolos anti-crash ADX | RISEN N/A","","","","","","","","","","","","","","","","","","","","","","","","","","","","",""
"SUPA","2026-05-26","2026-05-26","99","IPO / SHORT","840","-1.7543859649122806","AVOID","-","passive","FALSE","","-","","","-","","DOWNTREND","BEARISH","BEARISH","BEARISH","STRUCTURE + DISCOUNT","SIDEWAYS","90.62","TRUE","FALSE","FALSE","LEADING","LEADING (Passive)","0.32","0.32","DRY / QUIET","0","100","44.62","9.07","19.53","15.41","855.32","875.89","870.03","11723600","36431965","100","Supertrend bearish | RSI 44.6 lemah | Volume 0.32x | Lolos anti-crash ADX | RISEN SIDEWAYS","","","","","","","","","","","","","","","","","","","","","","","","","","","","",""
"SUPR","2026-05-26","2026-05-26","560","FULL","43850","0","AVOID","-","passive","FALSE","","-","","","-","","DOWNTREND","NEUTRAL","NEUTRAL","NEUTRAL","DOWNTREND PREMIUM","NORMAL UPTREND","0","FALSE","TRUE","FALSE","LEADING","LEADING (Passive)","0","0","NO VOLUME","50","50","0.19","99.61","0.19","99.8","43850","43850","43793.94","0","0","100","Supertrend bearish | RSI 0.2 lemah | Volume NaNx | Crash filter aktif | RISEN NORMAL UPTREND","","","","","","","","","","","","","","","","","","","","","","","","","","","","",""
"TDPM","2026-05-26","2026-05-26","560","FULL","119","0","HOLD","-","passive","FALSE","","-","","","-","","UPTREND","NEUTRAL","NEUTRAL","NEUTRAL","UPTREND PREMIUM","N/A","0","FALSE","FALSE","FALSE","LEADING","LEADING (Passive)","0","0","NO VOLUME","50","50","100","0","0","0","119","119","119","0","0","100","Supertrend bullish | RSI 100.0 > 50 | Volume NaNx | Lolos anti-crash ADX | RISEN N/A","","","","","","","","","","","","","","","","","","","","","","","","","","","","",""
"TECH","2026-05-26","2026-05-26","560","FULL","50","0","HOLD","-","passive","FALSE","","-","","","-","","UPTREND","NEUTRAL","NEUTRAL","NEUTRAL","UPTREND PREMIUM","N/A","0","FALSE","FALSE","FALSE","LEADING","LEADING (Passive)","0","0","NO VOLUME","50","50","100","0","0","0","50","50","50","0","0","100","Supertrend bullish | RSI 100.0 > 50 | Volume NaNx | Lolos anti-crash ADX | RISEN N/A","","","","","","","","","","","","","","","","","","","","","","","","","","","","",""
"TELE","2026-05-26","2026-05-26","560","FULL","9","0","HOLD","-","passive","FALSE","","-","","","-","","UPTREND","NEUTRAL","NEUTRAL","BEARISH","UPTREND PREMIUM","SIDEWAYS","0","FALSE","FALSE","FALSE","LEADING","LEADING (Passive)","0","0","NO VOLUME","50","50","39.56","3.05","30.29","32.2","9","9","9.27","0","0","100","Supertrend bullish | RSI 39.6 lemah | Volume NaNx | Lolos anti-crash ADX | RISEN SIDEWAYS","","","","","","","","","","","","","","","","","","","","","","","","","","","","",""
"TOPS","2026-05-26","2026-05-26","560","FULL","1","0","AVOID","-","passive","FALSE","","-","","","-","","DOWNTREND","NEUTRAL","NEUTRAL","BEARISH","DOWNTREND PREMIUM","SIDEWAYS","0","FALSE","FALSE","FALSE","LEADING","LEADING (Passive)","0","0","NO VOLUME","50","50","42.95","21.92","11.24","7.2","1","1","1.04","0","0","100","Supertrend bearish | RSI 43.0 lemah | Volume NaNx | Lolos anti-crash ADX | RISEN SIDEWAYS","","","","","","","","","","","","","","","","","","","","","","","","","","","","",""
"TOYS","2026-05-26","2026-05-26","560","FULL","8","0","HOLD","-","passive","FALSE","","-","","","-","","UPTREND","NEUTRAL","NEUTRAL","BEARISH","UPTREND PREMIUM","SIDEWAYS","0","FALSE","FALSE","FALSE","LEADING","LEADING (Passive)","0","0","NO VOLUME","50","50","27.99","55.8","20.78","73.25","8","8","8.35","0","0","100","Supertrend bullish | RSI 28.0 lemah | Volume NaNx | Crash filter aktif | RISEN SIDEWAYS","","","","","","","","","","","","","","","","","","","","","","","","","","","","",""
"TRAM","2026-05-26","2026-05-26","560","FULL","50","0","HOLD","-","passive","FALSE","","-","","","-","","UPTREND","NEUTRAL","NEUTRAL","NEUTRAL","UPTREND PREMIUM","N/A","0","FALSE","FALSE","FALSE","LEADING","LEADING (Passive)","0","0","NO VOLUME","50","50","100","0","0","0","50","50","50","0","0","100","Supertrend bullish | RSI 100.0 > 50 | Volume NaNx | Lolos anti-crash ADX | RISEN N/A","","","","","","","","","","","","","","","","","","","","","","","","","","","","",""
"TRIL","2026-05-26","2026-05-26","560","FULL","50","0","HOLD","-","passive","FALSE","","-","","","-","","UPTREND","NEUTRAL","NEUTRAL","NEUTRAL","UPTREND PREMIUM","N/A","0","FALSE","FALSE","FALSE","LEADING","LEADING (Passive)","0","0","NO VOLUME","50","50","100","0","0","0","50","50","50","0","0","100","Supertrend bullish | RSI 100.0 > 50 | Volume NaNx | Lolos anti-crash ADX | RISEN N/A","","","","","","","","","","","","","","","","","","","","","","","","","","","","",""
"TRIO","2026-05-26","2026-05-26","560","FULL","426","0","HOLD","-","passive","FALSE","","-","","","-","","UPTREND","NEUTRAL","NEUTRAL","NEUTRAL","UPTREND PREMIUM","N/A","0","FALSE","FALSE","FALSE","LEADING","LEADING (Passive)","0","0","NO VOLUME","50","50","100","0","0","0","426","426","426","0","0","100","Supertrend bullish | RSI 100.0 > 50 | Volume NaNx | Lolos anti-crash ADX | RISEN N/A","","","","","","","","","","","","","","","","","","","","","","","","","","","","",""
"UNIT","2026-05-26","2026-05-26","560","FULL","316","0","HOLD","-","passive","FALSE","","-","","","-","","UPTREND","NEUTRAL","NEUTRAL","NEUTRAL","UPTREND PREMIUM","N/A","0","FALSE","FALSE","FALSE","LEADING","LEADING (Passive)","0","0","NO VOLUME","50","50","100","0","0","0","316","316","316","0","0","100","Supertrend bullish | RSI 100.0 > 50 | Volume NaNx | Lolos anti-crash ADX | RISEN N/A","","","","","","","","","","","","","","","","","","","","","","","","","","","","",""
"WICO","2026-05-26","2026-05-26","560","FULL","123","0","AVOID","-","passive","FALSE","","-","","","-","","DOWNTREND","NEUTRAL","NEUTRAL","NEUTRAL","DOWNTREND PREMIUM","NORMAL UPTREND","0","FALSE","TRUE","FALSE","LEADING","LEADING (Passive)","0","0","NO VOLUME","50","50","31.93","36.15","31.93","68.07","123","123","122.99","0","0","100","Supertrend bearish | RSI 31.9 lemah | Volume NaNx | Crash filter aktif | RISEN NORMAL UPTREND","","","","","","","","","","","","","","","","","","","","","","","","","","","","",""
"WSKT","2026-05-26","2026-05-26","560","FULL","202","0","HOLD","-","passive","FALSE","","-","","","-","","UPTREND","NEUTRAL","NEUTRAL","NEUTRAL","UPTREND PREMIUM","N/A","0","FALSE","FALSE","FALSE","LEADING","LEADING (Passive)","0","0","NO VOLUME","50","50","100","0","0","0","202","202","202","0","0","100","Supertrend bullish | RSI 100.0 > 50 | Volume NaNx | Lolos anti-crash ADX | RISEN N/A","","","","","","","","","","","","","","","","","","","","","","","","","","","","",""
"PLIN","2026-05-26","2026-05-26","560","FULL","2510","0","AVOID","-","passive","FALSE","","EARLY SWEEP","2025-01-10","","501d","501","DOWNTREND","NEUTRAL","NEUTRAL","NEUTRAL","DEMAND STRUCTURE","SIDEWAYS","0","FALSE","FALSE","FALSE","LEADING","LEADING (Passive)","0","0","NO VOLUME","50","50","47.41","3.51","47.01","50.43","2510","2510","2513.14","0","0","98","Supertrend bearish | RSI 47.4 lemah | Volume NaNx | Lolos anti-crash ADX | RISEN SIDEWAYS","Full Grid (1-2-3-4)","100000000","2850","2680","2630","2570","0.1","0.2","0.3","0.4","35","74","114","155","378","99624000","376000","2635.56","2635.57","2490","3390","3930","3930","12.63","5.52","37.89","49.11","3","8.89"
"BEBS","2026-05-26","2026-05-26","560","FULL","5","0","AVOID","-","passive","FALSE","","SMART SNIPER","2025-01-09","Structure + Discount","502d","502","DOWNTREND","NEUTRAL","NEUTRAL","BEARISH","DEMAND STRUCTURE","SIDEWAYS","0","FALSE","FALSE","FALSE","LEADING","LEADING (Passive)","0","0","NO VOLUME","50","50","44.12","25.79","12.05","20.43","5","5","5.46","0","0","96","Supertrend bearish | RSI 44.1 lemah | Volume NaNx | Lolos anti-crash ADX | RISEN SIDEWAYS","Full Grid (1-2-3-4)","100000000","6","5","5","4","0.1","0.2","0.3","0.4","16666","40000","60000","100000","216666","99999600","400","4.62","4.62","4","9","10","10","33.33","13.33","66.67","116.67","2","8.75"
"FIMP","2026-05-26","2026-05-26","560","FULL","69","0","AVOID","-","passive","FALSE","","SMART SNIPER","2024-12-27","Demand Structure","515d","515","DOWNTREND","NEUTRAL","NEUTRAL","BEARISH","DEMAND STRUCTURE","NORMAL DOWNTREND","0","FALSE","FALSE","FALSE","LEADING","LEADING (Passive)","0","0","NO VOLUME","50","50","37.98","31.81","32.39","62.62","69","69.01","71.34","0","0","70","Supertrend bearish | RSI 38.0 lemah | Volume NaNx | Crash filter aktif | RISEN NORMAL DOWNTREND","Full Grid (1-2-3-4)","100000000","45","43","43","42","0.1","0.2","0.3","0.4","2222","4651","6976","9523","23372","99991700","8300","42.78","42.78","41","51","55","55","8.89","4.17","22.22","28.56","2.5","6.85"
"LMSH","2026-05-26","2026-05-26","560","FULL","256","0","AVOID","-","passive","FALSE","","EARLY SWEEP","2024-12-11","","531d","531","DOWNTREND","NEUTRAL","NEUTRAL","BEARISH","DOWNTREND PREMIUM","SIDEWAYS","0","FALSE","FALSE","FALSE","LEADING","LEADING (Passive)","0","0","NO VOLUME","50","50","16.1","77.46","7.69","60.56","256","256","262.07","0","0","38","Supertrend bearish | RSI 16.1 lemah | Volume NaNx | Crash filter aktif | RISEN SIDEWAYS","Full Grid (1-2-3-4)","100000000","400","380","374","366","0.1","0.2","0.3","0.4","250","526","802","1092","2670","99950000","50000","374.34","374.34","358","464","525","525","10.5","4.37","31.25","40.25","2.98","9.22"
"MTSM","2026-05-26","2026-05-26","560","FULL","500","0","HOLD","-","passive","FALSE","","BETA BREAKOUT","2024-12-11","","531d","531","UPTREND","NEUTRAL","NEUTRAL","BULLISH","UPTREND PREMIUM","SIDEWAYS","0","FALSE","FALSE","FALSE","LEADING","LEADING (Passive)","0","0","NO VOLUME","50","50","49.97","22.32","29.77","46.88","500","500","490.76","0","0","38","Supertrend bullish | RSI 50.0 lemah | Volume NaNx | Lolos anti-crash ADX | RISEN SIDEWAYS","Full Grid (1-2-3-4)","100000000","715","398","324","218","0.1","0.2","0.3","0.4","139","502","925","1834","3400","99869300","130700","293.73","293.84","71","1680","2650","2650","90.07","75.83","270.63","802.18","3","10.58"
"CHEK","2026-05-26","2026-05-26","211","IPO / SHORT","121","-1.6260162601626018","AVOID","-","passive","FALSE","","-","","","-","","DOWNTREND","BEARISH","BEARISH","BEARISH","STRUCTURE + DISCOUNT","NORMAL DOWNTREND","25","TRUE","FALSE","FALSE","LAGGING","LAGGARD (Passive)","0.06","0.06","DRY / QUIET","50","50","35.07","28.78","37.01","18.52","131.31","137.14","156.92","923200","14540110","0","Supertrend bearish | RSI 35.1 lemah | Volume 0.06x | Lolos anti-crash ADX | RISEN NORMAL DOWNTREND","","","","","","","","","","","","","","","","","","","","","","","","","","","","",""
"PJHB","2026-05-26","2026-05-26","128","IPO / SHORT","194","-2.512562814070352","AVOID","-","passive","FALSE","","-","","","-","","DOWNTREND","BEARISH","BEARISH","BEARISH","STRUCTURE + DISCOUNT","NORMAL DOWNTREND","45.9","TRUE","FALSE","FALSE","LAGGING","LAGGARD (Passive)","0.46","0.46","DRY / QUIET","16.67","83.33","37.8","14.09","21.08","25.74","212.56","231.83","329.65","1623600","3493220","0","Supertrend bearish | RSI 37.8 lemah | Volume 0.46x | Lolos anti-crash ADX | RISEN NORMAL DOWNTREND","","","","","","","","","","","","","","","","","","","","","","","","","","","","",""
"RLCO","2026-05-26","2026-05-26","106","IPO / SHORT","2710","-5.574912891986063","AVOID","-","passive","FALSE","","-","","","-","","DOWNTREND","BEARISH","BEARISH","BEARISH","STRUCTURE + DISCOUNT","SIDEWAYS","52.12","TRUE","FALSE","FALSE","LAGGING","LAGGARD (Passive)","0.26","0.26","DRY / QUIET","14.81","85.19","25.44","39.08","9.56","42.59","4160","4867.23","3471.64","368500","1401370","0","Supertrend bearish | RSI 25.4 lemah | Volume 0.26x | Crash filter aktif | RISEN SIDEWAYS","","","","","","","","","","","","","","","","","","","","","","","","","","","","",""
"MYTX","2026-05-26","2026-05-26","560","FULL","46","9.523809523809524","AVOID","-","passive","FALSE","","BETA BREAKOUT","2025-01-07","","504d","504","DOWNTREND","BEARISH","BEARISH","BULLISH","DOWNTREND DISCOUNT","NORMAL UPTREND","29.11","TRUE","TRUE","FALSE","LAGGING","LAGGARD (Passive)","0.47","0.47","DRY / QUIET","50","50","43.42","18.87","34.18","33.99","51.91","52.15","45.42","101700","217920","-8","Supertrend bearish | RSI 43.4 lemah | Volume 0.47x | Lolos anti-crash ADX | RISEN NORMAL UPTREND","Full Grid (1-2-3-4)","100000000","37","29","26","24","0.1","0.2","0.3","0.4","2702","6896","11538","16666","37802","99993000","7000","26.45","26.45","20","63","88","88","45.95","24.39","137.84","232.68","3","9.54"
"MFMI","2026-05-26","2026-05-26","560","FULL","1300","0","HOLD","-","passive","FALSE","","BETA BREAKOUT","2024-10-25","","578d","578","UPTREND","NEUTRAL","NEUTRAL","BULLISH","UPTREND PREMIUM","SIDEWAYS","0","FALSE","FALSE","FALSE","LEADING","LEADING (Passive)","0","0","NO VOLUME","50","50","85.45","70.31","75.58","13.18","1300","1300","1284.07","0","0","-56","Supertrend bullish | RSI 85.5 > 50 | Volume NaNx | Lolos anti-crash ADX | RISEN SIDEWAYS","Full Grid (1-2-3-4)","100000000","1100","990","965","925","0.1","0.2","0.3","0.4","90","202","310","432","1034","99773000","227000","964.92","965.03","870","1445","1790","1790","20.91","9.84","62.73","85.51","3","8.69"
"ALMI","2026-05-26","2026-05-26","560","FULL","74","0","AVOID","-","passive","FALSE","","SMART SNIPER","2024-10-18","Discount Only","585d","585","DOWNTREND","NEUTRAL","NEUTRAL","BEARISH","DOWNTREND PREMIUM","SIDEWAYS","0","FALSE","FALSE","FALSE","LEADING","LEADING (Passive)","0","0","NO VOLUME","50","50","52.05","13.85","47.25","35.75","74","74","74.54","0","0","-70","Supertrend bearish | RSI 52.0 > 50 | Volume NaNx | Lolos anti-crash ADX | RISEN SIDEWAYS","Full Grid (1-2-3-4)","100000000","75","69","68","66","0.1","0.2","0.3","0.4","1333","2898","4411","6060","14702","99984500","15500","68.01","68.01","62","100","194","194","17.33","8.83","158.67","185.26","9.15","20.97"
"PTDU","2026-05-26","2026-05-26","560","FULL","70","0","AVOID","-","passive","FALSE","","SMART SNIPER","2024-10-18","Discount Only","585d","585","DOWNTREND","NEUTRAL","BEARISH","BULLISH","DOWNTREND DISCOUNT","SIDEWAYS","0","FALSE","FALSE","FALSE","LEADING","LEADING (Passive)","0","0","NO VOLUME","50","50","38.23","26.97","28.49","49.29","70.04","71.41","59.85","0","0","-70","Supertrend bearish | RSI 38.2 lemah | Volume NaNx | Lolos anti-crash ADX | RISEN SIDEWAYS","Full Grid (1-2-3-4)","100000000","22","16","15","13","0.1","0.2","0.3","0.4","4545","12500","20000","30769","67814","99998700","1300","14.75","14.75","10","40","58","58","54.55","32.19","163.64","293.33","3","9.11"
"SMCB","2026-05-26","2026-05-26","560","FULL","775","0","HOLD","-","passive","FALSE","","EARLY SWEEP","2024-10-10","","593d","593","UPTREND","NEUTRAL","NEUTRAL","BEARISH","UPTREND PREMIUM","SIDEWAYS","0","FALSE","FALSE","FALSE","LEADING","LEADING (Passive)","0","0","NO VOLUME","50","50","64.76","30.17","51.18","27.45","775","775","779.67","0","0","-86","Supertrend bullish | RSI 64.8 > 50 | Volume NaNx | Lolos anti-crash ADX | RISEN SIDEWAYS","Full Grid (1-2-3-4)","100000000","1400","1345","1330","1310","0.1","0.2","0.3","0.4","71","148","225","305","749","99726000","274000","1331.46","1331.5","1280","1580","1760","1760","8.57","3.86","25.71","32.19","3","8.33"
"PPRO","2026-05-26","2026-05-26","560","FULL","15","0","AVOID","-","passive","FALSE","","EARLY SWEEP","2024-10-09","","594d","594","DOWNTREND","BEARISH","BEARISH","BEARISH","DOWNTREND DISCOUNT","NORMAL UPTREND","65","TRUE","TRUE","FALSE","LAGGING","LAGGARD (Passive)","0.76","0.76","DRY / QUIET","50","50","21.59","51.22","7.45","44.75","19.15","22.32","22.94","34073600","44849400","-188","Supertrend bearish | RSI 21.6 lemah | Volume 0.76x | Crash filter aktif | RISEN NORMAL UPTREND","Full Grid (1-2-3-4)","100000000","12","10","9","8","0.1","0.2","0.3","0.4","8333","20000","33333","50000","111666","99999300","700","8.96","8.96","7","20","27","27","41.67","21.83","125","201.5","3","9.23"
"IPPE","2026-05-26","2026-05-26","560","FULL","14","0","HOLD","-","passive","FALSE","","SMART SNIPER","2024-08-09","Discount Only","655d","655","UPTREND","NEUTRAL","NEUTRAL","BEARISH","UPTREND PREMIUM","SIDEWAYS","0","FALSE","FALSE","FALSE","LEADING","LEADING (Passive)","0","0","NO VOLUME","50","50","59.01","24.17","28.35","17.31","14","14","14.21","0","0","-210","Supertrend bullish | RSI 59.0 > 50 | Volume NaNx | Lolos anti-crash ADX | RISEN SIDEWAYS","Full Grid (1-2-3-4)","100000000","12","11","11","10","0.1","0.2","0.3","0.4","8333","18181","27272","40000","93786","99997900","2100","10.66","10.66","10","15","18","18","16.67","6.21","50","68.82","3","11.08"
"SFAN","2026-05-26","2026-05-26","560","FULL","1950","-0.2557544757033248","AVOID","-","passive","FALSE","","V-SHAPE","2024-09-04","","629d","629","DOWNTREND","NEUTRAL","BULLISH","BULLISH","DEMAND STRUCTURE","SIDEWAYS","40.2","TRUE","FALSE","FALSE","LAGGING","LAGGARD (Passive)","0.92","0.92","NORMAL","0","100","51.07","26.64","18.72","27.44","1951.34","1942.24","1926.46","47600","52005","-258","Supertrend bearish | RSI 51.1 > 50 | Volume 0.92x | Lolos anti-crash ADX | RISEN SIDEWAYS","Full Grid (1-2-3-4)","100000000","1820","1810","1805","1800","0.1","0.2","0.3","0.4","54","110","166","222","552","99661000","339000","1805.45","1805.48","1795","1860","2050","2050","1.37","0.58","12.64","13.54","9.2","23.4"
"INAF","2026-05-26","2026-05-26","560","FULL","126","0","AVOID","-","passive","FALSE","","EARLY SWEEP","2024-05-22","","734d","734","DOWNTREND","NEUTRAL","NEUTRAL","BEARISH","DOWNTREND PREMIUM","SIDEWAYS","0","FALSE","FALSE","FALSE","LEADING","LEADING (Passive)","0","0","NO VOLUME","50","50","25.91","42.37","27.88","68.88","126","126","128.57","0","0","-368","Supertrend bearish | RSI 25.9 lemah | Volume NaNx | Crash filter aktif | RISEN SIDEWAYS","Full Grid (1-2-3-4)","100000000","436","408","402","392","0.1","0.2","0.3","0.4","229","490","746","1020","2485","99949600","50400","402.21","402.22","376","525","615","615","13.76","6.52","41.06","52.9","2.98","8.12"
"POLL","2026-05-26","2026-05-26","560","FULL","112","0","AVOID","-","passive","FALSE","","EARLY SWEEP","2024-04-19","","767d","767","DOWNTREND","NEUTRAL","NEUTRAL","BEARISH","DEMAND STRUCTURE","SIDEWAYS","0","FALSE","FALSE","FALSE","LEADING","LEADING (Passive)","0","0","NO VOLUME","50","50","41.32","10.98","15.43","19.24","112","112","112.29","0","0","-434","Supertrend bearish | RSI 41.3 lemah | Volume NaNx | Lolos anti-crash ADX | RISEN SIDEWAYS","Full Grid (1-2-3-4)","100000000","148","145","144","143","0.1","0.2","0.3","0.4","675","1379","2083","2797","6934","99977800","22200","144.18","144.19","140","162","178","178","5.41","2.9","20.27","23.45","3.75","8.08"
"ARTI","2026-05-26","2026-05-26","560","FULL","2","0","AVOID","-","passive","FALSE","","EARLY SWEEP","2024-03-13","","804d","804","DOWNTREND","NEUTRAL","NEUTRAL","BEARISH","DEMAND STRUCTURE","SIDEWAYS","0","FALSE","FALSE","FALSE","LEADING","LEADING (Passive)","0","0","NO VOLUME","50","50","39.83","94.97","1.35","52.41","2","2","2.02","0","0","-508","Supertrend bearish | RSI 39.8 lemah | Volume NaNx | Crash filter aktif | RISEN SIDEWAYS","Full Grid (1-2-3-4)","100000000","5","5","4","4","0.1","0.2","0.3","0.4","20000","40000","75000","100000","235000","100000000","0","4.26","4.26","4","7","8","8","20","6","60","88","3","14.67"