"Ticker","Date","LatestAvailableDate","HistoryBars","HistoryQuality","Price","ChangePct","Signal","ActiveSignals","SignalGroup","ActiveSignal","SniperLocation","LastActiveSignals","LastActiveDate","LastSniperLocation","SignalAgeLabel","AgeDays","Trend","TrendShort","TrendMedium","TrendLong","Structure","Regime","RisenScore","RisenInsideRolling","RisenRecentUpBreak","RisenVolSurge","Quadrant","AlphaStatus","RVol","VolPower","VolRegime","XRayBuyPowerPct","XRaySellPowerPct","RSI","ADX","PlusDI","MinusDI","EMA21","EMA50","EMA200","Volume","VolumeSMA20","Score","LogicNotes","Strategy","PortfolioCapital","Buy1","Buy2","Buy3","Buy4","Weight1","Weight2","Weight3","Weight4","Lot1","Lot2","Lot3","Lot4","TotalLots","TotalDeployed","CashLeft","AvgEntry","TheoreticalAvgEntry","StopLoss","TP1","TP2","TP2Fib","RiskBuy1Pct","RiskAvgPct","UpsideBuy1Pct","UpsideAvgPct","RewardRiskBuy1","RewardRiskAvg"
"TALF","2026-05-22","2026-05-22","558","FULL","780","24.8","V-SHAPE","V-SHAPE","reversal","TRUE","","V-SHAPE","2026-05-22","","NEW","0","DOWNTREND","BULLISH","BULLISH","BULLISH","DEMAND STRUCTURE","EXPLOSIVE BULL","19.18","TRUE","TRUE","TRUE","LEADING","LEADING (V-Shape)","1.86","1.86","EXPANSION","100","0","56.45","32.58","25.48","14","706.39","677.22","552.8","762700","410740","5050","Supertrend bearish | RSI 56.5 > 50 | Volume valid 1.86x | Lolos anti-crash ADX | RISEN EXPLOSIVE BULL","Full Grid (1-2-3-4)","100000000","780","695","675","645","0.1","0.2","0.3","0.4","128","287","444","620","1479","99890500","109500","675.39","675.41","590","1065","1350","1350","24.36","12.64","73.08","99.88","3","7.9"
"DFAM","2026-05-22","2026-05-22","558","FULL","140","28.440366972477065","BETA BREAKOUT","BETA BREAKOUT","breakout","TRUE","","BETA BREAKOUT","2026-05-22","","NEW","0","UPTREND","BULLISH","BULLISH","BULLISH","DEMAND STRUCTURE","EXPLOSIVE BULL","35","TRUE","TRUE","TRUE","LEADING","LEADING (Beta)","6.32","6.32","VOLUME SURGE","92.11","7.89","62.29","30.93","35.27","17.72","113.14","106.99","91.63","361493300","57197105","5020","Supertrend bullish | RSI 62.3 > 50 | Volume valid 6.32x | Lolos anti-crash ADX | RISEN EXPLOSIVE BULL","Full Grid (1-2-3-4)","100000000","140","118","113","105","0.1","0.2","0.3","0.4","714","1694","2654","3809","8871","99969900","30100","112.69","112.69","93","210","282","282","33.57","17.47","101.43","150.24","3.02","8.6"
"BNII","2026-05-22","2026-05-22","558","FULL","194","1.5706806282722512","V-SHAPE","V-SHAPE","reversal","TRUE","","V-SHAPE","2026-05-22","","NEW","0","DOWNTREND","BEARISH","BEARISH","BEARISH","DOWNTREND DISCOUNT","CRASH / SELL-OFF","59.14","TRUE","FALSE","TRUE","LEADING","LEADING (V-Shape)","2.1","2.1","VOLUME SURGE","75","25","36.04","25.14","7.94","25.14","200.73","204.53","207.88","3902600","1854855","4970","Supertrend bearish | RSI 36.0 lemah | Volume valid 2.1x | Lolos anti-crash ADX | RISEN CRASH / SELL-OFF","Full Grid (1-2-3-4)","100000000","194","191","190","189","0.1","0.2","0.3","0.4","515","1047","1578","2116","5256","99963100","36900","190.19","190.19","187","204","224","224","3.61","1.68","15.46","17.78","4.29","10.6"
"GRPM","2026-05-22","2026-05-22","558","FULL","284","6.7669172932330826","V-SHAPE","V-SHAPE","reversal","TRUE","","V-SHAPE","2026-05-22","","NEW","0","DOWNTREND","BEARISH","BEARISH","BULLISH","DEMAND STRUCTURE","CRASH / SELL-OFF","44.6","TRUE","FALSE","TRUE","LEADING","LEADING (V-Shape)","2.94","2.94","VOLUME SURGE","91.67","8.33","43.23","12.54","16.76","25.73","302.2","300.49","197.49","6284500","2134110","4970","Supertrend bearish | RSI 43.2 lemah | Volume valid 2.94x | Lolos anti-crash ADX | RISEN CRASH / SELL-OFF","Full Grid (1-2-3-4)","100000000","284","262","256","250","0.1","0.2","0.3","0.4","352","763","1171","1600","3886","99965000","35000","257.24","257.24","234","360","370","370","17.61","9.04","30.28","43.83","1.72","4.85"
"MDKA","2026-05-22","2026-05-22","558","FULL","2720","24.770642201834864","V-SHAPE","V-SHAPE","reversal","TRUE","","V-SHAPE","2026-05-22","","NEW","0","DOWNTREND","BEARISH","BEARISH","BEARISH","STRUCTURE + DISCOUNT","CRASH / SELL-OFF","0","TRUE","FALSE","TRUE","IMPROVING","IMPROVING (V-Shape)","2.86","2.86","VOLUME SURGE","100","0","43.44","27.52","17.82","28.97","2882.76","3056.48","2774","315769700","110470940","4920","Supertrend bearish | RSI 43.4 lemah | Volume valid 2.86x | Lolos anti-crash ADX | RISEN CRASH / SELL-OFF","Full Grid (1-2-3-4)","100000000","2720","2440","2370","2270","0.1","0.2","0.3","0.4","36","81","126","176","419","99370000","630000","2371.6","2372.33","2100","3650","4580","4580","22.79","11.45","68.38","93.12","3","8.13"
"BRMS","2026-05-22","2026-05-22","558","FULL","630","11.504424778761061","V-SHAPE","V-SHAPE","reversal","TRUE","","V-SHAPE","2026-05-22","","NEW","0","DOWNTREND","BEARISH","BEARISH","BEARISH","DOWNTREND DISCOUNT","CRASH / SELL-OFF","10.43","TRUE","FALSE","TRUE","LAGGING","LAGGARD (V-Shape)","2.48","2.48","VOLUME SURGE","92.86","7.14","34.83","22.95","9.89","34.82","744.08","812.7","812.82","666888600","269384965","4870","Supertrend bearish | RSI 34.8 lemah | Volume valid 2.48x | Lolos anti-crash ADX | RISEN CRASH / SELL-OFF","Full Grid (1-2-3-4)","100000000","630","565","550","530","0.1","0.2","0.3","0.4","158","353","545","754","1810","99835500","164500","551.58","551.61","486","845","1060","1060","22.86","11.89","68.25","92.18","2.99","7.75"
"KOKA","2026-05-22","2026-05-22","558","FULL","119","10.185185185185185","V-SHAPE","V-SHAPE","reversal","TRUE","","V-SHAPE","2026-05-22","","NEW","0","DOWNTREND","BEARISH","BEARISH","BEARISH","DOWNTREND DISCOUNT","CRASH / SELL-OFF","19.06","TRUE","FALSE","TRUE","LAGGING","LAGGARD (V-Shape)","4.76","4.76","VOLUME SURGE","45.45","54.55","25.96","15.07","20.85","26.58","154.4","181.43","202.43","35487800","7453180","4870","Supertrend bearish | RSI 26.0 lemah | Volume valid 4.76x | Lolos anti-crash ADX | RISEN CRASH / SELL-OFF","Full Grid (1-2-3-4)","100000000","119","109","107","103","0.1","0.2","0.3","0.4","840","1834","2803","3883","9360","99973600","26400","106.81","106.81","96","154","208","208","19.33","10.12","74.79","94.74","3.87","9.36"
"CTBN","2026-05-22","2026-05-22","558","FULL","5750","25","SMART SNIPER","SMART SNIPER + V-SHAPE","reversal","TRUE","Structure + Discount","SMART SNIPER + V-SHAPE","2026-05-22","Structure + Discount","NEW","0","UPTREND","BULLISH","BULLISH","BULLISH","STRUCTURE + DISCOUNT","SIDEWAYS","19.02","TRUE","FALSE","TRUE","LEADING","LEADING (Sniper)","2.66","2.66","VOLUME SURGE","100","0","54.1","13.87","24.93","30.71","5434.88","5622.33","5556.06","6300","2365","4770","Supertrend bullish | RSI 54.1 > 50 | Volume valid 2.66x | Lolos anti-crash ADX | RISEN SIDEWAYS","Full Grid (1-2-3-4)","100000000","5750","5150","5025","4820","0.1","0.2","0.3","0.4","17","38","59","82","196","98516500","1483500","5026.35","5027.27","4500","7625","9500","9500","21.74","10.47","65.22","89","3","8.5"
"BESS","2026-05-22","2026-05-22","558","FULL","1070","7.000000000000001","V-SHAPE","V-SHAPE","reversal","TRUE","","V-SHAPE","2026-05-22","","NEW","0","DOWNTREND","BEARISH","BEARISH","BEARISH","DOWNTREND DISCOUNT","SIDEWAYS","75","TRUE","FALSE","TRUE","LEADING","LEADING (V-Shape)","3.06","3.06","VOLUME SURGE","97.56","2.44","41.56","15.03","11.94","24.6","1118.7","1207.48","1261.52","451300","147530","4570","Supertrend bearish | RSI 41.6 lemah | Volume valid 3.06x | Lolos anti-crash ADX | RISEN SIDEWAYS","Full Grid (1-2-3-4)","100000000","1070","970","945","915","0.1","0.2","0.3","0.4","93","206","317","437","1053","99875000","125000","948.48","948.53","855","1395","1715","1715","20.09","9.86","60.28","80.82","3","8.2"
"BALI","2026-05-22","2026-05-22","558","FULL","1250","2.459016393442623","V-SHAPE","V-SHAPE","reversal","TRUE","","V-SHAPE","2026-05-22","","NEW","0","UPTREND","BEARISH","BEARISH","BEARISH","STRUCTURE + DISCOUNT","SIDEWAYS","93.26","TRUE","FALSE","FALSE","LEADING","LEADING (V-Shape)","1.45","1.45","EXPANSION","100","0","46.05","10.62","15.8","18.51","1262.53","1296.74","1352.63","7300","5035","4550","Supertrend bullish | RSI 46.0 lemah | Volume valid 1.45x | Lolos anti-crash ADX | RISEN SIDEWAYS","Full Grid (1-2-3-4)","100000000","1250","1215","1205","1195","0.1","0.2","0.3","0.4","80","164","248","334","826","99723000","277000","1207.3","1207.29","1170","1370","1505","1505","6.4","3.09","20.4","24.66","3.19","7.98"
"BSSR","2026-05-22","2026-05-22","558","FULL","3960","2.0618556701030926","V-SHAPE","V-SHAPE","reversal","TRUE","","V-SHAPE","2026-05-22","","NEW","0","DOWNTREND","BEARISH","BEARISH","BEARISH","STRUCTURE + DISCOUNT","NORMAL DOWNTREND","35.69","TRUE","FALSE","FALSE","LEADING","LEADING (V-Shape)","1.41","1.41","EXPANSION","73.33","26.67","44.48","18.04","17.07","23.34","3988.58","3993.22","3992.8","607700","432300","4550","Supertrend bearish | RSI 44.5 lemah | Volume valid 1.41x | Lolos anti-crash ADX | RISEN NORMAL DOWNTREND","Full Grid (1-2-3-4)","100000000","3960","3880","3850","3830","0.1","0.2","0.3","0.4","25","51","77","104","257","99165000","835000","3858.56","3858.63","3780","4230","4650","4650","4.55","2.04","17.42","20.51","3.83","10.07"
"CLEO","2026-05-22","2026-05-22","558","FULL","392","1.5544041450777202","V-SHAPE","V-SHAPE","reversal","TRUE","","V-SHAPE","2026-05-22","","NEW","0","DOWNTREND","BEARISH","BEARISH","BEARISH","DOWNTREND DISCOUNT","SIDEWAYS","64.49","TRUE","FALSE","TRUE","LEADING","LEADING (V-Shape)","1.8","1.8","EXPANSION","100","0","44.56","16.39","17.86","27.73","396.49","403.15","534.87","8693800","4823595","4550","Supertrend bearish | RSI 44.6 lemah | Volume valid 1.8x | Lolos anti-crash ADX | RISEN SIDEWAYS","Full Grid (1-2-3-4)","100000000","392","384","382","380","0.1","0.2","0.3","0.4","255","520","785","1052","2612","99927000","73000","382.57","382.57","374","420","462","462","4.59","2.24","17.86","20.76","3.89","9.27"
"DEWI","2026-05-22","2026-05-22","558","FULL","122","1.6666666666666667","V-SHAPE","V-SHAPE","reversal","TRUE","","V-SHAPE","2026-05-22","","NEW","0","DOWNTREND","BEARISH","BEARISH","BEARISH","STRUCTURE + DISCOUNT","SIDEWAYS","69.9","TRUE","FALSE","FALSE","LEADING","LEADING (V-Shape)","1.42","1.42","EXPANSION","100","0","44.15","13.67","13.96","22.37","125.23","127.54","125.42","72724800","51091960","4550","Supertrend bearish | RSI 44.1 lemah | Volume valid 1.42x | Lolos anti-crash ADX | RISEN SIDEWAYS","Full Grid (1-2-3-4)","100000000","122","118","117","116","0.1","0.2","0.3","0.4","819","1694","2564","3448","8525","99976600","23400","117.27","117.28","113","136","150","150","7.38","3.64","22.95","27.9","3.11","7.66"
"MSTI","2026-05-22","2026-05-22","558","FULL","1380","0.7299270072992701","V-SHAPE","V-SHAPE","reversal","TRUE","","V-SHAPE","2026-05-22","","NEW","0","UPTREND","BEARISH","BEARISH","BEARISH","STRUCTURE + DISCOUNT","SIDEWAYS","63.18","TRUE","FALSE","FALSE","LEADING","LEADING (V-Shape)","1.33","1.33","EXPANSION","100","0","48.3","13.3","15.02","18.77","1385.17","1384.57","1420.45","1840300","1381910","4550","Supertrend bullish | RSI 48.3 lemah | Volume valid 1.33x | Lolos anti-crash ADX | RISEN SIDEWAYS","Full Grid (1-2-3-4)","100000000","1380","1360","1350","1345","0.1","0.2","0.3","0.4","72","147","222","297","738","99844500","155500","1352.91","1352.92","1330","1455","1600","1600","3.62","1.69","15.94","18.26","4.4","10.79"
"RSCH","2026-05-22","2026-05-22","558","FULL","260","1.5625","V-SHAPE","V-SHAPE","reversal","TRUE","","V-SHAPE","2026-05-22","","NEW","0","DOWNTREND","BEARISH","BEARISH","BEARISH","STRUCTURE + DISCOUNT","NORMAL DOWNTREND","31.52","TRUE","FALSE","FALSE","LEADING","LEADING (V-Shape)","1.9","1.9","EXPANSION","36.36","63.64","38.67","12.43","13.9","15.17","281.81","311","356.86","43680500","23010605","4550","Supertrend bearish | RSI 38.7 lemah | Volume valid 1.9x | Lolos anti-crash ADX | RISEN NORMAL DOWNTREND","Full Grid (1-2-3-4)","100000000","260","254","252","250","0.1","0.2","0.3","0.4","384","787","1190","1600","3961","99961800","38200","252.37","252.37","244","284","312","312","6.15","3.31","20","23.63","3.25","7.13"
"TFAS","2026-05-22","2026-05-22","558","FULL","212","0.9523809523809524","V-SHAPE","V-SHAPE","reversal","TRUE","","V-SHAPE","2026-05-22","","NEW","0","DOWNTREND","BEARISH","BEARISH","BEARISH","STRUCTURE + DISCOUNT","SIDEWAYS","75","TRUE","FALSE","TRUE","LEADING","LEADING (V-Shape)","1.79","1.79","EXPANSION","75","25","43.57","20.28","18","14.19","217.92","223.4","220.11","862200","481485","4550","Supertrend bearish | RSI 43.6 lemah | Volume valid 1.79x | Lolos anti-crash ADX | RISEN SIDEWAYS","Full Grid (1-2-3-4)","100000000","212","206","204","202","0.1","0.2","0.3","0.4","471","970","1470","1980","4891","99951200","48800","204.36","204.36","196","236","256","256","7.55","4.09","20.75","25.27","2.75","6.18"
"TINS","2026-05-22","2026-05-22","558","FULL","3580","14.376996805111823","V-SHAPE","V-SHAPE","reversal","TRUE","","V-SHAPE","2026-05-22","","NEW","0","DOWNTREND","BULLISH","BEARISH","BULLISH","DEMAND STRUCTURE","NORMAL UPTREND","17.95","TRUE","TRUE","FALSE","LEADING","LEADING (V-Shape)","1.69","1.69","EXPANSION","82.35","17.65","50.35","20.28","24.26","29.16","3534.07","3596.22","2956.53","144854400","85666490","4550","Supertrend bearish | RSI 50.4 > 50 | Volume valid 1.69x | Lolos anti-crash ADX | RISEN NORMAL UPTREND","Full Grid (1-2-3-4)","100000000","3580","3200","3110","2980","0.1","0.2","0.3","0.4","27","62","96","134","319","99294000","706000","3112.66","3114.06","2760","4810","6050","6050","22.91","11.33","68.99","94.37","3.01","8.33"
"TOSK","2026-05-22","2026-05-22","534","FULL","57","7.547169811320755","V-SHAPE","V-SHAPE","reversal","TRUE","","V-SHAPE","2026-05-22","","NEW","0","DOWNTREND","BEARISH","BEARISH","BEARISH","STRUCTURE + DISCOUNT","NORMAL DOWNTREND","59.64","TRUE","FALSE","FALSE","LEADING","LEADING (V-Shape)","1.31","1.31","EXPANSION","70","30","38.75","14.09","13.3","22.88","61.59","64.21","66.43","40216200","30628140","4550","Supertrend bearish | RSI 38.8 lemah | Volume valid 1.31x | Lolos anti-crash ADX | RISEN NORMAL DOWNTREND","Full Grid (1-2-3-4)","100000000","57","54","53","51","0.1","0.2","0.3","0.4","1754","3703","5660","7843","18960","99991300","8700","52.74","52.74","49","69","81","81","14.04","7.09","42.11","53.59","3","7.56"
"HRTA","2026-05-22","2026-05-22","558","FULL","2330","9.389671361502346","V-SHAPE","V-SHAPE","reversal","TRUE","","V-SHAPE","2026-05-22","","NEW","0","DOWNTREND","BEARISH","BEARISH","BULLISH","DEMAND STRUCTURE","NORMAL UPTREND","15.85","TRUE","TRUE","FALSE","IMPROVING","IMPROVING (V-Shape)","1.41","1.41","EXPANSION","92.31","7.69","40.2","26.19","15.16","34.44","2541.17","2569.48","1940.17","25506000","18083450","4500","Supertrend bearish | RSI 40.2 lemah | Volume valid 1.41x | Lolos anti-crash ADX | RISEN NORMAL UPTREND","Full Grid (1-2-3-4)","100000000","2330","2180","2140","2090","0.1","0.2","0.3","0.4","42","91","140","191","464","99503000","497000","2144.46","2144.84","1995","2830","3340","3340","14.38","6.97","43.35","55.75","3.01","8"
"CBRE","2026-05-22","2026-05-22","558","FULL","865","24.46043165467626","V-SHAPE","V-SHAPE","reversal","TRUE","","V-SHAPE","2026-05-22","","NEW","0","DOWNTREND","BEARISH","BEARISH","BULLISH","STRUCTURE + DISCOUNT","SIDEWAYS","24.62","TRUE","FALSE","FALSE","WEAKENING","WEAKENING (V-Shape)","2.3","2.3","VOLUME SURGE","100","0","48.69","22.86","11.01","27.55","883.71","882.27","773.21","80546500","35093835","4470","Supertrend bearish | RSI 48.7 lemah | Volume valid 2.3x | Lolos anti-crash ADX | RISEN SIDEWAYS","Full Grid (1-2-3-4)","100000000","865","745","715","675","0.1","0.2","0.3","0.4","115","268","419","592","1394","99832000","168000","716.15","716.21","605","1255","1645","1645","30.06","15.52","90.17","129.7","3","8.36"
"INTA","2026-05-22","2026-05-22","558","FULL","71","9.230769230769232","V-SHAPE","V-SHAPE","reversal","TRUE","","V-SHAPE","2026-05-22","","NEW","0","DOWNTREND","BEARISH","BEARISH","BEARISH","STRUCTURE + DISCOUNT","SIDEWAYS","72.21","TRUE","FALSE","TRUE","LAGGING","LAGGARD (V-Shape)","2.21","2.21","VOLUME SURGE","100","0","44.06","16.71","18.32","40","75.21","80.71","72.17","2092700","946540","4470","Supertrend bearish | RSI 44.1 lemah | Volume valid 2.21x | Lolos anti-crash ADX | RISEN SIDEWAYS","Full Grid (1-2-3-4)","100000000","71","65","64","62","0.1","0.2","0.3","0.4","1408","3076","4687","6451","15622","99983800","16200","64","64","58","91","110","110","18.31","9.38","54.93","71.87","3","7.66"
"ANTM","2026-05-22","2026-05-22","558","FULL","3090","4.040404040404041","V-SHAPE","V-SHAPE","reversal","TRUE","","V-SHAPE","2026-05-22","","NEW","0","DOWNTREND","BEARISH","BEARISH","BEARISH","STRUCTURE + DISCOUNT","SIDEWAYS","14.34","TRUE","FALSE","FALSE","LAGGING","LAGGARD (V-Shape)","1.42","1.42","EXPANSION","75","25","33.29","29.29","9.45","31.65","3516.46","3690.29","3413.53","223541100","157601110","4450","Supertrend bearish | RSI 33.3 lemah | Volume valid 1.42x | Lolos anti-crash ADX | RISEN SIDEWAYS","Full Grid (1-2-3-4)","100000000","3090","3000","2980","2950","0.1","0.2","0.3","0.4","32","66","100","135","333","99313000","687000","2982.37","2982.46","2870","3420","3760","3760","7.12","3.77","21.68","26.07","3.05","6.92"
"BUMI","2026-05-22","2026-05-22","558","FULL","185","12.804878048780488","V-SHAPE","V-SHAPE","reversal","TRUE","","V-SHAPE","2026-05-22","","NEW","0","DOWNTREND","BEARISH","BEARISH","BEARISH","STRUCTURE + DISCOUNT","NORMAL DOWNTREND","20.84","TRUE","FALSE","FALSE","LAGGING","LAGGARD (V-Shape)","1.74","1.74","EXPANSION","96.15","3.85","36.49","21.28","13.92","32.59","210.25","229.71","220.32","6616733300","3795856775","4450","Supertrend bearish | RSI 36.5 lemah | Volume valid 1.74x | Lolos anti-crash ADX | RISEN NORMAL DOWNTREND","Full Grid (1-2-3-4)","100000000","185","171","168","163","0.1","0.2","0.3","0.4","540","1169","1785","2453","5947","99951800","48200","168.07","168.07","154","244","250","250","16.76","8.37","35.14","48.75","2.1","5.82"
"DEWA","2026-05-22","2026-05-22","558","FULL","378","13.17365269461078","V-SHAPE","V-SHAPE","reversal","TRUE","","V-SHAPE","2026-05-22","","NEW","0","DOWNTREND","BEARISH","BEARISH","BEARISH","DOWNTREND DISCOUNT","SIDEWAYS","4.48","TRUE","FALSE","FALSE","LAGGING","LAGGARD (V-Shape)","1.89","1.89","EXPANSION","74.36","25.64","35.16","26.18","12.5","34.16","454.37","484.72","428.8","1219258700","645618540","4450","Supertrend bearish | RSI 35.2 lemah | Volume valid 1.89x | Lolos anti-crash ADX | RISEN SIDEWAYS","Full Grid (1-2-3-4)","100000000","378","350","342","332","0.1","0.2","0.3","0.4","264","571","877","1204","2916","99930400","69600","342.7","342.7","312","478","575","575","17.46","8.96","52.12","67.79","2.98","7.57"
"FOLK","2026-05-22","2026-05-22","558","FULL","234","9.345794392523365","V-SHAPE","V-SHAPE","reversal","TRUE","","V-SHAPE","2026-05-22","","NEW","0","DOWNTREND","BEARISH","BEARISH","BEARISH","DOWNTREND DISCOUNT","NORMAL DOWNTREND","62.32","TRUE","FALSE","FALSE","LAGGING","LAGGARD (V-Shape)","1.32","1.32","EXPANSION","85.19","14.81","27.68","22.81","11.54","35.85","310.33","371.78","354.21","4342100","3283875","4450","Supertrend bearish | RSI 27.7 lemah | Volume valid 1.32x | Lolos anti-crash ADX | RISEN NORMAL DOWNTREND","Full Grid (1-2-3-4)","100000000","234","212","206","198","0.1","0.2","0.3","0.4","427","943","1456","2020","4846","99973000","27000","206.3","206.3","181","314","348","348","22.65","12.26","48.72","68.69","2.15","5.6"
"IBFN","2026-05-22","2026-05-22","558","FULL","62","8.771929824561402","V-SHAPE","V-SHAPE","reversal","TRUE","","V-SHAPE","2026-05-22","","NEW","0","DOWNTREND","BEARISH","BEARISH","BEARISH","DOWNTREND DISCOUNT","NORMAL UPTREND","18.97","TRUE","TRUE","FALSE","LAGGING","LAGGARD (V-Shape)","1.36","1.36","EXPANSION","100","0","37.32","24.89","15.28","48.38","75.75","84.69","79.73","1358700","998150","4450","Supertrend bearish | RSI 37.3 lemah | Volume valid 1.36x | Lolos anti-crash ADX | RISEN NORMAL UPTREND","Full Grid (1-2-3-4)","100000000","62","57","56","54","0.1","0.2","0.3","0.4","1612","3508","5357","7407","17884","99987000","13000","55.91","55.91","51","79","90","90","17.74","8.78","45.16","60.98","2.55","6.95"
"MARK","2026-05-22","2026-05-22","558","FULL","810","1.8867924528301887","V-SHAPE","V-SHAPE","reversal","TRUE","","V-SHAPE","2026-05-22","","NEW","0","DOWNTREND","BEARISH","NEUTRAL","BULLISH","DEMAND STRUCTURE","NORMAL UPTREND","28.57","TRUE","TRUE","FALSE","LAGGING","LAGGARD (V-Shape)","1.63","1.63","EXPANSION","100","0","47.85","18.36","14.32","22.33","820.2","810.97","787.44","24391000","14977260","4450","Supertrend bearish | RSI 47.9 lemah | Volume valid 1.63x | Lolos anti-crash ADX | RISEN NORMAL UPTREND","Full Grid (1-2-3-4)","100000000","810","785","780","770","0.1","0.2","0.3","0.4","123","254","384","519","1280","99817000","183000","779.82","779.83","755","895","985","985","6.79","3.18","21.6","26.31","3.18","8.27"
"NCKL","2026-05-22","2026-05-22","558","FULL","855","4.9079754601226995","V-SHAPE","V-SHAPE","reversal","TRUE","","V-SHAPE","2026-05-22","","NEW","0","DOWNTREND","BEARISH","BEARISH","BEARISH","DOWNTREND DISCOUNT","NORMAL DOWNTREND","26.78","TRUE","FALSE","FALSE","LAGGING","LAGGARD (V-Shape)","1.3","1.3","EXPANSION","94.12","5.88","32.33","27.14","11.96","33.29","1003.67","1103.57","1105.88","94731600","72671255","4450","Supertrend bearish | RSI 32.3 lemah | Volume valid 1.3x | Lolos anti-crash ADX | RISEN NORMAL DOWNTREND","Full Grid (1-2-3-4)","100000000","855","815","805","790","0.1","0.2","0.3","0.4","116","245","372","506","1239","99805500","194500","805.53","805.57","760","1000","1140","1140","11.11","5.65","33.33","41.52","3","7.35"
"PSAB","2026-05-22","2026-05-22","558","FULL","426","14.516129032258066","V-SHAPE","V-SHAPE","reversal","TRUE","","V-SHAPE","2026-05-22","","NEW","0","DOWNTREND","BEARISH","BEARISH","BEARISH","DOWNTREND DISCOUNT","NORMAL DOWNTREND","11.32","TRUE","FALSE","FALSE","LAGGING","LAGGARD (V-Shape)","1.48","1.48","EXPANSION","100","0","38.61","22.15","16.77","35.02","485.12","511.42","505.93","110834100","75081100","4450","Supertrend bearish | RSI 38.6 lemah | Volume valid 1.48x | Lolos anti-crash ADX | RISEN NORMAL DOWNTREND","Full Grid (1-2-3-4)","100000000","426","394","386","374","0.1","0.2","0.3","0.4","234","507","777","1069","2587","99917000","83000","386.23","386.24","352","535","650","650","17.37","8.86","52.58","68.29","3.03","7.71"
"RAJA","2026-05-22","2026-05-22","558","FULL","3420","13.621262458471762","V-SHAPE","V-SHAPE","reversal","TRUE","","V-SHAPE","2026-05-22","","NEW","0","DOWNTREND","BEARISH","BEARISH","BEARISH","DOWNTREND DISCOUNT","NORMAL DOWNTREND","14.86","TRUE","FALSE","FALSE","LAGGING","LAGGARD (V-Shape)","1.32","1.32","EXPANSION","98.39","1.61","37.65","18.97","13.41","34.62","4022.88","4235.31","4212.45","38476900","29083190","4450","Supertrend bearish | RSI 37.6 lemah | Volume valid 1.32x | Lolos anti-crash ADX | RISEN NORMAL DOWNTREND","Full Grid (1-2-3-4)","100000000","3420","3120","3040","2940","0.1","0.2","0.3","0.4","29","64","98","136","327","99662000","338000","3047.77","3048.03","2730","4460","5500","5500","20.18","10.43","60.82","80.46","3.01","7.72"
"SINI","2026-05-22","2026-05-22","558","FULL","9300","9.734513274336283","V-SHAPE","V-SHAPE","reversal","TRUE","","V-SHAPE","2026-05-22","","NEW","0","DOWNTREND","BEARISH","BEARISH","BEARISH","DOWNTREND DISCOUNT","NORMAL UPTREND","13.82","TRUE","TRUE","FALSE","LAGGING","LAGGARD (V-Shape)","1.74","1.74","EXPANSION","100","0","32.09","24.98","19.74","51.34","12103.81","12812.64","10283.58","2040400","1171045","4450","Supertrend bearish | RSI 32.1 lemah | Volume valid 1.74x | Lolos anti-crash ADX | RISEN NORMAL UPTREND","Full Grid (1-2-3-4)","100000000","9300","8775","8650","8475","0.1","0.2","0.3","0.4","10","22","34","47","113","97847500","2152500","8659.07","8663.68","8075","11150","12975","12975","13.17","6.75","39.52","49.84","3","7.39"
"TBLA","2026-05-22","2026-05-22","558","FULL","635","1.6","V-SHAPE","V-SHAPE","reversal","TRUE","","V-SHAPE","2026-05-22","","NEW","0","DOWNTREND","BEARISH","BEARISH","BEARISH","STRUCTURE + DISCOUNT","NORMAL DOWNTREND","10.4","TRUE","FALSE","FALSE","LAGGING","LAGGARD (V-Shape)","1.42","1.42","EXPANSION","100","0","29.13","29.01","8.74","33.61","690.6","695.32","697.25","5607700","3954420","4450","Supertrend bearish | RSI 29.1 lemah | Volume valid 1.42x | Lolos anti-crash ADX | RISEN NORMAL DOWNTREND","Full Grid (1-2-3-4)","100000000","635","620","615","605","0.1","0.2","0.3","0.4","157","322","487","661","1627","99874500","125500","613.86","613.86","595","695","765","765","6.3","3.07","20.47","24.62","3.25","8.02"
"TRIS","2026-05-22","2026-05-22","558","FULL","170","1.1904761904761905","V-SHAPE","V-SHAPE","reversal","TRUE","","V-SHAPE","2026-05-22","","NEW","0","DOWNTREND","BEARISH","BEARISH","BEARISH","DOWNTREND DISCOUNT","SIDEWAYS","67.28","TRUE","FALSE","FALSE","LAGGING","LAGGARD (V-Shape)","1.62","1.62","EXPANSION","50","50","36.73","18.55","17.44","20.36","178.93","182.05","185.07","1869400","1154910","4450","Supertrend bearish | RSI 36.7 lemah | Volume valid 1.62x | Lolos anti-crash ADX | RISEN SIDEWAYS","Full Grid (1-2-3-4)","100000000","170","166","165","164","0.1","0.2","0.3","0.4","588","1204","1818","2439","6049","99979000","21000","165.28","165.28","160","185","204","204","5.88","3.2","20","23.43","3.4","7.33"
"AMIN","2026-05-22","2026-05-22","558","FULL","252","10.526315789473683","EARLY SWEEP","EARLY SWEEP","reversal","TRUE","","EARLY SWEEP","2026-05-22","","NEW","0","DOWNTREND","BULLISH","BULLISH","BULLISH","DEMAND STRUCTURE","NORMAL UPTREND","33.42","TRUE","TRUE","FALSE","LEADING","LEADING (Early)","0.17","0.17","DRY / QUIET","80","20","52.01","24.04","26.93","22.6","247.64","247.71","234.61","244400","1441635","4100","Supertrend bearish | RSI 52.0 > 50 | Volume 0.17x | Lolos anti-crash ADX | RISEN NORMAL UPTREND","Full Grid (1-2-3-4)","100000000","258","238","232","224","0.1","0.2","0.3","0.4","387","840","1293","1785","4305","99958200","41800","232.19","232.19","214","324","390","390","17.05","7.83","51.16","67.97","3","8.68"
"BBTN","2026-05-22","2026-05-22","558","FULL","1285","0.7843137254901961","EARLY SWEEP","EARLY SWEEP","reversal","TRUE","","EARLY SWEEP","2026-05-22","","NEW","0","DOWNTREND","BEARISH","BEARISH","BULLISH","DEMAND STRUCTURE","SIDEWAYS","52.6","TRUE","FALSE","FALSE","LEADING","LEADING (Early)","0.2","0.2","DRY / QUIET","90","10","43.57","16.26","18.73","25.51","1330.78","1321.73","1256.26","6748400","33943005","4100","Supertrend bearish | RSI 43.6 lemah | Volume 0.2x | Lolos anti-crash ADX | RISEN SIDEWAYS","Full Grid (1-2-3-4)","100000000","1490","1360","1330","1285","0.1","0.2","0.3","0.4","67","147","225","311","750","99863500","136500","1331.51","1331.52","1220","1895","2300","2300","18.12","8.37","54.36","72.74","3","8.68"
"CAKK","2026-05-22","2026-05-22","558","FULL","149","6.428571428571428","EARLY SWEEP","EARLY SWEEP","reversal","TRUE","","EARLY SWEEP","2026-05-22","","NEW","0","DOWNTREND","BEARISH","BEARISH","BEARISH","STRUCTURE + DISCOUNT","NORMAL DOWNTREND","34.82","TRUE","FALSE","FALSE","LEADING","LEADING (Early)","1.12","1.12","NORMAL","100","0","40.43","15.59","12.83","23.95","158.29","162.89","164.16","451500","402365","4100","Supertrend bearish | RSI 40.4 lemah | Volume 1.12x | Lolos anti-crash ADX | RISEN NORMAL DOWNTREND","Full Grid (1-2-3-4)","100000000","158","153","152","150","0.1","0.2","0.3","0.4","632","1307","1973","2666","6578","99962300","37700","151.96","151.97","147","175","193","193","6.96","3.27","22.15","27","3.18","8.27"
"DGWG","2026-05-22","2026-05-22","318","FULL","334","2.4539877300613497","EARLY SWEEP","EARLY SWEEP","reversal","TRUE","","EARLY SWEEP","2026-05-22","","NEW","0","DOWNTREND","BEARISH","BEARISH","BEARISH","STRUCTURE + DISCOUNT","NORMAL DOWNTREND","51.78","TRUE","FALSE","FALSE","LEADING","LEADING (Early)","1.08","1.08","NORMAL","75","25","37.47","15.96","14.56","27.08","360.43","375.34","389.15","12519800","11645760","4100","Supertrend bearish | RSI 37.5 lemah | Volume 1.08x | Lolos anti-crash ADX | RISEN NORMAL DOWNTREND","Full Grid (1-2-3-4)","100000000","468","392","374","348","0.1","0.2","0.3","0.4","213","510","802","1149","2674","99940400","59600","373.75","373.77","312","700","935","935","33.33","16.52","99.79","150.17","2.99","9.09"
"DMND","2026-05-22","2026-05-22","558","FULL","625","3.3057851239669422","EARLY SWEEP","EARLY SWEEP","reversal","TRUE","","EARLY SWEEP","2026-05-22","","NEW","0","DOWNTREND","BEARISH","BEARISH","BEARISH","STRUCTURE + DISCOUNT","SIDEWAYS","100","TRUE","FALSE","FALSE","LEADING","LEADING (Early)","0.27","0.27","DRY / QUIET","100","0","44.31","13.99","13.31","24.82","631.72","652.22","672.78","10900","40635","4100","Supertrend bearish | RSI 44.3 lemah | Volume 0.27x | Lolos anti-crash ADX | RISEN SIDEWAYS","Full Grid (1-2-3-4)","100000000","740","670","650","625","0.1","0.2","0.3","0.4","135","298","461","640","1534","99921000","79000","651.38","651.39","590","965","1190","1190","20.27","9.42","60.81","82.69","3","8.78"
"ERAL","2026-05-22","2026-05-22","558","FULL","294","2.083333333333333","EARLY SWEEP","EARLY SWEEP","reversal","TRUE","","EARLY SWEEP","2026-05-22","","NEW","0","DOWNTREND","BEARISH","BEARISH","BEARISH","STRUCTURE + DISCOUNT","NORMAL DOWNTREND","55.95","TRUE","FALSE","FALSE","LEADING","LEADING (Early)","0.64","0.64","DRY / QUIET","100","0","39.37","12.45","19.05","20.95","302.2","312.9","317.94","5937900","9279890","4100","Supertrend bearish | RSI 39.4 lemah | Volume 0.64x | Lolos anti-crash ADX | RISEN NORMAL DOWNTREND","Full Grid (1-2-3-4)","100000000","390","352","344","330","0.1","0.2","0.3","0.4","256","568","872","1212","2908","99970400","29600","343.78","343.78","310","510","630","630","20.51","9.83","61.54","83.26","3","8.47"
"GEMA","2026-05-22","2026-05-22","558","FULL","86","3.614457831325301","EARLY SWEEP","EARLY SWEEP","reversal","TRUE","","EARLY SWEEP","2026-05-22","","NEW","0","DOWNTREND","BEARISH","BEARISH","BEARISH","STRUCTURE + DISCOUNT","NORMAL DOWNTREND","74.66","TRUE","FALSE","FALSE","LEADING","LEADING (Early)","1.55","1.55","EXPANSION","100","0","44.42","14.88","16.14","19.6","87.35","88.99","102.76","3970300","2559275","4100","Supertrend bearish | RSI 44.4 lemah | Volume valid 1.55x | Lolos anti-crash ADX | RISEN NORMAL DOWNTREND","Full Grid (1-2-3-4)","100000000","89","87","87","86","0.1","0.2","0.3","0.4","1123","2298","3448","4651","11520","99983500","16500","86.79","86.79","84","97","98","98","5.62","3.22","10.11","12.91","1.8","4.02"
"ICBP","2026-05-22","2026-05-22","558","FULL","6825","2.247191011235955","EARLY SWEEP","EARLY SWEEP","reversal","TRUE","","EARLY SWEEP","2026-05-22","","NEW","0","DOWNTREND","BEARISH","BEARISH","BEARISH","STRUCTURE + DISCOUNT","NORMAL DOWNTREND","59.91","TRUE","FALSE","FALSE","LEADING","LEADING (Early)","0.78","0.78","DRY / QUIET","66.67","33.33","44.31","24.33","18.19","20.45","6915.19","7172.53","8294.17","5072300","6483500","4100","Supertrend bearish | RSI 44.3 lemah | Volume 0.78x | Lolos anti-crash ADX | RISEN NORMAL DOWNTREND","Full Grid (1-2-3-4)","100000000","8375","7800","7675","7475","0.1","0.2","0.3","0.4","11","25","39","53","128","98262500","1737500","7676.76","7681.61","7175","10175","11975","11975","14.33","6.54","42.99","55.99","3","8.57"
"IKBI","2026-05-22","2026-05-22","558","FULL","540","4.854368932038835","EARLY SWEEP","EARLY SWEEP","reversal","TRUE","","EARLY SWEEP","2026-05-22","","NEW","0","DOWNTREND","BEARISH","BEARISH","BULLISH","DEMAND STRUCTURE","SIDEWAYS","58.49","TRUE","FALSE","FALSE","LEADING","LEADING (Early)","1.11","1.11","NORMAL","100","0","47.63","20.7","14.96","13.85","544.06","548.32","521.96","55600","50160","4100","Supertrend bearish | RSI 47.6 lemah | Volume 1.11x | Lolos anti-crash ADX | RISEN SIDEWAYS","Full Grid (1-2-3-4)","100000000","550","525","520","510","0.1","0.2","0.3","0.4","181","380","576","784","1921","99841000","159000","519.73","519.75","498","630","705","705","9.45","4.18","28.18","35.65","2.98","8.52"
"IPOL","2026-05-22","2026-05-22","558","FULL","119","1.7094017094017095","EARLY SWEEP","EARLY SWEEP","reversal","TRUE","","EARLY SWEEP","2026-05-22","","NEW","0","DOWNTREND","BEARISH","BEARISH","BEARISH","STRUCTURE + DISCOUNT","SIDEWAYS","25","TRUE","FALSE","FALSE","LEADING","LEADING (Early)","0.1","0.1","DRY / QUIET","71.43","28.57","45.98","48.28","28.79","10.71","122.16","122.3","125.64","1291200","13188065","4100","Supertrend bearish | RSI 46.0 lemah | Volume 0.1x | Lolos anti-crash ADX | RISEN SIDEWAYS","Full Grid (1-2-3-4)","100000000","139","121","117","111","0.1","0.2","0.3","0.4","719","1652","2564","3603","8538","99975400","24600","117.09","117.1","101","196","254","254","27.34","13.74","82.73","116.92","3.03","8.51"
"MDKI","2026-05-22","2026-05-22","558","FULL","191","3.2432432432432434","EARLY SWEEP","EARLY SWEEP","reversal","TRUE","","EARLY SWEEP","2026-05-22","","NEW","0","DOWNTREND","BEARISH","BEARISH","BEARISH","STRUCTURE + DISCOUNT","SIDEWAYS","38.14","TRUE","FALSE","FALSE","LEADING","LEADING (Early)","1.99","1.99","EXPANSION","78.57","21.43","48.23","16.59","12.95","20.26","191.76","194.48","192.08","1002500","503495","4100","Supertrend bearish | RSI 48.2 lemah | Volume valid 1.99x | Lolos anti-crash ADX | RISEN SIDEWAYS","Full Grid (1-2-3-4)","100000000","197","191","190","188","0.1","0.2","0.3","0.4","507","1047","1578","2127","5259","99955200","44800","190.07","190.07","184","216","238","238","6.6","3.19","20.81","25.22","3.15","7.9"
"MUTU","2026-05-22","2026-05-22","558","FULL","108","5.88235294117647","EARLY SWEEP","EARLY SWEEP","reversal","TRUE","","EARLY SWEEP","2026-05-22","","NEW","0","DOWNTREND","BULLISH","BULLISH","BULLISH","STRUCTURE + DISCOUNT","SIDEWAYS","44.42","TRUE","FALSE","FALSE","LEADING","LEADING (Early)","1.4","1.4","EXPANSION","66.67","33.33","54.14","24.21","25.57","13.56","105.66","106.03","106.19","3980400","2844575","4100","Supertrend bearish | RSI 54.1 > 50 | Volume valid 1.4x | Lolos anti-crash ADX | RISEN SIDEWAYS","Full Grid (1-2-3-4)","100000000","137","119","114","108","0.1","0.2","0.3","0.4","729","1680","2631","3703","8743","99965100","34900","114.34","114.34","98","196","254","254","28.47","14.29","85.4","122.15","3","8.55"
"NISP","2026-05-22","2026-05-22","558","FULL","1300","0.3861003861003861","EARLY SWEEP","EARLY SWEEP","reversal","TRUE","","EARLY SWEEP","2026-05-22","","NEW","0","DOWNTREND","BEARISH","BEARISH","BEARISH","DOWNTREND DISCOUNT","NORMAL DOWNTREND","25","TRUE","FALSE","FALSE","LEADING","LEADING (Early)","0.7","0.7","DRY / QUIET","100","0","36.35","19.89","18.56","23.55","1338.88","1381.3","1393.73","4234000","6017150","4100","Supertrend bearish | RSI 36.4 lemah | Volume 0.7x | Lolos anti-crash ADX | RISEN NORMAL DOWNTREND","Full Grid (1-2-3-4)","100000000","1505","1465","1455","1440","0.1","0.2","0.3","0.4","66","136","206","277","685","99718000","282000","1455.74","1455.76","1420","1635","1800","1800","5.65","2.45","19.6","23.65","3.47","9.63"
"PRAY","2026-05-22","2026-05-22","558","FULL","735","0","EARLY SWEEP","EARLY SWEEP","reversal","TRUE","","EARLY SWEEP","2026-05-22","","NEW","0","UPTREND","BEARISH","BEARISH","BEARISH","STRUCTURE + DISCOUNT","NORMAL DOWNTREND","67.76","TRUE","FALSE","FALSE","LEADING","LEADING (Early)","0.12","0.12","DRY / QUIET","100","0","47.25","37.49","25.51","12.87","740.97","750.55","751.14","7800","67600","4100","Supertrend bullish | RSI 47.3 lemah | Volume 0.12x | Lolos anti-crash ADX | RISEN NORMAL DOWNTREND","Full Grid (1-2-3-4)","100000000","880","825","810","795","0.1","0.2","0.3","0.4","113","242","370","503","1228","99867500","132500","813.25","813.29","760","1060","1240","1240","13.64","6.55","40.91","52.47","3","8.01"
"PUDP","2026-05-22","2026-05-22","558","FULL","326","10.884353741496598","EARLY SWEEP","EARLY SWEEP","reversal","TRUE","","EARLY SWEEP","2026-05-22","","NEW","0","DOWNTREND","BEARISH","BEARISH","BEARISH","STRUCTURE + DISCOUNT","SIDEWAYS","29.06","TRUE","FALSE","FALSE","LEADING","LEADING (Early)","0.33","0.33","DRY / QUIET","93.33","6.67","48.81","15.37","17.18","23.33","326.74","355.13","454.2","247400","745625","4100","Supertrend bearish | RSI 48.8 lemah | Volume 0.33x | Lolos anti-crash ADX | RISEN SIDEWAYS","Full Grid (1-2-3-4)","100000000","348","324","318","310","0.1","0.2","0.3","0.4","287","617","943","1290","3137","99955800","44200","318.64","318.64","294","430","510","510","15.52","7.73","46.55","60.06","3","7.77"
"VINS","2026-05-22","2026-05-22","558","FULL","149","8.75912408759124","EARLY SWEEP","EARLY SWEEP","reversal","TRUE","","EARLY SWEEP","2026-05-22","","NEW","0","DOWNTREND","BEARISH","BEARISH","BEARISH","STRUCTURE + DISCOUNT","NORMAL DOWNTREND","71.91","TRUE","FALSE","FALSE","LEADING","LEADING (Early)","0.29","0.29","DRY / QUIET","93.33","6.67","41.14","16.52","15.52","23.5","158.13","165.41","159.91","122100","420565","4100","Supertrend bearish | RSI 41.1 lemah | Volume 0.29x | Lolos anti-crash ADX | RISEN NORMAL DOWNTREND","Full Grid (1-2-3-4)","100000000","232","188","178","163","0.1","0.2","0.3","0.4","431","1063","1685","2453","5632","99960500","39500","177.49","177.49","140","370","510","510","39.66","21.12","119.83","187.35","3.02","8.87"
"PART","2026-05-22","2026-05-22","448","FULL","102","14.606741573033707","EARLY SWEEP","EARLY SWEEP","reversal","TRUE","","EARLY SWEEP","2026-05-22","","NEW","0","DOWNTREND","BEARISH","BEARISH","BEARISH","DOWNTREND DISCOUNT","NORMAL DOWNTREND","49.77","TRUE","FALSE","FALSE","IMPROVING","IMPROVING (Early)","0.67","0.67","DRY / QUIET","100","0","41.13","16.44","15.61","28.44","111.1","119.13","121.38","12519600","18711550","4050","Supertrend bearish | RSI 41.1 lemah | Volume 0.67x | Lolos anti-crash ADX | RISEN NORMAL DOWNTREND","Full Grid (1-2-3-4)","100000000","180","139","129","116","0.1","0.2","0.3","0.4","555","1438","2325","3448","7766","99967500","32500","128.72","128.73","96","306","432","432","46.67","25.42","140","235.6","3","9.27"
"INDR","2026-05-22","2026-05-22","558","FULL","2230","1.82648401826484","EARLY SWEEP","EARLY SWEEP","reversal","TRUE","","EARLY SWEEP","2026-05-22","","NEW","0","DOWNTREND","BEARISH","BEARISH","BEARISH","STRUCTURE + DISCOUNT","NORMAL DOWNTREND","16.1","TRUE","FALSE","FALSE","LAGGING","LAGGARD (Early)","2.14","2.14","VOLUME SURGE","84.62","15.38","37.46","25.4","11.71","26.6","2455.19","2650.18","2792.74","183500","85700","4020","Supertrend bearish | RSI 37.5 lemah | Volume valid 2.14x | Lolos anti-crash ADX | RISEN NORMAL DOWNTREND","Full Grid (1-2-3-4)","100000000","3040","2970","2950","2930","0.1","0.2","0.3","0.4","32","67","101","136","336","99270000","730000","2954.46","2954.66","2870","3300","3630","3630","5.59","2.86","19.41","22.86","3.47","8"
"ADHI","2026-05-22","2026-05-22","558","FULL","180","2.857142857142857","EARLY SWEEP","EARLY SWEEP","reversal","TRUE","","EARLY SWEEP","2026-05-22","","NEW","0","DOWNTREND","BEARISH","BEARISH","BEARISH","STRUCTURE + DISCOUNT","SIDEWAYS","25","TRUE","FALSE","FALSE","WEAKENING","WEAKENING (Early)","0.27","0.27","DRY / QUIET","100","0","40.02","23.58","24.39","28.12","191.49","200.51","230.9","4877500","18345335","4000","Supertrend bearish | RSI 40.0 lemah | Volume 0.27x | Lolos anti-crash ADX | RISEN SIDEWAYS","Full Grid (1-2-3-4)","100000000","242","240","240","238","0.1","0.2","0.3","0.4","413","833","1250","1680","4176","99970600","29400","239.39","239.39","236","252","278","278","2.48","1.42","14.88","16.13","6","11.38"
"BELL","2026-05-22","2026-05-22","558","FULL","115","7.476635514018691","EARLY SWEEP","EARLY SWEEP","reversal","TRUE","","EARLY SWEEP","2026-05-22","","NEW","0","DOWNTREND","BEARISH","BEARISH","BEARISH","DOWNTREND DISCOUNT","NORMAL DOWNTREND","67.45","TRUE","FALSE","FALSE","LAGGING","LAGGARD (Early)","0.31","0.31","DRY / QUIET","100","0","34.43","11.47","21.15","28.61","135.52","144.31","115.43","11954500","38483415","4000","Supertrend bearish | RSI 34.4 lemah | Volume 0.31x | Lolos anti-crash ADX | RISEN NORMAL DOWNTREND","Full Grid (1-2-3-4)","100000000","179","149","141","131","0.1","0.2","0.3","0.4","558","1342","2127","3053","7080","99969000","31000","141.2","141.2","115","276","372","372","35.75","18.55","107.82","163.46","3.02","8.81"
"BNBR","2026-05-22","2026-05-22","558","FULL","142","12.698412698412698","EARLY SWEEP","EARLY SWEEP","reversal","TRUE","","EARLY SWEEP","2026-05-22","","NEW","0","DOWNTREND","BEARISH","BEARISH","BULLISH","DEMAND STRUCTURE","NORMAL UPTREND","15.77","TRUE","TRUE","FALSE","LAGGING","LAGGARD (Early)","1.29","1.29","EXPANSION","92.31","7.69","39.85","26.47","14.79","28.95","170.87","165.55","115.48","1872726300","1449141975","4000","Supertrend bearish | RSI 39.9 lemah | Volume valid 1.29x | Lolos anti-crash ADX | RISEN NORMAL UPTREND","Full Grid (1-2-3-4)","100000000","175","163","160","155","0.1","0.2","0.3","0.4","571","1226","1875","2580","6252","99966300","33700","159.89","159.9","146","232","236","236","16.57","8.69","34.86","47.6","2.1","5.48"
"CGAS","2026-05-22","2026-05-22","554","FULL","166","4.40251572327044","EARLY SWEEP","EARLY SWEEP","reversal","TRUE","","EARLY SWEEP","2026-05-22","","NEW","0","DOWNTREND","BEARISH","BEARISH","BULLISH","STRUCTURE + DISCOUNT","SIDEWAYS","34.67","TRUE","FALSE","FALSE","WEAKENING","WEAKENING (Early)","0.41","0.41","DRY / QUIET","100","0","45.75","17.55","18.08","26.53","171.32","170.95","159.83","4835900","11897520","4000","Supertrend bearish | RSI 45.8 lemah | Volume 0.41x | Lolos anti-crash ADX | RISEN SIDEWAYS","Full Grid (1-2-3-4)","100000000","173","167","166","164","0.1","0.2","0.3","0.4","578","1197","1807","2439","6021","99985100","14900","166.06","166.06","159","194","216","216","8.09","4.25","24.86","30.07","3.07","7.07"
"DOOH","2026-05-22","2026-05-22","558","FULL","140","7.6923076923076925","EARLY SWEEP","EARLY SWEEP","reversal","TRUE","","EARLY SWEEP","2026-05-22","","NEW","0","DOWNTREND","BEARISH","BEARISH","BEARISH","STRUCTURE + DISCOUNT","NORMAL DOWNTREND","31.18","TRUE","FALSE","FALSE","LAGGING","LAGGARD (Early)","0.24","0.24","DRY / QUIET","95","5","42.26","26.37","12.37","24.62","155.01","161.89","168.71","19089800","80130570","4000","Supertrend bearish | RSI 42.3 lemah | Volume 0.24x | Lolos anti-crash ADX | RISEN NORMAL DOWNTREND","Full Grid (1-2-3-4)","100000000","157","136","131","124","0.1","0.2","0.3","0.4","636","1470","2290","3225","7621","99966200","33800","131.17","131.17","112","224","292","292","28.66","14.62","85.99","122.61","3","8.39"
"FILM","2026-05-22","2026-05-22","558","FULL","2060","7.5718015665796345","EARLY SWEEP","EARLY SWEEP","reversal","TRUE","","EARLY SWEEP","2026-05-22","","NEW","0","DOWNTREND","BEARISH","BEARISH","BEARISH","DOWNTREND DISCOUNT","NORMAL DOWNTREND","77.33","TRUE","FALSE","FALSE","LAGGING","LAGGARD (Early)","0.48","0.48","DRY / QUIET","92.73","7.27","35.01","27.05","16.8","30.98","2459.4","3598.46","5463.24","2336800","4820180","4000","Supertrend bearish | RSI 35.0 lemah | Volume 0.48x | Lolos anti-crash ADX | RISEN NORMAL DOWNTREND","Full Grid (1-2-3-4)","100000000","14500","10875","10025","8800","0.1","0.2","0.3","0.4","6","18","29","45","98","96947500","3052500","9892.6","9933.73","7025","25725","36925","36925","51.55","28.99","154.66","273.26","3","9.43"
"HUMI","2026-05-22","2026-05-22","558","FULL","150","5.633802816901409","EARLY SWEEP","EARLY SWEEP","reversal","TRUE","","EARLY SWEEP","2026-05-22","","NEW","0","DOWNTREND","BEARISH","BEARISH","BEARISH","DOWNTREND DISCOUNT","NORMAL DOWNTREND","77.99","TRUE","FALSE","FALSE","LAGGING","LAGGARD (Early)","0.69","0.69","DRY / QUIET","95.24","4.76","36.85","19.06","13.28","28.91","177.42","192.04","175.99","64895700","94675270","4000","Supertrend bearish | RSI 36.9 lemah | Volume 0.69x | Lolos anti-crash ADX | RISEN NORMAL DOWNTREND","Full Grid (1-2-3-4)","100000000","218","187","179","168","0.1","0.2","0.3","0.4","458","1069","1675","2380","5582","99941200","58800","179.04","179.05","151","318","420","420","30.73","15.66","92.66","134.58","3.01","8.59"
"IATA","2026-05-22","2026-05-22","558","FULL","70","9.375","EARLY SWEEP","EARLY SWEEP","reversal","TRUE","","EARLY SWEEP","2026-05-22","","NEW","0","DOWNTREND","BEARISH","BEARISH","BEARISH","STRUCTURE + DISCOUNT","NORMAL DOWNTREND","59.03","TRUE","FALSE","FALSE","LAGGING","LAGGARD (Early)","1.08","1.08","NORMAL","100","0","39.99","21.5","13.01","27.66","75.81","80.4","81.69","136433500","126901315","4000","Supertrend bearish | RSI 40.0 lemah | Volume 1.08x | Lolos anti-crash ADX | RISEN NORMAL DOWNTREND","Full Grid (1-2-3-4)","100000000","91","77","74","69","0.1","0.2","0.3","0.4","1098","2597","4054","5797","13546","99987600","12400","73.81","73.81","62","135","178","178","31.87","16","95.6","141.15","3","8.82"
"INKP","2026-05-22","2026-05-22","558","FULL","8100","2.2082018927444795","EARLY SWEEP","EARLY SWEEP","reversal","TRUE","","EARLY SWEEP","2026-05-22","","NEW","0","DOWNTREND","BEARISH","BEARISH","BEARISH","STRUCTURE + DISCOUNT","NORMAL DOWNTREND","36.91","TRUE","FALSE","FALSE","LAGGING","LAGGARD (Early)","0.83","0.83","NORMAL","78.26","21.74","28.41","26.66","7.99","31.76","8988.42","9340.69","8667.6","7496400","9034215","4000","Supertrend bearish | RSI 28.4 lemah | Volume 0.83x | Lolos anti-crash ADX | RISEN NORMAL DOWNTREND","Full Grid (1-2-3-4)","100000000","9750","9650","9600","9575","0.1","0.2","0.3","0.4","10","20","31","41","102","98067500","1932500","9614.46","9614.71","9450","10200","11225","11225","3.08","1.71","15.13","16.75","4.92","9.79"
"LAPD","2026-05-22","2026-05-22","558","FULL","74","10.44776119402985","EARLY SWEEP","EARLY SWEEP","reversal","TRUE","","EARLY SWEEP","2026-05-22","","NEW","0","DOWNTREND","BEARISH","BEARISH","BEARISH","STRUCTURE + DISCOUNT","SIDEWAYS","28.78","TRUE","FALSE","FALSE","LAGGING","LAGGARD (Early)","0.22","0.22","DRY / QUIET","84.62","15.38","42.86","21.93","17.99","17.69","81.87","90.34","112.57","31798600","144450990","4000","Supertrend bearish | RSI 42.9 lemah | Volume 0.22x | Lolos anti-crash ADX | RISEN SIDEWAYS","Full Grid (1-2-3-4)","100000000","102","86","82","77","0.1","0.2","0.3","0.4","980","2325","3658","5194","12157","99980400","19600","82.24","82.24","68","153","163","163","33.33","17.32","59.8","98.2","1.79","5.67"
"OBAT","2026-05-22","2026-05-22","318","FULL","282","2.9197080291970803","EARLY SWEEP","EARLY SWEEP","reversal","TRUE","","EARLY SWEEP","2026-05-22","","NEW","0","DOWNTREND","BEARISH","BEARISH","BEARISH","STRUCTURE + DISCOUNT","NORMAL DOWNTREND","25","TRUE","FALSE","FALSE","LAGGING","LAGGARD (Early)","0.23","0.23","DRY / QUIET","90.91","9.09","33.28","21.82","13.92","27.25","311.22","332.24","390.41","551300","2414765","4000","Supertrend bearish | RSI 33.3 lemah | Volume 0.23x | Lolos anti-crash ADX | RISEN NORMAL DOWNTREND","Full Grid (1-2-3-4)","100000000","410","366","354","340","0.1","0.2","0.3","0.4","243","546","847","1176","2812","99914400","85600","355.31","355.33","316","550","555","555","22.93","11.06","35.37","56.2","1.54","5.08"
"PANR","2026-05-22","2026-05-22","558","FULL","498","0.4032258064516129","EARLY SWEEP","EARLY SWEEP","reversal","TRUE","","EARLY SWEEP","2026-05-22","","NEW","0","DOWNTREND","BEARISH","BEARISH","BEARISH","STRUCTURE + DISCOUNT","SIDEWAYS","38.74","TRUE","FALSE","FALSE","WEAKENING","WEAKENING (Early)","0.5","0.5","DRY / QUIET","83.33","16.67","38.1","24.25","13.15","23.24","524.51","538.74","623.43","140800","281540","4000","Supertrend bearish | RSI 38.1 lemah | Volume 0.5x | Lolos anti-crash ADX | RISEN SIDEWAYS","Full Grid (1-2-3-4)","100000000","545","520","510","505","0.1","0.2","0.3","0.4","183","384","588","792","1947","99925500","74500","513.23","513.24","488","630","730","730","10.46","4.92","33.94","42.24","3.25","8.59"
"POLA","2026-05-22","2026-05-22","558","FULL","64","12.280701754385964","EARLY SWEEP","EARLY SWEEP","reversal","TRUE","","EARLY SWEEP","2026-05-22","","NEW","0","DOWNTREND","BEARISH","BEARISH","BULLISH","DEMAND STRUCTURE","NORMAL DOWNTREND","32.45","TRUE","FALSE","FALSE","LAGGING","LAGGARD (Early)","0.53","0.53","DRY / QUIET","86.67","13.33","36.33","18.59","14.83","27.51","75.91","79.68","62.43","14614300","27462285","4000","Supertrend bearish | RSI 36.3 lemah | Volume 0.53x | Lolos anti-crash ADX | RISEN NORMAL DOWNTREND","Full Grid (1-2-3-4)","100000000","81","68","65","61","0.1","0.2","0.3","0.4","1234","2941","4615","6557","15347","99989400","10600","65.15","65.15","53","123","165","165","34.57","18.65","103.7","153.25","3","8.22"
"SOCI","2026-05-22","2026-05-22","558","FULL","388","7.18232044198895","EARLY SWEEP","EARLY SWEEP","reversal","TRUE","","EARLY SWEEP","2026-05-22","","NEW","0","DOWNTREND","BEARISH","BEARISH","BEARISH","STRUCTURE + DISCOUNT","NORMAL DOWNTREND","68.35","TRUE","FALSE","FALSE","LAGGING","LAGGARD (Early)","0.83","0.83","NORMAL","100","0","36.69","16.32","13.27","29.9","453.15","482.35","399.52","15602700","18825480","4000","Supertrend bearish | RSI 36.7 lemah | Volume 0.83x | Lolos anti-crash ADX | RISEN NORMAL DOWNTREND","Full Grid (1-2-3-4)","100000000","492","440","426","408","0.1","0.2","0.3","0.4","203","454","704","980","2341","99938000","62000","426.9","426.91","374","670","845","845","23.98","12.39","71.75","97.94","2.99","7.9"
"ZATA","2026-05-22","2026-05-22","558","FULL","73","5.797101449275362","EARLY SWEEP","EARLY SWEEP","reversal","TRUE","","EARLY SWEEP","2026-05-22","","NEW","0","DOWNTREND","BEARISH","BEARISH","BEARISH","STRUCTURE + DISCOUNT","SIDEWAYS","56.27","TRUE","FALSE","FALSE","LAGGING","LAGGARD (Early)","0.41","0.41","DRY / QUIET","100","0","37.34","20.5","17.09","31.2","84.59","91.09","74.05","109069700","266953970","4000","Supertrend bearish | RSI 37.3 lemah | Volume 0.41x | Lolos anti-crash ADX | RISEN SIDEWAYS","Full Grid (1-2-3-4)","100000000","79","76","75","73","0.1","0.2","0.3","0.4","1265","2631","4000","5479","13375","99985800","14200","74.76","74.76","70","94","110","110","11.39","6.36","39.24","47.15","3.44","7.41"
"JMAS","2026-05-22","2026-05-22","558","FULL","272","3.0303030303030303","HOLD","-","passive","FALSE","","SMART GAMMA","2026-04-15","","37d","37","UPTREND","BULLISH","BULLISH","BULLISH","DEMAND STRUCTURE","EXPLOSIVE BULL","33.37","TRUE","TRUE","TRUE","LEADING","LEADING (Passive)","5.02","5.02","VOLUME SURGE","25","75","60.11","22.82","33.68","18.17","252.26","240.8","202.37","16038100","3191925","1546","Supertrend bullish | RSI 60.1 > 50 | Volume valid 5.02x | Lolos anti-crash ADX | RISEN EXPLOSIVE BULL","Full Grid (1-2-3-4)","100000000","270","226","214","200","0.1","0.2","0.3","0.4","370","884","1401","2000","4655","99949800","50200","214.71","214.72","178","408","545","545","34.07","17.1","101.85","153.82","2.99","9"
"BIPI","2026-05-22","2026-05-22","558","FULL","184","6.976744186046512","AVOID","-","passive","FALSE","","EARLY SWEEP","2026-05-20","","2d","2","DOWNTREND","BEARISH","BEARISH","BULLISH","DOWNTREND","EXPLOSIVE BULL","21.67","TRUE","TRUE","TRUE","LAGGING","LAGGARD (Passive)","2.11","2.11","VOLUME SURGE","100","0","37.67","20.03","14.35","32.31","221.43","224.92","166.75","2421622700","1145122815","1516","Supertrend bearish | RSI 37.7 lemah | Volume valid 2.11x | Lolos anti-crash ADX | RISEN EXPLOSIVE BULL","Full Grid (1-2-3-4)","100000000","220","206","204","199","0.1","0.2","0.3","0.4","454","970","1470","2010","4904","99957000","43000","203.83","203.83","189","266","314","314","14.09","7.27","42.73","54.05","3.03","7.43"
"ZONE","2026-05-22","2026-05-22","558","FULL","350","-3.314917127071823","AVOID","-","passive","FALSE","","V-SHAPE","2026-05-18","","4d","4","DOWNTREND","BEARISH","BEARISH","BEARISH","STRUCTURE + DISCOUNT","CRASH / SELL-OFF","35","TRUE","FALSE","TRUE","LEADING","LEADING (Passive)","2.75","2.75","VOLUME SURGE","10.53","89.47","46.63","44.39","36.73","8.51","361.89","385.11","528.75","2477700","899510","1512","Supertrend bearish | RSI 46.6 lemah | Volume valid 2.75x | Lolos anti-crash ADX | RISEN CRASH / SELL-OFF","Full Grid (1-2-3-4)","100000000","352","344","340","338","0.1","0.2","0.3","0.4","284","581","882","1183","2930","99956600","43400","341.15","341.15","326","505","540","540","7.39","4.44","53.41","58.29","7.23","13.13"
"UNIC","2026-05-22","2026-05-22","558","FULL","14600","2.8169014084507045","HOLD","-","passive","FALSE","","BETA BREAKOUT","2026-03-26","","57d","57","UPTREND","BULLISH","BULLISH","BULLISH","UPTREND PREMIUM","EXPLOSIVE BULL","0","TRUE","TRUE","TRUE","LEADING","LEADING (Passive)","8.16","8.16","VOLUME SURGE","66.67","33.33","75.05","45.84","47.87","9.84","12816.81","11945.17","10047.23","146300","17930","1506","Supertrend bullish | RSI 75.0 > 50 | Volume valid 8.16x | Lolos anti-crash ADX | RISEN EXPLOSIVE BULL","Full Grid (1-2-3-4)","100000000","11400","10475","10250","9925","0.1","0.2","0.3","0.4","8","19","29","40","96","98447500","1552500","10254.95","10263.19","9400","14400","17400","17400","17.54","8.34","52.63","69.67","3","8.36"
"MTDL","2026-05-22","2026-05-22","558","FULL","545","-0.9090909090909091","AVOID","-","passive","FALSE","","SMART SNIPER + V-SHAPE","2026-04-27","Demand Structure","25d","25","DOWNTREND","BEARISH","BEARISH","BEARISH","DOWNTREND DISCOUNT","CRASH / SELL-OFF","37.71","TRUE","FALSE","TRUE","LEADING","LEADING (Passive)","2.11","2.11","VOLUME SURGE","50","50","37.79","15.72","10.97","14.53","567.43","572.07","580.36","6486500","3068950","1470","Supertrend bearish | RSI 37.8 lemah | Volume valid 2.11x | Lolos anti-crash ADX | RISEN CRASH / SELL-OFF","Full Grid (1-2-3-4)","100000000","590","560","555","545","0.1","0.2","0.3","0.4","169","357","540","733","1799","99881500","118500","555.21","555.21","525","690","785","785","11.02","5.44","33.05","41.39","3","7.61"
"TPMA","2026-05-22","2026-05-22","558","FULL","496","0","AVOID","-","passive","FALSE","","V-SHAPE","2026-04-15","","37d","37","DOWNTREND","BEARISH","BEARISH","BEARISH","DOWNTREND DISCOUNT","CRASH / SELL-OFF","0","TRUE","FALSE","TRUE","LEADING","LEADING (Passive)","2.69","2.69","VOLUME SURGE","60.87","39.13","19.79","47.17","5.45","32.19","541.72","565.23","585.88","26642900","9908740","1446","Supertrend bearish | RSI 19.8 lemah | Volume valid 2.69x | Crash filter aktif | RISEN CRASH / SELL-OFF","Full Grid (1-2-3-4)","100000000","595","590","590","585","0.1","0.2","0.3","0.4","168","338","508","683","1697","99865500","134500","588.48","588.48","580","620","680","680","2.52","1.44","14.29","15.55","5.67","10.79"
"BBKP","2026-05-22","2026-05-22","558","FULL","56","1.8181818181818181","AVOID","-","passive","FALSE","","SMART SNIPER","2026-04-14","Discount Only","38d","38","DOWNTREND","BEARISH","BEARISH","BEARISH","DOWNTREND DISCOUNT","CRASH / SELL-OFF","32.13","TRUE","FALSE","TRUE","LEADING","LEADING (Passive)","2.35","2.35","VOLUME SURGE","40","60","34.19","26.19","10.04","22.54","59.75","63.1","67.62","211154200","89693465","1444","Supertrend bearish | RSI 34.2 lemah | Volume valid 2.35x | Lolos anti-crash ADX | RISEN CRASH / SELL-OFF","Full Grid (1-2-3-4)","100000000","66","62","61","60","0.1","0.2","0.3","0.4","1515","3225","4918","6666","16324","99989800","10200","61.25","61.25","57","80","93","93","13.64","6.94","40.91","51.83","3","7.46"
"ARKA","2026-05-22","2026-05-22","558","FULL","29","0","AVOID","-","passive","FALSE","","V-SHAPE","2026-05-20","","2d","2","DOWNTREND","BEARISH","BEARISH","BEARISH","DOWNTREND DISCOUNT","CRASH / SELL-OFF","44.08","TRUE","FALSE","TRUE","WEAKENING","WEAKENING (Passive)","2.42","2.42","VOLUME SURGE","0","100","37.89","31.39","10.35","28.55","31.12","32.16","31.71","6255200","2588630","1416","Supertrend bearish | RSI 37.9 lemah | Volume valid 2.42x | Crash filter aktif | RISEN CRASH / SELL-OFF","Full Grid (1-2-3-4)","100000000","32","31","31","30","0.1","0.2","0.3","0.4","3125","6451","9677","13333","32586","99995800","4200","30.69","30.69","30","35","39","39","6.25","2.24","21.88","27.09","3.5","12.11"
"PGLI","2026-05-22","2026-05-22","558","FULL","177","-14.903846153846153","AVOID","-","passive","FALSE","","EARLY SWEEP","2026-05-19","","3d","3","DOWNTREND","BEARISH","BEARISH","BEARISH","DOWNTREND DISCOUNT","CRASH / SELL-OFF","0","FALSE","FALSE","TRUE","LAGGING","LAGGARD (Passive)","2.18","2.18","VOLUME SURGE","0","100","31.81","39.93","24.61","16.23","216.51","221.31","231.36","3871600","1778670","1414","Supertrend bearish | RSI 31.8 lemah | Volume valid 2.18x | Lolos anti-crash ADX | RISEN CRASH / SELL-OFF","Full Grid (1-2-3-4)","100000000","264","228","218","206","0.1","0.2","0.3","0.4","378","877","1376","1941","4572","99956200","43800","218.63","218.63","188","378","492","492","28.79","14.01","86.36","125.04","3","8.93"
"IRSX","2026-05-22","2026-05-22","558","FULL","328","-12.299465240641712","AVOID","-","passive","FALSE","","SMART SNIPER","2026-05-13","Demand Structure","9d","9","DOWNTREND","BEARISH","BEARISH","BEARISH","DOWNTREND DISCOUNT","CRASH / SELL-OFF","0","FALSE","FALSE","TRUE","LAGGING","LAGGARD (Passive)","2.42","2.42","VOLUME SURGE","25","75","33.1","14.23","17.74","29.9","422.25","449.83","386.08","189054300","78200260","1402","Supertrend bearish | RSI 33.1 lemah | Volume valid 2.42x | Lolos anti-crash ADX | RISEN CRASH / SELL-OFF","Full Grid (1-2-3-4)","100000000","464","424","414","400","0.1","0.2","0.3","0.4","215","471","724","1000","2410","99920000","80000","414.61","414.62","374","600","735","735","19.4","9.79","58.41","77.28","3.01","7.89"
"BYAN","2026-05-22","2026-05-22","558","FULL","10000","-4.534606205250596","AVOID","-","passive","FALSE","","V-SHAPE","2026-05-11","","11d","11","DOWNTREND","BEARISH","BEARISH","BEARISH","DOWNTREND DISCOUNT","CRASH / SELL-OFF","0","FALSE","FALSE","TRUE","LAGGING","LAGGARD (Passive)","2.28","2.28","VOLUME SURGE","27.59","72.41","31.9","19.98","18.8","34.05","11363.36","12155.36","15214.7","94800","41630","1398","Supertrend bearish | RSI 31.9 lemah | Volume valid 2.28x | Lolos anti-crash ADX | RISEN CRASH / SELL-OFF","Full Grid (1-2-3-4)","100000000","11850","11450","11350","11200","0.1","0.2","0.3","0.4","8","17","26","35","86","97655000","2345000","11355.23","11356.92","10925","13250","14325","14325","7.81","3.79","20.89","26.15","2.68","6.9"
"BOLA","2026-05-22","2026-05-22","558","FULL","158","0","AVOID","-","passive","FALSE","","V-SHAPE","2026-05-19","","3d","3","DOWNTREND","BEARISH","BEARISH","BEARISH","DOWNTREND DISCOUNT","CRASH / SELL-OFF","65.79","TRUE","FALSE","TRUE","LAGGING","LAGGARD (Passive)","1.66","1.66","EXPANSION","57.14","42.86","36","23.24","12.54","23.15","167.28","168.63","163.42","2753200","1661515","1394","Supertrend bearish | RSI 36.0 lemah | Volume valid 1.66x | Lolos anti-crash ADX | RISEN CRASH / SELL-OFF","Full Grid (1-2-3-4)","100000000","167","163","162","161","0.1","0.2","0.3","0.4","598","1226","1851","2484","6159","99949000","51000","162.28","162.28","158","181","199","199","5.39","2.64","19.16","22.63","3.56","8.58"
"CBDK","2026-05-22","2026-05-22","318","FULL","4000","-1.477832512315271","AVOID","-","passive","FALSE","","SMART SNIPER","2026-05-07","Structure + Discount","15d","15","DOWNTREND","BEARISH","BEARISH","BEARISH","STRUCTURE + DISCOUNT","CRASH / SELL-OFF","35.24","TRUE","FALSE","TRUE","LAGGING","LAGGARD (Passive)","2.44","2.44","VOLUME SURGE","95","5","28.49","22.06","12.37","33.64","4474.71","4880.75","5883.45","8847200","3631865","1390","Supertrend bearish | RSI 28.5 lemah | Volume valid 2.44x | Lolos anti-crash ADX | RISEN CRASH / SELL-OFF","Full Grid (1-2-3-4)","100000000","4950","4730","4670","4600","0.1","0.2","0.3","0.4","20","42","64","86","212","99214000","786000","4679.91","4679.86","4460","5675","6425","6425","9.9","4.7","29.8","37.29","3.01","7.94"
"MGNA","2026-05-22","2026-05-22","558","FULL","88","-10.204081632653061","AVOID","-","passive","FALSE","","V-SHAPE","2026-05-07","","15d","15","DOWNTREND","BEARISH","BEARISH","BEARISH","DOWNTREND DISCOUNT","CRASH / SELL-OFF","0","FALSE","FALSE","TRUE","LAGGING","LAGGARD (Passive)","2.8","2.8","VOLUME SURGE","9.09","90.91","11.18","38.9","3.18","26.16","146.3","167.89","139.5","4794900","1712930","1390","Supertrend bearish | RSI 11.2 lemah | Volume valid 2.8x | Crash filter aktif | RISEN CRASH / SELL-OFF","Full Grid (1-2-3-4)","100000000","170","166","164","163","0.1","0.2","0.3","0.4","588","1204","1829","2453","6074","99961900","38100","164.57","164.57","159","187","198","198","6.47","3.39","16.47","20.31","2.55","6"
"OMRE","2026-05-22","2026-05-22","558","FULL","780","-7.142857142857142","AVOID","-","passive","FALSE","","SMART GAMMA","2026-05-06","","16d","16","DOWNTREND","BEARISH","BEARISH","BULLISH","DOWNTREND PREMIUM","CRASH / SELL-OFF","0","FALSE","FALSE","TRUE","WEAKENING","WEAKENING (Passive)","2.94","2.94","VOLUME SURGE","50","50","41.52","11.27","26.31","39.99","860.38","820.31","639.47","27800","9455","1388","Supertrend bearish | RSI 41.5 lemah | Volume valid 2.94x | Lolos anti-crash ADX | RISEN CRASH / SELL-OFF","Full Grid (1-2-3-4)","100000000","940","710","655","580","0.1","0.2","0.3","0.4","106","281","458","689","1534","99876000","124000","651.08","651.15","466","1650","2360","2360","50.43","28.43","151.06","262.47","3","9.23"
"TPIA","2026-05-22","2026-05-22","558","FULL","2000","-11.894273127753303","AVOID","-","passive","FALSE","","V-SHAPE","2026-05-05","","17d","17","DOWNTREND","BEARISH","BEARISH","BEARISH","DOWNTREND DISCOUNT","CRASH / SELL-OFF","0","FALSE","FALSE","TRUE","LAGGING","LAGGARD (Passive)","5.64","5.64","VOLUME SURGE","12.5","87.5","21.11","27.61","14.7","53.24","4417.5","5190.45","6591.66","305013700","54122960","1386","Supertrend bearish | RSI 21.1 lemah | Volume valid 5.64x | Lolos anti-crash ADX | RISEN CRASH / SELL-OFF","Full Grid (1-2-3-4)","100000000","6075","5525","5400","5225","0.1","0.2","0.3","0.4","16","36","55","76","183","99020000","980000","5410.93","5412.12","4890","7850","9625","9625","19.51","9.63","58.44","77.88","3","8.09"
"TMPO","2026-05-22","2026-05-22","558","FULL","108","3.8461538461538463","AVOID","-","passive","FALSE","","V-SHAPE","2026-05-04","","18d","18","DOWNTREND","BEARISH","BEARISH","BEARISH","STRUCTURE + DISCOUNT","CRASH / SELL-OFF","0","TRUE","FALSE","TRUE","LAGGING","LAGGARD (Passive)","5.12","5.12","VOLUME SURGE","4.35","95.65","29.38","25.19","25.12","19.13","122.59","129.23","144.84","27263600","5322585","1384","Supertrend bearish | RSI 29.4 lemah | Volume valid 5.12x | Lolos anti-crash ADX | RISEN CRASH / SELL-OFF","Full Grid (1-2-3-4)","100000000","132","122","119","115","0.1","0.2","0.3","0.4","757","1639","2521","3478","8395","99985100","14900","119.1","119.1","109","167","202","202","17.42","8.48","53.03","69.6","3.04","8.21"
"BAUT","2026-05-22","2026-05-22","558","FULL","28","7.6923076923076925","AVOID","-","passive","FALSE","","SMART SNIPER","2026-04-01","Discount Only","51d","51","DOWNTREND","BEARISH","BEARISH","BEARISH","STRUCTURE + DISCOUNT","CRASH / SELL-OFF","17.53","TRUE","FALSE","TRUE","IMPROVING","IMPROVING (Passive)","2.82","2.82","VOLUME SURGE","100","0","35.49","33.82","8.52","41.19","30.68","33.75","35.56","11933500","4231110","1368","Supertrend bearish | RSI 35.5 lemah | Volume valid 2.82x | Crash filter aktif | RISEN CRASH / SELL-OFF","Full Grid (1-2-3-4)","100000000","38","33","31","29","0.1","0.2","0.3","0.4","2631","6060","9677","13793","32161","99994200","5800","31.09","31.09","27","55","71","71","28.95","13.16","86.84","128.36","3","9.75"
"BOGA","2026-05-22","2026-05-22","558","FULL","1270","-0.39215686274509803","AVOID","-","passive","FALSE","","V-SHAPE","2026-04-28","","24d","24","DOWNTREND","BEARISH","BEARISH","BULLISH","DEMAND STRUCTURE","CRASH / SELL-OFF","32.88","TRUE","FALSE","TRUE","WEAKENING","WEAKENING (Passive)","1.8","1.8","EXPANSION","66.67","33.33","27.67","59.72","35.81","32.12","1387.08","1391.87","1109.56","8100","4510","1352","Supertrend bearish | RSI 27.7 lemah | Volume valid 1.8x | Lolos anti-crash ADX | RISEN CRASH / SELL-OFF","Full Grid (1-2-3-4)","100000000","1445","1265","1220","1160","0.1","0.2","0.3","0.4","69","158","245","344","816","99751500","248500","1222.44","1222.44","1065","2020","2590","2590","26.3","12.88","79.24","111.87","3.01","8.69"
"BUKK","2026-05-22","2026-05-22","558","FULL","735","-13.529411764705882","AVOID","-","passive","FALSE","","V-SHAPE","2026-04-14","","38d","38","DOWNTREND","BEARISH","BEARISH","BEARISH","DOWNTREND DISCOUNT","CRASH / SELL-OFF","0","FALSE","FALSE","TRUE","LAGGING","LAGGARD (Passive)","8.05","8.05","VOLUME SURGE","5.56","94.44","13.21","19.45","10.62","35.32","1119.09","1263.01","1281.54","587400","72930","1344","Supertrend bearish | RSI 13.2 lemah | Volume valid 8.05x | Lolos anti-crash ADX | RISEN CRASH / SELL-OFF","Full Grid (1-2-3-4)","100000000","1315","1240","1220","1195","0.1","0.2","0.3","0.4","76","161","245","334","816","99761000","239000","1222.56","1222.55","1135","1675","2060","2060","13.69","7.16","56.65","68.5","4.14","9.56"
"POLU","2026-05-22","2026-05-22","558","FULL","9800","-13.656387665198238","AVOID","-","passive","FALSE","","SMART GAMMA","2026-04-20","","32d","32","DOWNTREND","BEARISH","BEARISH","BEARISH","DOWNTREND DISCOUNT","CRASH / SELL-OFF","0","FALSE","FALSE","TRUE","LAGGING","LAGGARD (Passive)","1.62","1.62","EXPANSION","8.82","91.18","24.79","12.46","21.29","44.19","13844.3","15342.36","15936.78","15400","9525","1336","Supertrend bearish | RSI 24.8 lemah | Volume valid 1.62x | Lolos anti-crash ADX | RISEN CRASH / SELL-OFF","Full Grid (1-2-3-4)","100000000","20900","16950","16025","14700","0.1","0.2","0.3","0.4","4","11","18","27","60","95540000","4460000","15923.33","15995.97","12700","33200","45500","45500","39.23","20.24","117.7","185.74","3","9.18"
"TRIM","2026-05-22","2026-05-22","558","FULL","496","1.2244897959183674","AVOID","-","passive","FALSE","","SMART SNIPER","2026-04-08","Demand Structure","44d","44","DOWNTREND","BEARISH","BEARISH","BEARISH","STRUCTURE + DISCOUNT","CRASH / SELL-OFF","35.34","TRUE","FALSE","TRUE","LAGGING","LAGGARD (Passive)","2.58","2.58","VOLUME SURGE","50","50","36.37","19.36","11.91","23.22","538.87","555.34","536.58","847800","328590","1332","Supertrend bearish | RSI 36.4 lemah | Volume valid 2.58x | Lolos anti-crash ADX | RISEN CRASH / SELL-OFF","Full Grid (1-2-3-4)","100000000","555","505","492","474","0.1","0.2","0.3","0.4","180","396","609","843","2028","99909000","91000","492.65","492.65","446","720","880","880","19.64","9.47","58.56","78.63","2.98","8.3"
"AYLS","2026-05-22","2026-05-22","558","FULL","139","3.731343283582089","AVOID","-","passive","FALSE","","SMART GAMMA","2026-04-16","","36d","36","DOWNTREND","BEARISH","BEARISH","BEARISH","DOWNTREND DISCOUNT","CRASH / SELL-OFF","47.77","TRUE","FALSE","TRUE","LAGGING","LAGGARD (Passive)","1.65","1.65","EXPANSION","96.15","3.85","31.29","23.13","16.7","32.86","175.99","192.47","189.59","7396900","4470800","1328","Supertrend bearish | RSI 31.3 lemah | Volume valid 1.65x | Lolos anti-crash ADX | RISEN CRASH / SELL-OFF","Full Grid (1-2-3-4)","100000000","228","192","183","171","0.1","0.2","0.3","0.4","438","1041","1639","2339","5457","99964200","35800","183.19","183.19","150","346","462","462","34.21","18.12","102.63","152.2","3","8.4"
"MSKY","2026-05-22","2026-05-22","558","FULL","60","-4.761904761904762","AVOID","-","passive","FALSE","","SMART GAMMA","2026-04-09","","43d","43","DOWNTREND","BEARISH","BEARISH","BEARISH","DOWNTREND DISCOUNT","CRASH / SELL-OFF","0","FALSE","FALSE","TRUE","LAGGING","LAGGARD (Passive)","1.52","1.52","EXPANSION","66.67","33.33","23.4","23.77","13.27","32.03","78","81.3","80.72","25555900","16817855","1314","Supertrend bearish | RSI 23.4 lemah | Volume valid 1.52x | Lolos anti-crash ADX | RISEN CRASH / SELL-OFF","Full Grid (1-2-3-4)","100000000","97","80","76","70","0.1","0.2","0.3","0.4","1030","2500","3947","5714","13191","99986200","13800","75.8","75.8","61","151","206","206","37.11","19.52","112.37","171.77","3.03","8.8"
"KUAS","2026-05-22","2026-05-22","558","FULL","94","8.045977011494253","AVOID","-","passive","FALSE","","SMART GAMMA","2026-04-08","","44d","44","DOWNTREND","BEARISH","BEARISH","BULLISH","DOWNTREND DISCOUNT","CRASH / SELL-OFF","45.27","TRUE","FALSE","TRUE","LAGGING","LAGGARD (Passive)","1.66","1.66","EXPANSION","35.48","64.52","40.62","26.17","25.65","19.94","106.55","105.17","85.61","82449100","49715315","1312","Supertrend bearish | RSI 40.6 lemah | Volume valid 1.66x | Lolos anti-crash ADX | RISEN CRASH / SELL-OFF","Full Grid (1-2-3-4)","100000000","147","108","98","85","0.1","0.2","0.3","0.4","680","1851","3061","4705","10297","99977100","22900","97.09","97.09","65","270","394","394","55.78","33.05","168.03","305.79","3.01","9.25"
"HRUM","2026-05-22","2026-05-22","558","FULL","790","11.267605633802818","AVOID","-","passive","FALSE","","BETA BREAKOUT","2026-02-19","","92d","92","DOWNTREND","BEARISH","BEARISH","BEARISH","STRUCTURE + DISCOUNT","CRASH / SELL-OFF","0","TRUE","FALSE","TRUE","IMPROVING","IMPROVING (Passive)","2.29","2.29","VOLUME SURGE","87.5","12.5","33.13","36.31","11.91","40.33","894.77","969.38","1021.21","38312900","16744165","1286","Supertrend bearish | RSI 33.1 lemah | Volume valid 2.29x | Crash filter aktif | RISEN CRASH / SELL-OFF","Full Grid (1-2-3-4)","100000000","1240","1095","1060","1010","0.1","0.2","0.3","0.4","80","182","283","396","941","99843000","157000","1061.03","1061.17","930","1705","2170","2170","25","12.35","75","104.52","3","8.46"
"DGNS","2026-05-22","2026-05-22","558","FULL","224","-6.666666666666667","AVOID","-","passive","FALSE","","G ACC","2026-03-09","","74d","74","DOWNTREND","BEARISH","BEARISH","BEARISH","DOWNTREND DISCOUNT","CRASH / SELL-OFF","0","FALSE","FALSE","TRUE","LAGGING","LAGGARD (Passive)","3.81","3.81","VOLUME SURGE","42.86","57.14","26.49","12.99","14.46","25.6","261.41","271.73","234.89","17497300","4588180","1272","Supertrend bearish | RSI 26.5 lemah | Volume valid 3.81x | Lolos anti-crash ADX | RISEN CRASH / SELL-OFF","Full Grid (1-2-3-4)","100000000","324","298","292","284","0.1","0.2","0.3","0.4","308","671","1027","1408","3414","99950600","49400","292.77","292.77","268","408","492","492","17.28","8.46","51.85","68.05","3","8.04"
"KIJA","2026-05-22","2026-05-22","558","FULL","121","-9.701492537313433","AVOID","-","passive","FALSE","","V-SHAPE","2026-03-06","","77d","77","DOWNTREND","BEARISH","BEARISH","BEARISH","DOWNTREND DISCOUNT","CRASH / SELL-OFF","0","FALSE","FALSE","TRUE","LAGGING","LAGGARD (Passive)","2.48","2.48","VOLUME SURGE","14.29","85.71","15.05","22.83","11.14","43.94","168.25","181.6","194.57","313114900","126095630","1266","Supertrend bearish | RSI 15.1 lemah | Volume valid 2.48x | Lolos anti-crash ADX | RISEN CRASH / SELL-OFF","Full Grid (1-2-3-4)","100000000","183","174","172","169","0.1","0.2","0.3","0.4","546","1149","1744","2366","5805","99966600","33400","172.21","172.21","161","216","250","250","12.02","6.51","36.61","45.17","3.05","6.94"
"SBMA","2026-05-22","2026-05-22","558","FULL","112","0.9009009009009009","AVOID","-","passive","FALSE","","BETA BREAKOUT","2026-01-15","","127d","127","DOWNTREND","BEARISH","BEARISH","BEARISH","DOWNTREND DISCOUNT","CRASH / SELL-OFF","35.22","TRUE","FALSE","TRUE","LEADING","LEADING (Passive)","2.34","2.34","VOLUME SURGE","87.5","12.5","32.27","26.09","12.93","24.98","116.95","120.42","126.2","2123400","907975","1266","Supertrend bearish | RSI 32.3 lemah | Volume valid 2.34x | Lolos anti-crash ADX | RISEN CRASH / SELL-OFF","Full Grid (1-2-3-4)","100000000","137","132","131","129","0.1","0.2","0.3","0.4","729","1515","2290","3100","7634","99974300","25700","130.96","130.96","126","154","170","170","8.03","3.79","24.09","29.81","3","7.87"
"RONY","2026-05-22","2026-05-22","558","FULL","1045","-9.913793103448276","AVOID","-","passive","FALSE","","V-SHAPE","2026-03-05","","78d","78","DOWNTREND","BEARISH","BEARISH","BEARISH","DOWNTREND DISCOUNT","CRASH / SELL-OFF","47.88","TRUE","FALSE","TRUE","LAGGING","LAGGARD (Passive)","2.63","2.63","VOLUME SURGE","73.33","26.67","25.82","19.29","19.85","20.37","1413.74","1778.11","2566.26","132800","50405","1264","Supertrend bearish | RSI 25.8 lemah | Volume valid 2.63x | Lolos anti-crash ADX | RISEN CRASH / SELL-OFF","Full Grid (1-2-3-4)","100000000","2590","2420","2370","2310","0.1","0.2","0.3","0.4","38","82","126","173","419","99511000","489000","2374.96","2375.31","2170","3270","3360","3360","16.22","8.63","29.73","41.48","1.83","4.81"
"STAR","2026-05-22","2026-05-22","558","FULL","438","2.336448598130841","AVOID","-","passive","FALSE","","BETA BREAKOUT","2026-02-26","","85d","85","DOWNTREND","BEARISH","BEARISH","BULLISH","DOWNTREND","CRASH / SELL-OFF","0","TRUE","FALSE","TRUE","LAGGING","LAGGARD (Passive)","2.95","2.95","VOLUME SURGE","69.05","30.95","24.2","51.63","19.52","26.03","567.34","589.28","410.43","1083500","366975","1250","Supertrend bearish | RSI 24.2 lemah | Volume valid 2.95x | Crash filter aktif | RISEN CRASH / SELL-OFF","Full Grid (1-2-3-4)","100000000","790","700","675","645","0.1","0.2","0.3","0.4","126","285","444","620","1475","99864000","136000","677.04","677.1","590","1090","1390","1390","25.32","12.86","75.95","105.3","3","8.19"
"TKIM","2026-05-22","2026-05-22","558","FULL","6050","-7.633587786259542","AVOID","-","passive","FALSE","","G ACC","2026-02-26","","85d","85","DOWNTREND","BEARISH","BEARISH","BEARISH","DOWNTREND DISCOUNT","CRASH / SELL-OFF","0","FALSE","FALSE","TRUE","LAGGING","LAGGARD (Passive)","3.21","3.21","VOLUME SURGE","39.13","60.87","17.11","32.99","6.69","40.86","7879.45","8285.65","7697.26","11837600","3689710","1250","Supertrend bearish | RSI 17.1 lemah | Volume valid 3.21x | Crash filter aktif | RISEN CRASH / SELL-OFF","Full Grid (1-2-3-4)","100000000","10975","8725","8175","7425","0.1","0.2","0.3","0.4","9","22","36","53","120","97855000","2145000","8154.58","8156.37","6350","17925","24850","24850","42.14","22.13","126.42","204.74","3","9.25"
"WINR","2026-05-22","2026-05-22","558","FULL","24","-7.6923076923076925","AVOID","-","passive","FALSE","","EARLY SWEEP","2026-03-05","","78d","78","DOWNTREND","BEARISH","BEARISH","BEARISH","DOWNTREND DISCOUNT","CRASH / SELL-OFF","0","FALSE","FALSE","TRUE","LAGGING","LAGGARD (Passive)","1.87","1.87","EXPANSION","50","50","32.31","17.2","18.1","43.69","29.68","32.78","35.61","42605400","22749175","1244","Supertrend bearish | RSI 32.3 lemah | Volume valid 1.87x | Lolos anti-crash ADX | RISEN CRASH / SELL-OFF","Full Grid (1-2-3-4)","100000000","75","58","54","48","0.1","0.2","0.3","0.4","1333","3448","5555","8333","18669","99991300","8700","53.56","53.56","40","128","180","180","46.67","25.32","140","236.07","3","9.32"
"PBRX","2026-05-22","2026-05-22","558","FULL","26","-3.7037037037037033","AVOID","-","passive","FALSE","","BETA BREAKOUT","2026-02-19","","92d","92","DOWNTREND","BEARISH","BEARISH","BEARISH","DOWNTREND DISCOUNT","CRASH / SELL-OFF","0","FALSE","FALSE","TRUE","LAGGING","LAGGARD (Passive)","3.24","3.24","VOLUME SURGE","100","0","24.4","37.81","16.25","64.3","34.27","37.79","37.29","51583100","15942925","1236","Supertrend bearish | RSI 24.4 lemah | Volume valid 3.24x | Crash filter aktif | RISEN CRASH / SELL-OFF","Full Grid (1-2-3-4)","100000000","48","44","43","42","0.1","0.2","0.3","0.4","2083","4545","6976","9523","23127","99989800","10200","43.24","43.24","39","62","73","73","18.75","9.8","52.08","68.84","2.78","7.03"
"MDRN","2026-05-22","2026-05-22","558","FULL","30","0","AVOID","-","passive","FALSE","","SMART GAMMA","2026-02-18","","93d","93","DOWNTREND","BEARISH","BEARISH","BEARISH","DOWNTREND DISCOUNT","CRASH / SELL-OFF","39.62","TRUE","FALSE","TRUE","LAGGING","LAGGARD (Passive)","1.97","1.97","EXPANSION","100","0","19.35","28.97","11.88","63.48","44.22","50.36","45.24","8867500","4504505","1214","Supertrend bearish | RSI 19.4 lemah | Volume valid 1.97x | Lolos anti-crash ADX | RISEN CRASH / SELL-OFF","Full Grid (1-2-3-4)","100000000","72","69","68","66","0.1","0.2","0.3","0.4","1388","2898","4411","6060","14757","99980600","19400","67.75","67.75","64","84","106","106","11.11","5.54","47.22","56.45","4.25","10.2"
"LUCY","2026-05-22","2026-05-22","558","FULL","1070","3.3816425120772946","AVOID","-","passive","FALSE","","G ACC","2025-12-01","","172d","172","DOWNTREND","BEARISH","BEARISH","BULLISH","DEMAND STRUCTURE","EXPLOSIVE BULL","4.36","TRUE","TRUE","TRUE","LAGGING","LAGGARD (Passive)","3.36","3.36","VOLUME SURGE","67.5","32.5","34.76","20.42","20.58","37.49","1413.33","1441.72","922.48","1618300","481965","1176","Supertrend bearish | RSI 34.8 lemah | Volume valid 3.36x | Lolos anti-crash ADX | RISEN EXPLOSIVE BULL","Full Grid (1-2-3-4)","100000000","194","145","133","117","0.1","0.2","0.3","0.4","515","1379","2255","3418","7567","99968600","31400","132.11","132.11","94","344","494","494","51.55","28.85","154.64","273.93","3","9.5"
"TAMU","2026-05-22","2026-05-22","558","FULL","19","-9.523809523809524","AVOID","-","passive","FALSE","","SMART GAMMA","2026-01-14","","128d","128","DOWNTREND","BEARISH","BEARISH","BEARISH","DOWNTREND DISCOUNT","CRASH / SELL-OFF","0","FALSE","FALSE","TRUE","LAGGING","LAGGARD (Passive)","2.13","2.13","VOLUME SURGE","50","50","23.7","23.05","16.64","57.57","26.76","29.8","30.22","15916800","7484360","1164","Supertrend bearish | RSI 23.7 lemah | Volume valid 2.13x | Lolos anti-crash ADX | RISEN CRASH / SELL-OFF","Full Grid (1-2-3-4)","100000000","69","48","42","35","0.1","0.2","0.3","0.4","1449","4166","7142","11428","24185","99989300","10700","41.34","41.34","25","135","202","202","63.77","39.53","192.75","388.59","3.02","9.83"
"MBMA","2026-05-22","2026-05-22","558","FULL","482","9.545454545454547","AVOID","-","passive","FALSE","","SMART GAMMA","2026-01-13","","129d","129","DOWNTREND","BEARISH","BEARISH","BEARISH","DOWNTREND DISCOUNT","CRASH / SELL-OFF","0","TRUE","FALSE","TRUE","LAGGING","LAGGARD (Passive)","2.46","2.46","VOLUME SURGE","97.37","2.63","32.66","39.24","5.72","36.43","590.71","650.31","619.33","603822000","245158530","1162","Supertrend bearish | RSI 32.7 lemah | Volume valid 2.46x | Crash filter aktif | RISEN CRASH / SELL-OFF","Full Grid (1-2-3-4)","100000000","775","655","625","585","0.1","0.2","0.3","0.4","129","305","480","683","1597","99930500","69500","625.74","625.73","525","1150","1525","1525","32.26","16.1","96.77","143.71","3","8.93"
"POWR","2026-05-22","2026-05-22","558","FULL","700","-2.097902097902098","AVOID","-","passive","FALSE","","SMART GAMMA","2026-01-07","","135d","135","DOWNTREND","BEARISH","BEARISH","BEARISH","DOWNTREND DISCOUNT","CRASH / SELL-OFF","0","FALSE","TRUE","TRUE","WEAKENING","WEAKENING (Passive)","2.55","2.55","VOLUME SURGE","25","75","33.12","27.97","16.19","22.92","741.34","735","715.32","14261300","5586950","1150","Supertrend bearish | RSI 33.1 lemah | Volume valid 2.55x | Lolos anti-crash ADX | RISEN CRASH / SELL-OFF","Full Grid (1-2-3-4)","100000000","715","700","695","685","0.1","0.2","0.3","0.4","139","285","431","583","1438","99778500","221500","693.87","693.88","680","770","845","845","4.9","2","18.18","21.78","3.71","10.9"
"PMUI","2026-05-22","2026-05-22","209","IPO / SHORT","77","-10.465116279069768","AVOID","-","passive","FALSE","","BETA BREAKOUT","2025-12-29","","144d","144","DOWNTREND","BEARISH","BEARISH","BEARISH","DOWNTREND DISCOUNT","CRASH / SELL-OFF","0","FALSE","FALSE","TRUE","LAGGING","LAGGARD (Passive)","3.01","3.01","VOLUME SURGE","21.43","78.57","21.24","29.83","15.18","35.25","98.42","104.94","125.87","7293200","2426425","1132","Supertrend bearish | RSI 21.2 lemah | Volume valid 3.01x | Lolos anti-crash ADX | RISEN CRASH / SELL-OFF","Full Grid (1-2-3-4)","100000000","155","139","135","129","0.1","0.2","0.3","0.4","645","1438","2222","3100","7405","99972700","27300","135.01","135.01","120","208","260","260","22.58","11.12","67.74","92.58","3","8.33"
"BINA","2026-05-22","2026-05-22","558","FULL","3960","-0.7518796992481203","AVOID","-","passive","FALSE","","EARLY SWEEP","2026-05-20","","2d","2","DOWNTREND","BEARISH","BEARISH","BEARISH","DOWNTREND DISCOUNT","NORMAL DOWNTREND","31.24","TRUE","FALSE","FALSE","LEADING","LEADING (Passive)","2.18","2.18","VOLUME SURGE","100","0","38.13","25.76","14.16","15.47","4076.97","4222.28","4383.67","472300","216390","1116","Supertrend bearish | RSI 38.1 lemah | Volume valid 2.18x | Lolos anti-crash ADX | RISEN NORMAL DOWNTREND","Full Grid (1-2-3-4)","100000000","4500","4370","4330","4290","0.1","0.2","0.3","0.4","22","45","69","93","229","99339000","661000","4337.95","4338.15","4220","4920","5400","5400","6.22","2.72","20","24.48","3.21","9"
"MINE","2026-05-22","2026-05-22","281","FULL","260","2.3622047244094486","AVOID","-","passive","FALSE","","EARLY SWEEP","2025-12-15","","158d","158","DOWNTREND","BEARISH","BEARISH","BEARISH","DOWNTREND DISCOUNT","CRASH / SELL-OFF","15.39","TRUE","FALSE","TRUE","LAGGING","LAGGARD (Passive)","3.3","3.3","VOLUME SURGE","88.89","11.11","21.95","23.97","9.88","31.37","314.46","347.58","415.62","2421300","734310","1104","Supertrend bearish | RSI 21.9 lemah | Volume valid 3.3x | Lolos anti-crash ADX | RISEN CRASH / SELL-OFF","Full Grid (1-2-3-4)","100000000","484","480","478","476","0.1","0.2","0.3","0.4","206","416","627","840","2089","99893000","107000","478.19","478.19","472","530","535","535","2.48","1.29","10.54","11.88","4.25","9.18"
"INPP","2026-05-22","2026-05-22","558","FULL","780","-0.6369426751592357","HOLD","-","passive","FALSE","","G ACC","2026-05-12","","10d","10","UPTREND","BEARISH","BEARISH","NEUTRAL","DEMAND STRUCTURE","SIDEWAYS","59.57","TRUE","FALSE","TRUE","LEADING","LEADING (Passive)","5.76","5.76","VOLUME SURGE","100","0","44.51","69.24","6.45","45.09","788.23","785.12","781.36","70000","12155","1100","Supertrend bullish | RSI 44.5 lemah | Volume valid 5.76x | Crash filter aktif | RISEN SIDEWAYS","Full Grid (1-2-3-4)","100000000","800","770","760","750","0.1","0.2","0.3","0.4","125","259","394","533","1311","99862000","138000","761.72","761.72","730","905","1010","1010","8.75","4.16","26.25","32.59","3","7.83"
"APLI","2026-05-22","2026-05-22","558","FULL","254","-6.61764705882353","HOLD","-","passive","FALSE","","SMART SNIPER","2026-05-21","Structure + Discount","NEW","1","UPTREND","BULLISH","BEARISH","BEARISH","STRUCTURE + DISCOUNT","SIDEWAYS","52.5","TRUE","FALSE","FALSE","LEADING","LEADING (Passive)","1.33","1.33","EXPANSION","38.89","61.11","54.34","31.31","26.36","9.88","239.01","259.43","364.38","889400","667040","1098","Supertrend bullish | RSI 54.3 > 50 | Volume valid 1.33x | Lolos anti-crash ADX | RISEN SIDEWAYS","Full Grid (1-2-3-4)","100000000","272","236","228","216","0.1","0.2","0.3","0.4","367","847","1315","1851","4380","99935200","64800","228.16","228.17","193","390","424","424","29.04","15.41","55.88","85.83","1.92","5.57"
"BMAS","2026-05-22","2026-05-22","558","FULL","500","0.4016064257028112","HOLD","-","passive","FALSE","","SMART SNIPER","2026-05-21","Structure + Discount","NEW","1","UPTREND","BULLISH","BEARISH","BEARISH","STRUCTURE + DISCOUNT","SIDEWAYS","25","TRUE","FALSE","FALSE","LEADING","LEADING (Passive)","0.48","0.48","DRY / QUIET","100","0","51.7","42.49","26.94","11.43","496.55","508.53","570.03","12500","26245","1098","Supertrend bullish | RSI 51.7 > 50 | Volume 0.48x | Lolos anti-crash ADX | RISEN SIDEWAYS","Full Grid (1-2-3-4)","100000000","498","480","474","468","0.1","0.2","0.3","0.4","200","416","632","854","2102","99852000","148000","475.03","475.04","456","560","625","625","8.43","4.01","25.5","31.57","3.02","7.88"
"BPFI","2026-05-22","2026-05-22","558","FULL","260","-2.2556390977443606","HOLD","-","passive","FALSE","","EARLY SWEEP","2026-05-21","","NEW","1","UPTREND","BEARISH","BEARISH","BEARISH","STRUCTURE + DISCOUNT","SIDEWAYS","70.5","TRUE","FALSE","FALSE","LEADING","LEADING (Passive)","0.08","0.08","DRY / QUIET","100","0","41.11","20.32","15.3","16.04","267.9","273.75","299.2","20100","239200","1098","Supertrend bullish | RSI 41.1 lemah | Volume 0.08x | Lolos anti-crash ADX | RISEN SIDEWAYS","Full Grid (1-2-3-4)","100000000","358","304","290","272","0.1","0.2","0.3","0.4","279","657","1034","1470","3440","99931000","69000","290.5","290.5","244","530","700","700","31.84","16.01","95.53","140.97","3","8.81"
"ENAK","2026-05-22","2026-05-22","558","FULL","328","1.8633540372670807","AVOID","-","passive","FALSE","","V-SHAPE","2026-05-21","","NEW","1","DOWNTREND","BEARISH","BEARISH","BEARISH","STRUCTURE + DISCOUNT","NORMAL DOWNTREND","17.5","TRUE","FALSE","FALSE","LEADING","LEADING (Passive)","1.36","1.36","EXPANSION","80.65","19.35","45.21","28.11","29.02","15.93","336.03","379.06","538.17","698100","514155","1098","Supertrend bearish | RSI 45.2 lemah | Volume valid 1.36x | Lolos anti-crash ADX | RISEN NORMAL DOWNTREND","Full Grid (1-2-3-4)","100000000","322","286","278","266","0.1","0.2","0.3","0.4","310","699","1079","1503","3591","99949400","50600","278.33","278.34","242","442","486","486","24.84","13.05","50.93","74.61","2.05","5.72"
"HBAT","2026-05-22","2026-05-22","558","FULL","480","2.127659574468085","HOLD","-","passive","FALSE","","BETA BREAKOUT","2026-05-21","","NEW","1","UPTREND","BULLISH","BULLISH","BULLISH","UPTREND PREMIUM","NORMAL UPTREND","11.52","TRUE","TRUE","FALSE","LEADING","LEADING (Passive)","1.69","1.69","EXPANSION","93.75","6.25","62.65","22.42","26.39","15.4","424.14","401.34","301.96","4176200","2471140","1098","Supertrend bullish | RSI 62.6 > 50 | Volume valid 1.69x | Lolos anti-crash ADX | RISEN NORMAL UPTREND","Full Grid (1-2-3-4)","100000000","470","414","400","382","0.1","0.2","0.3","0.4","212","483","750","1047","2492","99955600","44400","401.11","401.13","350","650","830","830","25.53","12.74","76.6","106.93","3","8.39"
"HMSP","2026-05-22","2026-05-22","558","FULL","740","-0.6711409395973155","HOLD","-","passive","FALSE","","V-SHAPE","2026-05-21","","NEW","1","UPTREND","BEARISH","BEARISH","BEARISH","STRUCTURE + DISCOUNT","SIDEWAYS","82.03","TRUE","FALSE","FALSE","LEADING","LEADING (Passive)","0.87","0.87","NORMAL","60","40","47.28","11.36","13.41","16.29","745.19","758.95","745.86","19432400","22419765","1098","Supertrend bullish | RSI 47.3 lemah | Volume 0.87x | Lolos anti-crash ADX | RISEN SIDEWAYS","Full Grid (1-2-3-4)","100000000","745","730","725","720","0.1","0.2","0.3","0.4","134","273","413","555","1375","99814500","185500","725.92","725.93","710","800","880","880","4.7","2.19","18.12","21.22","3.86","9.68"
"SPMA","2026-05-22","2026-05-22","558","FULL","202","-1.9417475728155338","AVOID","-","passive","FALSE","","EARLY SWEEP","2026-05-21","","NEW","1","DOWNTREND","BEARISH","BEARISH","BEARISH","STRUCTURE + DISCOUNT","SIDEWAYS","91.81","TRUE","FALSE","FALSE","LEADING","LEADING (Passive)","0.48","0.48","DRY / QUIET","50","50","37.31","18.69","9.93","16.27","210.11","216.07","248.14","228800","479160","1098","Supertrend bearish | RSI 37.3 lemah | Volume 0.48x | Lolos anti-crash ADX | RISEN SIDEWAYS","Full Grid (1-2-3-4)","100000000","218","210","208","206","0.1","0.2","0.3","0.4","458","952","1442","1941","4793","99954600","45400","208.54","208.54","200","260","268","268","8.26","4.1","22.94","28.51","2.78","6.96"
"STTP","2026-05-22","2026-05-22","558","FULL","9500","0","AVOID","-","passive","FALSE","","EARLY SWEEP","2026-05-21","","NEW","1","DOWNTREND","BEARISH","BEARISH","BEARISH","STRUCTURE + DISCOUNT","NORMAL DOWNTREND","17.5","TRUE","FALSE","FALSE","LEADING","LEADING (Passive)","1.31","1.31","EXPANSION","0","100","44.78","24.17","39.38","17.52","9826.08","9879.27","10172.8","1300","995","1098","Supertrend bearish | RSI 44.8 lemah | Volume valid 1.31x | Lolos anti-crash ADX | RISEN NORMAL DOWNTREND","Full Grid (1-2-3-4)","100000000","11225","10400","10200","9900","0.1","0.2","0.3","0.4","8","19","29","40","96","97920000","2080000","10200","10208.74","9500","13825","16400","16400","15.37","6.86","46.1","60.78","3","8.86"
"VOKS","2026-05-22","2026-05-22","558","FULL","212","-3.6363636363636362","AVOID","-","passive","FALSE","","V-SHAPE","2026-05-21","","NEW","1","DOWNTREND","BEARISH","BEARISH","BEARISH","STRUCTURE + DISCOUNT","SIDEWAYS","52.5","TRUE","FALSE","FALSE","LEADING","LEADING (Passive)","0.48","0.48","DRY / QUIET","36.36","63.64","45.5","39.52","30.97","8.68","218.71","221.32","232.96","215900","448275","1098","Supertrend bearish | RSI 45.5 lemah | Volume 0.48x | Lolos anti-crash ADX | RISEN SIDEWAYS","Full Grid (1-2-3-4)","100000000","220","212","210","208","0.1","0.2","0.3","0.4","454","943","1428","1923","4748","99966000","34000","210.54","210.54","200","250","280","280","9.09","5.01","27.27","32.99","3","6.59"
"ACES","2026-05-22","2026-05-22","558","FULL","348","1.1627906976744187","AVOID","-","passive","FALSE","","EARLY SWEEP","2026-05-20","","2d","2","DOWNTREND","BEARISH","BEARISH","BEARISH","DOWNTREND DISCOUNT","NORMAL DOWNTREND","33.1","TRUE","FALSE","FALSE","LEADING","LEADING (Passive)","0.65","0.65","DRY / QUIET","66.67","33.33","39.11","20.55","13.12","24.48","366.32","375.5","432.28","25381800","39335845","1096","Supertrend bearish | RSI 39.1 lemah | Volume 0.65x | Lolos anti-crash ADX | RISEN NORMAL DOWNTREND","Full Grid (1-2-3-4)","100000000","404","398","396","394","0.1","0.2","0.3","0.4","247","502","757","1015","2521","99926600","73400","396.38","396.38","390","426","440","440","3.47","1.61","8.91","11.01","2.57","6.84"
"BABP","2026-05-22","2026-05-22","558","FULL","50","0","AVOID","-","passive","FALSE","","EARLY SWEEP","2026-05-20","","2d","2","DOWNTREND","BEARISH","BEARISH","BEARISH","DOWNTREND DISCOUNT","SIDEWAYS","100","TRUE","FALSE","FALSE","LEADING","LEADING (Passive)","0.11","0.11","DRY / QUIET","50","50","41.51","15.86","9.15","7.81","51.18","52.44","54.63","2221200","20755570","1096","Supertrend bearish | RSI 41.5 lemah | Volume 0.11x | Lolos anti-crash ADX | RISEN SIDEWAYS","Full Grid (1-2-3-4)","100000000","57","55","54","53","0.1","0.2","0.3","0.4","1754","3636","5555","7547","18492","99991900","8100","54.07","54.07","52","65","72","72","8.77","3.83","26.32","33.15","3","8.65"
"BBMD","2026-05-22","2026-05-22","558","FULL","1930","0","AVOID","-","passive","FALSE","","EARLY SWEEP","2026-05-20","","2d","2","DOWNTREND","BEARISH","BEARISH","BEARISH","STRUCTURE + DISCOUNT","NORMAL DOWNTREND","24.48","TRUE","FALSE","FALSE","LEADING","LEADING (Passive)","0.41","0.41","DRY / QUIET","50","50","46.24","13.47","41.04","33.96","1944.71","1962.62","2007.37","500","1205","1096","Supertrend bearish | RSI 46.2 lemah | Volume 0.41x | Lolos anti-crash ADX | RISEN NORMAL DOWNTREND","Full Grid (1-2-3-4)","100000000","1970","1955","1950","1945","0.1","0.2","0.3","0.4","50","102","153","205","510","99498500","501500","1950.95","1950.97","1935","2020","2100","2100","1.78","0.82","6.6","7.64","3.71","9.34"
"CTRA","2026-05-22","2026-05-22","558","FULL","655","-0.7575757575757576","AVOID","-","passive","FALSE","","EARLY SWEEP","2026-05-20","","2d","2","DOWNTREND","BEARISH","BEARISH","BEARISH","STRUCTURE + DISCOUNT","NORMAL DOWNTREND","54.86","TRUE","FALSE","FALSE","LEADING","LEADING (Passive)","0.9","0.9","NORMAL","20","80","38.03","17.93","13.58","21.38","688.67","716.94","825.83","9692700","10822760","1096","Supertrend bearish | RSI 38.0 lemah | Volume 0.9x | Lolos anti-crash ADX | RISEN NORMAL DOWNTREND","Full Grid (1-2-3-4)","100000000","940","895","880","865","0.1","0.2","0.3","0.4","106","223","340","462","1131","99805500","194500","882.45","882.47","840","1090","1240","1240","10.64","4.81","31.91","40.52","3","8.42"
"IDPR","2026-05-22","2026-05-22","558","FULL","298","0","AVOID","-","passive","FALSE","","EARLY SWEEP","2026-05-20","","2d","2","DOWNTREND","BEARISH","BEARISH","BULLISH","STRUCTURE + DISCOUNT","SIDEWAYS","68.69","TRUE","FALSE","FALSE","LEADING","LEADING (Passive)","0.29","0.29","DRY / QUIET","66.67","33.33","41.89","21.04","11.27","27.81","301.3","300.55","286.81","17100","59655","1096","Supertrend bearish | RSI 41.9 lemah | Volume 0.29x | Lolos anti-crash ADX | RISEN SIDEWAYS","Full Grid (1-2-3-4)","100000000","302","284","278","272","0.1","0.2","0.3","0.4","331","704","1079","1470","3584","99970000","30000","278.93","278.93","262","362","422","422","13.25","6.07","39.74","51.29","3","8.45"
"IKPM","2026-05-22","2026-05-22","558","FULL","186","-3.125","AVOID","-","passive","FALSE","","EARLY SWEEP","2026-05-20","","2d","2","DOWNTREND","BEARISH","BEARISH","BEARISH","STRUCTURE + DISCOUNT","NORMAL DOWNTREND","37.95","TRUE","FALSE","FALSE","LEADING","LEADING (Passive)","0.05","0.05","DRY / QUIET","57.14","42.86","38.33","36.85","24.41","11.56","200.57","211.1","225.4","48000","1058340","1096","Supertrend bearish | RSI 38.3 lemah | Volume 0.05x | Lolos anti-crash ADX | RISEN NORMAL DOWNTREND","Full Grid (1-2-3-4)","100000000","262","232","224","214","0.1","0.2","0.3","0.4","381","862","1339","1869","4451","99970800","29200","224.6","224.61","196","362","460","460","25.19","12.73","75.57","104.81","3","8.23"
"INTD","2026-05-22","2026-05-22","558","FULL","258","1.574803149606299","HOLD","-","passive","FALSE","","SMART SNIPER + V-SHAPE","2026-05-20","Structure + Discount","2d","2","UPTREND","BULLISH","BULLISH","BULLISH","STRUCTURE + DISCOUNT","SIDEWAYS","36.37","TRUE","FALSE","FALSE","LEADING","LEADING (Passive)","1.4","1.4","EXPANSION","56.25","43.75","52.15","30.68","32.88","10.34","251.13","254.27","237.62","1264800","902545","1096","Supertrend bullish | RSI 52.1 > 50 | Volume valid 1.4x | Lolos anti-crash ADX | RISEN SIDEWAYS","Full Grid (1-2-3-4)","100000000","286","254","246","234","0.1","0.2","0.3","0.4","349","787","1219","1709","4064","99949200","50800","245.94","245.94","214","394","500","500","25.17","12.99","74.83","103.3","2.97","7.95"
"IPCM","2026-05-22","2026-05-22","558","FULL","320","1.2658227848101267","HOLD","-","passive","FALSE","","V-SHAPE","2026-05-20","","2d","2","UPTREND","BEARISH","BEARISH","BEARISH","STRUCTURE + DISCOUNT","SIDEWAYS","81.82","TRUE","FALSE","FALSE","LEADING","LEADING (Passive)","0.34","0.34","DRY / QUIET","66.67","33.33","40.71","20.92","9.69","18.46","325.57","328.64","321.27","357500","1039635","1096","Supertrend bullish | RSI 40.7 lemah | Volume 0.34x | Lolos anti-crash ADX | RISEN SIDEWAYS","Full Grid (1-2-3-4)","100000000","324","320","320","318","0.1","0.2","0.3","0.4","308","625","937","1257","3127","99935800","64200","319.59","319.59","314","344","348","348","3.09","1.75","7.41","8.89","2.4","5.08"
"JSMR","2026-05-22","2026-05-22","558","FULL","2950","-1.3377926421404682","AVOID","-","passive","FALSE","","EARLY SWEEP","2026-05-20","","2d","2","DOWNTREND","BEARISH","BEARISH","BEARISH","STRUCTURE + DISCOUNT","NORMAL DOWNTREND","40.35","TRUE","FALSE","FALSE","LEADING","LEADING (Passive)","1.74","1.74","EXPANSION","12.5","87.5","36.54","27.34","14.76","25.27","3042.7","3159.85","3480.7","5561000","3204430","1096","Supertrend bearish | RSI 36.5 lemah | Volume valid 1.74x | Lolos anti-crash ADX | RISEN NORMAL DOWNTREND","Full Grid (1-2-3-4)","100000000","3450","3390","3380","3360","0.1","0.2","0.3","0.4","28","58","88","119","293","99050000","950000","3380.55","3380.8","3320","3650","4020","4020","3.77","1.79","16.52","18.92","4.38","10.56"
"MPIX","2026-05-22","2026-05-22","534","FULL","83","-1.1904761904761905","AVOID","-","passive","FALSE","","V-SHAPE","2026-05-20","","2d","2","DOWNTREND","BEARISH","BEARISH","BULLISH","STRUCTURE + DISCOUNT","SIDEWAYS","78.65","TRUE","FALSE","FALSE","LEADING","LEADING (Passive)","0.57","0.57","DRY / QUIET","20","80","47.31","37.45","27.63","11.43","84.82","84.7","79.25","13310200","23262570","1096","Supertrend bearish | RSI 47.3 lemah | Volume 0.57x | Lolos anti-crash ADX | RISEN SIDEWAYS","Full Grid (1-2-3-4)","100000000","89","82","80","78","0.1","0.2","0.3","0.4","1123","2439","3750","5128","12440","99992900","7100","80.38","80.38","74","112","134","134","16.85","7.94","50.56","66.71","3","8.4"
"PTPW","2026-05-22","2026-05-22","558","FULL","930","0.5405405405405406","AVOID","-","passive","FALSE","","EARLY SWEEP","2026-05-20","","2d","2","DOWNTREND","BEARISH","BEARISH","BEARISH","STRUCTURE + DISCOUNT","NORMAL UPTREND","18.27","TRUE","TRUE","FALSE","LEADING","LEADING (Passive)","0.12","0.12","DRY / QUIET","50","50","36.77","16.79","25.65","31.72","948.31","959.78","960.2","12100","104680","1096","Supertrend bearish | RSI 36.8 lemah | Volume 0.12x | Lolos anti-crash ADX | RISEN NORMAL UPTREND","Full Grid (1-2-3-4)","100000000","1000","985","980","970","0.1","0.2","0.3","0.4","100","203","306","412","1021","99947500","52500","978.92","978.91","965","1055","1160","1160","3.5","1.42","16","18.5","4.57","13.01"
"SURE","2026-05-22","2026-05-22","558","FULL","2520","0","HOLD","-","passive","FALSE","","BETA BREAKOUT + V-SHAPE","2026-05-20","","2d","2","UPTREND","BEARISH","BEARISH","BEARISH","STRUCTURE + DISCOUNT","SIDEWAYS","46.93","TRUE","FALSE","FALSE","LEADING","LEADING (Passive)","0.25","0.25","DRY / QUIET","100","0","45.41","15.34","22.87","19.77","2646.94","2683.43","2692.09","3700","14625","1096","Supertrend bullish | RSI 45.4 lemah | Volume 0.25x | Lolos anti-crash ADX | RISEN SIDEWAYS","Full Grid (1-2-3-4)","100000000","2960","2650","2570","2460","0.1","0.2","0.3","0.4","33","75","116","162","386","99307000","693000","2572.72","2573.42","2290","3970","4970","4970","22.64","10.99","67.91","93.18","3","8.48"
"BRAM","2026-05-22","2026-05-22","558","FULL","4650","-2.515723270440252","HOLD","-","passive","FALSE","","BETA BREAKOUT","2026-05-19","","3d","3","UPTREND","BULLISH","BULLISH","BEARISH","DEMAND STRUCTURE","NORMAL UPTREND","43.69","TRUE","TRUE","FALSE","LEADING","LEADING (Passive)","1.58","1.58","EXPANSION","0","100","53.08","19.29","28.55","12.43","4615.06","4579.93","4856","5900","3735","1094","Supertrend bullish | RSI 53.1 > 50 | Volume valid 1.58x | Lolos anti-crash ADX | RISEN NORMAL UPTREND","Full Grid (1-2-3-4)","100000000","4800","4620","4570","4510","0.1","0.2","0.3","0.4","20","43","65","88","216","98859000","1141000","4576.81","4577.48","4400","5400","6000","6000","8.33","3.86","25","31.1","3","8.05"
"BRIS","2026-05-22","2026-05-22","558","FULL","1775","-1.3888888888888888","AVOID","-","passive","FALSE","","V-SHAPE","2026-05-19","","3d","3","DOWNTREND","BEARISH","BEARISH","BEARISH","STRUCTURE + DISCOUNT","NORMAL DOWNTREND","42.53","TRUE","FALSE","FALSE","LEADING","LEADING (Passive)","0.48","0.48","DRY / QUIET","58.82","41.18","39.44","26.51","14.45","29.09","1860.46","1984.12","2282.71","11914800","24581590","1094","Supertrend bearish | RSI 39.4 lemah | Volume 0.48x | Lolos anti-crash ADX | RISEN NORMAL DOWNTREND","Full Grid (1-2-3-4)","100000000","1770","1735","1725","1715","0.1","0.2","0.3","0.4","56","115","173","233","577","99666500","333500","1727.32","1727.35","1685","2190","2330","2330","4.8","2.45","31.64","34.89","6.59","14.24"
"GGRP","2026-05-22","2026-05-22","558","FULL","328","1.8633540372670807","HOLD","-","passive","FALSE","","BETA BREAKOUT","2026-05-19","","3d","3","UPTREND","BULLISH","BULLISH","BULLISH","UPTREND PREMIUM","NORMAL UPTREND","21.92","TRUE","TRUE","FALSE","LEADING","LEADING (Passive)","1.78","1.78","EXPANSION","80","20","70.57","45","31.39","7.12","306.35","301.61","282.57","2819800","1579940","1094","Supertrend bullish | RSI 70.6 > 50 | Volume valid 1.78x | Lolos anti-crash ADX | RISEN NORMAL UPTREND","Full Grid (1-2-3-4)","100000000","326","304","298","290","0.1","0.2","0.3","0.4","306","657","1006","1379","3348","99918200","81800","298.44","298.45","278","398","470","470","14.72","6.85","44.17","57.48","3","8.39"
"KEJU","2026-05-22","2026-05-22","558","FULL","560","1.8181818181818181","HOLD","-","passive","FALSE","","SMART SNIPER + V-SHAPE","2026-05-19","Structure + Discount","3d","3","UPTREND","BULLISH","BULLISH","BEARISH","STRUCTURE + DISCOUNT","SIDEWAYS","79.22","TRUE","FALSE","FALSE","LEADING","LEADING (Passive)","0.96","0.96","NORMAL","66.67","33.33","53.14","16.08","10.13","15.62","553.39","557.77","636.87","332900","346795","1094","Supertrend bullish | RSI 53.1 > 50 | Volume 0.96x | Lolos anti-crash ADX | RISEN SIDEWAYS","Full Grid (1-2-3-4)","100000000","555","545","540","535","0.1","0.2","0.3","0.4","180","366","555","747","1848","99871500","128500","540.43","540.43","525","600","605","605","5.41","2.86","9.01","11.95","1.67","4.18"
"BBCA","2026-05-22","2026-05-22","558","FULL","5900","-0.8403361344537815","AVOID","-","passive","FALSE","","EARLY SWEEP","2026-05-18","","4d","4","DOWNTREND","BEARISH","BEARISH","BEARISH","DOWNTREND DISCOUNT","NORMAL DOWNTREND","40.8","TRUE","FALSE","FALSE","LEADING","LEADING (Passive)","1.47","1.47","EXPANSION","50","50","35.53","20.99","19.8","25.91","6122.98","6452.48","7495.52","288919700","197092630","1092","Supertrend bearish | RSI 35.5 lemah | Volume valid 1.47x | Lolos anti-crash ADX | RISEN NORMAL DOWNTREND","Full Grid (1-2-3-4)","100000000","7200","6800","6700","6550","0.1","0.2","0.3","0.4","13","29","44","61","147","98515000","1485000","6701.7","6704.86","6325","8700","8750","8750","12.15","5.62","21.53","30.56","1.77","5.44"
"BNGA","2026-05-22","2026-05-22","558","FULL","1645","-0.6042296072507553","AVOID","-","passive","FALSE","","EARLY SWEEP","2026-05-18","","4d","4","DOWNTREND","BEARISH","BEARISH","BEARISH","STRUCTURE + DISCOUNT","NORMAL DOWNTREND","58.43","TRUE","FALSE","FALSE","LEADING","LEADING (Passive)","0.83","0.83","NORMAL","66.67","33.33","35.12","31.68","12.54","30.34","1704.38","1750.39","1766.16","6276800","7587105","1092","Supertrend bearish | RSI 35.1 lemah | Volume 0.83x | Crash filter aktif | RISEN NORMAL DOWNTREND","Full Grid (1-2-3-4)","100000000","1855","1790","1770","1750","0.1","0.2","0.3","0.4","53","111","169","228","561","99513500","486500","1773.86","1773.98","1715","2070","2280","2280","7.55","3.32","22.91","28.53","3.04","8.6"
"BTON","2026-05-22","2026-05-22","558","FULL","374","-0.5319148936170213","AVOID","-","passive","FALSE","","EARLY SWEEP","2026-05-18","","4d","4","DOWNTREND","BEARISH","BEARISH","BEARISH","STRUCTURE + DISCOUNT","SIDEWAYS","25","TRUE","FALSE","FALSE","LEADING","LEADING (Passive)","0.08","0.08","DRY / QUIET","85.71","14.29","46.32","27.48","10.82","19.14","378.19","380.19","386.22","800","9855","1092","Supertrend bearish | RSI 46.3 lemah | Volume 0.08x | Lolos anti-crash ADX | RISEN SIDEWAYS","Full Grid (1-2-3-4)","100000000","390","374","368","364","0.1","0.2","0.3","0.4","256","534","815","1098","2703","99914800","85200","369.64","369.65","354","444","498","498","9.23","4.23","27.69","34.72","3","8.2"
"HOMI","2026-05-22","2026-05-22","558","FULL","204","-0.9708737864077669","AVOID","-","passive","FALSE","","EARLY SWEEP","2026-05-18","","4d","4","DOWNTREND","BEARISH","BEARISH","BEARISH","STRUCTURE + DISCOUNT","NORMAL DOWNTREND","100","TRUE","FALSE","FALSE","LEADING","LEADING (Passive)","0.76","0.76","DRY / QUIET","60","40","32","12.71","12.53","20.11","225.52","261.44","330.54","2417400","3168785","1092","Supertrend bearish | RSI 32.0 lemah | Volume 0.76x | Lolos anti-crash ADX | RISEN NORMAL DOWNTREND","Full Grid (1-2-3-4)","100000000","230","220","216","212","0.1","0.2","0.3","0.4","434","909","1388","1886","4617","99944000","56000","216.47","216.47","204","270","308","308","11.3","5.76","33.91","42.28","3","7.34"
"ITMG","2026-05-22","2026-05-22","558","FULL","23175","3.807390817469205","AVOID","-","passive","FALSE","","EARLY SWEEP","2026-05-18","","4d","4","DOWNTREND","BEARISH","BEARISH","BEARISH","DOWNTREND DISCOUNT","SIDEWAYS","18.1","TRUE","FALSE","FALSE","LEADING","LEADING (Passive)","1.06","1.06","NORMAL","95.92","4.08","38.11","27.63","13.41","32.43","24820.29","25271.98","24133.05","2403800","2263240","1092","Supertrend bearish | RSI 38.1 lemah | Volume 1.06x | Lolos anti-crash ADX | RISEN SIDEWAYS","Full Grid (1-2-3-4)","100000000","26975","23950","23225","22200","0.1","0.2","0.3","0.4","3","8","12","18","41","95082500","4917500","23190.85","23259.6","20775","36275","45575","45575","22.98","10.42","68.95","96.52","3","9.27"
"LCKM","2026-05-22","2026-05-22","558","FULL","141","-14.545454545454545","HOLD","-","passive","FALSE","","EARLY SWEEP","2026-05-18","","4d","4","UPTREND","BULLISH","BEARISH","BEARISH","UPTREND DISCOUNT","NORMAL DOWNTREND","17.5","TRUE","FALSE","FALSE","LEADING","LEADING (Passive)","0.02","0.02","DRY / QUIET","50","50","52.2","28.6","35.24","16.49","133.22","144.34","198.23","4466900","183915845","1092","Supertrend bullish | RSI 52.2 > 50 | Volume 0.02x | Lolos anti-crash ADX | RISEN NORMAL DOWNTREND","Full Grid (1-2-3-4)","100000000","282","250","242","232","0.1","0.2","0.3","0.4","354","800","1239","1724","4117","99963400","36600","242.81","242.81","212","388","492","492","24.82","12.69","74.47","102.63","3","8.09"
"MYOR","2026-05-22","2026-05-22","558","FULL","1860","0.5405405405405406","HOLD","-","passive","FALSE","","EARLY SWEEP","2026-05-18","","4d","4","UPTREND","BULLISH","BEARISH","BEARISH","UPTREND DISCOUNT","SIDEWAYS","73.21","TRUE","FALSE","FALSE","LEADING","LEADING (Passive)","0.36","0.36","DRY / QUIET","72.73","27.27","53.76","18.66","22.77","19.94","1820.69","1881.27","2063.63","4761400","13202635","1092","Supertrend bullish | RSI 53.8 > 50 | Volume 0.36x | Lolos anti-crash ADX | RISEN SIDEWAYS","Full Grid (1-2-3-4)","100000000","2510","2460","2450","2430","0.1","0.2","0.3","0.4","39","81","122","164","406","99457000","543000","2449.68","2449.78","2390","2690","2960","2960","4.78","2.44","17.93","20.83","3.75","8.55"
"PGAS","2026-05-22","2026-05-22","558","FULL","1820","-0.273972602739726","AVOID","-","passive","FALSE","","EARLY SWEEP","2026-05-18","","4d","4","DOWNTREND","BEARISH","BEARISH","BEARISH","STRUCTURE + DISCOUNT","SIDEWAYS","93.75","TRUE","FALSE","FALSE","LEADING","LEADING (Passive)","0.59","0.59","DRY / QUIET","75","25","40.88","24.15","12.53","25.97","1867","1917.6","1871.05","15048800","25545655","1092","Supertrend bearish | RSI 40.9 lemah | Volume 0.59x | Lolos anti-crash ADX | RISEN SIDEWAYS","Full Grid (1-2-3-4)","100000000","2040","1965","1945","1920","0.1","0.2","0.3","0.4","49","101","154","208","512","99731500","268500","1947.88","1947.89","1865","2300","2310","2310","8.58","4.25","13.24","18.59","1.54","4.37"
"PNBS","2026-05-22","2026-05-22","558","FULL","50","0","AVOID","-","passive","FALSE","","EARLY SWEEP","2026-05-18","","4d","4","DOWNTREND","BEARISH","BEARISH","BEARISH","DOWNTREND DISCOUNT","SIDEWAYS","63.77","TRUE","FALSE","FALSE","LEADING","LEADING (Passive)","0.11","0.11","DRY / QUIET","50","50","44.82","50.78","14.51","3.7","50.61","51.08","52.2","4858300","46254155","1092","Supertrend bearish | RSI 44.8 lemah | Volume 0.11x | Lolos anti-crash ADX | RISEN SIDEWAYS","Full Grid (1-2-3-4)","100000000","53","52","51","51","0.1","0.2","0.3","0.4","1886","3846","5882","7843","19457","99992500","7500","51.39","51.39","50","58","64","64","5.66","2.71","20.75","24.53","3.67","9.06"
"PURA","2026-05-22","2026-05-22","558","FULL","36","-10","AVOID","-","passive","FALSE","","SMART GAMMA","2026-05-18","","4d","4","DOWNTREND","BULLISH","BULLISH","BULLISH","DOWNTREND DISCOUNT","NORMAL UPTREND","17.5","TRUE","TRUE","FALSE","LEADING","LEADING (Passive)","0.58","0.58","DRY / QUIET","50","50","53.71","17.63","33.22","36.08","34.64","33.67","31.08","11661800","20205745","1092","Supertrend bearish | RSI 53.7 > 50 | Volume 0.58x | Lolos anti-crash ADX | RISEN NORMAL UPTREND","Full Grid (1-2-3-4)","100000000","37","34","33","32","0.1","0.2","0.3","0.4","2702","5882","9090","12500","30174","99993200","6800","33.14","33.14","31","46","50","50","16.22","6.45","35.14","50.88","2.17","7.88"
"TLKM","2026-05-22","2026-05-22","558","FULL","2920","-2.666666666666667","AVOID","-","passive","FALSE","","SMART SNIPER","2026-05-18","Structure + Discount","4d","4","DOWNTREND","BEARISH","BEARISH","BEARISH","STRUCTURE + DISCOUNT","SIDEWAYS","34.21","TRUE","FALSE","FALSE","LEADING","LEADING (Passive)","1.15","1.15","NORMAL","43.75","56.25","43.12","22.95","20.39","29.93","2988.54","3076.12","3178.24","138085300","119926850","1092","Supertrend bearish | RSI 43.1 lemah | Volume 1.15x | Lolos anti-crash ADX | RISEN SIDEWAYS","Full Grid (1-2-3-4)","100000000","3080","2920","2880","2820","0.1","0.2","0.3","0.4","32","68","104","141","345","99426000","574000","2881.91","2882.08","2730","3610","4130","4130","11.36","5.27","34.09","43.31","3","8.22"
"WOMF","2026-05-22","2026-05-22","558","FULL","288","-0.6896551724137931","AVOID","-","passive","FALSE","","EARLY SWEEP","2026-05-18","","4d","4","DOWNTREND","BEARISH","BEARISH","BEARISH","DOWNTREND DISCOUNT","NORMAL DOWNTREND","72.16","TRUE","FALSE","FALSE","LEADING","LEADING (Passive)","0.94","0.94","NORMAL","100","0","34.98","17.39","9.44","20.47","296.96","302.78","321.82","70300","74440","1092","Supertrend bearish | RSI 35.0 lemah | Volume 0.94x | Lolos anti-crash ADX | RISEN NORMAL DOWNTREND","Full Grid (1-2-3-4)","100000000","358","350","346","344","0.1","0.2","0.3","0.4","279","571","867","1162","2879","99944200","55800","347.15","347.15","338","388","426","426","5.59","2.64","18.99","22.71","3.4","8.62"
"SCCO","2026-05-22","2026-05-22","558","FULL","2360","-0.8403361344537815","HOLD","-","passive","FALSE","","SMART SNIPER","2026-05-07","Structure + Discount","15d","15","UPTREND","BEARISH","BEARISH","BEARISH","STRUCTURE + DISCOUNT","SIDEWAYS","58.8","TRUE","FALSE","FALSE","LEADING","LEADING (Passive)","2.24","2.24","VOLUME SURGE","42.86","57.14","46.35","16.74","11.88","17.36","2387.64","2377.3","2376.9","127300","56830","1090","Supertrend bullish | RSI 46.4 lemah | Volume valid 2.24x | Lolos anti-crash ADX | RISEN SIDEWAYS","Full Grid (1-2-3-4)","100000000","2460","2330","2300","2260","0.1","0.2","0.3","0.4","40","85","130","176","431","99321000","679000","2304.43","2304.61","2190","2870","3270","3270","10.98","4.97","32.93","41.9","3","8.44"
"CPIN","2026-05-22","2026-05-22","558","FULL","4350","1.873536299765808","HOLD","-","passive","FALSE","","V-SHAPE","2026-05-13","","9d","9","UPTREND","BULLISH","BULLISH","BEARISH","UPTREND","NORMAL DOWNTREND","0","FALSE","FALSE","FALSE","LEADING","LEADING (Passive)","0.98","0.98","NORMAL","100","0","57.6","15.46","26.87","19.48","4173.21","4194.84","4422.75","5365000","5480535","1082","Supertrend bullish | RSI 57.6 > 50 | Volume 0.98x | Lolos anti-crash ADX | RISEN NORMAL DOWNTREND","Full Grid (1-2-3-4)","100000000","4160","4060","4040","4000","0.1","0.2","0.3","0.4","24","49","74","100","247","99774000","226000","4039.43","4039.47","3930","4540","4640","4640","5.53","2.71","11.54","14.87","2.09","5.49"
"ECII","2026-05-22","2026-05-22","558","FULL","164","-5.747126436781609","AVOID","-","passive","FALSE","","EARLY SWEEP","2026-05-13","","9d","9","DOWNTREND","BEARISH","BEARISH","BEARISH","DOWNTREND DISCOUNT","SIDEWAYS","0","FALSE","FALSE","FALSE","LEADING","LEADING (Passive)","0.74","0.74","DRY / QUIET","28.57","71.43","32.98","16.01","19.53","23.11","176.2","186.67","198.38","588700","792440","1082","Supertrend bearish | RSI 33.0 lemah | Volume 0.74x | Lolos anti-crash ADX | RISEN SIDEWAYS","Full Grid (1-2-3-4)","100000000","188","176","173","169","0.1","0.2","0.3","0.4","531","1136","1734","2366","5767","99960000","40000","173.33","173.33","161","228","270","270","14.36","7.11","43.62","55.77","3.04","7.84"
"GMTD","2026-05-22","2026-05-22","558","FULL","1820","2.247191011235955","AVOID","-","passive","FALSE","","EARLY SWEEP","2026-05-13","","9d","9","DOWNTREND","BULLISH","BULLISH","BEARISH","STRUCTURE + DISCOUNT","SIDEWAYS","60","TRUE","FALSE","FALSE","LEADING","LEADING (Passive)","0.38","0.38","DRY / QUIET","57.14","42.86","58.11","31.56","37.3","15.79","1696.21","1741.68","2258.32","6400","16805","1082","Supertrend bearish | RSI 58.1 > 50 | Volume 0.38x | Lolos anti-crash ADX | RISEN SIDEWAYS","Full Grid (1-2-3-4)","100000000","1905","1725","1680","1620","0.1","0.2","0.3","0.4","52","115","178","246","591","99499500","500500","1683.58","1683.73","1515","2490","3080","3080","20.47","10.01","61.68","82.94","3.01","8.28"
"KINO","2026-05-22","2026-05-22","558","FULL","1110","0.4524886877828055","HOLD","-","passive","FALSE","","SMART SNIPER","2026-05-13","Structure + Discount","9d","9","UPTREND","BEARISH","BEARISH","BEARISH","STRUCTURE + DISCOUNT","SIDEWAYS","86.02","TRUE","FALSE","FALSE","LEADING","LEADING (Passive)","1.7","1.7","EXPANSION","0","100","44.51","10.65","15.76","13.47","1123.96","1149.84","1196.94","52300","30815","1082","Supertrend bullish | RSI 44.5 lemah | Volume valid 1.7x | Lolos anti-crash ADX | RISEN SIDEWAYS","Full Grid (1-2-3-4)","100000000","1155","1125","1115","1105","0.1","0.2","0.3","0.4","86","177","269","361","893","99729500","270500","1116.79","1116.81","1080","1270","1395","1395","6.49","3.29","20.78","24.91","3.2","7.56"
"RIGS","2026-05-22","2026-05-22","558","FULL","690","0.7299270072992701","AVOID","-","passive","FALSE","","V-SHAPE","2026-05-13","","9d","9","DOWNTREND","BULLISH","BEARISH","BEARISH","STRUCTURE + DISCOUNT","SIDEWAYS","52.5","TRUE","FALSE","FALSE","LEADING","LEADING (Passive)","0.46","0.46","DRY / QUIET","100","0","52.15","22.68","10.27","16.68","684.42","696.47","733.19","34600","75580","1082","Supertrend bearish | RSI 52.1 > 50 | Volume 0.46x | Lolos anti-crash ADX | RISEN SIDEWAYS","Full Grid (1-2-3-4)","100000000","685","665","655","650","0.1","0.2","0.3","0.4","145","300","458","615","1518","99856500","143500","657.82","657.84","635","760","835","835","7.3","3.47","21.9","26.94","3","7.77"
"TOTO","2026-05-22","2026-05-22","558","FULL","244","0","AVOID","-","passive","FALSE","","EARLY SWEEP","2026-05-13","","9d","9","DOWNTREND","BEARISH","BEARISH","BEARISH","DOWNTREND DISCOUNT","NORMAL DOWNTREND","20.26","TRUE","FALSE","FALSE","LEADING","LEADING (Passive)","0.57","0.57","DRY / QUIET","50","50","25.78","35.01","7.88","24.72","258.48","265.29","262.86","883400","1559270","1082","Supertrend bearish | RSI 25.8 lemah | Volume 0.57x | Crash filter aktif | RISEN NORMAL DOWNTREND","Full Grid (1-2-3-4)","100000000","282","258","252","242","0.1","0.2","0.3","0.4","354","775","1190","1652","3971","99944200","55800","251.69","251.69","230","360","438","438","18.44","8.62","55.32","74.03","3","8.59"
"VRNA","2026-05-22","2026-05-22","558","FULL","79","1.282051282051282","HOLD","-","passive","FALSE","","SMART SNIPER + V-SHAPE","2026-05-13","Demand Structure","9d","9","UPTREND","BEARISH","BEARISH","BEARISH","STRUCTURE + DISCOUNT","SIDEWAYS","70.11","TRUE","FALSE","FALSE","LEADING","LEADING (Passive)","0.85","0.85","NORMAL","66.67","33.33","48.16","31.53","18.88","13.02","79.58","79.75","82.25","681200","800590","1082","Supertrend bullish | RSI 48.2 lemah | Volume 0.85x | Lolos anti-crash ADX | RISEN SIDEWAYS","Full Grid (1-2-3-4)","100000000","83","77","76","74","0.1","0.2","0.3","0.4","1204","2597","3947","5405","13153","99984300","15700","76.02","76.02","70","103","122","122","15.66","7.91","46.99","60.49","3","7.64"
"ADRO","2026-05-22","2026-05-22","558","FULL","2350","6.334841628959276","AVOID","-","passive","FALSE","","V-SHAPE","2026-05-12","","10d","10","DOWNTREND","BEARISH","BEARISH","BULLISH","DEMAND STRUCTURE","NORMAL DOWNTREND","17.5","TRUE","FALSE","FALSE","LEADING","LEADING (Passive)","0.64","0.64","DRY / QUIET","100","0","44.44","20.42","18.7","31.3","2427.86","2415.91","2214.7","54234200","84854160","1080","Supertrend bearish | RSI 44.4 lemah | Volume 0.64x | Lolos anti-crash ADX | RISEN NORMAL DOWNTREND","Full Grid (1-2-3-4)","100000000","2600","2490","2460","2430","0.1","0.2","0.3","0.4","38","80","121","164","403","99418000","582000","2466.95","2467.05","2360","2960","3320","3320","9.23","4.34","27.69","34.58","3","7.98"
"AMMS","2026-05-22","2026-05-22","558","FULL","366","-1.6129032258064515","AVOID","-","passive","FALSE","","V-SHAPE","2026-05-12","","10d","10","DOWNTREND","BEARISH","BEARISH","BULLISH","STRUCTURE + DISCOUNT","SIDEWAYS","79.55","TRUE","FALSE","FALSE","LEADING","LEADING (Passive)","0.68","0.68","DRY / QUIET","75","25","38.13","20.37","10.47","19.34","386.57","400.96","351.67","250600","366400","1080","Supertrend bearish | RSI 38.1 lemah | Volume 0.68x | Lolos anti-crash ADX | RISEN SIDEWAYS","Full Grid (1-2-3-4)","100000000","390","370","364","356","0.1","0.2","0.3","0.4","256","540","824","1123","2743","99936400","63600","364.33","364.34","342","462","466","466","12.31","6.13","19.49","27.91","1.58","4.55"
"GRIA","2026-05-22","2026-05-22","558","FULL","116","0","HOLD","-","passive","FALSE","","BETA BREAKOUT","2026-05-12","","10d","10","UPTREND","BULLISH","BULLISH","BULLISH","UPTREND PREMIUM","SIDEWAYS","25","TRUE","FALSE","FALSE","LEADING","LEADING (Passive)","0.07","0.07","DRY / QUIET","0","100","61.39","40.26","34.04","11.73","109.32","107.37","107.95","566300","7913645","1080","Supertrend bullish | RSI 61.4 > 50 | Volume 0.07x | Lolos anti-crash ADX | RISEN SIDEWAYS","Full Grid (1-2-3-4)","100000000","120","105","101","96","0.1","0.2","0.3","0.4","833","1904","2970","4166","9873","99978600","21400","101.26","101.27","88","168","216","216","26.67","13.1","80","113.3","3","8.65"
"KJEN","2026-05-22","2026-05-22","558","FULL","165","-5.172413793103448","HOLD","-","passive","FALSE","","SMART SNIPER + V-SHAPE","2026-05-12","Structure + Discount","10d","10","UPTREND","BULLISH","BULLISH","BULLISH","UPTREND DISCOUNT","NORMAL UPTREND","21.8","TRUE","TRUE","FALSE","LEADING","LEADING (Passive)","1.12","1.12","NORMAL","45.45","54.55","59.24","34.11","30.07","8.81","147.86","144.58","159.85","32641600","29121895","1080","Supertrend bullish | RSI 59.2 > 50 | Volume 1.12x | Lolos anti-crash ADX | RISEN NORMAL UPTREND","Full Grid (1-2-3-4)","100000000","155","130","123","115","0.1","0.2","0.3","0.4","645","1538","2439","3478","8100","99988200","11800","123.44","123.44","101","236","318","318","34.84","18.18","105.16","157.61","3.02","8.67"
"MAIN","2026-05-22","2026-05-22","558","FULL","835","1.2121212121212122","AVOID","-","passive","FALSE","","EARLY SWEEP","2026-05-12","","10d","10","DOWNTREND","BEARISH","BEARISH","BULLISH","STRUCTURE + DISCOUNT","NORMAL UPTREND","31.6","TRUE","TRUE","FALSE","LEADING","LEADING (Passive)","0.51","0.51","DRY / QUIET","100","0","37.83","32.92","9.67","27.21","883","894.05","823.76","2568000","5074545","1080","Supertrend bearish | RSI 37.8 lemah | Volume 0.51x | Crash filter aktif | RISEN NORMAL UPTREND","Full Grid (1-2-3-4)","100000000","1010","840","800","745","0.1","0.2","0.3","0.4","99","238","375","536","1248","99923000","77000","800.67","800.63","660","1535","2060","2060","34.65","17.57","103.96","157.29","3","8.95"
"BCAP","2026-05-22","2026-05-22","558","FULL","50","0","AVOID","-","passive","FALSE","","EARLY SWEEP","2026-05-11","","11d","11","DOWNTREND","BEARISH","BEARISH","BEARISH","DOWNTREND DISCOUNT","SIDEWAYS","92.11","TRUE","FALSE","FALSE","LEADING","LEADING (Passive)","0.05","0.05","DRY / QUIET","50","50","41.31","37.53","14.59","8.48","51.24","52.25","55.81","1914600","42490000","1078","Supertrend bearish | RSI 41.3 lemah | Volume 0.05x | Lolos anti-crash ADX | RISEN SIDEWAYS","Full Grid (1-2-3-4)","100000000","59","55","54","53","0.1","0.2","0.3","0.4","1694","3636","5555","7547","18432","99988700","11300","54.25","54.25","51","71","83","83","13.56","5.99","40.68","53","3","8.85"
"DPUM","2026-05-22","2026-05-22","558","FULL","202","3.5897435897435894","HOLD","-","passive","FALSE","","SMART GAMMA","2026-05-11","","11d","11","UPTREND","BULLISH","BULLISH","BULLISH","UPTREND PREMIUM","NORMAL UPTREND","25","TRUE","TRUE","FALSE","LEADING","LEADING (Passive)","0.2","0.2","DRY / QUIET","76","24","66.36","36.87","29.74","10.47","167.17","161.07","139.28","8925500","43666935","1078","Supertrend bullish | RSI 66.4 > 50 | Volume 0.2x | Lolos anti-crash ADX | RISEN NORMAL UPTREND","Full Grid (1-2-3-4)","100000000","202","157","146","130","0.1","0.2","0.3","0.4","495","1273","2054","3076","6898","99961500","38500","144.91","144.91","107","344","488","488","47.03","26.16","141.58","236.75","3.01","9.05"
"GJTL","2026-05-22","2026-05-22","558","FULL","1185","1.7167381974248928","HOLD","-","passive","FALSE","","G ACC","2026-05-11","","11d","11","UPTREND","NEUTRAL","BULLISH","BULLISH","DEMAND STRUCTURE","NORMAL UPTREND","58.85","TRUE","TRUE","FALSE","LEADING","LEADING (Passive)","0.68","0.68","DRY / QUIET","88.89","11.11","51.49","26.01","17.83","19.23","1184.13","1153.44","1099.93","4673300","6850165","1078","Supertrend bullish | RSI 51.5 > 50 | Volume 0.68x | Lolos anti-crash ADX | RISEN NORMAL UPTREND","Full Grid (1-2-3-4)","100000000","1240","1120","1090","1050","0.1","0.2","0.3","0.4","80","178","275","380","913","99731000","269000","1092.34","1092.42","995","1610","1975","1975","19.76","8.91","59.27","80.8","3","9.07"
"KETR","2026-05-22","2026-05-22","558","FULL","595","5.3097345132743365","HOLD","-","passive","FALSE","","SMART SNIPER","2026-05-11","Discount Only","11d","11","UPTREND","BULLISH","BULLISH","BULLISH","UPTREND DISCOUNT","SIDEWAYS","51.63","TRUE","FALSE","FALSE","LEADING","LEADING (Passive)","0.51","0.51","DRY / QUIET","92.31","7.69","56.63","34.36","22.49","13.91","555.06","551.2","552.79","35805500","70873660","1078","Supertrend bullish | RSI 56.6 > 50 | Volume 0.51x | Lolos anti-crash ADX | RISEN SIDEWAYS","Full Grid (1-2-3-4)","100000000","630","550","530","500","0.1","0.2","0.3","0.4","158","363","566","800","1887","99917000","83000","529.5","529.55","454","895","1160","1160","27.94","14.26","84.13","119.07","3.01","8.35"
"MICE","2026-05-22","2026-05-22","558","FULL","484","-0.411522633744856","AVOID","-","passive","FALSE","","EARLY SWEEP","2026-05-11","","11d","11","DOWNTREND","BEARISH","BEARISH","BEARISH","STRUCTURE + DISCOUNT","NORMAL DOWNTREND","70.91","TRUE","FALSE","FALSE","LEADING","LEADING (Passive)","0.54","0.54","DRY / QUIET","6.06","93.94","38.08","47.27","33.13","14.66","503.38","512.19","526.07","21300","39690","1078","Supertrend bearish | RSI 38.1 lemah | Volume 0.54x | Lolos anti-crash ADX | RISEN NORMAL DOWNTREND","Full Grid (1-2-3-4)","100000000","494","472","466","460","0.1","0.2","0.3","0.4","202","423","643","869","2137","99882200","117800","467.39","467.4","446","565","640","640","9.72","4.58","29.55","36.93","3.04","8.07"
"SAGE","2026-05-22","2026-05-22","558","FULL","31","3.3333333333333335","HOLD","-","passive","FALSE","","EARLY SWEEP","2026-05-11","","11d","11","UPTREND","BULLISH","BEARISH","BULLISH","STRUCTURE + DISCOUNT","NORMAL DOWNTREND","44.04","TRUE","FALSE","FALSE","LEADING","LEADING (Passive)","0.34","0.34","DRY / QUIET","100","0","51.66","15.29","37.71","28.66","30.39","31.53","30.92","1316500","3840095","1078","Supertrend bullish | RSI 51.7 > 50 | Volume 0.34x | Lolos anti-crash ADX | RISEN NORMAL DOWNTREND","Full Grid (1-2-3-4)","100000000","34","32","31","30","0.1","0.2","0.3","0.4","2941","6250","9677","13333","32201","99997100","2900","31.05","31.05","29","42","52","52","14.71","6.61","52.94","67.45","3.6","10.2"
"TRST","2026-05-22","2026-05-22","558","FULL","450","5.633802816901409","AVOID","-","passive","FALSE","","V-SHAPE","2026-05-11","","11d","11","DOWNTREND","BEARISH","BEARISH","BEARISH","DEMAND STRUCTURE","SIDEWAYS","51.23","TRUE","FALSE","FALSE","LEADING","LEADING (Passive)","0.28","0.28","DRY / QUIET","100","0","43.43","18.27","9.61","18.85","464.77","467.46","475.55","31300","113600","1078","Supertrend bearish | RSI 43.4 lemah | Volume 0.28x | Lolos anti-crash ADX | RISEN SIDEWAYS","Full Grid (1-2-3-4)","100000000","486","444","434","420","0.1","0.2","0.3","0.4","205","450","691","952","2298","99916400","83600","434.8","434.81","398","620","750","750","18.11","8.46","54.32","72.49","3","8.57"
"IFII","2026-05-22","2026-05-22","558","FULL","226","-2.586206896551724","AVOID","-","passive","FALSE","","V-SHAPE","2026-05-08","","14d","14","DOWNTREND","BULLISH","BEARISH","BEARISH","STRUCTURE + DISCOUNT","SIDEWAYS","50.75","TRUE","FALSE","FALSE","LEADING","LEADING (Passive)","0.8","0.8","NORMAL","50","50","51.94","26.7","26.35","8.51","223.97","226.76","230.02","157600","195875","1072","Supertrend bearish | RSI 51.9 > 50 | Volume 0.8x | Lolos anti-crash ADX | RISEN SIDEWAYS","Full Grid (1-2-3-4)","100000000","226","218","216","214","0.1","0.2","0.3","0.4","442","917","1388","1869","4616","99957200","42800","216.55","216.55","208","254","280","280","7.96","3.95","23.89","29.3","3","7.43"
"MAPI","2026-05-22","2026-05-22","558","FULL","1505","1.3468013468013467","HOLD","-","passive","FALSE","","SMART GAMMA","2026-05-08","","14d","14","UPTREND","BULLISH","BULLISH","BULLISH","UPTREND PREMIUM","NORMAL UPTREND","53.65","TRUE","TRUE","FALSE","LEADING","LEADING (Passive)","0.49","0.49","DRY / QUIET","100","0","65.97","29.81","36.51","13.11","1392.55","1320.16","1274.04","20573200","41830095","1072","Supertrend bullish | RSI 66.0 > 50 | Volume 0.49x | Lolos anti-crash ADX | RISEN NORMAL UPTREND","Full Grid (1-2-3-4)","100000000","1455","1335","1305","1265","0.1","0.2","0.3","0.4","68","149","229","316","762","99644000","356000","1307.66","1307.82","1200","1840","2220","2220","17.53","8.23","52.58","69.77","3","8.47"
"MAPA","2026-05-22","2026-05-22","558","FULL","580","-2.5210084033613445","AVOID","-","passive","FALSE","","V-SHAPE","2026-05-07","","15d","15","DOWNTREND","BEARISH","BEARISH","BEARISH","STRUCTURE + DISCOUNT","NORMAL DOWNTREND","64.99","TRUE","FALSE","FALSE","LEADING","LEADING (Passive)","0.3","0.3","DRY / QUIET","40","60","37.33","13.95","17.62","24.58","619.95","636.46","671.78","7236900","24452955","1070","Supertrend bearish | RSI 37.3 lemah | Volume 0.3x | Lolos anti-crash ADX | RISEN NORMAL DOWNTREND","Full Grid (1-2-3-4)","100000000","625","615","610","605","0.1","0.2","0.3","0.4","160","325","491","661","1637","99929000","71000","610.44","610.44","595","670","690","690","4.8","2.53","10.4","13.03","2.17","5.15"
"PCAR","2026-05-22","2026-05-22","558","FULL","35","-2.7777777777777777","AVOID","-","passive","FALSE","","EARLY SWEEP","2026-05-07","","15d","15","DOWNTREND","BEARISH","BEARISH","BEARISH","STRUCTURE + DISCOUNT","NORMAL DOWNTREND","85.4","TRUE","FALSE","FALSE","LEADING","LEADING (Passive)","0.25","0.25","DRY / QUIET","0","100","39.62","15.14","24.21","28.36","36.89","38.32","39.98","1111300","4371165","1070","Supertrend bearish | RSI 39.6 lemah | Volume 0.25x | Lolos anti-crash ADX | RISEN NORMAL DOWNTREND","Full Grid (1-2-3-4)","100000000","46","41","40","38","0.1","0.2","0.3","0.4","2173","4878","7500","10526","25077","99994400","5600","39.87","39.88","36","61","76","76","21.74","9.72","65.22","90.6","3","9.32"
"PWON","2026-05-22","2026-05-22","558","FULL","292","0.6896551724137931","AVOID","-","passive","FALSE","","EARLY SWEEP","2026-05-07","","15d","15","DOWNTREND","BEARISH","BEARISH","BEARISH","DOWNTREND DISCOUNT","NORMAL DOWNTREND","24.52","TRUE","FALSE","FALSE","LEADING","LEADING (Passive)","1","1","NORMAL","80","20","24.85","32.53","8.04","29.15","316.1","330.55","355.6","46993200","47038600","1070","Supertrend bearish | RSI 24.9 lemah | Volume 1x | Crash filter aktif | RISEN NORMAL DOWNTREND","Full Grid (1-2-3-4)","100000000","352","348","348","346","0.1","0.2","0.3","0.4","284","574","862","1156","2876","99967200","32800","347.59","347.59","342","372","380","380","2.84","1.61","7.95","9.32","2.8","5.8"
"BJBR","2026-05-22","2026-05-22","558","FULL","765","0","AVOID","-","passive","FALSE","","G ACC","2026-05-06","","16d","16","DOWNTREND","BEARISH","BEARISH","BEARISH","STRUCTURE + DISCOUNT","NORMAL DOWNTREND","25","TRUE","FALSE","FALSE","LEADING","LEADING (Passive)","0.28","0.28","DRY / QUIET","100","0","29.96","40.52","11.07","36.33","812.01","822.85","824.31","3103800","10914080","1068","Supertrend bearish | RSI 30.0 lemah | Volume 0.28x | Crash filter aktif | RISEN NORMAL DOWNTREND","Full Grid (1-2-3-4)","100000000","885","835","825","805","0.1","0.2","0.3","0.4","112","239","363","496","1210","99744000","256000","824.33","824.37","780","1045","1200","1200","11.86","5.38","35.59","45.57","3","8.47"
"CMRY","2026-05-22","2026-05-22","558","FULL","4520","-2.1645021645021645","HOLD","-","passive","FALSE","","SMART SNIPER","2026-05-06","Discount Only","16d","16","UPTREND","BEARISH","BEARISH","BEARISH","STRUCTURE + DISCOUNT","SIDEWAYS","47.65","TRUE","FALSE","FALSE","LEADING","LEADING (Passive)","0.3","0.3","DRY / QUIET","16.67","83.33","45.1","15.33","15.19","22.94","4622.81","4695.77","4959.59","1179700","3893560","1068","Supertrend bullish | RSI 45.1 lemah | Volume 0.3x | Lolos anti-crash ADX | RISEN SIDEWAYS","Full Grid (1-2-3-4)","100000000","4870","4540","4460","4340","0.1","0.2","0.3","0.4","20","44","67","92","223","99526000","474000","4463.05","4463.94","4160","5925","7000","7000","14.58","6.79","43.74","56.84","3","8.37"
"DMAS","2026-05-22","2026-05-22","558","FULL","151","0.6666666666666667","HOLD","-","passive","FALSE","","SMART GAMMA","2026-05-06","","16d","16","UPTREND","BULLISH","BULLISH","BULLISH","UPTREND PREMIUM","NORMAL UPTREND","25","TRUE","TRUE","FALSE","LEADING","LEADING (Passive)","0.77","0.77","DRY / QUIET","83.33","16.67","63.06","55.49","26.43","8.52","146.72","141.45","138.32","115125700","148863775","1068","Supertrend bullish | RSI 63.1 > 50 | Volume 0.77x | Lolos anti-crash ADX | RISEN NORMAL UPTREND","Full Grid (1-2-3-4)","100000000","151","142","139","136","0.1","0.2","0.3","0.4","662","1408","2158","2941","7169","99983600","16400","139.47","139.47","131","181","212","212","13.25","6.07","40.4","52.01","3.05","8.57"
"GOOD","2026-05-22","2026-05-22","558","FULL","332","-0.5988023952095809","AVOID","-","passive","FALSE","","V-SHAPE","2026-05-06","","16d","16","DOWNTREND","BEARISH","BEARISH","BEARISH","STRUCTURE + DISCOUNT","NORMAL DOWNTREND","57.97","TRUE","FALSE","FALSE","LEADING","LEADING (Passive)","0.51","0.51","DRY / QUIET","80","20","32.97","25.32","10.65","28.11","341.61","345.94","358.44","96800","191445","1068","Supertrend bearish | RSI 33.0 lemah | Volume 0.51x | Lolos anti-crash ADX | RISEN NORMAL DOWNTREND","Full Grid (1-2-3-4)","100000000","350","342","338","336","0.1","0.2","0.3","0.4","285","584","887","1190","2946","99912400","87600","339.15","339.15","330","380","418","418","5.71","2.7","19.43","23.25","3.4","8.62"
"AGII","2026-05-22","2026-05-22","558","FULL","2760","2.6022304832713754","AVOID","-","passive","FALSE","","V-SHAPE","2026-05-05","","17d","17","DOWNTREND","BEARISH","BEARISH","BULLISH","DEMAND STRUCTURE","NORMAL UPTREND","80.12","TRUE","TRUE","FALSE","LEADING","LEADING (Passive)","0.19","0.19","DRY / QUIET","80","20","39.74","31.23","9.28","24.71","2976.39","2956.92","2196.49","157500","830445","1066","Supertrend bearish | RSI 39.7 lemah | Volume 0.19x | Crash filter aktif | RISEN NORMAL UPTREND","Full Grid (1-2-3-4)","100000000","3180","2970","2910","2840","0.1","0.2","0.3","0.4","31","67","103","140","341","99490000","510000","2917.6","2917.8","2710","3890","4590","4590","14.78","7.12","44.34","57.32","3","8.06"
"INDO","2026-05-22","2026-05-22","558","FULL","156","3.3112582781456954","AVOID","-","passive","FALSE","","EARLY SWEEP","2026-05-05","","17d","17","DOWNTREND","BEARISH","BEARISH","BEARISH","STRUCTURE + DISCOUNT","SIDEWAYS","94.38","TRUE","FALSE","FALSE","LEADING","LEADING (Passive)","1.01","1.01","NORMAL","81.82","18.18","43.06","18.53","14.7","23.27","158.83","181.55","222.56","50628000","49890135","1066","Supertrend bearish | RSI 43.1 lemah | Volume 1.01x | Lolos anti-crash ADX | RISEN SIDEWAYS","Full Grid (1-2-3-4)","100000000","500","418","398","370","0.1","0.2","0.3","0.4","200","478","753","1081","2512","99946800","53200","397.88","397.88","330","755","1010","1010","34","17.06","102","153.85","3","9.02"
"MTEL","2026-05-22","2026-05-22","558","FULL","505","0","AVOID","-","passive","FALSE","","V-SHAPE","2026-05-05","","17d","17","DOWNTREND","BEARISH","BEARISH","BEARISH","STRUCTURE + DISCOUNT","NORMAL DOWNTREND","76.13","TRUE","FALSE","FALSE","LEADING","LEADING (Passive)","1.11","1.11","NORMAL","100","0","37.52","22.43","8.97","18.24","512.48","523.42","561.03","9403000","8506525","1066","Supertrend bearish | RSI 37.5 lemah | Volume 1.11x | Lolos anti-crash ADX | RISEN NORMAL DOWNTREND","Full Grid (1-2-3-4)","100000000","510","505","505","500","0.1","0.2","0.3","0.4","196","396","594","800","1986","99991000","9000","503.48","503.48","498","545","550","550","2.35","1.09","7.84","9.24","3.33","8.49"
"TIFA","2026-05-22","2026-05-22","558","FULL","324","1.8867924528301887","AVOID","-","passive","FALSE","","V-SHAPE","2026-05-05","","17d","17","DOWNTREND","BEARISH","BEARISH","BEARISH","STRUCTURE + DISCOUNT","SIDEWAYS","53.04","TRUE","FALSE","FALSE","LEADING","LEADING (Passive)","0.03","0.03","DRY / QUIET","63.64","36.36","44.26","33.44","30.04","16.57","333.93","349.93","428.47","3500","108730","1066","Supertrend bearish | RSI 44.3 lemah | Volume 0.03x | Lolos anti-crash ADX | RISEN SIDEWAYS","Full Grid (1-2-3-4)","100000000","358","344","340","336","0.1","0.2","0.3","0.4","279","581","882","1190","2932","99946600","53400","340.88","340.88","326","420","454","454","8.94","4.37","26.82","33.18","3","7.6"
"AMAG","2026-05-22","2026-05-22","558","FULL","396","1.5384615384615385","AVOID","-","passive","FALSE","","V-SHAPE","2026-05-04","","18d","18","DOWNTREND","BEARISH","BEARISH","BEARISH","STRUCTURE + DISCOUNT","NORMAL DOWNTREND","27.22","TRUE","FALSE","FALSE","LEADING","LEADING (Passive)","0.06","0.06","DRY / QUIET","100","0","34.77","34.54","9.01","30.81","414.95","421.71","400.29","13900","234895","1064","Supertrend bearish | RSI 34.8 lemah | Volume 0.06x | Crash filter aktif | RISEN NORMAL DOWNTREND","Full Grid (1-2-3-4)","100000000","444","432","430","426","0.1","0.2","0.3","0.4","225","462","697","938","2322","99878200","121800","430.14","430.14","418","484","510","510","5.86","2.82","14.86","18.57","2.54","6.58"
"AMRT","2026-05-22","2026-05-22","558","FULL","1425","-1.0416666666666665","HOLD","-","passive","FALSE","","V-SHAPE","2026-05-04","","18d","18","UPTREND","BEARISH","BEARISH","BEARISH","STRUCTURE + DISCOUNT","SIDEWAYS","52.5","TRUE","FALSE","FALSE","LEADING","LEADING (Passive)","1.02","1.02","NORMAL","68.75","31.25","46.79","14.12","17.45","22.94","1442.47","1504.07","1835.5","53113800","51877165","1064","Supertrend bullish | RSI 46.8 lemah | Volume 1.02x | Lolos anti-crash ADX | RISEN SIDEWAYS","Full Grid (1-2-3-4)","100000000","1425","1365","1350","1330","0.1","0.2","0.3","0.4","70","146","222","300","738","99774000","226000","1351.95","1351.95","1290","1630","1830","1830","9.47","4.58","28.42","35.36","3","7.72"
"BISI","2026-05-22","2026-05-22","558","FULL","720","1.4084507042253522","AVOID","-","passive","FALSE","","V-SHAPE","2026-05-04","","18d","18","DOWNTREND","BEARISH","BEARISH","BEARISH","STRUCTURE + DISCOUNT","NORMAL DOWNTREND","42.12","TRUE","FALSE","FALSE","LEADING","LEADING (Passive)","0.84","0.84","NORMAL","83.33","16.67","29.23","24.66","9.05","29.85","762.54","798.9","885.64","607900","725235","1064","Supertrend bearish | RSI 29.2 lemah | Volume 0.84x | Lolos anti-crash ADX | RISEN NORMAL DOWNTREND","Full Grid (1-2-3-4)","100000000","760","755","750","750","0.1","0.2","0.3","0.4","131","264","400","533","1328","99863000","137000","751.98","751.99","740","855","905","905","2.63","1.59","19.08","20.35","7.25","12.77"
"CRSN","2026-05-22","2026-05-22","558","FULL","106","1.9230769230769231","AVOID","-","passive","FALSE","","SMART SNIPER","2026-05-04","Structure + Discount","18d","18","DOWNTREND","BEARISH","BEARISH","BEARISH","STRUCTURE + DISCOUNT","SIDEWAYS","51.7","TRUE","FALSE","FALSE","LEADING","LEADING (Passive)","0.09","0.09","DRY / QUIET","100","0","41.62","17.58","13.08","20.59","111.11","113.24","117.42","99800","1109270","1064","Supertrend bearish | RSI 41.6 lemah | Volume 0.09x | Lolos anti-crash ADX | RISEN SIDEWAYS","Full Grid (1-2-3-4)","100000000","121","110","107","103","0.1","0.2","0.3","0.4","826","1818","2803","3883","9330","99979600","20400","107.16","107.16","97","157","193","193","19.83","9.48","59.5","80.11","3","8.45"
"JPFA","2026-05-22","2026-05-22","558","FULL","2570","-0.3875968992248062","HOLD","-","passive","FALSE","","BETA BREAKOUT","2026-05-04","","18d","18","UPTREND","BULLISH","BULLISH","BULLISH","DEMAND STRUCTURE","SIDEWAYS","37.19","TRUE","FALSE","FALSE","LEADING","LEADING (Passive)","1.63","1.63","EXPANSION","81.82","18.18","51.34","14.48","21.14","19.34","2554.06","2536.33","2354","26395200","16220100","1064","Supertrend bullish | RSI 51.3 > 50 | Volume valid 1.63x | Lolos anti-crash ADX | RISEN SIDEWAYS","Full Grid (1-2-3-4)","100000000","2630","2490","2450","2400","0.1","0.2","0.3","0.4","38","80","122","166","406","99644000","356000","2454.29","2454.23","2320","3100","3560","3560","11.79","5.47","35.36","45.05","3","8.23"
"PRDA","2026-05-22","2026-05-22","558","FULL","2510","-1.5686274509803921","AVOID","-","passive","FALSE","","SMART GAMMA","2026-05-04","","18d","18","DOWNTREND","BEARISH","NEUTRAL","BEARISH","STRUCTURE + DISCOUNT","NORMAL UPTREND","22.51","TRUE","TRUE","FALSE","LEADING","LEADING (Passive)","0.3","0.3","DRY / QUIET","57.14","42.86","47.72","34.99","36.71","19.96","2546.39","2514.11","2549.06","271500","899190","1064","Supertrend bearish | RSI 47.7 lemah | Volume 0.3x | Lolos anti-crash ADX | RISEN NORMAL UPTREND","Full Grid (1-2-3-4)","100000000","2600","2490","2460","2420","0.1","0.2","0.3","0.4","38","80","121","165","404","99496000","504000","2462.77","2462.91","2360","2960","3320","3320","9.23","4.17","27.69","34.81","3","8.34"
"AWAN","2026-05-22","2026-05-22","558","FULL","139","3.731343283582089","AVOID","-","passive","FALSE","","SMART SNIPER","2026-04-30","Structure + Discount","22d","22","DOWNTREND","BEARISH","BEARISH","BEARISH","STRUCTURE + DISCOUNT","SIDEWAYS","23.46","TRUE","FALSE","FALSE","LEADING","LEADING (Passive)","0.59","0.59","DRY / QUIET","100","0","37.21","16.92","10.74","24.15","147.2","155.25","201.23","557400","943110","1056","Supertrend bearish | RSI 37.2 lemah | Volume 0.59x | Lolos anti-crash ADX | RISEN SIDEWAYS","Full Grid (1-2-3-4)","100000000","164","151","148","144","0.1","0.2","0.3","0.4","609","1324","2027","2777","6737","99968400","31600","148.39","148.39","136","206","258","258","17.07","8.35","57.32","73.87","3.36","8.85"
"BUAH","2026-05-22","2026-05-22","558","FULL","535","0","HOLD","-","passive","FALSE","","SMART SNIPER","2026-04-30","Structure + Discount","22d","22","UPTREND","BULLISH","BEARISH","BEARISH","STRUCTURE + DISCOUNT","NORMAL UPTREND","62.28","TRUE","TRUE","FALSE","LEADING","LEADING (Passive)","0.82","0.82","NORMAL","100","0","56.41","15.07","13.03","15.81","528.72","536.48","825.46","247700","301985","1056","Supertrend bullish | RSI 56.4 > 50 | Volume 0.82x | Lolos anti-crash ADX | RISEN NORMAL UPTREND","Full Grid (1-2-3-4)","100000000","525","510","510","505","0.1","0.2","0.3","0.4","190","392","588","792","1962","99951000","49000","509.43","509.44","494","570","1440","1440","5.9","3.03","174.29","182.67","29.52","60.29"
"SMMA","2026-05-22","2026-05-22","558","FULL","18175","-0.13736263736263737","HOLD","-","passive","FALSE","","SMART GAMMA","2026-04-30","","22d","22","UPTREND","BULLISH","BULLISH","BULLISH","UPTREND PREMIUM","NORMAL UPTREND","25","TRUE","TRUE","FALSE","LEADING","LEADING (Passive)","0.04","0.04","DRY / QUIET","0","100","72.89","22.8","23.08","11.56","16396.48","15385.74","14574.4","600","14935","1056","Supertrend bullish | RSI 72.9 > 50 | Volume 0.04x | Lolos anti-crash ADX | RISEN NORMAL UPTREND","Full Grid (1-2-3-4)","100000000","15600","14650","14400","14075","0.1","0.2","0.3","0.4","6","13","20","28","67","96615000","3385000","14420.15","14426.96","13575","18650","21675","21675","12.98","5.86","38.94","50.31","3","8.58"
"CLPI","2026-05-22","2026-05-22","558","FULL","1555","0.6472491909385114","AVOID","-","passive","FALSE","","G ACC","2026-04-29","","23d","23","DOWNTREND","BEARISH","BEARISH","BULLISH","DEMAND STRUCTURE","SIDEWAYS","23.18","TRUE","FALSE","FALSE","LEADING","LEADING (Passive)","0.4","0.4","DRY / QUIET","83.33","16.67","38.02","25.4","8.03","28.21","1597.4","1588.92","1463.07","61800","155885","1054","Supertrend bearish | RSI 38.0 lemah | Volume 0.4x | Lolos anti-crash ADX | RISEN SIDEWAYS","Full Grid (1-2-3-4)","100000000","1680","1595","1575","1545","0.1","0.2","0.3","0.4","59","125","190","258","632","99635500","364500","1576.51","1576.56","1505","1945","2210","2210","10.42","4.54","31.55","40.18","3.03","8.86"
"EAST","2026-05-22","2026-05-22","558","FULL","88","0","AVOID","-","passive","FALSE","","V-SHAPE","2026-04-29","","23d","23","DOWNTREND","BEARISH","BEARISH","BEARISH","DOWNTREND DISCOUNT","NORMAL DOWNTREND","49.43","TRUE","FALSE","FALSE","LEADING","LEADING (Passive)","0.42","0.42","DRY / QUIET","50","50","36.47","22.3","8.61","17.73","90.56","91.43","94.88","1311900","3120865","1054","Supertrend bearish | RSI 36.5 lemah | Volume 0.42x | Lolos anti-crash ADX | RISEN NORMAL DOWNTREND","Full Grid (1-2-3-4)","100000000","94","92","91","90","0.1","0.2","0.3","0.4","1063","2173","3296","4444","10976","99973400","26600","91.08","91.08","89","102","112","112","5.32","2.29","19.15","22.96","3.6","10.04"
"MAPB","2026-05-22","2026-05-22","558","FULL","1495","-1.9672131147540985","AVOID","-","passive","FALSE","","EARLY SWEEP","2026-04-29","","23d","23","DOWNTREND","BEARISH","BEARISH","BEARISH","DEMAND STRUCTURE","SIDEWAYS","75.21","TRUE","FALSE","FALSE","LEADING","LEADING (Passive)","0.62","0.62","DRY / QUIET","0","100","46.41","13.98","41.69","32.05","1512.4","1524.74","1552.46","600","975","1054","Supertrend bearish | RSI 46.4 lemah | Volume 0.62x | Lolos anti-crash ADX | RISEN SIDEWAYS","Full Grid (1-2-3-4)","100000000","1635","1525","1495","1460","0.1","0.2","0.3","0.4","61","131","200","273","665","99709000","291000","1499.38","1499.36","1400","1990","2340","2340","14.37","6.63","43.12","56.06","3","8.46"
"MREI","2026-05-22","2026-05-22","558","FULL","975","-0.5102040816326531","AVOID","-","passive","FALSE","","EARLY SWEEP","2026-04-29","","23d","23","DOWNTREND","BEARISH","BEARISH","BEARISH","STRUCTURE + DISCOUNT","SIDEWAYS","88.48","TRUE","FALSE","FALSE","LEADING","LEADING (Passive)","1.02","1.02","NORMAL","25","75","37.69","27.52","10.2","19.22","1014.51","1034.75","1022.06","88500","87045","1054","Supertrend bearish | RSI 37.7 lemah | Volume 1.02x | Lolos anti-crash ADX | RISEN SIDEWAYS","Full Grid (1-2-3-4)","100000000","980","930","920","900","0.1","0.2","0.3","0.4","102","215","326","444","1087","99943000","57000","919.44","919.43","870","1145","1310","1310","11.22","5.38","33.67","42.48","3","7.9"
"TCPI","2026-05-22","2026-05-22","558","FULL","11325","1.1160714285714286","AVOID","-","passive","FALSE","","V-SHAPE","2026-04-29","","23d","23","DOWNTREND","BEARISH","BEARISH","BULLISH","DEMAND STRUCTURE","NORMAL UPTREND","40.17","TRUE","TRUE","FALSE","LEADING","LEADING (Passive)","1","1","NORMAL","100","0","44.05","30.9","13.58","40.3","11610.96","11555.1","9545.67","4697600","4690560","1054","Supertrend bearish | RSI 44.0 lemah | Volume 1x | Crash filter aktif | RISEN NORMAL UPTREND","Full Grid (1-2-3-4)","100000000","11450","11225","11150","11075","0.1","0.2","0.3","0.4","8","17","26","36","87","97102500","2897500","11161.21","11163.93","10850","12350","12575","12575","5.24","2.79","9.83","12.67","1.87","4.54"
"ULTJ","2026-05-22","2026-05-22","558","FULL","1635","4.140127388535031","AVOID","-","passive","FALSE","","SMART GAMMA","2026-04-29","","23d","23","DOWNTREND","BULLISH","BULLISH","BULLISH","DEMAND STRUCTURE","NORMAL UPTREND","56.54","TRUE","TRUE","FALSE","LEADING","LEADING (Passive)","0.95","0.95","NORMAL","80","20","54.4","12.5","20.77","18.62","1597.9","1576.1","1506.64","4790300","5049745","1054","Supertrend bearish | RSI 54.4 > 50 | Volume 0.95x | Lolos anti-crash ADX | RISEN NORMAL UPTREND","Full Grid (1-2-3-4)","100000000","1695","1580","1555","1515","0.1","0.2","0.3","0.4","58","126","192","264","640","99591000","409000","1556.11","1556.34","1455","2060","2420","2420","14.16","6.5","42.77","55.52","3.02","8.54"
"UNVR","2026-05-22","2026-05-22","558","FULL","1765","0.8571428571428572","HOLD","-","passive","FALSE","","V-SHAPE","2026-04-29","","23d","23","UPTREND","BULLISH","BEARISH","BEARISH","UPTREND DISCOUNT","NORMAL DOWNTREND","54.41","TRUE","FALSE","FALSE","LEADING","LEADING (Passive)","0.29","0.29","DRY / QUIET","66.67","33.33","49.11","14.08","23.74","23.14","1760.03","1855.47","2022.86","8894800","30873415","1054","Supertrend bullish | RSI 49.1 lemah | Volume 0.29x | Lolos anti-crash ADX | RISEN NORMAL DOWNTREND","Full Grid (1-2-3-4)","100000000","1575","1530","1520","1505","0.1","0.2","0.3","0.4","63","130","197","265","655","99639000","361000","1521.21","1521.24","1470","1735","1910","1910","6.67","3.37","21.27","25.56","3.19","7.59"
"ARTO","2026-05-22","2026-05-22","558","FULL","1130","1.345291479820628","AVOID","-","passive","FALSE","","V-SHAPE","2026-04-28","","24d","24","DOWNTREND","BEARISH","BEARISH","BEARISH","STRUCTURE + DISCOUNT","NORMAL DOWNTREND","38.65","TRUE","FALSE","FALSE","LEADING","LEADING (Passive)","0.26","0.26","DRY / QUIET","100","0","32.53","15.18","18.68","28.48","1237.52","1355.97","1718.83","1545500","6045280","1052","Supertrend bearish | RSI 32.5 lemah | Volume 0.26x | Lolos anti-crash ADX | RISEN NORMAL DOWNTREND","Full Grid (1-2-3-4)","100000000","1320","1300","1295","1290","0.1","0.2","0.3","0.4","75","153","231","310","769","99694500","305500","1296.42","1296.44","1270","1475","1530","1530","3.79","2.04","15.91","18.02","4.2","8.84"
"ATIC","2026-05-22","2026-05-22","558","FULL","488","1.6666666666666667","AVOID","-","passive","FALSE","","EARLY SWEEP","2026-04-28","","24d","24","DOWNTREND","BEARISH","BEARISH","BEARISH","DOWNTREND DISCOUNT","NORMAL DOWNTREND","55.8","TRUE","FALSE","FALSE","LEADING","LEADING (Passive)","0.67","0.67","DRY / QUIET","95","5","39.57","14.41","17.67","20.64","517.38","539.06","539.96","101400","150310","1052","Supertrend bearish | RSI 39.6 lemah | Volume 0.67x | Lolos anti-crash ADX | RISEN NORMAL DOWNTREND","Full Grid (1-2-3-4)","100000000","750","670","650","620","0.1","0.2","0.3","0.4","133","298","461","645","1537","99896000","104000","649.94","649.97","575","1015","1275","1275","23.33","11.53","70","96.17","3","8.34"
"BKSW","2026-05-22","2026-05-22","558","FULL","54","-1.8181818181818181","AVOID","-","passive","FALSE","","EARLY SWEEP","2026-04-28","","24d","24","DOWNTREND","BEARISH","BEARISH","BEARISH","DOWNTREND DISCOUNT","NORMAL DOWNTREND","39.34","TRUE","FALSE","FALSE","LEADING","LEADING (Passive)","1.05","1.05","NORMAL","50","50","24.52","21.29","8.53","24.26","57.17","58.62","61.72","2285300","2182235","1052","Supertrend bearish | RSI 24.5 lemah | Volume 1.05x | Lolos anti-crash ADX | RISEN NORMAL DOWNTREND","Full Grid (1-2-3-4)","100000000","64","61","60","59","0.1","0.2","0.3","0.4","1562","3278","5000","6779","16619","99988700","11300","60.17","60.17","57","75","85","85","10.94","5.26","32.81","41.28","3","7.85"
"BMRI","2026-05-22","2026-05-22","558","FULL","4120","-1.1990407673860912","AVOID","-","passive","FALSE","","EARLY SWEEP","2026-04-28","","24d","24","DOWNTREND","BEARISH","BEARISH","BEARISH","STRUCTURE + DISCOUNT","NORMAL DOWNTREND","25.52","TRUE","FALSE","FALSE","LEADING","LEADING (Passive)","0.83","0.83","NORMAL","72.73","27.27","34.03","20.9","19.04","34.84","4364.96","4555.94","4818.01","190022900","229808265","1052","Supertrend bearish | RSI 34.0 lemah | Volume 0.83x | Lolos anti-crash ADX | RISEN NORMAL DOWNTREND","Full Grid (1-2-3-4)","100000000","4970","4800","4760","4700","0.1","0.2","0.3","0.4","20","41","63","85","209","99558000","442000","4763.54","4763.74","4600","5525","6075","6075","7.44","3.43","22.23","27.53","2.99","8.02"
"CASA","2026-05-22","2026-05-22","558","FULL","1350","0","HOLD","-","passive","FALSE","","V-SHAPE","2026-04-28","","24d","24","UPTREND","BULLISH","NEUTRAL","BULLISH","DEMAND STRUCTURE","SIDEWAYS","18.5","TRUE","FALSE","FALSE","LEADING","LEADING (Passive)","0.77","0.77","DRY / QUIET","100","0","52.27","23.28","25.33","19.4","1342.03","1349.33","1260.46","321700","419075","1052","Supertrend bullish | RSI 52.3 > 50 | Volume 0.77x | Lolos anti-crash ADX | RISEN SIDEWAYS","Full Grid (1-2-3-4)","100000000","1350","1255","1230","1195","0.1","0.2","0.3","0.4","74","159","243","334","810","99746500","253500","1231.44","1231.43","1140","1665","1980","1980","15.56","7.43","46.67","60.79","3","8.19"
"DAYA","2026-05-22","2026-05-22","558","FULL","1075","0","HOLD","-","passive","FALSE","","SMART SNIPER","2026-04-28","Discount Only","24d","24","UPTREND","BULLISH","BULLISH","BEARISH","STRUCTURE + DISCOUNT","SIDEWAYS","95.68","TRUE","FALSE","FALSE","LEADING","LEADING (Passive)","0.02","0.02","DRY / QUIET","50","50","56.15","23.88","7.73","23.12","1063.54","1068.69","1090.59","400","20750","1052","Supertrend bullish | RSI 56.1 > 50 | Volume 0.02x | Lolos anti-crash ADX | RISEN SIDEWAYS","Full Grid (1-2-3-4)","100000000","1075","955","925","880","0.1","0.2","0.3","0.4","93","209","324","454","1080","99879000","121000","924.81","924.8","825","1450","1825","1825","23.26","10.79","69.77","97.34","3","9.02"
"GHON","2026-05-22","2026-05-22","558","FULL","1755","0","AVOID","-","passive","FALSE","","G ACC","2026-04-28","","24d","24","DOWNTREND","BEARISH","BEARISH","BULLISH","DEMAND STRUCTURE","SIDEWAYS","65.71","TRUE","FALSE","FALSE","LEADING","LEADING (Passive)","0.32","0.32","DRY / QUIET","100","0","40.04","23.77","7.33","28.96","1793.45","1790.17","1733.61","4700","14905","1052","Supertrend bearish | RSI 40.0 lemah | Volume 0.32x | Lolos anti-crash ADX | RISEN SIDEWAYS","Full Grid (1-2-3-4)","100000000","1800","1755","1740","1725","0.1","0.2","0.3","0.4","55","113","172","231","571","99507000","493000","1742.68","1742.73","1695","1960","2160","2160","5.83","2.74","20","23.95","3.43","8.75"
"PTSP","2026-05-22","2026-05-22","558","FULL","900","0.5586592178770949","AVOID","-","passive","FALSE","","V-SHAPE","2026-04-28","","24d","24","DOWNTREND","BEARISH","BEARISH","BEARISH","STRUCTURE + DISCOUNT","SIDEWAYS","25","TRUE","FALSE","FALSE","LEADING","LEADING (Passive)","0.25","0.25","DRY / QUIET","100","0","46.85","42.56","29.33","14.32","913.73","926.74","961.83","32100","129960","1052","Supertrend bearish | RSI 46.9 lemah | Volume 0.25x | Lolos anti-crash ADX | RISEN SIDEWAYS","Full Grid (1-2-3-4)","100000000","900","880","875","870","0.1","0.2","0.3","0.4","111","227","342","459","1139","99824000","176000","876.42","876.42","850","975","995","995","5.56","3.01","10.56","13.53","1.9","4.49"
"WEGE","2026-05-22","2026-05-22","558","FULL","51","2","AVOID","-","passive","FALSE","","V-SHAPE","2026-04-28","","24d","24","DOWNTREND","BEARISH","BEARISH","BEARISH","DOWNTREND DISCOUNT","NORMAL DOWNTREND","37.3","TRUE","FALSE","FALSE","LEADING","LEADING (Passive)","0.5","0.5","DRY / QUIET","100","0","36.7","16.23","15.44","17.9","54.49","57.15","61.98","10336900","20472975","1052","Supertrend bearish | RSI 36.7 lemah | Volume 0.5x | Lolos anti-crash ADX | RISEN NORMAL DOWNTREND","Full Grid (1-2-3-4)","100000000","60","57","56","55","0.1","0.2","0.3","0.4","1666","3508","5357","7272","17803","99986800","13200","56.16","56.16","53","71","81","81","11.67","5.63","35","44.22","3","7.85"
"WIIM","2026-05-22","2026-05-22","558","FULL","1780","-0.5586592178770949","AVOID","-","passive","FALSE","","BETA BREAKOUT","2026-04-28","","24d","24","DOWNTREND","BEARISH","BEARISH","BULLISH","DEMAND STRUCTURE","SIDEWAYS","51.31","TRUE","FALSE","FALSE","LEADING","LEADING (Passive)","0.59","0.59","DRY / QUIET","61.11","38.89","44.95","17.42","18.51","23.69","1835.55","1845.6","1573.44","2190000","3696825","1052","Supertrend bearish | RSI 45.0 lemah | Volume 0.59x | Lolos anti-crash ADX | RISEN SIDEWAYS","Full Grid (1-2-3-4)","100000000","1840","1740","1715","1685","0.1","0.2","0.3","0.4","54","114","174","237","579","99547500","452500","1719.3","1719.38","1625","2160","2490","2490","11.68","5.48","35.33","44.83","3.02","8.17"
"ADMF","2026-05-22","2026-05-22","558","FULL","8375","0.29940119760479045","AVOID","-","passive","FALSE","","V-SHAPE","2026-04-27","","25d","25","DOWNTREND","BEARISH","BEARISH","BEARISH","STRUCTURE + DISCOUNT","NORMAL DOWNTREND","50.94","TRUE","FALSE","FALSE","LEADING","LEADING (Passive)","0.11","0.11","DRY / QUIET","44.44","55.56","42.83","19.44","20.62","22.01","8555.15","8563.82","8758.67","27700","248310","1050","Supertrend bearish | RSI 42.8 lemah | Volume 0.11x | Lolos anti-crash ADX | RISEN NORMAL DOWNTREND","Full Grid (1-2-3-4)","100000000","8525","8375","8350","8300","0.1","0.2","0.3","0.4","11","23","35","48","117","97705000","2295000","8350.85","8352.01","8175","9050","9950","9950","4.11","2.11","16.72","19.15","4.07","9.09"
"CEKA","2026-05-22","2026-05-22","558","FULL","2350","0.8583690987124464","HOLD","-","passive","FALSE","","SMART SNIPER","2026-04-27","Discount Only","25d","25","UPTREND","NEUTRAL","BULLISH","BEARISH","UPTREND DISCOUNT","SIDEWAYS","92.5","TRUE","FALSE","FALSE","LEADING","LEADING (Passive)","0.9","0.9","NORMAL","100","0","50.99","38.03","15.51","11.87","2349.22","2341.66","2398.09","45400","50200","1050","Supertrend bullish | RSI 51.0 > 50 | Volume 0.9x | Lolos anti-crash ADX | RISEN SIDEWAYS","Full Grid (1-2-3-4)","100000000","2370","2280","2250","2220","0.1","0.2","0.3","0.4","42","87","133","180","442","99675000","325000","2255.09","2255.16","2170","2670","2970","2970","8.44","3.77","25.32","31.7","3","8.4"
"IPCC","2026-05-22","2026-05-22","558","FULL","1215","0.8298755186721992","AVOID","-","passive","FALSE","","V-SHAPE","2026-04-27","","25d","25","DOWNTREND","BEARISH","BEARISH","BULLISH","DOWNTREND","NORMAL DOWNTREND","34.29","TRUE","FALSE","FALSE","LEADING","LEADING (Passive)","0.54","0.54","DRY / QUIET","71.43","28.57","35.16","35.82","7.53","34.51","1268.68","1281.98","1210.84","813300","1496125","1050","Supertrend bearish | RSI 35.2 lemah | Volume 0.54x | Crash filter aktif | RISEN NORMAL DOWNTREND","Full Grid (1-2-3-4)","100000000","1335","1295","1280","1270","0.1","0.2","0.3","0.4","74","154","234","314","776","99652000","348000","1284.18","1284.22","1245","1470","1615","1615","6.74","3.05","20.97","25.76","3.11","8.44"
"RDTX","2026-05-22","2026-05-22","558","FULL","15400","0","AVOID","-","passive","FALSE","","BETA BREAKOUT","2026-04-27","","25d","25","DOWNTREND","BEARISH","BEARISH","BULLISH","DEMAND STRUCTURE","NORMAL DOWNTREND","18.63","TRUE","FALSE","FALSE","LEADING","LEADING (Passive)","0.53","0.53","DRY / QUIET","0","100","45.33","14.13","32.1","41.52","15740.92","15846.44","14505.22","600","1125","1050","Supertrend bearish | RSI 45.3 lemah | Volume 0.53x | Lolos anti-crash ADX | RISEN NORMAL DOWNTREND","Full Grid (1-2-3-4)","100000000","16575","14300","13750","12975","0.1","0.2","0.3","0.4","6","13","21","30","70","96335000","3665000","13762.14","13761.61","11925","23550","30525","30525","28.05","13.35","84.16","121.8","3","9.12"
"SONA","2026-05-22","2026-05-22","558","FULL","2260","7.6190476190476195","AVOID","-","passive","FALSE","","EARLY SWEEP","2026-04-27","","25d","25","DOWNTREND","BULLISH","BULLISH","BEARISH","STRUCTURE + DISCOUNT","SIDEWAYS","25","TRUE","FALSE","FALSE","LEADING","LEADING (Passive)","0.17","0.17","DRY / QUIET","80","20","51.11","34.38","32.2","13.79","2237.93","2243.49","2669.75","26700","161255","1050","Supertrend bearish | RSI 51.1 > 50 | Volume 0.17x | Lolos anti-crash ADX | RISEN SIDEWAYS","Full Grid (1-2-3-4)","100000000","4720","3940","3760","3490","0.1","0.2","0.3","0.4","21","50","79","114","264","99102000","898000","3753.86","3754.48","3110","7125","9550","9550","34.11","17.15","102.33","154.4","3","9"
"BEEF","2026-05-22","2026-05-22","558","FULL","151","0","AVOID","-","passive","FALSE","","V-SHAPE","2026-05-20","","2d","2","DOWNTREND","BEARISH","BEARISH","BEARISH","STRUCTURE + DISCOUNT","NORMAL DOWNTREND","26.1","TRUE","FALSE","FALSE","IMPROVING","IMPROVING (Passive)","1.33","1.33","EXPANSION","58.33","41.67","26.45","22.88","10.53","25.98","191.03","234.75","320.44","37648800","28266865","1046","Supertrend bearish | RSI 26.4 lemah | Volume valid 1.33x | Lolos anti-crash ADX | RISEN NORMAL DOWNTREND","Full Grid (1-2-3-4)","100000000","169","160","158","155","0.1","0.2","0.3","0.4","591","1250","1898","2580","6319","99966300","33700","158.2","158.2","147","202","212","212","13.02","7.08","25.44","34.01","1.95","4.8"
"CNKO","2026-05-22","2026-05-22","558","FULL","44","2.3255813953488373","AVOID","-","passive","FALSE","","EARLY SWEEP","2026-05-20","","2d","2","DOWNTREND","BEARISH","BEARISH","BEARISH","STRUCTURE + DISCOUNT","NORMAL DOWNTREND","25","TRUE","FALSE","FALSE","IMPROVING","IMPROVING (Passive)","0.66","0.66","DRY / QUIET","100","0","35.84","23.36","19.99","38.33","50.79","55.74","59.51","13824500","20822745","1046","Supertrend bearish | RSI 35.8 lemah | Volume 0.66x | Lolos anti-crash ADX | RISEN NORMAL DOWNTREND","Full Grid (1-2-3-4)","100000000","67","62","60","58","0.1","0.2","0.3","0.4","1492","3225","5000","6896","16613","99988200","11800","60.19","60.19","55","85","103","103","17.91","8.62","53.73","71.13","3","8.25"
"FAPA","2026-05-22","2026-05-22","558","FULL","7150","0","HOLD","-","passive","FALSE","","SMART GAMMA","2026-04-24","","28d","28","UPTREND","BULLISH","BULLISH","BULLISH","UPTREND PREMIUM","NORMAL UPTREND","38.77","TRUE","TRUE","FALSE","LEADING","LEADING (Passive)","0.24","0.24","DRY / QUIET","100","0","65.91","58.49","30.7","16.78","7049.84","6838.68","6312.04","3400","13890","1044","Supertrend bullish | RSI 65.9 > 50 | Volume 0.24x | Lolos anti-crash ADX | RISEN NORMAL UPTREND","Full Grid (1-2-3-4)","100000000","7025","6575","6450","6300","0.1","0.2","0.3","0.4","14","30","46","63","153","98920000","1080000","6465.36","6465.93","6100","8425","9800","9800","13.17","5.65","39.5","51.58","3","9.13"
"JTPE","2026-05-22","2026-05-22","558","FULL","610","0.8264462809917356","AVOID","-","passive","FALSE","","SMART GAMMA","2026-04-24","","28d","28","DOWNTREND","BEARISH","NEUTRAL","BULLISH","DEMAND STRUCTURE","SIDEWAYS","54.46","TRUE","FALSE","FALSE","LEADING","LEADING (Passive)","0.44","0.44","DRY / QUIET","100","0","46.5","12.5","14.59","17.09","620.86","610.19","495.92","1130800","2542560","1044","Supertrend bearish | RSI 46.5 lemah | Volume 0.44x | Lolos anti-crash ADX | RISEN SIDEWAYS","Full Grid (1-2-3-4)","100000000","680","610","595","570","0.1","0.2","0.3","0.4","147","327","504","701","1679","99888000","112000","594.93","594.93","535","900","1115","1115","21.32","10.07","63.97","87.42","3","8.68"
"SQMI","2026-05-22","2026-05-22","558","FULL","43","2.380952380952381","AVOID","-","passive","FALSE","","EARLY SWEEP","2026-05-19","","3d","3","DOWNTREND","BEARISH","BEARISH","BEARISH","DOWNTREND DISCOUNT","SIDEWAYS","21.82","TRUE","FALSE","FALSE","IMPROVING","IMPROVING (Passive)","0.26","0.26","DRY / QUIET","100","0","34.05","34.83","12.89","43.57","48.99","52.17","47.98","1065600","4082425","1044","Supertrend bearish | RSI 34.0 lemah | Volume 0.26x | Crash filter aktif | RISEN SIDEWAYS","Full Grid (1-2-3-4)","100000000","48","44","43","42","0.1","0.2","0.3","0.4","2083","4545","6976","9523","23127","99989800","10200","43.24","43.24","40","60","72","72","16.67","7.48","50","66.53","3","8.89"
"HGII","2026-05-22","2026-05-22","320","FULL","128","1.5873015873015872","AVOID","-","passive","FALSE","","V-SHAPE","2026-04-23","","29d","29","DOWNTREND","BEARISH","BEARISH","BEARISH","STRUCTURE + DISCOUNT","NORMAL DOWNTREND","51.53","TRUE","FALSE","FALSE","LEADING","LEADING (Passive)","0.31","0.31","DRY / QUIET","28.57","71.43","30.57","17.66","17.63","21.4","135.78","139.9","152.83","819400","2608845","1042","Supertrend bearish | RSI 30.6 lemah | Volume 0.31x | Lolos anti-crash ADX | RISEN NORMAL DOWNTREND","Full Grid (1-2-3-4)","100000000","147","139","136","134","0.1","0.2","0.3","0.4","680","1438","2205","2985","7308","99971200","28800","136.8","136.8","129","174","202","202","12.24","5.7","37.41","47.66","3.06","8.36"
"ADCP","2026-05-22","2026-05-22","558","FULL","50","0","AVOID","-","passive","FALSE","","V-SHAPE","2026-04-22","","30d","30","DOWNTREND","BEARISH","BEARISH","BEARISH","STRUCTURE + DISCOUNT","SIDEWAYS","65","TRUE","FALSE","FALSE","LEADING","LEADING (Passive)","0","0","DRY / QUIET","50","50","43.91","52.56","30.18","8.34","50.54","51.47","53.25","75300","122914550","1040","Supertrend bearish | RSI 43.9 lemah | Volume 0x | Lolos anti-crash ADX | RISEN SIDEWAYS","Full Grid (1-2-3-4)","100000000","53","52","51","51","0.1","0.2","0.3","0.4","1886","3846","5882","7843","19457","99992500","7500","51.39","51.39","50","58","64","64","5.66","2.71","20.75","24.53","3.67","9.06"
"ATLA","2026-05-22","2026-05-22","497","FULL","50","0","AVOID","-","passive","FALSE","","EARLY SWEEP","2026-04-22","","30d","30","DOWNTREND","BEARISH","BEARISH","BEARISH","DOWNTREND DISCOUNT","SIDEWAYS","54.84","TRUE","FALSE","FALSE","LEADING","LEADING (Passive)","0.01","0.01","DRY / QUIET","50","50","40.75","28.85","21.01","12.35","51.46","52.71","57.3","2188300","315178895","1040","Supertrend bearish | RSI 40.8 lemah | Volume 0.01x | Lolos anti-crash ADX | RISEN SIDEWAYS","Full Grid (1-2-3-4)","100000000","53","52","51","51","0.1","0.2","0.3","0.4","1886","3846","5882","7843","19457","99992500","7500","51.39","51.39","50","58","61","61","5.66","2.71","15.09","18.7","2.67","6.9"
"BTPN","2026-05-22","2026-05-22","558","FULL","2380","0.42194092827004215","HOLD","-","passive","FALSE","","V-SHAPE","2026-04-22","","30d","30","UPTREND","BULLISH","BULLISH","BULLISH","UPTREND PREMIUM","NORMAL UPTREND","23.03","TRUE","TRUE","FALSE","LEADING","LEADING (Passive)","1.46","1.46","EXPANSION","42.86","57.14","66.79","31.23","29.21","8.8","2171.52","2108.65","2109.85","401700","275835","1040","Supertrend bullish | RSI 66.8 > 50 | Volume valid 1.46x | Lolos anti-crash ADX | RISEN NORMAL UPTREND","Full Grid (1-2-3-4)","100000000","2130","2020","1990","1950","0.1","0.2","0.3","0.4","46","99","150","205","500","99621000","379000","1992.42","1992.67","1880","2510","2880","2880","11.74","5.64","35.21","44.55","3","7.9"
"DILD","2026-05-22","2026-05-22","558","FULL","120","-0.8264462809917356","AVOID","-","passive","FALSE","","SMART SNIPER","2026-04-22","Discount Only","30d","30","DOWNTREND","BEARISH","BEARISH","BEARISH","DOWNTREND DISCOUNT","NORMAL DOWNTREND","76.5","TRUE","FALSE","FALSE","LEADING","LEADING (Passive)","0.74","0.74","DRY / QUIET","66.67","33.33","33.99","15.67","12.13","22.81","125.52","128.61","135.7","17746900","24081485","1040","Supertrend bearish | RSI 34.0 lemah | Volume 0.74x | Lolos anti-crash ADX | RISEN NORMAL DOWNTREND","Full Grid (1-2-3-4)","100000000","137","130","128","125","0.1","0.2","0.3","0.4","729","1538","2343","3200","7810","99971700","28300","128","128.01","121","161","185","185","11.68","5.47","35.04","44.53","3","8.14"
"MAXI","2026-05-22","2026-05-22","558","FULL","50","0","AVOID","-","passive","FALSE","","SMART SNIPER","2026-04-22","Structure + Discount","30d","30","DOWNTREND","BEARISH","BEARISH","BEARISH","STRUCTURE + DISCOUNT","SIDEWAYS","25","TRUE","FALSE","FALSE","LEADING","LEADING (Passive)","0","0","DRY / QUIET","50","50","45.72","28.88","30.33","20.19","50.9","51.21","52.18","504900","337494210","1040","Supertrend bearish | RSI 45.7 lemah | Volume 0x | Lolos anti-crash ADX | RISEN SIDEWAYS","Full Grid (1-2-3-4)","100000000","53","52","51","51","0.1","0.2","0.3","0.4","1886","3846","5882","7843","19457","99992500","7500","51.39","51.39","50","58","64","64","5.66","2.71","20.75","24.53","3.67","9.06"
"MCOR","2026-05-22","2026-05-22","558","FULL","67","-1.4705882352941175","AVOID","-","passive","FALSE","","SMART SNIPER","2026-04-22","Structure + Discount","30d","30","DOWNTREND","BEARISH","BEARISH","BEARISH","DOWNTREND DISCOUNT","NORMAL DOWNTREND","77.69","TRUE","FALSE","FALSE","LEADING","LEADING (Passive)","0.85","0.85","NORMAL","50","50","37.09","12.65","8.78","15.89","69.32","70.55","72.2","4066000","4794085","1040","Supertrend bearish | RSI 37.1 lemah | Volume 0.85x | Lolos anti-crash ADX | RISEN NORMAL DOWNTREND","Full Grid (1-2-3-4)","100000000","73","70","69","68","0.1","0.2","0.3","0.4","1369","2857","4347","5882","14455","99984600","15400","69.17","69.17","67","82","91","91","8.22","3.14","24.66","31.56","3","10.06"
"PNBN","2026-05-22","2026-05-22","558","FULL","955","1.0582010582010581","AVOID","-","passive","FALSE","","SMART SNIPER","2026-04-22","Demand Structure","30d","30","DOWNTREND","BEARISH","BEARISH","BEARISH","STRUCTURE + DISCOUNT","NORMAL DOWNTREND","28.48","TRUE","FALSE","FALSE","LEADING","LEADING (Passive)","0.43","0.43","DRY / QUIET","100","0","39.82","24.79","18.65","22.75","993.2","1005.78","1094.58","2640400","6158165","1040","Supertrend bearish | RSI 39.8 lemah | Volume 0.43x | Lolos anti-crash ADX | RISEN NORMAL DOWNTREND","Full Grid (1-2-3-4)","100000000","1080","1010","990","965","0.1","0.2","0.3","0.4","92","198","303","414","1007","99882000","118000","991.88","991.92","930","1305","1530","1530","13.89","6.24","41.67","54.25","3","8.7"
"PNIN","2026-05-22","2026-05-22","558","FULL","765","0.6578947368421052","AVOID","-","passive","FALSE","","BETA BREAKOUT","2026-04-22","","30d","30","DOWNTREND","BEARISH","BEARISH","BEARISH","STRUCTURE + DISCOUNT","SIDEWAYS","59.3","TRUE","FALSE","FALSE","LEADING","LEADING (Passive)","0.55","0.55","DRY / QUIET","80","20","42.4","16.45","13.93","20","781.64","783.41","821.68","408100","740245","1040","Supertrend bearish | RSI 42.4 lemah | Volume 0.55x | Lolos anti-crash ADX | RISEN SIDEWAYS","Full Grid (1-2-3-4)","100000000","815","760","745","725","0.1","0.2","0.3","0.4","122","263","402","551","1338","99827500","172500","746.09","746.12","695","995","1175","1175","14.72","6.85","44.17","57.49","3","8.39"
"BBLD","2026-05-22","2026-05-22","558","FULL","620","1.639344262295082","AVOID","-","passive","FALSE","","V-SHAPE","2026-04-21","","31d","31","DOWNTREND","BEARISH","BEARISH","BEARISH","DOWNTREND DISCOUNT","NORMAL DOWNTREND","69.87","TRUE","FALSE","FALSE","LEADING","LEADING (Passive)","1.31","1.31","EXPANSION","68.75","31.25","33.29","14.27","20.88","16.12","661.39","717.34","799.47","69600","53060","1038","Supertrend bearish | RSI 33.3 lemah | Volume valid 1.31x | Lolos anti-crash ADX | RISEN NORMAL DOWNTREND","Full Grid (1-2-3-4)","100000000","705","680","670","660","0.1","0.2","0.3","0.4","141","294","447","606","1488","99877500","122500","671.22","671.24","640","805","900","900","9.22","4.65","27.66","34.08","3","7.33"
"DUTI","2026-05-22","2026-05-22","558","FULL","4100","-5.311778290993072","AVOID","-","passive","FALSE","","V-SHAPE","2026-04-21","","31d","31","DOWNTREND","BEARISH","BEARISH","BEARISH","STRUCTURE + DISCOUNT","SIDEWAYS","84.56","TRUE","FALSE","FALSE","LEADING","LEADING (Passive)","0.13","0.13","DRY / QUIET","18.18","81.82","47.06","13.39","32.9","38.48","4167.98","4165.51","4109","300","2320","1038","Supertrend bearish | RSI 47.1 lemah | Volume 0.13x | Lolos anti-crash ADX | RISEN SIDEWAYS","Full Grid (1-2-3-4)","100000000","4220","4070","4030","3980","0.1","0.2","0.3","0.4","23","49","74","100","246","99271000","729000","4035.41","4035.82","3880","4730","5250","5250","8.06","3.85","24.41","30.1","3.03","7.82"
"GOTO","2026-05-22","2026-05-22","558","FULL","50","0","AVOID","-","passive","FALSE","","SMART SNIPER","2026-04-21","Structure + Discount","31d","31","DOWNTREND","BEARISH","BEARISH","BEARISH","STRUCTURE + DISCOUNT","SIDEWAYS","65","TRUE","FALSE","FALSE","LEADING","LEADING (Passive)","0.05","0.05","DRY / QUIET","50","50","38.4","12.34","19.43","21.41","51.05","53.17","59.17","207040600","4316461660","1038","Supertrend bearish | RSI 38.4 lemah | Volume 0.05x | Lolos anti-crash ADX | RISEN SIDEWAYS","Full Grid (1-2-3-4)","100000000","56","53","52","51","0.1","0.2","0.3","0.4","1785","3773","5769","7843","19170","99991000","9000","52.16","52.16","50","65","74","74","10.71","4.14","32.14","41.87","3","10.11"
"KICI","2026-05-22","2026-05-22","558","FULL","206","0","AVOID","-","passive","FALSE","","SMART GAMMA","2026-04-21","","31d","31","DOWNTREND","BEARISH","BEARISH","BULLISH","STRUCTURE + DISCOUNT","SIDEWAYS","72.95","TRUE","FALSE","FALSE","LEADING","LEADING (Passive)","0.14","0.14","DRY / QUIET","71.43","28.57","46.2","38.06","30.46","18.02","214.66","212.96","195.34","614500","4455570","1038","Supertrend bearish | RSI 46.2 lemah | Volume 0.14x | Lolos anti-crash ADX | RISEN SIDEWAYS","Full Grid (1-2-3-4)","100000000","322","242","222","195","0.1","0.2","0.3","0.4","310","826","1351","2051","4538","99957900","42100","220.27","220.28","155","575","825","825","51.86","29.63","156.21","274.54","3.01","9.27"
"KMDS","2026-05-22","2026-05-22","558","FULL","540","0.9345794392523363","AVOID","-","passive","FALSE","","V-SHAPE","2026-04-21","","31d","31","DOWNTREND","BEARISH","BEARISH","BEARISH","STRUCTURE + DISCOUNT","NORMAL DOWNTREND","45.52","TRUE","FALSE","FALSE","LEADING","LEADING (Passive)","0.3","0.3","DRY / QUIET","75","25","39.33","34.72","8.15","19.63","562.9","583.35","617.18","71400","239995","1038","Supertrend bearish | RSI 39.3 lemah | Volume 0.3x | Crash filter aktif | RISEN NORMAL DOWNTREND","Full Grid (1-2-3-4)","100000000","595","570","560","550","0.1","0.2","0.3","0.4","168","350","535","727","1780","99891000","109000","561.19","561.19","535","685","775","775","10.08","4.67","30.25","38.1","3","8.17"
"AKPI","2026-05-22","2026-05-22","558","FULL","530","-0.9345794392523363","HOLD","-","passive","FALSE","","SMART SNIPER","2026-04-20","Demand Structure","32d","32","UPTREND","BEARISH","NEUTRAL","BEARISH","STRUCTURE + DISCOUNT","SIDEWAYS","52.47","TRUE","FALSE","FALSE","LEADING","LEADING (Passive)","0.1","0.1","DRY / QUIET","75","25","49.21","33.76","26.03","10.14","533.47","530.78","554.81","19000","182565","1036","Supertrend bullish | RSI 49.2 lemah | Volume 0.1x | Lolos anti-crash ADX | RISEN SIDEWAYS","Full Grid (1-2-3-4)","100000000","560","515","505","490","0.1","0.2","0.3","0.4","178","388","594","816","1976","99931000","69000","505.72","505.74","464","705","850","850","17.14","8.25","51.79","68.08","3.02","8.25"
"KING","2026-05-22","2026-05-22","558","FULL","565","7.6190476190476195","HOLD","-","passive","FALSE","","G ACC","2026-04-20","","32d","32","UPTREND","BULLISH","BULLISH","BULLISH","UPTREND PREMIUM","NORMAL UPTREND","0","FALSE","TRUE","FALSE","LEADING","LEADING (Passive)","1.09","1.09","NORMAL","100","0","87.99","50.59","48.05","8.25","448.49","373.02","265.78","5470100","5002880","1036","Supertrend bullish | RSI 88.0 > 50 | Volume 1.09x | Lolos anti-crash ADX | RISEN NORMAL UPTREND","Full Grid (1-2-3-4)","100000000","360","288","270","246","0.1","0.2","0.3","0.4","277","694","1111","1626","3708","99955800","44200","269.57","269.59","210","585","810","810","41.67","22.1","125","200.48","3","9.07"
"PANS","2026-05-22","2026-05-22","558","FULL","1710","0","AVOID","-","passive","FALSE","","BETA BREAKOUT","2026-04-20","","32d","32","DOWNTREND","BEARISH","NEUTRAL","BULLISH","DEMAND STRUCTURE","SIDEWAYS","70.85","TRUE","FALSE","FALSE","LEADING","LEADING (Passive)","0.47","0.47","DRY / QUIET","100","0","42.75","15.86","11.38","20.67","1729.9","1707.68","1595.31","78200","165995","1036","Supertrend bearish | RSI 42.8 lemah | Volume 0.47x | Lolos anti-crash ADX | RISEN SIDEWAYS","Full Grid (1-2-3-4)","100000000","1755","1605","1565","1515","0.1","0.2","0.3","0.4","56","124","191","264","635","99617500","382500","1568.78","1569.09","1445","2220","2690","2690","17.66","7.89","53.28","71.47","3.02","9.06"
"PZZA","2026-05-22","2026-05-22","558","FULL","189","0.5319148936170213","AVOID","-","passive","FALSE","","SMART SNIPER","2026-04-20","Structure + Discount","32d","32","DOWNTREND","BEARISH","BEARISH","BEARISH","DOWNTREND DISCOUNT","SIDEWAYS","51.67","TRUE","FALSE","FALSE","LEADING","LEADING (Passive)","0.62","0.62","DRY / QUIET","50","50","33.74","25.91","12.29","22.69","197.82","202.71","208.12","1097000","1756195","1036","Supertrend bearish | RSI 33.7 lemah | Volume 0.62x | Lolos anti-crash ADX | RISEN SIDEWAYS","Full Grid (1-2-3-4)","100000000","226","204","199","191","0.1","0.2","0.3","0.4","442","980","1507","2094","5023","99965900","34100","199.02","199.02","180","296","364","364","20.35","9.56","61.06","82.9","3","8.68"
"HOPE","2026-05-22","2026-05-22","558","FULL","130","1.5625","AVOID","-","passive","FALSE","","EARLY SWEEP","2026-05-13","","9d","9","DOWNTREND","BEARISH","BEARISH","BEARISH","DOWNTREND DISCOUNT","NORMAL DOWNTREND","78.39","TRUE","FALSE","FALSE","IMPROVING","IMPROVING (Passive)","0.16","0.16","DRY / QUIET","100","0","32.91","14.35","17.82","30.56","167.42","199.41","181.38","9892400","62671510","1032","Supertrend bearish | RSI 32.9 lemah | Volume 0.16x | Lolos anti-crash ADX | RISEN NORMAL DOWNTREND","Full Grid (1-2-3-4)","100000000","314","248","232","208","0.1","0.2","0.3","0.4","318","806","1293","1923","4340","99970000","30000","230.35","230.36","175","525","730","730","44.27","24.03","132.48","216.92","2.99","9.03"
"CITA","2026-05-22","2026-05-22","558","FULL","3790","2.4324324324324325","HOLD","-","passive","FALSE","","SMART SNIPER","2026-04-17","Discount Only","35d","35","UPTREND","BEARISH","BEARISH","BEARISH","UPTREND DISCOUNT","NORMAL DOWNTREND","12.72","TRUE","FALSE","FALSE","LEADING","LEADING (Passive)","1.68","1.68","EXPANSION","100","0","47.09","30.54","17.72","26.61","3800.51","4009.56","4142.59","1246300","740100","1030","Supertrend bullish | RSI 47.1 lemah | Volume valid 1.68x | Crash filter aktif | RISEN NORMAL DOWNTREND","Full Grid (1-2-3-4)","100000000","4400","4230","4190","4130","0.1","0.2","0.3","0.4","22","47","71","96","236","98958000","1042000","4193.14","4193.58","4040","4940","5475","5475","8.18","3.65","24.43","30.57","2.99","8.37"
"DKFT","2026-05-22","2026-05-22","558","FULL","730","8.955223880597014","AVOID","-","passive","FALSE","","SMART GAMMA","2026-04-17","","35d","35","DOWNTREND","BEARISH","BEARISH","BULLISH","STRUCTURE + DISCOUNT","SIDEWAYS","25","TRUE","FALSE","FALSE","LEADING","LEADING (Passive)","0.58","0.58","DRY / QUIET","100","0","45.47","30.34","13.79","27.69","750.63","764.21","706.29","9473900","16379855","1030","Supertrend bearish | RSI 45.5 lemah | Volume 0.58x | Crash filter aktif | RISEN SIDEWAYS","Full Grid (1-2-3-4)","100000000","820","740","720","690","0.1","0.2","0.3","0.4","121","270","416","579","1386","99805000","195000","720.09","720.15","650","1075","1330","1330","20.73","9.73","62.2","84.7","3","8.7"
"LPPF","2026-05-22","2026-05-22","558","FULL","1595","-0.6230529595015576","AVOID","-","passive","FALSE","","SMART GAMMA","2026-04-17","","35d","35","DOWNTREND","BEARISH","BEARISH","BEARISH","DOWNTREND DISCOUNT","NORMAL DOWNTREND","0","FALSE","FALSE","FALSE","LEADING","LEADING (Passive)","0.46","0.46","DRY / QUIET","81.82","18.18","30.74","33.93","13.67","33.93","1673.53","1746.98","1748","2344100","5123920","1030","Supertrend bearish | RSI 30.7 lemah | Volume 0.46x | Crash filter aktif | RISEN NORMAL DOWNTREND","Full Grid (1-2-3-4)","100000000","1950","1875","1855","1830","0.1","0.2","0.3","0.4","51","106","161","218","536","99579500","420500","1857.83","1857.86","1790","2190","2430","2430","8.21","3.65","24.62","30.8","3","8.44"
"MTLA","2026-05-22","2026-05-22","558","FULL","510","0","AVOID","-","passive","FALSE","","V-SHAPE","2026-04-17","","35d","35","DOWNTREND","BEARISH","BEARISH","BEARISH","STRUCTURE + DISCOUNT","SIDEWAYS","78.88","TRUE","FALSE","FALSE","LEADING","LEADING (Passive)","0.19","0.19","DRY / QUIET","100","0","40.64","21.02","10.11","23.37","522.48","539.75","514.63","7900","41495","1030","Supertrend bearish | RSI 40.6 lemah | Volume 0.19x | Lolos anti-crash ADX | RISEN SIDEWAYS","Full Grid (1-2-3-4)","100000000","590","565","555","545","0.1","0.2","0.3","0.4","169","353","540","733","1795","99834000","166000","556.18","556.19","525","690","785","785","11.02","5.61","33.05","41.14","3","7.34"
"AUTO","2026-05-22","2026-05-22","558","FULL","2560","0.7874015748031495","AVOID","-","passive","FALSE","","BETA BREAKOUT","2026-04-16","","36d","36","DOWNTREND","BEARISH","BEARISH","BULLISH","DEMAND STRUCTURE","NORMAL DOWNTREND","51.11","TRUE","FALSE","FALSE","LEADING","LEADING (Passive)","1.05","1.05","NORMAL","100","0","42.62","21.86","11.6","23.86","2611.01","2635.41","2539.52","2742800","2614985","1028","Supertrend bearish | RSI 42.6 lemah | Volume 1.05x | Lolos anti-crash ADX | RISEN NORMAL DOWNTREND","Full Grid (1-2-3-4)","100000000","2730","2620","2590","2550","0.1","0.2","0.3","0.4","36","76","115","156","383","99305000","695000","2592.82","2592.97","2490","3090","3450","3450","8.79","3.97","26.37","33.06","3","8.34"
"CFIN","2026-05-22","2026-05-22","558","FULL","336","1.2048192771084338","AVOID","-","passive","FALSE","","BETA BREAKOUT","2026-04-16","","36d","36","DOWNTREND","BEARISH","BEARISH","BULLISH","DEMAND STRUCTURE","SIDEWAYS","56.99","TRUE","TRUE","FALSE","LEADING","LEADING (Passive)","0.49","0.49","DRY / QUIET","66.67","33.33","45.62","22.88","13.21","15.57","340.75","337.44","331.09","1081800","2229220","1028","Supertrend bearish | RSI 45.6 lemah | Volume 0.49x | Lolos anti-crash ADX | RISEN SIDEWAYS","Full Grid (1-2-3-4)","100000000","344","322","316","310","0.1","0.2","0.3","0.4","290","621","949","1290","3150","99950600","49400","317.3","317.31","298","414","482","482","13.37","6.08","40.12","51.91","3","8.53"
"OLIV","2026-05-22","2026-05-22","558","FULL","55","10","AVOID","-","passive","FALSE","","SMART SNIPER","2026-04-16","Structure + Discount","36d","36","DOWNTREND","BEARISH","BEARISH","BEARISH","STRUCTURE + DISCOUNT","SIDEWAYS","58.7","TRUE","FALSE","FALSE","LEADING","LEADING (Passive)","0.86","0.86","NORMAL","100","0","47.23","18.07","14.9","19.49","55.85","57.49","61.56","4740900","5496835","1028","Supertrend bearish | RSI 47.2 lemah | Volume 0.86x | Lolos anti-crash ADX | RISEN SIDEWAYS","Full Grid (1-2-3-4)","100000000","61","54","52","49","0.1","0.2","0.3","0.4","1639","3703","5769","8163","19274","99991600","8400","51.88","51.88","45","85","109","109","26.23","13.26","78.69","110.1","3","8.3"
"PBSA","2026-05-22","2026-05-22","558","FULL","850","25","AVOID","-","passive","FALSE","","V-SHAPE","2026-05-11","","11d","11","DOWNTREND","BEARISH","BEARISH","BEARISH","STRUCTURE + DISCOUNT","NORMAL DOWNTREND","17.7","TRUE","FALSE","FALSE","IMPROVING","IMPROVING (Passive)","1.92","1.92","EXPANSION","100","0","40.79","35.75","12.81","27.53","945.9","1103.2","1110.93","7476400","3890040","1028","Supertrend bearish | RSI 40.8 lemah | Volume valid 1.92x | Crash filter aktif | RISEN NORMAL DOWNTREND","Full Grid (1-2-3-4)","100000000","945","880","865","845","0.1","0.2","0.3","0.4","105","227","346","473","1151","99796000","204000","867.04","867.09","800","1165","1380","1380","15.34","7.73","46.03","59.16","3","7.65"
"PEVE","2026-05-22","2026-05-22","558","FULL","332","3.75","AVOID","-","passive","FALSE","","V-SHAPE","2026-05-11","","11d","11","DOWNTREND","BEARISH","BEARISH","BEARISH","STRUCTURE + DISCOUNT","NORMAL DOWNTREND","27.16","TRUE","FALSE","FALSE","IMPROVING","IMPROVING (Passive)","0.07","0.07","DRY / QUIET","85.71","14.29","30.66","29.1","12.32","28.17","382.6","434.29","458.16","37500","541500","1028","Supertrend bearish | RSI 30.7 lemah | Volume 0.07x | Lolos anti-crash ADX | RISEN NORMAL DOWNTREND","Full Grid (1-2-3-4)","100000000","400","380","376","368","0.1","0.2","0.3","0.4","250","526","797","1086","2659","99920000","80000","375.78","375.78","354","500","530","530","11.5","5.8","32.5","41.04","2.83","7.08"
"SRAJ","2026-05-22","2026-05-22","558","FULL","14000","0","HOLD","-","passive","FALSE","","V-SHAPE","2026-04-16","","36d","36","UPTREND","BEARISH","BEARISH","BULLISH","UPTREND","NORMAL DOWNTREND","25","TRUE","FALSE","FALSE","LEADING","LEADING (Passive)","0","0","NO VOLUME","50","50","45.8","31.19","28.51","39.74","14177.2","14675.22","12699.2","0","15045","1028","Supertrend bullish | RSI 45.8 lemah | Volume 0x | Crash filter aktif | RISEN NORMAL DOWNTREND","Full Grid (1-2-3-4)","100000000","15100","14100","13875","13525","0.1","0.2","0.3","0.4","6","14","21","29","70","97160000","2840000","13880","13888.23","13000","18250","21400","21400","13.91","6.34","41.72","54.18","3","8.55"
"TMAS","2026-05-22","2026-05-22","558","FULL","118","0","AVOID","-","passive","FALSE","","SMART SNIPER","2026-04-16","Structure + Discount","36d","36","DOWNTREND","BEARISH","BEARISH","BEARISH","DOWNTREND DISCOUNT","NORMAL DOWNTREND","85.07","TRUE","FALSE","FALSE","LEADING","LEADING (Passive)","0.73","0.73","DRY / QUIET","75","25","35.14","18.92","13.22","24.45","123.26","127.17","133.5","4115300","5599780","1028","Supertrend bearish | RSI 35.1 lemah | Volume 0.73x | Lolos anti-crash ADX | RISEN NORMAL DOWNTREND","Full Grid (1-2-3-4)","100000000","138","130","127","125","0.1","0.2","0.3","0.4","724","1538","2362","3200","7824","99982600","17400","127.79","127.79","120","165","192","192","13.04","6.1","39.13","50.25","3","8.24"
"BIKE","2026-05-22","2026-05-22","558","FULL","510","0","AVOID","-","passive","FALSE","","EARLY SWEEP","2026-04-15","","37d","37","DOWNTREND","NEUTRAL","BULLISH","BEARISH","DOWNTREND DISCOUNT","SIDEWAYS","100","TRUE","FALSE","FALSE","LEADING","LEADING (Passive)","0","0","NO VOLUME","50","50","50.73","26.8","31.84","19.76","510.36","508.29","608.56","0","682160","1026","Supertrend bearish | RSI 50.7 > 50 | Volume 0x | Lolos anti-crash ADX | RISEN SIDEWAYS","Full Grid (1-2-3-4)","100000000","995","890","865","830","0.1","0.2","0.3","0.4","100","224","346","481","1151","99738000","262000","866.53","866.57","775","1325","1655","1655","22.11","10.56","66.33","90.99","3","8.61"
"EKAD","2026-05-22","2026-05-22","558","FULL","171","2.3952095808383236","AVOID","-","passive","FALSE","","V-SHAPE","2026-04-15","","37d","37","DOWNTREND","BEARISH","BEARISH","BEARISH","STRUCTURE + DISCOUNT","NORMAL DOWNTREND","26.27","TRUE","FALSE","FALSE","LEADING","LEADING (Passive)","1.33","1.33","EXPANSION","100","0","37.46","30.28","7.92","29.89","175.61","179.09","185.72","413000","310435","1026","Supertrend bearish | RSI 37.5 lemah | Volume valid 1.33x | Crash filter aktif | RISEN NORMAL DOWNTREND","Full Grid (1-2-3-4)","100000000","180","179","178","178","0.1","0.2","0.3","0.4","555","1117","1685","2247","5604","99973900","26100","178.4","178.4","176","187","191","191","2.22","1.34","6.11","7.06","2.75","5.26"
"ELIT","2026-05-22","2026-05-22","558","FULL","185","3.35195530726257","AVOID","-","passive","FALSE","","SMART SNIPER","2026-04-15","Discount Only","37d","37","DOWNTREND","BEARISH","BEARISH","BEARISH","STRUCTURE + DISCOUNT","NORMAL DOWNTREND","69.69","TRUE","FALSE","FALSE","LEADING","LEADING (Passive)","1","1","NORMAL","82.35","17.65","34.67","14.01","14.55","25.82","198.45","208.87","206.04","5865300","5858520","1026","Supertrend bearish | RSI 34.7 lemah | Volume 1x | Lolos anti-crash ADX | RISEN NORMAL DOWNTREND","Full Grid (1-2-3-4)","100000000","228","204","198","190","0.1","0.2","0.3","0.4","438","980","1515","2105","5038","99970400","29600","198.43","198.44","177","304","382","382","22.37","10.8","67.54","92.51","3.02","8.56"
"MAYA","2026-05-22","2026-05-22","558","FULL","188","0.53475935828877","AVOID","-","passive","FALSE","","SMART SNIPER","2026-04-15","Structure + Discount","37d","37","DOWNTREND","BEARISH","BEARISH","BEARISH","STRUCTURE + DISCOUNT","SIDEWAYS","66.74","TRUE","FALSE","FALSE","LEADING","LEADING (Passive)","1.43","1.43","EXPANSION","40","60","37.97","17.21","20.25","24.16","194.07","199.8","216.69","2231000","1558965","1026","Supertrend bearish | RSI 38.0 lemah | Volume valid 1.43x | Lolos anti-crash ADX | RISEN SIDEWAYS","Full Grid (1-2-3-4)","100000000","220","200","195","189","0.1","0.2","0.3","0.4","454","1000","1538","2116","5108","99971400","28600","195.72","195.72","178","284","346","346","19.09","9.05","57.27","76.79","3","8.48"
"SAFE","2026-05-22","2026-05-22","558","FULL","324","0","AVOID","-","passive","FALSE","","V-SHAPE","2026-04-15","","37d","37","DOWNTREND","BEARISH","BEARISH","BULLISH","DEMAND STRUCTURE","NORMAL DOWNTREND","56.57","TRUE","FALSE","FALSE","LEADING","LEADING (Passive)","0.52","0.52","DRY / QUIET","88.24","11.76","34.49","18.2","14.94","23.71","346.63","360.19","321.66","306200","591255","1026","Supertrend bearish | RSI 34.5 lemah | Volume 0.52x | Lolos anti-crash ADX | RISEN NORMAL DOWNTREND","Full Grid (1-2-3-4)","100000000","382","368","364","358","0.1","0.2","0.3","0.4","261","543","824","1117","2745","99934800","65200","364.06","364.07","348","434","484","484","8.9","4.41","26.7","32.94","3","7.47"
"TARA","2026-05-22","2026-05-22","558","FULL","30","7.142857142857142","AVOID","-","passive","FALSE","","V-SHAPE","2026-04-15","","37d","37","DOWNTREND","BEARISH","BEARISH","BULLISH","STRUCTURE + DISCOUNT","SIDEWAYS","64.21","TRUE","FALSE","TRUE","LEADING","LEADING (Passive)","1.83","1.83","EXPANSION","100","0","46.04","10.4","30.57","39.76","30.78","31.78","29.17","2091800","1142040","1026","Supertrend bearish | RSI 46.0 lemah | Volume valid 1.83x | Lolos anti-crash ADX | RISEN SIDEWAYS","Full Grid (1-2-3-4)","100000000","30","29","28","28","0.1","0.2","0.3","0.4","3333","6896","10714","14285","35228","99994600","5400","28.38","28.38","27","40","50","50","10","4.88","66.67","76.15","6.67","15.61"
"TCID","2026-05-22","2026-05-22","558","FULL","2770","-3.484320557491289","AVOID","-","passive","FALSE","","SMART SNIPER","2026-04-15","Structure + Discount","37d","37","DOWNTREND","BEARISH","BEARISH","BEARISH","STRUCTURE + DISCOUNT","SIDEWAYS","0","FALSE","FALSE","FALSE","LEADING","LEADING (Passive)","0.04","0.04","DRY / QUIET","30","70","41.32","15.93","20.07","22.53","2853.09","2868.23","2832.99","7100","174800","1026","Supertrend bearish | RSI 41.3 lemah | Volume 0.04x | Lolos anti-crash ADX | RISEN SIDEWAYS","Full Grid (1-2-3-4)","100000000","2970","2740","2680","2600","0.1","0.2","0.3","0.4","33","72","111","153","369","99057000","943000","2684.47","2684.93","2480","3710","4440","4440","16.5","7.62","49.49","65.4","3","8.59"
"VICI","2026-05-22","2026-05-22","558","FULL","550","0.9174311926605505","AVOID","-","passive","FALSE","","SMART SNIPER","2026-04-15","Structure + Discount","37d","37","DOWNTREND","BEARISH","BEARISH","BEARISH","STRUCTURE + DISCOUNT","SIDEWAYS","93.06","TRUE","FALSE","FALSE","LEADING","LEADING (Passive)","0.44","0.44","DRY / QUIET","100","0","39.27","13.86","14.17","21.78","577.85","588.21","622.49","655700","1482850","1026","Supertrend bearish | RSI 39.3 lemah | Volume 0.44x | Lolos anti-crash ADX | RISEN SIDEWAYS","Full Grid (1-2-3-4)","100000000","630","565","550","530","0.1","0.2","0.3","0.4","158","353","545","754","1810","99835500","164500","551.58","551.61","492","835","1045","1045","21.9","10.8","65.87","89.46","3.01","8.28"
"ALDO","2026-05-22","2026-05-22","558","FULL","690","4.545454545454546","HOLD","-","passive","FALSE","","SMART GAMMA","2026-04-14","","38d","38","UPTREND","BULLISH","BULLISH","BULLISH","UPTREND PREMIUM","NORMAL UPTREND","58.45","TRUE","TRUE","FALSE","LEADING","LEADING (Passive)","0.73","0.73","DRY / QUIET","83.33","16.67","62.92","29.06","17.83","14.72","646.1","614.11","575.83","185600","253125","1024","Supertrend bullish | RSI 62.9 > 50 | Volume 0.73x | Lolos anti-crash ADX | RISEN NORMAL UPTREND","Full Grid (1-2-3-4)","100000000","595","560","550","535","0.1","0.2","0.3","0.4","168","357","545","747","1817","99927500","72500","549.96","549.96","515","715","835","835","13.45","6.36","40.34","51.83","3","8.15"
"BREN","2026-05-22","2026-05-22","558","FULL","2450","-4.669260700389105","AVOID","-","passive","FALSE","","BETA BREAKOUT","2025-11-05","","198d","198","DOWNTREND","BEARISH","BEARISH","BEARISH","DOWNTREND DISCOUNT","CRASH / SELL-OFF","14.3","TRUE","FALSE","TRUE","LAGGING","LAGGARD (Passive)","2.74","2.74","VOLUME SURGE","19.23","80.77","18.9","48.41","8.55","40.85","3976.28","5190.74","7211.69","110164800","40182855","1024","Supertrend bearish | RSI 18.9 lemah | Volume valid 2.74x | Crash filter aktif | RISEN CRASH / SELL-OFF","Full Grid (1-2-3-4)","100000000","9750","8775","8550","8225","0.1","0.2","0.3","0.4","10","22","35","48","115","98460000","1540000","8561.74","8563.96","7700","12825","15900","15900","21.03","10.07","63.08","85.71","3","8.52"
"REAL","2026-05-22","2026-05-22","558","FULL","50","0","AVOID","-","passive","FALSE","","SMART SNIPER","2026-04-14","Structure + Discount","38d","38","DOWNTREND","BEARISH","BEARISH","BEARISH","STRUCTURE + DISCOUNT","SIDEWAYS","77.93","TRUE","FALSE","FALSE","LEADING","LEADING (Passive)","0.03","0.03","DRY / QUIET","50","50","36.29","25.37","17.58","14.54","53.15","55.29","56.37","2682100","102809720","1024","Supertrend bearish | RSI 36.3 lemah | Volume 0.03x | Lolos anti-crash ADX | RISEN SIDEWAYS","Full Grid (1-2-3-4)","100000000","55","53","52","51","0.1","0.2","0.3","0.4","1818","3773","5769","7843","19203","99994000","6000","52.07","52.07","49","74","85","85","10.91","5.9","54.55","63.24","5","10.72"
"SAMF","2026-05-22","2026-05-22","558","FULL","292","1.3888888888888888","AVOID","-","passive","FALSE","","SMART SNIPER","2026-04-14","Demand Structure","38d","38","DOWNTREND","BEARISH","BEARISH","BEARISH","STRUCTURE + DISCOUNT","NORMAL DOWNTREND","29.39","TRUE","FALSE","FALSE","LEADING","LEADING (Passive)","1.84","1.84","EXPANSION","25","75","28.51","21.71","14.94","25.27","315.41","323.08","347.24","299600","162965","1024","Supertrend bearish | RSI 28.5 lemah | Volume valid 1.84x | Lolos anti-crash ADX | RISEN NORMAL DOWNTREND","Full Grid (1-2-3-4)","100000000","346","328","322","316","0.1","0.2","0.3","0.4","289","609","931","1265","3094","99926800","73200","322.97","322.97","304","410","472","472","12.14","5.87","36.42","46.14","3","7.86"
"SRTG","2026-05-22","2026-05-22","558","FULL","1645","3.459119496855346","AVOID","-","passive","FALSE","","SMART GAMMA","2026-04-14","","38d","38","DOWNTREND","BEARISH","BEARISH","BEARISH","STRUCTURE + DISCOUNT","SIDEWAYS","34.25","TRUE","FALSE","FALSE","LEADING","LEADING (Passive)","0.84","0.84","NORMAL","66.67","33.33","41.85","23.39","14.56","26.05","1701.68","1719.62","1726.11","7272800","8670740","1024","Supertrend bearish | RSI 41.9 lemah | Volume 0.84x | Lolos anti-crash ADX | RISEN SIDEWAYS","Full Grid (1-2-3-4)","100000000","1790","1640","1600","1550","0.1","0.2","0.3","0.4","55","121","187","258","621","99599000","401000","1603.85","1604.15","1470","2270","2750","2750","17.88","8.35","53.63","71.46","3","8.56"
"ARNA","2026-05-22","2026-05-22","558","FULL","452","-0.4405286343612335","AVOID","-","passive","FALSE","","BETA BREAKOUT","2026-04-13","","39d","39","DOWNTREND","BEARISH","BEARISH","BEARISH","DOWNTREND DISCOUNT","NORMAL DOWNTREND","46.52","TRUE","FALSE","FALSE","LEADING","LEADING (Passive)","0.75","0.75","DRY / QUIET","75","25","18.28","42.67","7.05","35.82","483.82","501.56","539.24","3694600","4943365","1022","Supertrend bearish | RSI 18.3 lemah | Volume 0.75x | Crash filter aktif | RISEN NORMAL DOWNTREND","Full Grid (1-2-3-4)","100000000","545","525","515","510","0.1","0.2","0.3","0.4","183","380","582","784","1929","99880500","119500","517.78","517.79","498","615","685","685","8.62","3.82","25.69","32.29","2.98","8.45"
"ASBI","2026-05-22","2026-05-22","558","FULL","414","1.4705882352941175","AVOID","-","passive","FALSE","","SMART SNIPER","2026-04-13","Structure + Discount","39d","39","DOWNTREND","BULLISH","BEARISH","BEARISH","STRUCTURE + DISCOUNT","SIDEWAYS","25","TRUE","FALSE","FALSE","LEADING","LEADING (Passive)","0.24","0.24","DRY / QUIET","70","30","51.82","11.99","17.67","15.59","410.15","416.25","446.74","14600","61125","1022","Supertrend bearish | RSI 51.8 > 50 | Volume 0.24x | Lolos anti-crash ADX | RISEN SIDEWAYS","Full Grid (1-2-3-4)","100000000","432","406","400","392","0.1","0.2","0.3","0.4","231","492","750","1020","2493","99938400","61600","400.88","400.88","378","515","595","595","12.5","5.71","37.73","48.42","3.02","8.49"
"PDES","2026-05-22","2026-05-22","558","FULL","510","0","AVOID","-","passive","FALSE","","EARLY SWEEP","2026-04-13","","39d","39","DOWNTREND","NEUTRAL","BEARISH","BEARISH","STRUCTURE + DISCOUNT","SIDEWAYS","91.32","TRUE","FALSE","FALSE","LEADING","LEADING (Passive)","0.01","0.01","DRY / QUIET","100","0","49.18","20.77","12.71","17.89","510.02","519.36","511.83","900","81510","1022","Supertrend bearish | RSI 49.2 lemah | Volume 0.01x | Lolos anti-crash ADX | RISEN SIDEWAYS","Full Grid (1-2-3-4)","100000000","630","610","605","600","0.1","0.2","0.3","0.4","158","327","495","666","1646","99808500","191500","606.37","606.38","585","700","770","770","7.14","3.52","22.22","26.99","3.11","7.66"
"PNGO","2026-05-22","2026-05-22","558","FULL","3440","1.1764705882352942","AVOID","-","passive","FALSE","","BETA BREAKOUT","2026-04-13","","39d","39","DOWNTREND","BEARISH","BULLISH","BULLISH","DEMAND STRUCTURE","NORMAL UPTREND","24.88","TRUE","TRUE","FALSE","LEADING","LEADING (Passive)","0.36","0.36","DRY / QUIET","15.38","84.62","47.72","23.65","20.5","16.99","3497.16","3412.78","2995.94","35700","99460","1022","Supertrend bearish | RSI 47.7 lemah | Volume 0.36x | Lolos anti-crash ADX | RISEN NORMAL UPTREND","Full Grid (1-2-3-4)","100000000","3410","3210","3160","3100","0.1","0.2","0.3","0.4","29","62","94","129","314","99485000","515000","3168.31","3168.57","2980","4060","4700","4700","12.61","5.94","37.83","48.34","3","8.13"
"SATU","2026-05-22","2026-05-22","558","FULL","254","-0.78125","AVOID","-","passive","FALSE","","BETA BREAKOUT","2026-04-13","","39d","39","DOWNTREND","BEARISH","BEARISH","BULLISH","DEMAND STRUCTURE","NORMAL DOWNTREND","25","TRUE","FALSE","FALSE","LEADING","LEADING (Passive)","0.36","0.36","DRY / QUIET","0","100","34.96","21.96","9.8","27.85","260.34","260.94","250.67","412100","1159380","1022","Supertrend bearish | RSI 35.0 lemah | Volume 0.36x | Lolos anti-crash ADX | RISEN NORMAL DOWNTREND","Full Grid (1-2-3-4)","100000000","270","262","260","258","0.1","0.2","0.3","0.4","370","763","1153","1550","3836","99948600","51400","260.55","260.55","254","294","324","324","5.93","2.52","20","24.35","3.37","9.68"
"JRPT","2026-05-22","2026-05-22","558","FULL","1075","-1.3761467889908259","AVOID","-","passive","FALSE","","SMART GAMMA","2026-04-10","","42d","42","DOWNTREND","BEARISH","BEARISH","BULLISH","DEMAND STRUCTURE","SIDEWAYS","68.21","TRUE","FALSE","FALSE","LEADING","LEADING (Passive)","1.11","1.11","NORMAL","0","100","37.05","31.96","11.43","22.78","1090.88","1092.23","989.15","236300","213065","1016","Supertrend bearish | RSI 37.0 lemah | Volume 1.11x | Crash filter aktif | RISEN SIDEWAYS","Full Grid (1-2-3-4)","100000000","1110","1095","1090","1085","0.1","0.2","0.3","0.4","90","182","275","368","915","99822000","178000","1090.95","1090.95","1075","1165","1280","1280","3.15","1.46","15.32","17.33","4.86","11.85"
"PANI","2026-05-22","2026-05-22","558","FULL","7800","4","AVOID","-","passive","FALSE","","SMART SNIPER","2026-04-10","Structure + Discount","42d","42","DOWNTREND","BEARISH","BEARISH","BEARISH","DOWNTREND DISCOUNT","NORMAL DOWNTREND","38.46","TRUE","FALSE","FALSE","LEADING","LEADING (Passive)","1.2","1.2","NORMAL","100","0","40.8","19.54","14.21","25.72","8278.03","8698","10781.56","6780800","5661840","1016","Supertrend bearish | RSI 40.8 lemah | Volume 1.2x | Lolos anti-crash ADX | RISEN NORMAL DOWNTREND","Full Grid (1-2-3-4)","100000000","8650","8075","7925","7725","0.1","0.2","0.3","0.4","11","24","37","51","123","97615000","2385000","7936.18","7938.82","7375","10575","12475","12475","14.74","7.07","44.22","57.19","3","8.09"
"MBAP","2026-05-22","2026-05-22","558","FULL","1620","4.516129032258064","AVOID","-","passive","FALSE","","BETA BREAKOUT","2026-03-30","","53d","53","DOWNTREND","BEARISH","BEARISH","BEARISH","STRUCTURE + DISCOUNT","SIDEWAYS","32.55","TRUE","FALSE","TRUE","LEADING","LEADING (Passive)","3.51","3.51","VOLUME SURGE","60","40","43.79","16.68","27.84","19.63","1641.99","1680.69","1747.41","353600","100685","1014","Supertrend bearish | RSI 43.8 lemah | Volume valid 3.51x | Lolos anti-crash ADX | RISEN SIDEWAYS","Full Grid (1-2-3-4)","100000000","1870","1690","1650","1585","0.1","0.2","0.3","0.4","53","118","181","252","604","99660000","340000","1650","1650.16","1495","2430","3000","3000","20.05","9.39","60.43","81.82","3.01","8.71"
"BELI","2026-05-22","2026-05-22","558","FULL","334","-1.183431952662722","AVOID","-","passive","FALSE","","V-SHAPE","2026-04-08","","44d","44","DOWNTREND","BEARISH","BEARISH","BEARISH","DOWNTREND DISCOUNT","NORMAL DOWNTREND","51.82","TRUE","FALSE","FALSE","LEADING","LEADING (Passive)","0.23","0.23","DRY / QUIET","50","50","20.81","17.76","12.9","23.89","362.89","388.79","415.18","191500","844750","1012","Supertrend bearish | RSI 20.8 lemah | Volume 0.23x | Lolos anti-crash ADX | RISEN NORMAL DOWNTREND","Full Grid (1-2-3-4)","100000000","444","418","410","402","0.1","0.2","0.3","0.4","225","478","731","995","2429","99940400","59600","411.45","411.45","386","530","620","620","13.06","6.18","39.64","50.69","3.03","8.2"
"NICK","2026-05-22","2026-05-22","558","FULL","1105","-1.3392857142857142","AVOID","-","passive","FALSE","","SMART SNIPER","2026-04-08","Demand Structure","44d","44","DOWNTREND","BEARISH","BEARISH","BEARISH","DOWNTREND DISCOUNT","SIDEWAYS","0","FALSE","FALSE","FALSE","LEADING","LEADING (Passive)","0.08","0.08","DRY / QUIET","0","100","36.1","19.58","28.92","18.71","1181.24","1206.57","1177.49","600","7065","1012","Supertrend bearish | RSI 36.1 lemah | Volume 0.08x | Lolos anti-crash ADX | RISEN SIDEWAYS","Full Grid (1-2-3-4)","100000000","1300","1180","1150","1105","0.1","0.2","0.3","0.4","76","169","260","361","866","99612500","387500","1150.26","1150.38","1035","1700","2100","2100","20.38","10.02","61.54","82.57","3.02","8.24"
"WIFI","2026-05-22","2026-05-22","558","FULL","2120","8.997429305912597","AVOID","-","passive","FALSE","","SMART SNIPER","2026-04-08","Discount Only","44d","44","DOWNTREND","BEARISH","BEARISH","BEARISH","DOWNTREND DISCOUNT","NORMAL DOWNTREND","28.03","TRUE","FALSE","FALSE","LEADING","LEADING (Passive)","1.25","1.25","EXPANSION","88.89","11.11","42.38","18.23","12.1","30.61","2222.91","2324.93","2504.39","26769100","21344245","1012","Supertrend bearish | RSI 42.4 lemah | Volume valid 1.25x | Lolos anti-crash ADX | RISEN NORMAL DOWNTREND","Full Grid (1-2-3-4)","100000000","2310","2110","2060","1990","0.1","0.2","0.3","0.4","43","94","145","201","483","99636000","364000","2062.86","2063.08","1875","2960","3620","3620","18.83","9.11","56.71","75.48","3.01","8.29"
"RAAM","2026-05-22","2026-05-22","558","FULL","200","8.108108108108109","AVOID","-","passive","FALSE","","SMART SNIPER","2026-04-07","Discount Only","45d","45","DOWNTREND","BEARISH","BEARISH","BEARISH","STRUCTURE + DISCOUNT","SIDEWAYS","26.68","TRUE","FALSE","FALSE","LEADING","LEADING (Passive)","1.09","1.09","NORMAL","100","0","43.06","15.45","20.8","20.13","209.26","214.93","247.44","1315900","1207305","1010","Supertrend bearish | RSI 43.1 lemah | Volume 1.09x | Lolos anti-crash ADX | RISEN SIDEWAYS","Full Grid (1-2-3-4)","100000000","238","196","185","171","0.1","0.2","0.3","0.4","420","1020","1621","2339","5400","99973400","26600","185.14","185.14","149","372","505","505","37.39","19.52","112.18","172.77","3","8.85"
"SIDO","2026-05-22","2026-05-22","558","FULL","408","4.615384615384616","AVOID","-","passive","FALSE","","SMART SNIPER","2026-04-29","Structure + Discount","23d","23","DOWNTREND","BEARISH","BEARISH","BEARISH","DOWNTREND DISCOUNT","NORMAL DOWNTREND","15.32","TRUE","FALSE","FALSE","IMPROVING","IMPROVING (Passive)","1.47","1.47","EXPANSION","88.24","11.76","25.56","46.99","5.2","47.09","456.25","485.66","523.06","42063900","28518325","1004","Supertrend bearish | RSI 25.6 lemah | Volume valid 1.47x | Crash filter aktif | RISEN NORMAL DOWNTREND","Full Grid (1-2-3-4)","100000000","515","505","505","500","0.1","0.2","0.3","0.4","194","396","594","800","1984","99986000","14000","503.96","503.96","494","545","550","550","4.08","1.98","6.8","9.14","1.67","4.62"
"TIRA","2026-05-22","2026-05-22","558","FULL","610","-0.8130081300813009","AVOID","-","passive","FALSE","","V-SHAPE","2026-04-29","","23d","23","DOWNTREND","BEARISH","BEARISH","BEARISH","STRUCTURE + DISCOUNT","NORMAL DOWNTREND","24.8","TRUE","FALSE","FALSE","IMPROVING","IMPROVING (Passive)","0.11","0.11","DRY / QUIET","48.39","51.61","23.28","35.7","11.65","31.77","756.36","888.48","1176.47","83300","758180","1004","Supertrend bearish | RSI 23.3 lemah | Volume 0.11x | Crash filter aktif | RISEN NORMAL DOWNTREND","Full Grid (1-2-3-4)","100000000","875","845","835","825","0.1","0.2","0.3","0.4","114","236","359","484","1193","99823500","176500","836.74","836.75","800","990","1130","1130","8.57","4.39","29.14","35.05","3.4","7.98"
"ALKA","2026-05-22","2026-05-22","558","FULL","456","-6.172839506172839","AVOID","-","passive","FALSE","","V-SHAPE","2026-05-21","","NEW","1","DOWNTREND","BEARISH","BEARISH","BEARISH","STRUCTURE + DISCOUNT","NORMAL DOWNTREND","46.66","TRUE","FALSE","FALSE","LAGGING","LAGGARD (Passive)","0.37","0.37","DRY / QUIET","10.91","89.09","37.01","10.62","23.27","21.7","576.67","609.98","500.61","223500","599940","998","Supertrend bearish | RSI 37.0 lemah | Volume 0.37x | Lolos anti-crash ADX | RISEN NORMAL DOWNTREND","Full Grid (1-2-3-4)","100000000","486","460","452","444","0.1","0.2","0.3","0.4","205","434","663","900","2202","99854600","145400","453.47","453.48","416","590","695","695","14.4","8.26","43","53.26","2.99","6.45"
"BMBL","2026-05-22","2026-05-22","558","FULL","32","-3.0303030303030303","AVOID","-","passive","FALSE","","EARLY SWEEP","2026-05-21","","NEW","1","DOWNTREND","BEARISH","BEARISH","BEARISH","STRUCTURE + DISCOUNT","SIDEWAYS","49.91","TRUE","FALSE","FALSE","LAGGING","LAGGARD (Passive)","0.26","0.26","DRY / QUIET","100","0","35.21","24.12","11.92","21.99","35.59","38.11","41.08","2017700","7686695","998","Supertrend bearish | RSI 35.2 lemah | Volume 0.26x | Lolos anti-crash ADX | RISEN SIDEWAYS","Full Grid (1-2-3-4)","100000000","36","32","31","30","0.1","0.2","0.3","0.4","2777","6250","9677","13333","32037","99994900","5100","31.21","31.21","27","50","63","63","25","13.5","75","101.84","3","7.55"
"BOBA","2026-05-22","2026-05-22","558","FULL","270","-14.556962025316455","HOLD","-","passive","FALSE","","BETA BREAKOUT","2026-05-21","","NEW","1","UPTREND","BULLISH","BULLISH","BULLISH","UPTREND PREMIUM","NORMAL UPTREND","58.09","TRUE","TRUE","FALSE","LAGGING","LAGGARD (Passive)","0.64","0.64","DRY / QUIET","0","100","52.83","33.54","29.63","17.8","261.14","229.75","196.21","5666900","8852005","998","Supertrend bullish | RSI 52.8 > 50 | Volume 0.64x | Lolos anti-crash ADX | RISEN NORMAL UPTREND","Full Grid (1-2-3-4)","100000000","316","238","218","193","0.1","0.2","0.3","0.4","316","840","1376","2072","4604","99964000","36000","217.12","217.13","152","560","810","810","51.9","29.99","156.33","273.06","3.01","9.1"
"CASS","2026-05-22","2026-05-22","558","FULL","1765","-0.8426966292134831","AVOID","-","passive","FALSE","","V-SHAPE","2026-04-01","","51d","51","DOWNTREND","BEARISH","BEARISH","BEARISH","STRUCTURE + DISCOUNT","SIDEWAYS","36","TRUE","FALSE","FALSE","LEADING","LEADING (Passive)","0.11","0.11","DRY / QUIET","18.75","81.25","41.83","26.83","25.58","13.59","1819.32","1926.35","2168.97","43700","411485","998","Supertrend bearish | RSI 41.8 lemah | Volume 0.11x | Lolos anti-crash ADX | RISEN SIDEWAYS","Full Grid (1-2-3-4)","100000000","1845","1815","1805","1795","0.1","0.2","0.3","0.4","54","110","166","222","552","99740000","260000","1806.88","1806.88","1755","1980","1985","1985","4.88","2.87","7.59","9.86","1.56","3.43"
"CMNT","2026-05-22","2026-05-22","558","FULL","800","2.564102564102564","HOLD","-","passive","FALSE","","BETA BREAKOUT","2026-04-01","","51d","51","UPTREND","BULLISH","BULLISH","NEUTRAL","DEMAND STRUCTURE","SIDEWAYS","68.36","TRUE","FALSE","FALSE","LEADING","LEADING (Passive)","1.4","1.4","EXPANSION","85.71","14.29","52.76","21.21","11.52","17.15","794.23","785.41","800.19","16608500","11849170","998","Supertrend bullish | RSI 52.8 > 50 | Volume valid 1.4x | Lolos anti-crash ADX | RISEN SIDEWAYS","Full Grid (1-2-3-4)","100000000","765","680","660","630","0.1","0.2","0.3","0.4","130","294","454","634","1512","99843000","157000","660.34","660.37","590","1030","1290","1290","22.88","10.65","68.63","95.35","3","8.95"
"DIVA","2026-05-22","2026-05-22","558","FULL","136","-12.258064516129032","AVOID","-","passive","FALSE","","V-SHAPE","2026-05-21","","NEW","1","DOWNTREND","BEARISH","BEARISH","BEARISH","STRUCTURE + DISCOUNT","NORMAL DOWNTREND","46.56","TRUE","FALSE","FALSE","LAGGING","LAGGARD (Passive)","0.95","0.95","NORMAL","4.55","95.45","40.45","37.8","24.53","9.93","154.21","154.68","151.91","43684500","45931425","998","Supertrend bearish | RSI 40.5 lemah | Volume 0.95x | Lolos anti-crash ADX | RISEN NORMAL DOWNTREND","Full Grid (1-2-3-4)","100000000","155","143","140","135","0.1","0.2","0.3","0.4","645","1398","2142","2962","7147","99963900","36100","139.87","139.87","126","199","242","242","18.71","9.92","56.13","73.02","3","7.36"
"DLTA","2026-05-22","2026-05-22","558","FULL","1935","0","AVOID","-","passive","FALSE","","SMART SNIPER","2026-04-01","Structure + Discount","51d","51","DOWNTREND","BEARISH","BEARISH","BEARISH","STRUCTURE + DISCOUNT","SIDEWAYS","41.82","TRUE","FALSE","FALSE","LEADING","LEADING (Passive)","0.82","0.82","NORMAL","75","25","36.9","25.9","17.18","27.04","1973.92","1978.98","2034.47","52500","64050","998","Supertrend bearish | RSI 36.9 lemah | Volume 0.82x | Lolos anti-crash ADX | RISEN SIDEWAYS","Full Grid (1-2-3-4)","100000000","1975","1945","1935","1925","0.1","0.2","0.3","0.4","50","102","155","207","514","99554000","446000","1936.85","1936.89","1905","2080","2290","2290","3.54","1.64","15.95","18.23","4.5","11.09"
"GOLD","2026-05-22","2026-05-22","558","FULL","256","-8.571428571428571","AVOID","-","passive","FALSE","","EARLY SWEEP","2026-05-21","","NEW","1","DOWNTREND","BEARISH","BEARISH","BEARISH","DOWNTREND DISCOUNT","NORMAL DOWNTREND","0","FALSE","FALSE","FALSE","WEAKENING","WEAKENING (Passive)","0.3","0.3","DRY / QUIET","20","80","35.6","31.29","19.02","13.56","278.93","286.32","292.27","55900","184635","998","Supertrend bearish | RSI 35.6 lemah | Volume 0.3x | Lolos anti-crash ADX | RISEN NORMAL DOWNTREND","Full Grid (1-2-3-4)","100000000","288","282","280","278","0.1","0.2","0.3","0.4","347","709","1071","1438","3565","99951800","48200","280.37","280.37","272","312","344","344","5.56","2.99","19.44","22.7","3.5","7.6"
"INCO","2026-05-22","2026-05-22","558","FULL","5550","18.843683083511777","AVOID","-","passive","FALSE","","V-SHAPE","2026-05-11","","11d","11","DOWNTREND","BEARISH","BEARISH","BULLISH","DEMAND STRUCTURE","SIDEWAYS","0","TRUE","FALSE","TRUE","LAGGING","LAGGARD (Passive)","2.37","2.37","VOLUME SURGE","100","0","45.27","31.6","16.46","31.89","5824.53","6035.53","5269.78","68823000","28998225","998","Supertrend bearish | RSI 45.3 lemah | Volume valid 2.37x | Crash filter aktif | RISEN SIDEWAYS","Full Grid (1-2-3-4)","100000000","6025","5550","5425","5250","0.1","0.2","0.3","0.4","16","36","55","76","183","99357500","642500","5429.37","5431.14","4970","7600","9200","9200","17.51","8.46","52.7","69.45","3.01","8.21"
"KOBX","2026-05-22","2026-05-22","558","FULL","167","-5.113636363636364","AVOID","-","passive","FALSE","","V-SHAPE","2026-05-21","","NEW","1","DOWNTREND","BEARISH","BEARISH","BEARISH","STRUCTURE + DISCOUNT","NORMAL UPTREND","47.62","TRUE","TRUE","FALSE","LAGGING","LAGGARD (Passive)","0.5","0.5","DRY / QUIET","58.33","41.67","46.85","45.94","37.53","15.05","175.39","171.56","167.83","19139700","38541395","998","Supertrend bearish | RSI 46.9 lemah | Volume 0.5x | Lolos anti-crash ADX | RISEN NORMAL UPTREND","Full Grid (1-2-3-4)","100000000","176","163","160","156","0.1","0.2","0.3","0.4","568","1226","1875","2564","6233","99979000","21000","160.4","160.4","146","222","266","266","17.05","8.98","51.14","65.83","3","7.33"
"MIRA","2026-05-22","2026-05-22","558","FULL","19","0","AVOID","-","passive","FALSE","","EARLY SWEEP","2026-05-21","","NEW","1","DOWNTREND","BEARISH","BEARISH","BEARISH","DOWNTREND DISCOUNT","NORMAL DOWNTREND","52.05","TRUE","FALSE","FALSE","LAGGING","LAGGARD (Passive)","0.39","0.39","DRY / QUIET","50","50","37.73","17.51","17.72","36.06","21.47","23.77","28.26","2032800","5207035","998","Supertrend bearish | RSI 37.7 lemah | Volume 0.39x | Lolos anti-crash ADX | RISEN NORMAL DOWNTREND","Full Grid (1-2-3-4)","100000000","25","24","23","23","0.1","0.2","0.3","0.4","4000","8333","13043","17391","42767","99997400","2600","23.38","23.38","22","36","39","39","12","5.91","56","66.8","4.67","11.3"
"BATA","2026-05-22","2026-05-22","558","FULL","61","1.6666666666666667","AVOID","-","passive","FALSE","","EARLY SWEEP","2026-03-31","","52d","52","DOWNTREND","BEARISH","BEARISH","BEARISH","STRUCTURE + DISCOUNT","SIDEWAYS","70.43","TRUE","FALSE","FALSE","LEADING","LEADING (Passive)","1.37","1.37","EXPANSION","0","100","43.88","24.76","18.76","35.39","63.22","63.87","62.86","112100","82105","996","Supertrend bearish | RSI 43.9 lemah | Volume valid 1.37x | Lolos anti-crash ADX | RISEN SIDEWAYS","Full Grid (1-2-3-4)","100000000","89","81","78","76","0.1","0.2","0.3","0.4","1123","2469","3846","5263","12701","99991200","8800","78.73","78.73","71","116","143","143","20.22","9.81","60.67","81.64","3","8.32"
"CRAB","2026-05-22","2026-05-22","558","FULL","202","1","AVOID","-","passive","FALSE","","V-SHAPE","2026-03-31","","52d","52","DOWNTREND","BEARISH","BEARISH","BEARISH","DOWNTREND DISCOUNT","NORMAL DOWNTREND","65.33","TRUE","FALSE","FALSE","LEADING","LEADING (Passive)","1.1","1.1","NORMAL","60","40","37.65","18.22","12.62","22.72","209.25","218.99","242.52","1298100","1184410","996","Supertrend bearish | RSI 37.6 lemah | Volume 1.1x | Lolos anti-crash ADX | RISEN NORMAL DOWNTREND","Full Grid (1-2-3-4)","100000000","212","208","208","206","0.1","0.2","0.3","0.4","471","961","1442","1941","4815","99952200","47800","207.59","207.59","202","244","248","248","4.72","2.69","16.98","19.47","3.6","7.24"
"CSMI","2026-05-22","2026-05-22","558","FULL","91","7.0588235294117645","AVOID","-","passive","FALSE","","V-SHAPE","2026-05-20","","2d","2","DOWNTREND","BEARISH","BEARISH","BEARISH","STRUCTURE + DISCOUNT","SIDEWAYS","60","TRUE","FALSE","FALSE","LAGGING","LAGGARD (Passive)","0.26","0.26","DRY / QUIET","100","0","44.43","33.97","27.57","16.84","99.34","107.69","472.44","7556600","29010115","996","Supertrend bearish | RSI 44.4 lemah | Volume 0.26x | Lolos anti-crash ADX | RISEN SIDEWAYS","Full Grid (1-2-3-4)","100000000","97","94","93","91","0.1","0.2","0.3","0.4","1030","2127","3225","4395","10777","99971800","28200","92.76","92.76","87","112","119","119","10.31","6.21","22.68","28.28","2.2","4.55"
"DWGL","2026-05-22","2026-05-22","558","FULL","260","-4.411764705882353","HOLD","-","passive","FALSE","","SMART SNIPER + V-SHAPE","2026-05-20","Structure + Discount","2d","2","UPTREND","BEARISH","BEARISH","BEARISH","STRUCTURE + DISCOUNT","SIDEWAYS","53.58","TRUE","FALSE","FALSE","WEAKENING","WEAKENING (Passive)","0.61","0.61","DRY / QUIET","25","75","44.13","16.34","17.87","18.14","273.68","273.27","297.99","747700","1219040","996","Supertrend bullish | RSI 44.1 lemah | Volume 0.61x | Lolos anti-crash ADX | RISEN SIDEWAYS","Full Grid (1-2-3-4)","100000000","292","268","262","254","0.1","0.2","0.3","0.4","342","746","1145","1574","3807","99957800","42200","262.56","262.57","240","370","448","448","17.81","8.59","53.42","70.63","3","8.22"
"FUJI","2026-05-22","2026-05-22","558","FULL","274","-2.142857142857143","AVOID","-","passive","FALSE","","V-SHAPE","2026-05-20","","2d","2","DOWNTREND","BEARISH","BEARISH","BEARISH","DOWNTREND DISCOUNT","NORMAL DOWNTREND","92.5","TRUE","FALSE","FALSE","LAGGING","LAGGARD (Passive)","0.01","0.01","DRY / QUIET","16.67","83.33","29.59","14.95","16.77","23.52","321.17","369.95","479.55","148300","11215805","996","Supertrend bearish | RSI 29.6 lemah | Volume 0.01x | Lolos anti-crash ADX | RISEN NORMAL DOWNTREND","Full Grid (1-2-3-4)","100000000","296","288","284","282","0.1","0.2","0.3","0.4","337","694","1056","1418","3505","99940400","59600","285.14","285.14","272","350","358","358","8.11","4.61","20.95","25.55","2.58","5.55"
"HOKI","2026-05-22","2026-05-22","558","FULL","60","0","AVOID","-","passive","FALSE","","V-SHAPE","2026-05-20","","2d","2","DOWNTREND","BEARISH","BEARISH","BEARISH","DOWNTREND DISCOUNT","NORMAL DOWNTREND","52.15","TRUE","FALSE","FALSE","LAGGING","LAGGARD (Passive)","0.8","0.8","DRY / QUIET","75","25","29.72","19.53","8.38","22.98","64.76","67.21","76.96","16229500","20410920","996","Supertrend bearish | RSI 29.7 lemah | Volume 0.8x | Lolos anti-crash ADX | RISEN NORMAL DOWNTREND","Full Grid (1-2-3-4)","100000000","63","62","61","61","0.1","0.2","0.3","0.4","1587","3225","4918","6557","16287","99990600","9400","61.39","61.39","59","71","73","73","6.35","3.9","15.87","18.91","2.5","4.85"
"KIOS","2026-05-22","2026-05-22","558","FULL","87","1.1627906976744187","AVOID","-","passive","FALSE","","V-SHAPE","2026-05-20","","2d","2","DOWNTREND","BEARISH","BEARISH","BEARISH","STRUCTURE + DISCOUNT","NORMAL DOWNTREND","75.48","TRUE","FALSE","FALSE","LAGGING","LAGGARD (Passive)","0.89","0.89","NORMAL","56.25","43.75","35.29","12.68","19.48","25.82","101.93","111.59","111.66","15528200","17493670","996","Supertrend bearish | RSI 35.3 lemah | Volume 0.89x | Lolos anti-crash ADX | RISEN NORMAL DOWNTREND","Full Grid (1-2-3-4)","100000000","99","93","92","90","0.1","0.2","0.3","0.4","1010","2150","3260","4444","10864","99982000","18000","92.03","92.03","85","120","141","141","14.14","7.64","42.42","53.21","3","6.97"
"MEDC","2026-05-22","2026-05-22","558","FULL","1340","1.5151515151515151","AVOID","-","passive","FALSE","","EARLY SWEEP","2026-05-20","","2d","2","DOWNTREND","BEARISH","BEARISH","BEARISH","DOWNTREND DISCOUNT","NORMAL DOWNTREND","21.91","TRUE","FALSE","FALSE","LAGGING","LAGGARD (Passive)","1.06","1.06","NORMAL","88.57","11.43","32.89","24.53","8.09","36.13","1583.66","1626.43","1486.64","90321000","85138280","996","Supertrend bearish | RSI 32.9 lemah | Volume 1.06x | Lolos anti-crash ADX | RISEN NORMAL DOWNTREND","Full Grid (1-2-3-4)","100000000","1800","1640","1600","1545","0.1","0.2","0.3","0.4","55","121","187","258","621","99525000","475000","1602.66","1602.8","1460","2310","2820","2820","18.89","8.9","56.67","75.96","3","8.53"
"RANC","2026-05-22","2026-05-22","558","FULL","515","0.9803921568627451","AVOID","-","passive","FALSE","","EARLY SWEEP","2026-05-20","","2d","2","DOWNTREND","BEARISH","BEARISH","BEARISH","STRUCTURE + DISCOUNT","SIDEWAYS","85.67","TRUE","FALSE","FALSE","LAGGING","LAGGARD (Passive)","0.14","0.14","DRY / QUIET","86.11","13.89","40.67","12.5","16.55","17.48","551.47","590.99","657.79","10700","76540","996","Supertrend bearish | RSI 40.7 lemah | Volume 0.14x | Lolos anti-crash ADX | RISEN SIDEWAYS","Full Grid (1-2-3-4)","100000000","705","665","655","640","0.1","0.2","0.3","0.4","141","300","458","625","1524","99889500","110500","655.44","655.48","615","875","1220","1220","12.77","6.17","73.05","86.13","5.72","13.96"
"SHID","2026-05-22","2026-05-22","558","FULL","730","0.6896551724137931","AVOID","-","passive","FALSE","","EARLY SWEEP","2026-03-31","","52d","52","DOWNTREND","BEARISH","BEARISH","BEARISH","STRUCTURE + DISCOUNT","SIDEWAYS","87.32","TRUE","FALSE","FALSE","LEADING","LEADING (Passive)","0.3","0.3","DRY / QUIET","80","20","42.66","28.83","16.43","17.1","745.98","767.98","834.57","3800","12565","996","Supertrend bearish | RSI 42.7 lemah | Volume 0.3x | Lolos anti-crash ADX | RISEN SIDEWAYS","Full Grid (1-2-3-4)","100000000","940","850","825","795","0.1","0.2","0.3","0.4","106","235","363","503","1207","99875000","125000","827.46","827.5","745","1235","1525","1525","20.74","9.97","62.23","84.3","3","8.46"
"STRK","2026-05-22","2026-05-22","558","FULL","87","-4.395604395604396","AVOID","-","passive","FALSE","","EARLY SWEEP","2026-05-20","","2d","2","DOWNTREND","BEARISH","BEARISH","BEARISH","DOWNTREND DISCOUNT","NORMAL DOWNTREND","0","FALSE","FALSE","FALSE","LAGGING","LAGGARD (Passive)","0.5","0.5","DRY / QUIET","28.57","71.43","31.28","24.54","13.71","25.58","104.44","116.98","138.11","1778400","3543345","996","Supertrend bearish | RSI 31.3 lemah | Volume 0.5x | Lolos anti-crash ADX | RISEN NORMAL DOWNTREND","Full Grid (1-2-3-4)","100000000","118","104","101","96","0.1","0.2","0.3","0.4","847","1923","2970","4166","9906","99984400","15600","100.93","100.93","88","163","208","208","25.42","12.81","76.27","106.08","3","8.28"
"AGAR","2026-05-22","2026-05-22","558","FULL","228","-0.8695652173913043","AVOID","-","passive","FALSE","","V-SHAPE","2026-05-19","","3d","3","DOWNTREND","BEARISH","BEARISH","BEARISH","STRUCTURE + DISCOUNT","NORMAL DOWNTREND","52.5","TRUE","FALSE","FALSE","LAGGING","LAGGARD (Passive)","0.14","0.14","DRY / QUIET","0","100","42.7","37.99","26.33","8.83","239.39","240.81","244.9","35600","261485","994","Supertrend bearish | RSI 42.7 lemah | Volume 0.14x | Lolos anti-crash ADX | RISEN NORMAL DOWNTREND","Full Grid (1-2-3-4)","100000000","240","232","228","226","0.1","0.2","0.3","0.4","416","862","1315","1769","4362","99943800","56200","229.12","229.12","216","276","312","312","10","5.73","30","36.17","3","6.31"
"ASPR","2026-05-22","2026-05-22","211","IPO / SHORT","288","-14.792899408284024","AVOID","-","passive","FALSE","","BETA BREAKOUT","2026-05-19","","3d","3","DOWNTREND","BEARISH","BULLISH","BULLISH","STRUCTURE + DISCOUNT","NORMAL UPTREND","12.9","TRUE","TRUE","FALSE","LAGGING","LAGGARD (Passive)","1.68","1.68","EXPANSION","0","100","46.56","44.85","45.25","24.71","340.14","276.75","179.25","638179300","380761865","994","Supertrend bearish | RSI 46.6 lemah | Volume valid 1.68x | Lolos anti-crash ADX | RISEN NORMAL UPTREND","Full Grid (1-2-3-4)","100000000","464","322","288","240","0.1","0.2","0.3","0.4","215","621","1041","1666","3543","99937000","63000","282.07","282.09","170","905","1345","1345","63.36","39.73","189.87","376.83","3","9.48"
"CINT","2026-05-22","2026-05-22","558","FULL","172","-2.272727272727273","AVOID","-","passive","FALSE","","V-SHAPE","2026-05-19","","3d","3","DOWNTREND","BEARISH","BEARISH","BEARISH","STRUCTURE + DISCOUNT","NORMAL DOWNTREND","17.5","TRUE","FALSE","FALSE","LAGGING","LAGGARD (Passive)","0.4","0.4","DRY / QUIET","75","25","32.31","18.1","20.06","27.55","195.92","200.85","191.76","563900","1402590","994","Supertrend bearish | RSI 32.3 lemah | Volume 0.4x | Lolos anti-crash ADX | RISEN NORMAL DOWNTREND","Full Grid (1-2-3-4)","100000000","200","190","187","183","0.1","0.2","0.3","0.4","500","1052","1604","2185","5341","99968300","31700","187.17","187.17","177","234","270","270","11.5","5.43","35","44.25","3.04","8.14"
"CYBR","2026-05-22","2026-05-22","558","FULL","600","0.8403361344537815","AVOID","-","passive","FALSE","","V-SHAPE","2026-05-19","","3d","3","DOWNTREND","BEARISH","BEARISH","BEARISH","STRUCTURE + DISCOUNT","NORMAL DOWNTREND","22.18","TRUE","FALSE","FALSE","LAGGING","LAGGARD (Passive)","1.05","1.05","NORMAL","85.71","14.29","18.41","34.16","9.78","48.26","1005.05","1203.51","1245.26","19654000","18642520","994","Supertrend bearish | RSI 18.4 lemah | Volume 1.05x | Crash filter aktif | RISEN NORMAL DOWNTREND","Full Grid (1-2-3-4)","100000000","645","620","610","600","0.1","0.2","0.3","0.4","155","322","491","666","1634","99872500","127500","611.21","611.21","570","760","870","870","11.63","6.74","34.88","42.34","3","6.28"
"GEMS","2026-05-22","2026-05-22","558","FULL","7575","0.33112582781456956","AVOID","-","passive","FALSE","","BETA BREAKOUT","2026-03-30","","53d","53","DOWNTREND","BEARISH","BEARISH","BEARISH","STRUCTURE + DISCOUNT","NORMAL DOWNTREND","31.56","TRUE","FALSE","FALSE","LEADING","LEADING (Passive)","0.41","0.41","DRY / QUIET","100","0","32.24","42.32","9.56","28.63","7846.62","8042.33","8482.94","64100","157765","994","Supertrend bearish | RSI 32.2 lemah | Volume 0.41x | Crash filter aktif | RISEN NORMAL DOWNTREND","Full Grid (1-2-3-4)","100000000","8700","7850","7650","7375","0.1","0.2","0.3","0.4","11","25","39","54","129","98855000","1145000","7663.18","7667.25","6950","11325","13950","13950","20.11","9.31","60.34","82.04","3","8.82"
"LUCK","2026-05-22","2026-05-22","558","FULL","106","-1.8518518518518516","AVOID","-","passive","FALSE","","V-SHAPE","2026-05-19","","3d","3","DOWNTREND","BEARISH","BEARISH","BULLISH","STRUCTURE + DISCOUNT","SIDEWAYS","33.84","TRUE","FALSE","FALSE","WEAKENING","WEAKENING (Passive)","0.16","0.16","DRY / QUIET","14.29","85.71","46.32","29.31","21.65","15.28","110.69","110.21","105.05","3443000","21342735","994","Supertrend bearish | RSI 46.3 lemah | Volume 0.16x | Lolos anti-crash ADX | RISEN SIDEWAYS","Full Grid (1-2-3-4)","100000000","118","112","111","109","0.1","0.2","0.3","0.4","847","1785","2702","3669","9003","99970900","29100","111.04","111.04","104","139","160","160","11.86","6.34","35.59","44.09","3","6.95"
"RELI","2026-05-22","2026-05-22","558","FULL","486","0","AVOID","-","passive","FALSE","","SMART SNIPER + V-SHAPE","2026-05-19","Structure + Discount","3d","3","DOWNTREND","BEARISH","BEARISH","BEARISH","STRUCTURE + DISCOUNT","SIDEWAYS","10.77","TRUE","FALSE","FALSE","WEAKENING","WEAKENING (Passive)","1.89","1.89","EXPANSION","85","15","46.56","26.98","30.29","25.35","502.82","505.84","537.39","205500","108635","994","Supertrend bearish | RSI 46.6 lemah | Volume valid 1.89x | Lolos anti-crash ADX | RISEN SIDEWAYS","Full Grid (1-2-3-4)","100000000","600","540","525","505","0.1","0.2","0.3","0.4","166","370","571","792","1899","99913500","86500","526.14","526.16","476","785","970","970","20.67","9.53","61.67","84.36","2.98","8.85"
"RGAS","2026-05-22","2026-05-22","558","FULL","98","3.1578947368421053","HOLD","-","passive","FALSE","","BETA BREAKOUT","2026-03-30","","53d","53","UPTREND","BULLISH","BULLISH","BEARISH","DEMAND STRUCTURE","SIDEWAYS","60","TRUE","FALSE","FALSE","LEADING","LEADING (Passive)","0.46","0.46","DRY / QUIET","100","0","55.25","31.22","21.66","14.32","94.65","93.37","98.56","5028500","10857565","994","Supertrend bullish | RSI 55.3 > 50 | Volume 0.46x | Lolos anti-crash ADX | RISEN SIDEWAYS","Full Grid (1-2-3-4)","100000000","110","97","94","90","0.1","0.2","0.3","0.4","909","2061","3191","4444","10605","99982100","17900","94.28","94.28","83","151","191","191","24.55","11.96","73.64","102.59","3","8.58"
"RISE","2026-05-22","2026-05-22","558","FULL","1340","-6.293706293706294","AVOID","-","passive","FALSE","","EARLY SWEEP","2026-05-19","","3d","3","DOWNTREND","BEARISH","BEARISH","BEARISH","STRUCTURE + DISCOUNT","NORMAL DOWNTREND","95.77","TRUE","FALSE","FALSE","LAGGING","LAGGARD (Passive)","0.26","0.26","DRY / QUIET","30.77","69.23","24.86","20.33","15.6","28.04","1631.01","2299.08","3838.31","285000","1088160","994","Supertrend bearish | RSI 24.9 lemah | Volume 0.26x | Lolos anti-crash ADX | RISEN NORMAL DOWNTREND","Full Grid (1-2-3-4)","100000000","5950","5450","5350","5175","0.1","0.2","0.3","0.4","16","36","56","77","185","98947500","1052500","5348.51","5351.22","4790","10500","13525","13525","19.5","10.44","127.31","152.87","6.53","14.64"
"BKDP","2026-05-22","2026-05-22","558","FULL","104","8.333333333333332","AVOID","-","passive","FALSE","","G ACC","2026-05-18","","4d","4","DOWNTREND","BULLISH","BULLISH","BULLISH","DOWNTREND PREMIUM","NORMAL UPTREND","17.5","TRUE","TRUE","FALSE","WEAKENING","WEAKENING (Passive)","0.87","0.87","NORMAL","100","0","68.12","46.23","37.52","19.77","88.65","75.34","56.63","3999500","4609275","992","Supertrend bearish | RSI 68.1 > 50 | Volume 0.87x | Lolos anti-crash ADX | RISEN NORMAL UPTREND","Full Grid (1-2-3-4)","100000000","112","77","69","57","0.1","0.2","0.3","0.4","892","2597","4347","7017","14853","99978500","21500","67.31","67.31","41","218","326","326","63.39","39.09","191.07","384.31","3.01","9.83"
"CANI","2026-05-22","2026-05-22","558","FULL","135","0","AVOID","-","passive","FALSE","","EARLY SWEEP","2026-05-18","","4d","4","DOWNTREND","BEARISH","BEARISH","BULLISH","STRUCTURE + DISCOUNT","NORMAL UPTREND","72.87","TRUE","TRUE","FALSE","LAGGING","LAGGARD (Passive)","0.48","0.48","DRY / QUIET","100","0","44.27","13.68","21.75","39.13","149.35","155.36","125.06","290600","605580","992","Supertrend bearish | RSI 44.3 lemah | Volume 0.48x | Lolos anti-crash ADX | RISEN NORMAL UPTREND","Full Grid (1-2-3-4)","100000000","57","50","48","45","0.1","0.2","0.3","0.4","1754","4000","6250","8888","20892","99993800","6200","47.86","47.86","42","80","102","102","26.32","12.25","78.95","113.11","3","9.23"
"ENRG","2026-05-22","2026-05-22","558","FULL","1490","22.131147540983605","AVOID","-","passive","FALSE","","SMART GAMMA","2026-04-23","","29d","29","DOWNTREND","BEARISH","BEARISH","BULLISH","DOWNTREND","NORMAL DOWNTREND","28.53","TRUE","FALSE","FALSE","IMPROVING","IMPROVING (Passive)","0.98","0.98","NORMAL","94.87","5.13","44.15","22.62","11.38","30.42","1607.21","1627.02","1251.29","119316200","122044775","992","Supertrend bearish | RSI 44.1 lemah | Volume 0.98x | Lolos anti-crash ADX | RISEN NORMAL DOWNTREND","Full Grid (1-2-3-4)","100000000","2090","1695","1600","1470","0.1","0.2","0.3","0.4","47","117","187","272","623","99558500","441500","1598.05","1598.85","1275","3310","4540","4540","39","20.22","117.22","184.1","3.01","9.11"
"KARW","2026-05-22","2026-05-22","558","FULL","280","-0.7092198581560284","AVOID","-","passive","FALSE","","SMART SNIPER","2026-05-18","Structure + Discount","4d","4","DOWNTREND","BEARISH","BEARISH","BEARISH","DOWNTREND DISCOUNT","NORMAL DOWNTREND","0","FALSE","FALSE","FALSE","LAGGING","LAGGARD (Passive)","1.72","1.72","EXPANSION","0","100","40.87","10.61","26.66","29.34","295.56","308.55","543.85","137400","79870","992","Supertrend bearish | RSI 40.9 lemah | Volume valid 1.72x | Lolos anti-crash ADX | RISEN NORMAL DOWNTREND","Full Grid (1-2-3-4)","100000000","318","302","298","292","0.1","0.2","0.3","0.4","314","662","1006","1369","3351","99931200","68800","298.21","298.21","284","370","416","416","10.69","4.77","30.82","39.5","2.88","8.29"
"SCMA","2026-05-22","2026-05-22","558","FULL","220","-0.9009009009009009","AVOID","-","passive","FALSE","","EARLY SWEEP","2026-05-18","","4d","4","DOWNTREND","BEARISH","BEARISH","BEARISH","DOWNTREND DISCOUNT","NORMAL DOWNTREND","72.67","TRUE","FALSE","FALSE","LAGGING","LAGGARD (Passive)","0.79","0.79","DRY / QUIET","60","40","30.41","25.51","12.12","28.33","248.75","263.66","279.72","35770700","45282410","992","Supertrend bearish | RSI 30.4 lemah | Volume 0.79x | Lolos anti-crash ADX | RISEN NORMAL DOWNTREND","Full Grid (1-2-3-4)","100000000","308","262","252","236","0.1","0.2","0.3","0.4","324","763","1190","1694","3971","99936200","63800","251.67","251.67","212","452","595","595","31.17","15.76","93.18","136.43","2.99","8.66"
"SGER","2026-05-22","2026-05-22","558","FULL","296","5.714285714285714","AVOID","-","passive","FALSE","","EARLY SWEEP","2026-05-18","","4d","4","DOWNTREND","BEARISH","BEARISH","BEARISH","DOWNTREND DISCOUNT","NORMAL DOWNTREND","26.58","TRUE","FALSE","FALSE","LAGGING","LAGGARD (Passive)","0.91","0.91","NORMAL","85","15","31.61","23.9","11.43","33.66","357.56","392.5","428.53","3275300","3611385","992","Supertrend bearish | RSI 31.6 lemah | Volume 0.91x | Lolos anti-crash ADX | RISEN NORMAL DOWNTREND","Full Grid (1-2-3-4)","100000000","434","396","388","374","0.1","0.2","0.3","0.4","230","505","773","1069","2577","99953000","47000","387.87","387.87","354","555","675","675","18.43","8.73","55.53","74.03","3.01","8.48"
"UDNG","2026-05-22","2026-05-22","558","FULL","1230","-8.208955223880597","HOLD","-","passive","FALSE","","EARLY SWEEP","2026-05-18","","4d","4","UPTREND","BULLISH","BEARISH","BEARISH","STRUCTURE + DISCOUNT","SIDEWAYS","55.23","TRUE","TRUE","FALSE","LAGGING","LAGGARD (Passive)","0.73","0.73","DRY / QUIET","0","100","50.89","21.78","32.05","20.63","1194.94","1442.61","2012.73","1578300","2171970","992","Supertrend bullish | RSI 50.9 > 50 | Volume 0.73x | Lolos anti-crash ADX | RISEN SIDEWAYS","Full Grid (1-2-3-4)","100000000","3560","3240","3160","3060","0.1","0.2","0.3","0.4","28","61","94","130","313","99216000","784000","3169.84","3169.83","2820","4670","5775","5775","20.79","11.04","62.22","82.19","2.99","7.45"
"CBPE","2026-05-22","2026-05-22","558","FULL","296","-1.3333333333333335","HOLD","-","passive","FALSE","","BETA BREAKOUT","2026-03-27","","56d","56","UPTREND","BEARISH","BEARISH","BULLISH","DEMAND STRUCTURE","SIDEWAYS","97.29","TRUE","FALSE","FALSE","LEADING","LEADING (Passive)","0.1","0.1","DRY / QUIET","57.14","42.86","44.12","11.99","13.34","13.12","306.11","308.73","279","15700","149725","988","Supertrend bullish | RSI 44.1 lemah | Volume 0.1x | Lolos anti-crash ADX | RISEN SIDEWAYS","Full Grid (1-2-3-4)","100000000","354","312","302","288","0.1","0.2","0.3","0.4","282","641","993","1388","3304","99945000","55000","302.5","302.5","264","490","625","625","25.42","12.73","76.55","106.61","3.01","8.38"
"EMAS","2026-05-22","2026-05-22","158","IPO / SHORT","7300","19.672131147540984","AVOID","-","passive","FALSE","","BETA BREAKOUT","2026-04-21","","31d","31","DOWNTREND","BEARISH","BEARISH","BULLISH","DEMAND STRUCTURE","NORMAL UPTREND","2.12","TRUE","TRUE","FALSE","IMPROVING","IMPROVING (Passive)","1.96","1.96","EXPANSION","100","0","42.13","32.4","11.72","32.8","7961.47","8018.24","6245.3","36042700","18353575","988","Supertrend bearish | RSI 42.1 lemah | Volume valid 1.96x | Crash filter aktif | RISEN NORMAL UPTREND","Full Grid (1-2-3-4)","100000000","9350","8625","8450","8200","0.1","0.2","0.3","0.4","10","23","35","48","116","98122500","1877500","8458.84","8462.6","7775","11725","14075","14075","16.84","8.08","50.53","66.39","3","8.21"
"TFCO","2026-05-22","2026-05-22","558","FULL","600","0","AVOID","-","passive","FALSE","","EARLY SWEEP","2026-04-21","","31d","31","DOWNTREND","BEARISH","BEARISH","BEARISH","DOWNTREND DISCOUNT","NORMAL DOWNTREND","47.67","TRUE","FALSE","FALSE","IMPROVING","IMPROVING (Passive)","0","0","NO VOLUME","50","50","34.99","31.61","26.19","56.56","670.69","721.92","668.31","0","1215","988","Supertrend bearish | RSI 35.0 lemah | Volume 0x | Crash filter aktif | RISEN NORMAL DOWNTREND","","","","","","","","","","","","","","","","","","","","","","","","","","","","",""
"DCII","2026-05-22","2026-05-22","558","FULL","193000","1.5789473684210527","AVOID","-","passive","FALSE","","EARLY SWEEP","2026-03-26","","57d","57","DOWNTREND","BEARISH","BEARISH","BEARISH","STRUCTURE + DISCOUNT","SIDEWAYS","63.11","TRUE","FALSE","FALSE","LEADING","LEADING (Passive)","0.63","0.63","DRY / QUIET","100","0","37.43","40.69","22.89","68.16","199098.29","203727.9","212936.48","700","1105","986","Supertrend bearish | RSI 37.4 lemah | Volume 0.63x | Crash filter aktif | RISEN SIDEWAYS","Full Grid (1-2-3-4)","100000000","220000","207275","204250","199975","0.1","0.2","0.3","0.4","0","0","1","2","3","60420000","39580000","201400","204562.34","193150","293875","347175","347175","12.2","4.1","57.81","72.38","4.74","17.67"
"DSSA","2026-05-22","2026-05-22","558","FULL","545","-10.655737704918032","AVOID","-","passive","FALSE","","BETA BREAKOUT","2025-10-16","","218d","218","DOWNTREND","BEARISH","BEARISH","BEARISH","DOWNTREND DISCOUNT","CRASH / SELL-OFF","0","FALSE","FALSE","TRUE","LAGGING","LAGGARD (Passive)","2.85","2.85","VOLUME SURGE","17.65","82.35","13.17","76.64","6.7","62.67","5673.94","26185.42","63869.03","466575300","163700800","984","Supertrend bearish | RSI 13.2 lemah | Volume valid 2.85x | Crash filter aktif | RISEN CRASH / SELL-OFF","Full Grid (1-2-3-4)","100000000","115000","108500","106975","104775","0.1","0.2","0.3","0.4","0","1","2","3","6","63677500","36322500","106129.17","107123.94","101125","135825","156625","156625","12.07","4.72","36.2","47.58","3","10.09"
"GULA","2026-05-22","2026-05-22","558","FULL","424","1.9230769230769231","HOLD","-","passive","FALSE","","SMART SNIPER + V-SHAPE","2026-03-25","Discount Only","58d","58","UPTREND","BULLISH","BULLISH","BULLISH","UPTREND PREMIUM","NORMAL UPTREND","54.69","TRUE","TRUE","FALSE","LEADING","LEADING (Passive)","0.68","0.68","DRY / QUIET","100","0","66.76","24.65","26.88","15.12","392.5","367.92","350.36","22376400","32885415","984","Supertrend bullish | RSI 66.8 > 50 | Volume 0.68x | Lolos anti-crash ADX | RISEN NORMAL UPTREND","Full Grid (1-2-3-4)","100000000","346","304","294","280","0.1","0.2","0.3","0.4","289","657","1020","1428","3394","99944200","55800","294.47","294.47","256","482","615","615","26.01","13.07","77.75","108.85","2.99","8.33"
"IGAR","2026-05-22","2026-05-22","558","FULL","450","1.809954751131222","AVOID","-","passive","FALSE","","EARLY SWEEP","2026-03-25","","58d","58","DOWNTREND","BEARISH","BEARISH","BEARISH","STRUCTURE + DISCOUNT","NORMAL DOWNTREND","36.4","TRUE","FALSE","FALSE","LEADING","LEADING (Passive)","0.07","0.07","DRY / QUIET","100","0","35.22","42.71","6.92","29.63","463.68","476.64","506.4","7900","112125","984","Supertrend bearish | RSI 35.2 lemah | Volume 0.07x | Crash filter aktif | RISEN NORMAL DOWNTREND","Full Grid (1-2-3-4)","100000000","735","615","585","545","0.1","0.2","0.3","0.4","136","325","512","733","1706","99884000","116000","585.49","585.47","490","1105","1470","1470","33.33","16.31","100","151.07","3","9.26"
"PTBA","2026-05-22","2026-05-22","558","FULL","2720","0.36900369003690037","AVOID","-","passive","FALSE","","G ACC","2026-03-25","","58d","58","DOWNTREND","BEARISH","BEARISH","BULLISH","DEMAND STRUCTURE","NORMAL DOWNTREND","41.5","TRUE","FALSE","FALSE","LEADING","LEADING (Passive)","0.89","0.89","NORMAL","66.67","33.33","40.93","24.36","6.46","25.37","2839.48","2832.99","2647.33","15862400","17859955","984","Supertrend bearish | RSI 40.9 lemah | Volume 0.89x | Lolos anti-crash ADX | RISEN NORMAL DOWNTREND","Full Grid (1-2-3-4)","100000000","3160","2690","2580","2420","0.1","0.2","0.3","0.4","31","74","116","165","386","99560000","440000","2579.27","2580.22","2200","4600","6050","6050","30.38","14.7","91.46","134.56","3.01","9.15"
"ARTA","2026-05-22","2026-05-22","558","FULL","2010","-1.4705882352941175","AVOID","-","passive","FALSE","","EARLY SWEEP","2026-05-13","","9d","9","DOWNTREND","BEARISH","BEARISH","BEARISH","STRUCTURE + DISCOUNT","NORMAL DOWNTREND","58.23","TRUE","FALSE","FALSE","LAGGING","LAGGARD (Passive)","0.04","0.04","DRY / QUIET","100","0","27.21","30.96","29.18","17.85","2468.89","2648.01","2787.4","300","7530","982","Supertrend bearish | RSI 27.2 lemah | Volume 0.04x | Lolos anti-crash ADX | RISEN NORMAL DOWNTREND","Full Grid (1-2-3-4)","100000000","3450","2950","2830","2660","0.1","0.2","0.3","0.4","28","67","106","150","351","99323000","677000","2829.72","2831.54","2370","5075","6700","6700","31.3","16.25","94.2","136.77","3.01","8.42"
"ASLI","2026-05-22","2026-05-22","555","FULL","242","2.5423728813559325","AVOID","-","passive","FALSE","","V-SHAPE","2026-05-13","","9d","9","DOWNTREND","BEARISH","BEARISH","BEARISH","DOWNTREND DISCOUNT","NORMAL DOWNTREND","34.92","TRUE","FALSE","FALSE","LAGGING","LAGGARD (Passive)","0.31","0.31","DRY / QUIET","78.95","21.05","29.82","23.23","14.34","30.16","311.23","341.1","300.39","3344600","10951445","982","Supertrend bearish | RSI 29.8 lemah | Volume 0.31x | Lolos anti-crash ADX | RISEN NORMAL DOWNTREND","Full Grid (1-2-3-4)","100000000","312","300","296","292","0.1","0.2","0.3","0.4","320","666","1013","1369","3368","99923600","76400","296.69","296.69","280","360","478","478","10.26","5.62","53.21","61.11","5.19","10.87"
"BMSR","2026-05-22","2026-05-22","558","FULL","282","-4.081632653061225","AVOID","-","passive","FALSE","","EARLY SWEEP","2026-05-13","","9d","9","DOWNTREND","BEARISH","BEARISH","BEARISH","DOWNTREND DISCOUNT","NORMAL DOWNTREND","0","FALSE","FALSE","FALSE","LAGGING","LAGGARD (Passive)","1.3","1.3","EXPANSION","0","100","30.7","32.71","15.4","21.05","316.89","322.26","312.27","60000","46300","982","Supertrend bearish | RSI 30.7 lemah | Volume valid 1.3x | Crash filter aktif | RISEN NORMAL DOWNTREND","Full Grid (1-2-3-4)","100000000","348","316","308","296","0.1","0.2","0.3","0.4","287","632","974","1351","3244","99947600","52400","308.1","308.11","278","454","560","560","20.11","9.77","60.92","81.76","3.03","8.37"
"FAST","2026-05-22","2026-05-22","558","FULL","230","-1.7094017094017095","AVOID","-","passive","FALSE","","EARLY SWEEP","2026-05-13","","9d","9","DOWNTREND","BEARISH","BEARISH","BEARISH","DOWNTREND DISCOUNT","NORMAL DOWNTREND","57.08","TRUE","FALSE","FALSE","LAGGING","LAGGARD (Passive)","0.85","0.85","NORMAL","61.54","38.46","22.67","31.22","10","34.78","281.11","323.61","410.19","1445700","1690905","982","Supertrend bearish | RSI 22.7 lemah | Volume 0.85x | Crash filter aktif | RISEN NORMAL DOWNTREND","Full Grid (1-2-3-4)","100000000","288","282","280","278","0.1","0.2","0.3","0.4","347","709","1071","1438","3565","99951800","48200","280.37","280.37","272","350","362","362","5.56","2.99","25.69","29.12","4.63","9.75"
"FIRE","2026-05-22","2026-05-22","558","FULL","108","6.9306930693069315","AVOID","-","passive","FALSE","","SMART SNIPER","2026-05-13","Structure + Discount","9d","9","DOWNTREND","BEARISH","BEARISH","BEARISH","DOWNTREND DISCOUNT","NORMAL DOWNTREND","25","TRUE","FALSE","FALSE","LAGGING","LAGGARD (Passive)","0.27","0.27","DRY / QUIET","66.67","33.33","34.78","15.17","20.05","25.09","132.73","142.87","132.71","15809900","58748730","982","Supertrend bearish | RSI 34.8 lemah | Volume 0.27x | Lolos anti-crash ADX | RISEN NORMAL DOWNTREND","Full Grid (1-2-3-4)","100000000","152","141","138","135","0.1","0.2","0.3","0.4","657","1418","2173","2962","7210","99954600","45400","138.63","138.63","127","190","228","228","16.45","8.39","50","64.46","3.04","7.68"
"FUTR","2026-05-22","2026-05-22","558","FULL","183","3.389830508474576","AVOID","-","passive","FALSE","","EARLY SWEEP","2026-05-13","","9d","9","DOWNTREND","BEARISH","BEARISH","BEARISH","DOWNTREND DISCOUNT","NORMAL DOWNTREND","57.62","TRUE","FALSE","FALSE","LAGGING","LAGGARD (Passive)","1.41","1.41","EXPANSION","81.58","18.42","34.93","18.37","11.8","28.59","222.37","263.46","345.12","27183000","19276630","982","Supertrend bearish | RSI 34.9 lemah | Volume valid 1.41x | Lolos anti-crash ADX | RISEN NORMAL DOWNTREND","Full Grid (1-2-3-4)","100000000","282","240","230","216","0.1","0.2","0.3","0.4","354","833","1304","1851","4342","99948400","51600","230.19","230.2","194","414","545","545","31.21","15.72","93.26","136.76","2.99","8.7"
"MCOL","2026-05-22","2026-05-22","558","FULL","3590","-11.358024691358025","AVOID","-","passive","FALSE","","V-SHAPE","2026-05-13","","9d","9","DOWNTREND","BEARISH","BEARISH","BEARISH","DOWNTREND DISCOUNT","NORMAL DOWNTREND","0","FALSE","TRUE","FALSE","WEAKENING","WEAKENING (Passive)","1.76","1.76","EXPANSION","0","100","29.69","24.53","12.17","22.08","3973.76","3942.53","3988.03","159600","90755","982","Supertrend bearish | RSI 29.7 lemah | Volume valid 1.76x | Lolos anti-crash ADX | RISEN NORMAL DOWNTREND","Full Grid (1-2-3-4)","100000000","4010","3960","3940","3920","0.1","0.2","0.3","0.4","24","50","76","102","252","99352000","648000","3942.54","3942.82","3880","4210","4630","4630","3.24","1.59","15.46","17.44","4.77","10.99"
"MRAT","2026-05-22","2026-05-22","558","FULL","416","-3.255813953488372","HOLD","-","passive","FALSE","","SMART GAMMA","2026-05-13","","9d","9","UPTREND","BEARISH","BEARISH","BULLISH","STRUCTURE + DISCOUNT","SIDEWAYS","86.19","TRUE","FALSE","FALSE","LAGGING","LAGGARD (Passive)","0.74","0.74","DRY / QUIET","0","100","42.89","19.47","18.71","22.92","426.94","429.1","404.14","252600","343530","982","Supertrend bullish | RSI 42.9 lemah | Volume 0.74x | Lolos anti-crash ADX | RISEN SIDEWAYS","Full Grid (1-2-3-4)","100000000","440","418","412","404","0.1","0.2","0.3","0.4","227","478","728","990","2423","99958000","42000","412.54","412.54","392","510","585","585","10.91","4.98","32.95","41.81","3.02","8.4"
"NASA","2026-05-22","2026-05-22","558","FULL","35","0","AVOID","-","passive","FALSE","","SMART SNIPER","2026-05-13","Structure + Discount","9d","9","DOWNTREND","BEARISH","BEARISH","BEARISH","DOWNTREND DISCOUNT","NORMAL DOWNTREND","70.7","TRUE","FALSE","FALSE","WEAKENING","WEAKENING (Passive)","0.52","0.52","DRY / QUIET","50","50","40.38","14.96","24.07","41.26","37.8","38.41","35.39","665300","1286595","982","Supertrend bearish | RSI 40.4 lemah | Volume 0.52x | Lolos anti-crash ADX | RISEN NORMAL DOWNTREND","Full Grid (1-2-3-4)","100000000","39","38","37","37","0.1","0.2","0.3","0.4","2564","5263","8108","10810","26745","99995600","4400","37.39","37.39","36","44","48","48","7.69","3.71","23.08","28.38","3","7.64"
"NEST","2026-05-22","2026-05-22","424","FULL","500","-0.9900990099009901","HOLD","-","passive","FALSE","","G ACC","2026-05-13","","9d","9","UPTREND","BULLISH","BULLISH","BULLISH","UPTREND PREMIUM","NORMAL UPTREND","25","TRUE","TRUE","FALSE","WEAKENING","WEAKENING (Passive)","0.36","0.36","DRY / QUIET","54.55","45.45","57.49","38.79","25.27","14.66","472.47","424.32","372.26","2202800","6140365","982","Supertrend bullish | RSI 57.5 > 50 | Volume 0.36x | Lolos anti-crash ADX | RISEN NORMAL UPTREND","Full Grid (1-2-3-4)","100000000","590","448","414","366","0.1","0.2","0.3","0.4","169","446","724","1092","2431","99892600","107400","410.91","410.94","296","1030","1470","1470","49.83","27.97","149.15","257.74","2.99","9.22"
"PGJO","2026-05-22","2026-05-22","558","FULL","725","0.6944444444444444","AVOID","-","passive","FALSE","","SMART GAMMA","2026-05-13","","9d","9","DOWNTREND","BEARISH","BEARISH","BEARISH","DOWNTREND DISCOUNT","NORMAL DOWNTREND","38.97","TRUE","FALSE","FALSE","WEAKENING","WEAKENING (Passive)","1","1","NORMAL","100","0","43.06","26.95","32.62","33.83","793.54","782.19","796.03","389400","387650","982","Supertrend bearish | RSI 43.1 lemah | Volume 1x | Lolos anti-crash ADX | RISEN NORMAL DOWNTREND","Full Grid (1-2-3-4)","100000000","880","705","660","600","0.1","0.2","0.3","0.4","113","283","454","666","1516","99819500","180500","658.44","658.53","515","1430","1975","1975","41.48","21.78","124.43","199.95","3","9.18"
"RMKE","2026-05-22","2026-05-22","558","FULL","2910","5.434782608695652","AVOID","-","passive","FALSE","","SMART SNIPER","2026-05-13","Structure + Discount","9d","9","DOWNTREND","BEARISH","BEARISH","BEARISH","STRUCTURE + DISCOUNT","SIDEWAYS","66.18","TRUE","FALSE","FALSE","WEAKENING","WEAKENING (Passive)","1.36","1.36","EXPANSION","90.16","9.84","40.81","17.15","11.53","28.49","3169.12","3396.99","3149.66","29884700","21986500","982","Supertrend bearish | RSI 40.8 lemah | Volume valid 1.36x | Lolos anti-crash ADX | RISEN SIDEWAYS","Full Grid (1-2-3-4)","100000000","3300","2970","2890","2780","0.1","0.2","0.3","0.4","30","67","103","143","343","99320000","680000","2895.63","2895.75","2600","4350","5400","5400","21.21","10.21","63.64","86.49","3","8.47"
"SRSN","2026-05-22","2026-05-22","558","FULL","65","1.5625","HOLD","-","passive","FALSE","","V-SHAPE","2026-05-13","","9d","9","UPTREND","BEARISH","BEARISH","BULLISH","UPTREND","SIDEWAYS","35.02","TRUE","TRUE","FALSE","WEAKENING","WEAKENING (Passive)","0.28","0.28","DRY / QUIET","80","20","45.33","23.81","20.74","17.07","67.39","65.47","62.08","46078800","165861775","982","Supertrend bullish | RSI 45.3 lemah | Volume 0.28x | Lolos anti-crash ADX | RISEN SIDEWAYS","Full Grid (1-2-3-4)","100000000","72","62","60","56","0.1","0.2","0.3","0.4","1388","3225","5000","7142","16755","99983800","16200","59.67","59.67","51","104","135","135","29.17","14.54","87.5","126.23","3","8.68"
"ABBA","2026-05-22","2026-05-22","558","FULL","33","-8.333333333333332","AVOID","-","passive","FALSE","","EARLY SWEEP","2026-05-12","","10d","10","DOWNTREND","BEARISH","BEARISH","BEARISH","DOWNTREND DISCOUNT","NORMAL DOWNTREND","0","FALSE","FALSE","FALSE","LAGGING","LAGGARD (Passive)","0.84","0.84","NORMAL","0","100","28.7","22.93","12.42","47.12","39.9","42.48","46.03","562700","673485","980","Supertrend bearish | RSI 28.7 lemah | Volume 0.84x | Lolos anti-crash ADX | RISEN NORMAL DOWNTREND","Full Grid (1-2-3-4)","100000000","45","43","43","42","0.1","0.2","0.3","0.4","2222","4651","6976","9523","23372","99991700","8300","42.78","42.78","41","51","57","57","8.89","4.17","26.67","33.23","3","7.98"
"BAIK","2026-05-22","2026-05-22","531","FULL","494","-11.785714285714285","AVOID","-","passive","FALSE","","V-SHAPE","2026-05-12","","10d","10","DOWNTREND","BEARISH","BULLISH","BULLISH","DOWNTREND PREMIUM","NORMAL UPTREND","0","FALSE","TRUE","FALSE","LAGGING","LAGGARD (Passive)","0.14","0.14","DRY / QUIET","19.05","80.95","43.75","41.47","23.84","30.61","568.6","485.38","284.98","1095600","8045765","980","Supertrend bearish | RSI 43.8 lemah | Volume 0.14x | Crash filter aktif | RISEN NORMAL UPTREND","Full Grid (1-2-3-4)","100000000","640","442","394","328","0.1","0.2","0.3","0.4","156","452","761","1219","2588","99929000","71000","386.12","386.15","234","1250","1860","1860","63.44","39.4","190.63","381.71","3","9.69"
"BATR","2026-05-22","2026-05-22","465","FULL","87","2.3529411764705883","AVOID","-","passive","FALSE","","V-SHAPE","2026-05-12","","10d","10","DOWNTREND","BEARISH","BEARISH","BEARISH","STRUCTURE + DISCOUNT","NORMAL DOWNTREND","35.22","TRUE","FALSE","FALSE","LAGGING","LAGGARD (Passive)","0.15","0.15","DRY / QUIET","100","0","41.59","36.25","28.38","19.59","91.65","94.1","97.8","740800","4964005","980","Supertrend bearish | RSI 41.6 lemah | Volume 0.15x | Lolos anti-crash ADX | RISEN NORMAL DOWNTREND","Full Grid (1-2-3-4)","100000000","100","87","84","80","0.1","0.2","0.3","0.4","1000","2298","3571","5000","11869","99989000","11000","84.24","84.24","73","141","181","181","27","13.35","81","114.85","3","8.61"
"BRPT","2026-05-22","2026-05-22","558","FULL","1605","4.901960784313726","AVOID","-","passive","FALSE","","SMART SNIPER","2026-05-12","Structure + Discount","10d","10","DOWNTREND","BEARISH","BEARISH","BEARISH","STRUCTURE + DISCOUNT","SIDEWAYS","22.49","TRUE","TRUE","FALSE","LAGGING","LAGGARD (Passive)","1.27","1.27","EXPANSION","77.42","22.58","39.65","18.12","16.67","28.5","1935.29","1986.13","2252.88","457516500","358945910","980","Supertrend bearish | RSI 39.6 lemah | Volume valid 1.27x | Lolos anti-crash ADX | RISEN SIDEWAYS","Full Grid (1-2-3-4)","100000000","2280","2050","2000","1920","0.1","0.2","0.3","0.4","43","97","150","208","498","99625000","375000","2000.5","2000.98","1780","3030","3780","3780","21.93","11.02","65.79","88.95","3","8.07"
"BUVA","2026-05-22","2026-05-22","558","FULL","720","3.597122302158273","AVOID","-","passive","FALSE","","EARLY SWEEP","2026-05-12","","10d","10","DOWNTREND","BEARISH","BEARISH","BEARISH","DOWNTREND DISCOUNT","NORMAL DOWNTREND","32.08","TRUE","FALSE","FALSE","LAGGING","LAGGARD (Passive)","1.81","1.81","EXPANSION","91.3","8.7","29.08","20.42","11.49","34.41","990.9","1091.27","957.7","392743800","217370935","980","Supertrend bearish | RSI 29.1 lemah | Volume valid 1.81x | Lolos anti-crash ADX | RISEN NORMAL DOWNTREND","Full Grid (1-2-3-4)","100000000","1130","1015","985","945","0.1","0.2","0.3","0.4","88","197","304","423","1012","99857000","143000","986.73","986.79","855","1545","1650","1650","24.34","13.35","46.02","67.22","1.89","5.04"
"CITY","2026-05-22","2026-05-22","558","FULL","164","3.79746835443038","AVOID","-","passive","FALSE","","V-SHAPE","2026-05-12","","10d","10","DOWNTREND","BEARISH","BEARISH","BEARISH","STRUCTURE + DISCOUNT","SIDEWAYS","46.72","TRUE","FALSE","FALSE","LAGGING","LAGGARD (Passive)","0.9","0.9","NORMAL","19.44","80.56","39.72","26.18","26.61","20.6","191.26","199.08","191.79","3589300","3990700","980","Supertrend bearish | RSI 39.7 lemah | Volume 0.9x | Lolos anti-crash ADX | RISEN SIDEWAYS","Full Grid (1-2-3-4)","100000000","210","194","190","184","0.1","0.2","0.3","0.4","476","1030","1578","2173","5257","99943200","56800","190.11","190.11","172","268","324","324","18.1","9.53","54.29","70.42","3","7.39"
"CSRA","2026-05-22","2026-05-22","558","FULL","820","-1.7964071856287425","AVOID","-","passive","FALSE","","EARLY SWEEP","2026-05-12","","10d","10","DOWNTREND","BEARISH","BEARISH","BEARISH","DOWNTREND DISCOUNT","NORMAL DOWNTREND","36.64","TRUE","FALSE","FALSE","WEAKENING","WEAKENING (Passive)","0.95","0.95","NORMAL","42.86","57.14","26.94","16.2","11.27","27.49","888.74","910.85","876.02","621300","651685","980","Supertrend bearish | RSI 26.9 lemah | Volume 0.95x | Lolos anti-crash ADX | RISEN NORMAL DOWNTREND","Full Grid (1-2-3-4)","100000000","905","855","840","820","0.1","0.2","0.3","0.4","110","233","357","487","1187","99798500","201500","840.76","840.79","790","1080","1250","1250","12.71","6.04","38.12","48.67","3","8.06"
"EMDE","2026-05-22","2026-05-22","558","FULL","66","3.125","AVOID","-","passive","FALSE","","V-SHAPE","2026-05-12","","10d","10","DOWNTREND","BEARISH","BEARISH","BEARISH","DOWNTREND DISCOUNT","NORMAL DOWNTREND","43.11","TRUE","FALSE","FALSE","LAGGING","LAGGARD (Passive)","0.09","0.09","DRY / QUIET","100","0","36.07","33.35","20.65","22.19","74.57","78.62","90.17","1610100","18612855","980","Supertrend bearish | RSI 36.1 lemah | Volume 0.09x | Crash filter aktif | RISEN NORMAL DOWNTREND","Full Grid (1-2-3-4)","100000000","79","76","75","73","0.1","0.2","0.3","0.4","1265","2631","4000","5479","13375","99985800","14200","74.76","74.76","71","91","103","103","10.13","5.02","30.38","37.78","3","7.52"
"IFSH","2026-05-22","2026-05-22","558","FULL","1680","0","AVOID","-","passive","FALSE","","G ACC","2026-04-17","","35d","35","DOWNTREND","BEARISH","BEARISH","BULLISH","STRUCTURE + DISCOUNT","NORMAL UPTREND","65","TRUE","TRUE","FALSE","IMPROVING","IMPROVING (Passive)","0.04","0.04","DRY / QUIET","50","50","36.43","14.54","25.06","33.96","2067.06","2195.7","1631.82","6600","155600","980","Supertrend bearish | RSI 36.4 lemah | Volume 0.04x | Lolos anti-crash ADX | RISEN NORMAL UPTREND","Full Grid (1-2-3-4)","100000000","3050","2290","2110","1855","0.1","0.2","0.3","0.4","32","87","142","215","476","99527500","472500","2090.91","2092.33","1460","5425","7825","7825","52.13","30.17","156.56","274.24","3","9.09"
"ITMA","2026-05-22","2026-05-22","558","FULL","1810","-2.4258760107816713","AVOID","-","passive","FALSE","","SMART GAMMA","2026-05-12","","10d","10","DOWNTREND","BEARISH","BEARISH","BULLISH","DEMAND STRUCTURE","SIDEWAYS","70.16","TRUE","FALSE","FALSE","LAGGING","LAGGARD (Passive)","0.1","0.1","DRY / QUIET","55","45","38.86","19.99","16.77","23.36","2019.02","2069.34","1745.55","63700","615890","980","Supertrend bearish | RSI 38.9 lemah | Volume 0.1x | Lolos anti-crash ADX | RISEN SIDEWAYS","Full Grid (1-2-3-4)","100000000","2180","1985","1935","1870","0.1","0.2","0.3","0.4","45","100","155","213","513","99483500","516500","1939.25","1939.6","1755","2820","3460","3460","19.5","9.5","58.72","78.42","3.01","8.25"
"NZIA","2026-05-22","2026-05-22","558","FULL","117","-5.64516129032258","AVOID","-","passive","FALSE","","SMART SNIPER + V-SHAPE","2026-05-12","Demand Structure","10d","10","DOWNTREND","BEARISH","BEARISH","BEARISH","DOWNTREND DISCOUNT","SIDEWAYS","0","FALSE","TRUE","FALSE","LAGGING","LAGGARD (Passive)","0.34","0.34","DRY / QUIET","46.15","53.85","35.15","10.86","25.65","28.07","157.2","173.98","149.55","8964600","26555060","980","Supertrend bearish | RSI 35.1 lemah | Volume 0.34x | Lolos anti-crash ADX | RISEN SIDEWAYS","Full Grid (1-2-3-4)","100000000","191","163","156","147","0.1","0.2","0.3","0.4","523","1226","1923","2721","6393","99970600","29400","156.38","156.38","131","316","372","372","31.41","16.23","94.76","137.89","3.02","8.5"
"TGKA","2026-05-22","2026-05-22","558","FULL","5000","-2.4390243902439024","HOLD","-","passive","FALSE","","SMART SNIPER","2026-03-13","Demand Structure","70d","70","UPTREND","BULLISH","BULLISH","BEARISH","DEMAND STRUCTURE","SIDEWAYS","0","TRUE","FALSE","TRUE","LEADING","LEADING (Passive)","2.91","2.91","VOLUME SURGE","0","100","51.78","27.95","41.56","17.29","4973.59","4952.72","5247.27","28600","9835","980","Supertrend bullish | RSI 51.8 > 50 | Volume valid 2.91x | Lolos anti-crash ADX | RISEN SIDEWAYS","Full Grid (1-2-3-4)","100000000","5500","5100","5025","4890","0.1","0.2","0.3","0.4","18","39","59","81","197","99046500","953500","5027.74","5027.69","4690","6725","7925","7925","14.73","6.72","44.09","57.63","2.99","8.58"
"TOWR","2026-05-22","2026-05-22","558","FULL","396","-1","AVOID","-","passive","FALSE","","EARLY SWEEP","2026-05-12","","10d","10","DOWNTREND","BEARISH","BEARISH","BEARISH","DOWNTREND DISCOUNT","NORMAL DOWNTREND","0","FALSE","FALSE","FALSE","LAGGING","LAGGARD (Passive)","1.9","1.9","EXPANSION","55.56","44.44","18.92","35.72","5.67","46.19","457.16","479.99","536.35","42892800","22523035","980","Supertrend bearish | RSI 18.9 lemah | Volume valid 1.9x | Crash filter aktif | RISEN NORMAL DOWNTREND","Full Grid (1-2-3-4)","100000000","505","494","490","486","0.1","0.2","0.3","0.4","198","404","612","823","2037","99942400","57600","490.64","490.64","480","545","600","600","4.95","2.17","18.81","22.29","3.8","10.28"
"WTON","2026-05-22","2026-05-22","558","FULL","81","0","AVOID","-","passive","FALSE","","V-SHAPE","2026-05-12","","10d","10","DOWNTREND","BEARISH","BEARISH","BEARISH","DOWNTREND DISCOUNT","NORMAL DOWNTREND","17.69","TRUE","FALSE","FALSE","LAGGING","LAGGARD (Passive)","1.72","1.72","EXPANSION","40","60","29.76","25.03","19.4","18.51","86.59","88.9","92.66","35340100","20529605","980","Supertrend bearish | RSI 29.8 lemah | Volume valid 1.72x | Lolos anti-crash ADX | RISEN NORMAL DOWNTREND","Full Grid (1-2-3-4)","100000000","89","86","85","84","0.1","0.2","0.3","0.4","1123","2325","3529","4761","11738","99978600","21400","85.18","85.18","82","100","110","110","7.87","3.73","23.6","29.15","3","7.82"
"YOII","2026-05-22","2026-05-22","321","FULL","78","-1.2658227848101267","AVOID","-","passive","FALSE","","SMART SNIPER","2026-05-12","Demand Structure","10d","10","DOWNTREND","BEARISH","BEARISH","BEARISH","DOWNTREND DISCOUNT","NORMAL DOWNTREND","25","TRUE","FALSE","FALSE","LAGGING","LAGGARD (Passive)","0.59","0.59","DRY / QUIET","16.67","83.33","33.41","16.96","20.57","23.88","91.57","95.62","100.09","24613800","41720850","980","Supertrend bearish | RSI 33.4 lemah | Volume 0.59x | Lolos anti-crash ADX | RISEN NORMAL DOWNTREND","Full Grid (1-2-3-4)","100000000","112","102","100","96","0.1","0.2","0.3","0.4","892","1960","3000","4166","10018","99976000","24000","99.8","99.8","91","144","175","175","18.75","8.81","56.25","75.36","3","8.55"
"DATA","2026-05-22","2026-05-22","483","FULL","1695","6.269592476489027","AVOID","-","passive","FALSE","","EARLY SWEEP","2026-05-11","","11d","11","DOWNTREND","BEARISH","BEARISH","BEARISH","DOWNTREND DISCOUNT","NORMAL DOWNTREND","78.84","TRUE","FALSE","FALSE","LAGGING","LAGGARD (Passive)","0.35","0.35","DRY / QUIET","81.13","18.87","32.09","19.51","15.6","31.84","2010.84","2509.05","3146.7","1310800","3728685","978","Supertrend bearish | RSI 32.1 lemah | Volume 0.35x | Lolos anti-crash ADX | RISEN NORMAL DOWNTREND","Full Grid (1-2-3-4)","100000000","4570","4220","4140","4020","0.1","0.2","0.3","0.4","21","47","72","99","239","99037000","963000","4143.81","4145.22","3810","5700","6850","6850","16.63","8.06","49.89","65.31","3","8.11"
"GPRA","2026-05-22","2026-05-22","558","FULL","99","-1","AVOID","-","passive","FALSE","","EARLY SWEEP","2026-05-11","","11d","11","DOWNTREND","BEARISH","BEARISH","BEARISH","DOWNTREND DISCOUNT","NORMAL DOWNTREND","42.4","TRUE","FALSE","FALSE","WEAKENING","WEAKENING (Passive)","0.12","0.12","DRY / QUIET","42.86","57.14","35.81","19.74","13.23","18.49","108.8","111.53","119.34","5147300","42548975","978","Supertrend bearish | RSI 35.8 lemah | Volume 0.12x | Lolos anti-crash ADX | RISEN NORMAL DOWNTREND","Full Grid (1-2-3-4)","100000000","115","104","101","98","0.1","0.2","0.3","0.4","869","1923","2970","4081","9843","99983500","16500","101.58","101.58","92","150","184","184","20","9.43","60","81.14","3","8.61"
"HADE","2026-05-22","2026-05-22","558","FULL","14","0","AVOID","-","passive","FALSE","","EARLY SWEEP","2026-05-11","","11d","11","DOWNTREND","BEARISH","BEARISH","BEARISH","DOWNTREND DISCOUNT","NORMAL DOWNTREND","54.86","TRUE","FALSE","FALSE","LAGGING","LAGGARD (Passive)","0.17","0.17","DRY / QUIET","100","0","18.42","32.83","13.48","57.86","17.61","20.21","21.64","781300","4487460","978","Supertrend bearish | RSI 18.4 lemah | Volume 0.17x | Crash filter aktif | RISEN NORMAL DOWNTREND","Full Grid (1-2-3-4)","100000000","26","25","24","24","0.1","0.2","0.3","0.4","3846","8000","12500","16666","41012","99998000","2000","24.38","24.38","23","45","48","48","11.54","5.67","84.62","96.86","7.33","17.08"
"INAI","2026-05-22","2026-05-22","558","FULL","167","1.8292682926829267","AVOID","-","passive","FALSE","","EARLY SWEEP","2026-05-11","","11d","11","DOWNTREND","BEARISH","BEARISH","BEARISH","DOWNTREND DISCOUNT","NORMAL DOWNTREND","88.11","TRUE","FALSE","FALSE","LAGGING","LAGGARD (Passive)","0.79","0.79","DRY / QUIET","93.1","6.9","29.99","20.32","11.86","28.9","180.86","186.48","177.14","643100","815220","978","Supertrend bearish | RSI 30.0 lemah | Volume 0.79x | Lolos anti-crash ADX | RISEN NORMAL DOWNTREND","Full Grid (1-2-3-4)","100000000","292","218","202","176","0.1","0.2","0.3","0.4","342","917","1485","2272","5016","99961200","38800","199.28","199.29","140","520","750","750","52.05","29.75","156.85","276.35","3.01","9.29"
"LABS","2026-05-22","2026-05-22","445","FULL","148","-3.2679738562091507","AVOID","-","passive","FALSE","","SMART GAMMA","2026-05-11","","11d","11","DOWNTREND","BEARISH","BEARISH","BULLISH","STRUCTURE + DISCOUNT","SIDEWAYS","17.5","TRUE","TRUE","FALSE","WEAKENING","WEAKENING (Passive)","0.22","0.22","DRY / QUIET","26.67","73.33","44.17","43.35","43.08","14.21","162.71","157.87","146.53","4080500","18162870","978","Supertrend bearish | RSI 44.2 lemah | Volume 0.22x | Lolos anti-crash ADX | RISEN SIDEWAYS","Full Grid (1-2-3-4)","100000000","216","180","172","159","0.1","0.2","0.3","0.4","462","1111","1744","2515","5832","99962500","37500","171.4","171.41","142","328","438","438","34.26","17.15","102.78","155.54","3","9.07"
"SKBM","2026-05-22","2026-05-22","558","FULL","515","-4.62962962962963","AVOID","-","passive","FALSE","","EARLY SWEEP","2026-05-11","","11d","11","DOWNTREND","BEARISH","BEARISH","BEARISH","DOWNTREND DISCOUNT","NORMAL DOWNTREND","0","FALSE","FALSE","FALSE","LAGGING","LAGGARD (Passive)","0.13","0.13","DRY / QUIET","33.33","66.67","33.61","25.87","22.12","22.6","624.97","647.72","566.24","294700","2230460","978","Supertrend bearish | RSI 33.6 lemah | Volume 0.13x | Lolos anti-crash ADX | RISEN NORMAL DOWNTREND","Full Grid (1-2-3-4)","100000000","665","635","630","620","0.1","0.2","0.3","0.4","150","314","476","645","1585","99892000","108000","630.23","630.24","590","780","890","890","11.28","6.38","33.83","41.22","3","6.46"
"SMRA","2026-05-22","2026-05-22","558","FULL","290","0.6944444444444444","AVOID","-","passive","FALSE","","EARLY SWEEP","2026-05-11","","11d","11","DOWNTREND","BEARISH","BEARISH","BEARISH","DOWNTREND DISCOUNT","NORMAL DOWNTREND","36.15","TRUE","FALSE","FALSE","WEAKENING","WEAKENING (Passive)","0.59","0.59","DRY / QUIET","71.43","28.57","32.76","23.77","13.51","35.08","313.39","329.28","378.02","19299300","32817995","978","Supertrend bearish | RSI 32.8 lemah | Volume 0.59x | Lolos anti-crash ADX | RISEN NORMAL DOWNTREND","Full Grid (1-2-3-4)","100000000","404","392","388","384","0.1","0.2","0.3","0.4","247","510","773","1041","2571","99937600","62400","388.71","388.71","376","446","490","490","6.93","3.27","21.29","26.06","3.07","7.97"
"SSMS","2026-05-22","2026-05-22","558","FULL","875","-2.7777777777777777","AVOID","-","passive","FALSE","","SMART SNIPER","2026-05-11","Discount Only","11d","11","DOWNTREND","BEARISH","BEARISH","BEARISH","DOWNTREND DISCOUNT","NORMAL DOWNTREND","0","FALSE","FALSE","FALSE","LAGGING","LAGGARD (Passive)","0.51","0.51","DRY / QUIET","41.67","58.33","19.64","32.76","6.85","47.34","1212.24","1329.36","1455.65","3699400","7289490","978","Supertrend bearish | RSI 19.6 lemah | Volume 0.51x | Crash filter aktif | RISEN NORMAL DOWNTREND","Full Grid (1-2-3-4)","100000000","1430","1355","1335","1310","0.1","0.2","0.3","0.4","69","147","224","305","745","99644500","355500","1337.51","1337.62","1265","1680","1925","1925","11.54","5.42","34.62","43.92","3","8.1"
"STAA","2026-05-22","2026-05-22","558","FULL","1025","-1.9138755980861244","AVOID","-","passive","FALSE","","EARLY SWEEP","2026-05-11","","11d","11","DOWNTREND","BEARISH","BEARISH","BEARISH","DOWNTREND DISCOUNT","NORMAL DOWNTREND","0","FALSE","FALSE","FALSE","LAGGING","LAGGARD (Passive)","1.51","1.51","EXPANSION","63.64","36.36","27.52","19.38","12.92","40.57","1190.34","1224.97","1194.81","7531000","4975070","978","Supertrend bearish | RSI 27.5 lemah | Volume valid 1.51x | Lolos anti-crash ADX | RISEN NORMAL DOWNTREND","Full Grid (1-2-3-4)","100000000","1220","1180","1170","1155","0.1","0.2","0.3","0.4","81","169","256","346","852","99739000","261000","1170.65","1170.7","1130","1410","1500","1500","7.38","3.47","22.95","28.13","3.11","8.1"
"TAMA","2026-05-22","2026-05-22","558","FULL","195","-1.015228426395939","AVOID","-","passive","FALSE","","SMART GAMMA","2026-05-11","","11d","11","DOWNTREND","BEARISH","BULLISH","BULLISH","DOWNTREND PREMIUM","NORMAL UPTREND","25","TRUE","TRUE","FALSE","WEAKENING","WEAKENING (Passive)","0.82","0.82","NORMAL","100","0","52.44","42.37","35.87","28.83","195.41","162.53","89.96","3057000","3719055","978","Supertrend bearish | RSI 52.4 > 50 | Volume 0.82x | Lolos anti-crash ADX | RISEN NORMAL UPTREND","Full Grid (1-2-3-4)","100000000","236","178","164","145","0.1","0.2","0.3","0.4","423","1123","1829","2758","6133","99958800","41200","162.99","162.99","117","414","595","595","50.42","28.21","152.12","265.06","3.02","9.39"
"TLDN","2026-05-22","2026-05-22","558","FULL","530","0.9523809523809524","AVOID","-","passive","FALSE","","EARLY SWEEP","2026-05-11","","11d","11","DOWNTREND","BEARISH","BEARISH","BEARISH","DOWNTREND DISCOUNT","NORMAL DOWNTREND","25","TRUE","FALSE","FALSE","LAGGING","LAGGARD (Passive)","0.65","0.65","DRY / QUIET","85.71","14.29","22.45","37.79","5.68","32.67","601.36","626.08","645.73","877600","1350940","978","Supertrend bearish | RSI 22.4 lemah | Volume 0.65x | Crash filter aktif | RISEN NORMAL DOWNTREND","Full Grid (1-2-3-4)","100000000","670","650","645","640","0.1","0.2","0.3","0.4","149","307","465","625","1546","99930500","69500","646.38","646.39","625","740","815","815","6.72","3.31","21.64","26.09","3.22","7.89"
"VTNY","2026-05-22","2026-05-22","558","FULL","58","-3.3333333333333335","AVOID","-","passive","FALSE","","V-SHAPE","2026-05-11","","11d","11","DOWNTREND","BEARISH","BEARISH","BEARISH","STRUCTURE + DISCOUNT","NORMAL DOWNTREND","0","FALSE","FALSE","FALSE","LAGGING","LAGGARD (Passive)","0.77","0.77","DRY / QUIET","50","50","30.94","17.65","16.05","27.34","67.08","71.09","91.34","13651800","17817050","978","Supertrend bearish | RSI 30.9 lemah | Volume 0.77x | Lolos anti-crash ADX | RISEN NORMAL DOWNTREND","Full Grid (1-2-3-4)","100000000","73","65","63","60","0.1","0.2","0.3","0.4","1369","3076","4761","6666","15872","99978000","22000","62.99","62.99","56","99","124","124","23.29","11.1","69.86","96.86","3","8.73"
"NANO","2026-05-22","2026-05-22","558","FULL","25","-7.4074074074074066","AVOID","-","passive","FALSE","","SMART SNIPER","2026-04-29","Structure + Discount","23d","23","DOWNTREND","BEARISH","BEARISH","BEARISH","DOWNTREND DISCOUNT","NORMAL DOWNTREND","0","FALSE","FALSE","FALSE","LAGGING","LAGGARD (Passive)","2.03","2.03","VOLUME SURGE","0","100","26.81","14.47","14.7","27.46","33.17","36.57","41.15","72095800","35576245","974","Supertrend bearish | RSI 26.8 lemah | Volume valid 2.03x | Lolos anti-crash ADX | RISEN NORMAL DOWNTREND","Full Grid (1-2-3-4)","100000000","39","37","37","36","0.1","0.2","0.3","0.4","2564","5405","8108","11111","27188","99997300","2700","36.78","36.78","34","47","54","54","12.82","7.56","38.46","46.82","3","6.19"
"ASPI","2026-05-22","2026-05-22","558","FULL","368","-3.1578947368421053","AVOID","-","passive","FALSE","","SMART SNIPER","2026-05-08","Structure + Discount","14d","14","DOWNTREND","BEARISH","BEARISH","BEARISH","STRUCTURE + DISCOUNT","SIDEWAYS","41.62","TRUE","TRUE","FALSE","LAGGING","LAGGARD (Passive)","1.08","1.08","NORMAL","25","75","41.6","24.62","21.56","22.07","423.51","420.18","463.87","1201200","1110340","972","Supertrend bearish | RSI 41.6 lemah | Volume 1.08x | Lolos anti-crash ADX | RISEN SIDEWAYS","Full Grid (1-2-3-4)","100000000","466","412","400","382","0.1","0.2","0.3","0.4","214","485","750","1047","2496","99949800","50200","400.44","400.46","348","645","820","820","25.32","13.1","75.97","104.77","3","8"
"BDMN","2026-05-22","2026-05-22","558","FULL","4530","-1.948051948051948","HOLD","-","passive","FALSE","","BETA BREAKOUT","2026-05-08","","14d","14","UPTREND","BULLISH","BULLISH","BULLISH","UPTREND PREMIUM","NORMAL UPTREND","29.3","TRUE","TRUE","FALSE","WEAKENING","WEAKENING (Passive)","0.24","0.24","DRY / QUIET","25","75","62.9","46.81","39.26","14.89","4118.57","3546.14","2856.4","5945600","24437355","972","Supertrend bullish | RSI 62.9 > 50 | Volume 0.24x | Lolos anti-crash ADX | RISEN NORMAL UPTREND","Full Grid (1-2-3-4)","100000000","4510","3480","3240","2890","0.1","0.2","0.3","0.4","22","57","92","138","309","99448000","552000","3218.38","3219.11","2390","7700","10875","10875","47.01","25.74","141.13","237.9","3","9.24"
"BJTM","2026-05-22","2026-05-22","558","FULL","515","0","AVOID","-","passive","FALSE","","BETA BREAKOUT","2026-05-08","","14d","14","DOWNTREND","BEARISH","BEARISH","BEARISH","DOWNTREND DISCOUNT","NORMAL DOWNTREND","17.5","TRUE","FALSE","FALSE","WEAKENING","WEAKENING (Passive)","0.49","0.49","DRY / QUIET","50","50","26.52","25.06","9.63","35.84","562.95","569.48","553.42","8905600","18154730","972","Supertrend bearish | RSI 26.5 lemah | Volume 0.49x | Lolos anti-crash ADX | RISEN NORMAL DOWNTREND","Full Grid (1-2-3-4)","100000000","605","575","570","560","0.1","0.2","0.3","0.4","165","347","526","714","1752","99901000","99000","570.21","570.22","545","695","785","785","9.92","4.42","29.75","37.67","3","8.52"
"IRRA","2026-05-22","2026-05-22","558","FULL","378","0","AVOID","-","passive","FALSE","","SMART GAMMA","2026-05-08","","14d","14","DOWNTREND","BEARISH","BEARISH","BEARISH","STRUCTURE + DISCOUNT","SIDEWAYS","25","TRUE","FALSE","FALSE","WEAKENING","WEAKENING (Passive)","0.12","0.12","DRY / QUIET","57.14","42.86","42.88","30.7","34.66","18.55","401.62","402.38","417.52","1211500","10053590","972","Supertrend bearish | RSI 42.9 lemah | Volume 0.12x | Lolos anti-crash ADX | RISEN SIDEWAYS","Full Grid (1-2-3-4)","100000000","510","444","428","406","0.1","0.2","0.3","0.4","196","450","700","985","2331","99927000","73000","428.69","428.69","374","715","920","920","26.67","12.76","80.39","114.61","3.01","8.98"
"KAEF","2026-05-22","2026-05-22","558","FULL","482","-2.42914979757085","AVOID","-","passive","FALSE","","BETA BREAKOUT","2026-05-08","","14d","14","DOWNTREND","BEARISH","BEARISH","BEARISH","STRUCTURE + DISCOUNT","SIDEWAYS","25","TRUE","FALSE","FALSE","LAGGING","LAGGARD (Passive)","0.27","0.27","DRY / QUIET","26.32","73.68","43.9","40.06","30.56","17.82","533.61","518.08","535.29","3197900","11923260","972","Supertrend bearish | RSI 43.9 lemah | Volume 0.27x | Lolos anti-crash ADX | RISEN SIDEWAYS","Full Grid (1-2-3-4)","100000000","635","545","520","492","0.1","0.2","0.3","0.4","157","366","576","813","1912","99868100","131900","522.32","522.36","446","920","1200","1200","29.76","14.61","88.98","129.74","2.99","8.88"
"MEDS","2026-05-22","2026-05-22","558","FULL","91","1.1111111111111112","AVOID","-","passive","FALSE","","SMART GAMMA","2026-05-08","","14d","14","DOWNTREND","BEARISH","BULLISH","BULLISH","DOWNTREND DISCOUNT","SIDEWAYS","18.71","TRUE","TRUE","FALSE","WEAKENING","WEAKENING (Passive)","0.32","0.32","DRY / QUIET","40","60","50.74","50.15","35.92","14.93","92.63","82.81","71.8","90019000","284264925","972","Supertrend bearish | RSI 50.7 > 50 | Volume 0.32x | Lolos anti-crash ADX | RISEN SIDEWAYS","Full Grid (1-2-3-4)","100000000","117","85","77","67","0.1","0.2","0.3","0.4","854","2352","3896","5970","13072","99982000","18000","76.49","76.49","51","216","316","316","56.41","33.32","170.09","313.15","3.02","9.4"
"MPOW","2026-05-22","2026-05-22","558","FULL","114","0","AVOID","-","passive","FALSE","","SMART GAMMA","2026-05-08","","14d","14","DOWNTREND","BEARISH","BULLISH","BULLISH","STRUCTURE + DISCOUNT","NORMAL DOWNTREND","25","TRUE","FALSE","FALSE","WEAKENING","WEAKENING (Passive)","0.42","0.42","DRY / QUIET","22.22","77.78","48.22","44.65","30.22","11.21","119.15","113.61","111.81","37060900","88962235","972","Supertrend bearish | RSI 48.2 lemah | Volume 0.42x | Lolos anti-crash ADX | RISEN NORMAL DOWNTREND","Full Grid (1-2-3-4)","100000000","148","118","110","100","0.1","0.2","0.3","0.4","675","1694","2727","4000","9096","99976200","23800","109.91","109.92","85","242","338","338","42.57","22.67","128.38","207.52","3.02","9.16"
"PEHA","2026-05-22","2026-05-22","558","FULL","288","1.4084507042253522","AVOID","-","passive","FALSE","","SMART GAMMA","2026-05-08","","14d","14","DOWNTREND","BEARISH","BEARISH","BEARISH","STRUCTURE + DISCOUNT","NORMAL DOWNTREND","25","TRUE","FALSE","FALSE","WEAKENING","WEAKENING (Passive)","0.26","0.26","DRY / QUIET","75","25","45.27","22.22","26.04","21.62","304.58","302.06","309.94","841600","3198025","972","Supertrend bearish | RSI 45.3 lemah | Volume 0.26x | Lolos anti-crash ADX | RISEN NORMAL DOWNTREND","Full Grid (1-2-3-4)","100000000","372","330","318","304","0.1","0.2","0.3","0.4","268","606","943","1315","3132","99931000","69000","319.06","319.07","282","505","640","640","24.19","11.62","72.04","100.59","2.98","8.66"
"SAME","2026-05-22","2026-05-22","558","FULL","310","0","AVOID","-","passive","FALSE","","SMART SNIPER + V-SHAPE","2026-05-08","Demand Structure","14d","14","DOWNTREND","BEARISH","BEARISH","BEARISH","STRUCTURE + DISCOUNT","NORMAL DOWNTREND","26.36","TRUE","FALSE","FALSE","WEAKENING","WEAKENING (Passive)","0.5","0.5","DRY / QUIET","60","40","36.15","19.67","15.06","27.95","332.56","336.67","330.17","540500","1081580","972","Supertrend bearish | RSI 36.1 lemah | Volume 0.5x | Lolos anti-crash ADX | RISEN NORMAL DOWNTREND","Full Grid (1-2-3-4)","100000000","348","336","334","330","0.1","0.2","0.3","0.4","287","595","898","1212","2992","99968800","31200","334.12","334.12","322","388","426","426","7.47","3.63","22.41","27.5","3","7.58"
"BBYB","2026-05-22","2026-05-22","558","FULL","266","3.90625","AVOID","-","passive","FALSE","","V-SHAPE","2026-05-07","","15d","15","DOWNTREND","BEARISH","BEARISH","BEARISH","DOWNTREND DISCOUNT","NORMAL DOWNTREND","39.6","TRUE","FALSE","FALSE","LAGGING","LAGGARD (Passive)","0.61","0.61","DRY / QUIET","100","0","35.18","18.69","11.27","30.06","295.3","316.42","340.36","12690000","20778550","970","Supertrend bearish | RSI 35.2 lemah | Volume 0.61x | Lolos anti-crash ADX | RISEN NORMAL DOWNTREND","Full Grid (1-2-3-4)","100000000","322","310","306","302","0.1","0.2","0.3","0.4","310","645","980","1324","3259","99949800","50200","306.69","306.69","292","368","412","412","9.32","4.79","27.95","34.34","3","7.17"
"DEPO","2026-05-22","2026-05-22","558","FULL","264","9.090909090909092","AVOID","-","passive","FALSE","","G ACC","2026-05-07","","15d","15","DOWNTREND","BEARISH","BULLISH","BULLISH","DEMAND STRUCTURE","NORMAL UPTREND","60","TRUE","TRUE","FALSE","WEAKENING","WEAKENING (Passive)","0.68","0.68","DRY / QUIET","37.93","62.07","49.67","51.13","34.26","12.02","267.81","258.71","252.35","1260300","1852130","970","Supertrend bearish | RSI 49.7 lemah | Volume 0.68x | Lolos anti-crash ADX | RISEN NORMAL UPTREND","Full Grid (1-2-3-4)","100000000","320","262","248","228","0.1","0.2","0.3","0.4","312","763","1209","1754","4038","99949000","51000","247.52","247.53","197","505","690","690","38.44","20.41","115.63","178.76","3.01","8.76"
"ESIP","2026-05-22","2026-05-22","558","FULL","135","8","AVOID","-","passive","FALSE","","G ACC","2026-05-07","","15d","15","DOWNTREND","BEARISH","BULLISH","BULLISH","DOWNTREND","NORMAL UPTREND","28.61","TRUE","TRUE","FALSE","LAGGING","LAGGARD (Passive)","0.48","0.48","DRY / QUIET","50","50","48.3","33.93","23.61","22.92","146.1","122.86","88.77","293562000","612274050","970","Supertrend bearish | RSI 48.3 lemah | Volume 0.48x | Lolos anti-crash ADX | RISEN NORMAL UPTREND","Full Grid (1-2-3-4)","100000000","220","154","138","115","0.1","0.2","0.3","0.4","454","1298","2173","3478","7403","99961600","38400","135.03","135.04","82","428","635","635","62.73","39.27","188.64","370.27","3.01","9.43"
"EXCL","2026-05-22","2026-05-22","558","FULL","2750","3.3834586466165413","AVOID","-","passive","FALSE","","SMART GAMMA","2026-05-07","","15d","15","DOWNTREND","BEARISH","BEARISH","BEARISH","DOWNTREND DISCOUNT","SIDEWAYS","34.71","TRUE","FALSE","FALSE","WEAKENING","WEAKENING (Passive)","1.91","1.91","EXPANSION","85","15","38.63","20.23","11.37","31.82","2978.88","3040.14","2962.87","16279400","8513395","970","Supertrend bearish | RSI 38.6 lemah | Volume valid 1.91x | Lolos anti-crash ADX | RISEN SIDEWAYS","Full Grid (1-2-3-4)","100000000","3230","3080","3040","2990","0.1","0.2","0.3","0.4","30","64","98","133","325","98961000","1039000","3044.95","3045.45","2890","3740","4250","4250","10.53","5.09","31.58","39.58","3","7.78"
"GTBO","2026-05-22","2026-05-22","558","FULL","191","-1.5463917525773196","AVOID","-","passive","FALSE","","V-SHAPE","2026-05-07","","15d","15","DOWNTREND","BEARISH","BEARISH","BEARISH","DOWNTREND DISCOUNT","NORMAL DOWNTREND","0","FALSE","FALSE","FALSE","LAGGING","LAGGARD (Passive)","0.11","0.11","DRY / QUIET","40","60","33.93","45.2","29.41","11.33","209.86","219.88","224.53","37700","330380","970","Supertrend bearish | RSI 33.9 lemah | Volume 0.11x | Lolos anti-crash ADX | RISEN NORMAL DOWNTREND","Full Grid (1-2-3-4)","100000000","220","212","208","206","0.1","0.2","0.3","0.4","454","943","1442","1941","4780","99957800","42200","209.12","209.12","198","254","286","286","10","5.32","30","36.77","3","6.92"
"KLAS","2026-05-22","2026-05-22","558","FULL","70","-1.4084507042253522","AVOID","-","passive","FALSE","","SMART SNIPER","2026-05-07","Structure + Discount","15d","15","DOWNTREND","BEARISH","BEARISH","BEARISH","DOWNTREND DISCOUNT","NORMAL DOWNTREND","0","FALSE","FALSE","FALSE","LAGGING","LAGGARD (Passive)","0.21","0.21","DRY / QUIET","62.5","37.5","34.3","18.55","18","29.28","80.53","84.41","106.16","11504500","55139640","970","Supertrend bearish | RSI 34.3 lemah | Volume 0.21x | Lolos anti-crash ADX | RISEN NORMAL DOWNTREND","Full Grid (1-2-3-4)","100000000","97","87","85","81","0.1","0.2","0.3","0.4","1030","2298","3529","4938","11795","99977900","22100","84.76","84.76","76","129","160","160","21.65","10.34","64.95","88.76","3","8.59"
"LIFE","2026-05-22","2026-05-22","558","FULL","5800","-12.781954887218044","AVOID","-","passive","FALSE","","V-SHAPE","2026-05-07","","15d","15","DOWNTREND","BEARISH","BEARISH","BEARISH","DOWNTREND DISCOUNT","NORMAL DOWNTREND","0","FALSE","FALSE","FALSE","LAGGING","LAGGARD (Passive)","1.39","1.39","EXPANSION","12.82","87.18","23.91","21.71","29.38","34.43","6934.21","7191.81","7984.81","7600","5475","970","Supertrend bearish | RSI 23.9 lemah | Volume valid 1.39x | Lolos anti-crash ADX | RISEN NORMAL DOWNTREND","Full Grid (1-2-3-4)","100000000","7400","7250","7200","7150","0.1","0.2","0.3","0.4","13","27","41","55","136","98040000","1960000","7208.82","7209.26","7025","7975","8775","8775","5.07","2.55","18.58","21.73","3.67","8.52"
"LRNA","2026-05-22","2026-05-22","558","FULL","184","-1.6042780748663104","AVOID","-","passive","FALSE","","V-SHAPE","2026-05-07","","15d","15","DOWNTREND","BEARISH","BEARISH","BEARISH","STRUCTURE + DISCOUNT","NORMAL DOWNTREND","65","TRUE","FALSE","FALSE","LAGGING","LAGGARD (Passive)","0.16","0.16","DRY / QUIET","64.29","35.71","36.21","38.39","22.53","19.02","197.98","204.47","200.39","203600","1277825","970","Supertrend bearish | RSI 36.2 lemah | Volume 0.16x | Lolos anti-crash ADX | RISEN NORMAL DOWNTREND","Full Grid (1-2-3-4)","100000000","206","200","199","197","0.1","0.2","0.3","0.4","485","1000","1507","2030","5022","99971300","28700","199.07","199.07","192","228","250","250","6.8","3.55","21.36","25.59","3.14","7.21"
"MDLA","2026-05-22","2026-05-22","262","FULL","206","-2.8301886792452833","AVOID","-","passive","FALSE","","SMART SNIPER","2026-05-07","Demand Structure","15d","15","DOWNTREND","BEARISH","BEARISH","BEARISH","STRUCTURE + DISCOUNT","SIDEWAYS","13.16","TRUE","FALSE","FALSE","WEAKENING","WEAKENING (Passive)","1.65","1.65","EXPANSION","42.86","57.14","39.34","23.58","17.46","22.32","218.27","221.1","226.43","10859400","6598710","970","Supertrend bearish | RSI 39.3 lemah | Volume valid 1.65x | Lolos anti-crash ADX | RISEN SIDEWAYS","Full Grid (1-2-3-4)","100000000","240","224","218","214","0.1","0.2","0.3","0.4","416","892","1376","1869","4553","99958200","41800","219.54","219.55","204","294","348","348","15","7.08","45","58.51","3","8.26"
"MORA","2026-05-22","2026-05-22","558","FULL","6700","3.076923076923077","AVOID","-","passive","FALSE","","SMART SNIPER","2026-05-07","Discount Only","15d","15","DOWNTREND","BULLISH","BULLISH","BULLISH","DOWNTREND","SIDEWAYS","25","TRUE","FALSE","FALSE","WEAKENING","WEAKENING (Passive)","0.48","0.48","DRY / QUIET","50","50","54.23","30.69","38.87","15.97","6218.82","6150.3","5317.34","926100","1930445","970","Supertrend bearish | RSI 54.2 > 50 | Volume 0.48x | Lolos anti-crash ADX | RISEN SIDEWAYS","Full Grid (1-2-3-4)","100000000","6250","5375","5175","4870","0.1","0.2","0.3","0.4","16","37","57","82","192","99319000","681000","5172.86","5172.88","4380","9050","14500","14500","29.92","15.33","132","180.31","4.41","11.76"
"NATO","2026-05-22","2026-05-22","558","FULL","590","0","AVOID","-","passive","FALSE","","BETA BREAKOUT","2026-05-07","","15d","15","DOWNTREND","BEARISH","BEARISH","BULLISH","DEMAND STRUCTURE","SIDEWAYS","49.74","TRUE","FALSE","FALSE","WEAKENING","WEAKENING (Passive)","0.25","0.25","DRY / QUIET","60","40","44.77","34.4","19.39","12.69","619.55","619.98","454.53","271000","1091450","970","Supertrend bearish | RSI 44.8 lemah | Volume 0.25x | Lolos anti-crash ADX | RISEN SIDEWAYS","Full Grid (1-2-3-4)","100000000","775","675","650","615","0.1","0.2","0.3","0.4","129","296","461","650","1536","99917500","82500","650.5","650.5","560","1100","1420","1420","27.74","13.91","83.23","118.29","3","8.5"
"NIRO","2026-05-22","2026-05-22","558","FULL","154","2.666666666666667","AVOID","-","passive","FALSE","","V-SHAPE","2026-05-07","","15d","15","DOWNTREND","BEARISH","BEARISH","BEARISH","DOWNTREND DISCOUNT","NORMAL DOWNTREND","33.32","TRUE","FALSE","FALSE","LAGGING","LAGGARD (Passive)","1.6","1.6","EXPANSION","25","75","34.68","35.06","28.89","11.23","189.55","203.47","210.73","2185600","1364105","970","Supertrend bearish | RSI 34.7 lemah | Volume valid 1.6x | Lolos anti-crash ADX | RISEN NORMAL DOWNTREND","Full Grid (1-2-3-4)","100000000","210","194","190","185","0.1","0.2","0.3","0.4","476","1030","1578","2162","5246","99957000","43000","190.54","190.54","173","266","322","322","17.62","9.21","53.33","68.99","3.03","7.5"
"RSGK","2026-05-22","2026-05-22","558","FULL","910","5.813953488372093","AVOID","-","passive","FALSE","","V-SHAPE","2026-05-07","","15d","15","DOWNTREND","BEARISH","BEARISH","BEARISH","DOWNTREND DISCOUNT","NORMAL DOWNTREND","24.98","TRUE","FALSE","FALSE","LAGGING","LAGGARD (Passive)","0.08","0.08","DRY / QUIET","83.33","16.67","34.56","21.89","22.14","32.6","1130.23","1149.5","1063.83","1700","20010","970","Supertrend bearish | RSI 34.6 lemah | Volume 0.08x | Lolos anti-crash ADX | RISEN NORMAL DOWNTREND","Full Grid (1-2-3-4)","100000000","1265","1110","1070","1015","0.1","0.2","0.3","0.4","79","180","280","394","933","99924500","75500","1071","1071.01","940","1755","2240","2240","25.69","12.23","77.08","109.15","3","8.92"
"SMBR","2026-05-22","2026-05-22","558","FULL","165","0.6097560975609756","AVOID","-","passive","FALSE","","V-SHAPE","2026-05-07","","15d","15","DOWNTREND","BEARISH","BEARISH","BEARISH","DOWNTREND DISCOUNT","NORMAL DOWNTREND","40.22","TRUE","FALSE","FALSE","LAGGING","LAGGARD (Passive)","0.3","0.3","DRY / QUIET","75","25","22.57","42.9","6.5","37.23","196.61","217.54","250.49","1972300","6474660","970","Supertrend bearish | RSI 22.6 lemah | Volume 0.3x | Crash filter aktif | RISEN NORMAL DOWNTREND","Full Grid (1-2-3-4)","100000000","202","200","200","199","0.1","0.2","0.3","0.4","495","1000","1500","2010","5005","99998000","2000","199.8","199.8","196","212","234","234","2.97","1.9","15.84","17.12","5.33","9.01"
"SOSS","2026-05-22","2026-05-22","558","FULL","805","0","AVOID","-","passive","FALSE","","SMART SNIPER + V-SHAPE","2026-05-07","Structure + Discount","15d","15","DOWNTREND","BEARISH","BEARISH","BEARISH","STRUCTURE + DISCOUNT","SIDEWAYS","84.86","TRUE","FALSE","FALSE","LAGGING","LAGGARD (Passive)","0.06","0.06","DRY / QUIET","50","50","42.32","14.27","23.94","37.32","852.53","860.18","814.44","700","11430","970","Supertrend bearish | RSI 42.3 lemah | Volume 0.06x | Lolos anti-crash ADX | RISEN SIDEWAYS","Full Grid (1-2-3-4)","100000000","920","855","835","815","0.1","0.2","0.3","0.4","108","233","359","490","1190","99769000","231000","838.39","838.44","775","1140","1180","1180","15.76","7.56","28.26","40.75","1.79","5.39"
"UNTD","2026-05-22","2026-05-22","534","FULL","73","0","AVOID","-","passive","FALSE","","EARLY SWEEP","2026-05-07","","15d","15","DOWNTREND","BEARISH","BEARISH","BEARISH","DOWNTREND DISCOUNT","NORMAL DOWNTREND","38.07","TRUE","FALSE","FALSE","LAGGING","LAGGARD (Passive)","0.97","0.97","NORMAL","80","20","32.65","19.77","11.82","24.4","81.56","84.14","88.54","15928500","16373085","970","Supertrend bearish | RSI 32.6 lemah | Volume 0.97x | Lolos anti-crash ADX | RISEN NORMAL DOWNTREND","Full Grid (1-2-3-4)","100000000","123","99","93","84","0.1","0.2","0.3","0.4","813","2020","3225","4761","10819","99982800","17200","92.41","92.41","72","200","276","276","41.46","22.09","124.39","198.66","3","8.99"
"ASHA","2026-05-22","2026-05-22","558","FULL","63","3.278688524590164","AVOID","-","passive","FALSE","","BETA BREAKOUT","2026-05-06","","16d","16","DOWNTREND","BEARISH","BEARISH","BEARISH","DOWNTREND DISCOUNT","SIDEWAYS","39.94","TRUE","FALSE","FALSE","LAGGING","LAGGARD (Passive)","0.2","0.2","DRY / QUIET","75","25","36.87","20.68","21.17","23.28","72.6","74.12","63.87","28522900","140950805","968","Supertrend bearish | RSI 36.9 lemah | Volume 0.2x | Lolos anti-crash ADX | RISEN SIDEWAYS","Full Grid (1-2-3-4)","100000000","88","75","71","67","0.1","0.2","0.3","0.4","1136","2666","4225","5970","13997","99988300","11700","71.44","71.44","60","130","172","172","31.82","16.01","95.45","140.78","3","8.79"
"BAJA","2026-05-22","2026-05-22","558","FULL","140","5.263157894736842","AVOID","-","passive","FALSE","","V-SHAPE","2026-05-06","","16d","16","DOWNTREND","BEARISH","BEARISH","BEARISH","STRUCTURE + DISCOUNT","NORMAL DOWNTREND","25","TRUE","FALSE","FALSE","WEAKENING","WEAKENING (Passive)","0.26","0.26","DRY / QUIET","46.15","53.85","38.53","23.52","17.7","21.98","151.47","153.65","147.78","1236600","4730470","968","Supertrend bearish | RSI 38.5 lemah | Volume 0.26x | Lolos anti-crash ADX | RISEN NORMAL DOWNTREND","Full Grid (1-2-3-4)","100000000","162","158","156","155","0.1","0.2","0.3","0.4","617","1265","1923","2580","6385","99971200","28800","156.57","156.57","151","179","197","197","6.79","3.56","21.6","25.82","3.18","7.26"
"CAMP","2026-05-22","2026-05-22","558","FULL","177","-3.804347826086957","AVOID","-","passive","FALSE","","V-SHAPE","2026-05-06","","16d","16","DOWNTREND","BEARISH","BEARISH","BEARISH","DOWNTREND DISCOUNT","NORMAL DOWNTREND","0","FALSE","FALSE","FALSE","WEAKENING","WEAKENING (Passive)","1.12","1.12","NORMAL","53.85","46.15","17.77","24.67","12.95","38.25","195.91","200.99","211.01","442300","395530","968","Supertrend bearish | RSI 17.8 lemah | Volume 1.12x | Lolos anti-crash ADX | RISEN NORMAL DOWNTREND","Full Grid (1-2-3-4)","100000000","200","195","194","192","0.1","0.2","0.3","0.4","500","1025","1546","2083","5154","99973500","26500","193.97","193.97","189","216","238","238","5.5","2.56","19","22.7","3.45","8.85"
"DEFI","2026-05-22","2026-05-22","558","FULL","142","1.4285714285714286","AVOID","-","passive","FALSE","","V-SHAPE","2026-05-06","","16d","16","DOWNTREND","BEARISH","BEARISH","BEARISH","STRUCTURE + DISCOUNT","NORMAL DOWNTREND","47.57","TRUE","FALSE","FALSE","LAGGING","LAGGARD (Passive)","0.2","0.2","DRY / QUIET","53.57","46.43","45.91","26.5","26","23.5","161.42","153.54","374.89","41378300","203354205","968","Supertrend bearish | RSI 45.9 lemah | Volume 0.2x | Lolos anti-crash ADX | RISEN NORMAL DOWNTREND","Full Grid (1-2-3-4)","100000000","200","171","164","154","0.1","0.2","0.3","0.4","500","1169","1829","2597","6095","99979300","20700","164.03","164.03","136","296","500","500","32","17.09","150","204.81","4.69","11.98"
"DIGI","2026-05-22","2026-05-22","558","FULL","30","-3.225806451612903","AVOID","-","passive","FALSE","","G ACC","2026-05-06","","16d","16","DOWNTREND","BEARISH","BEARISH","BEARISH","STRUCTURE + DISCOUNT","SIDEWAYS","0","FALSE","FALSE","FALSE","LAGGING","LAGGARD (Passive)","0.15","0.15","DRY / QUIET","66.67","33.33","37.56","17.45","22.81","42.21","35.75","35.41","33.06","542200","3652135","968","Supertrend bearish | RSI 37.6 lemah | Volume 0.15x | Lolos anti-crash ADX | RISEN SIDEWAYS","Full Grid (1-2-3-4)","100000000","45","37","34","32","0.1","0.2","0.3","0.4","2222","5405","8823","12500","28950","99995700","4300","34.54","34.54","27","72","99","99","40","21.83","120","186.62","3","8.55"
"FOOD","2026-05-22","2026-05-22","558","FULL","169","9.740259740259742","AVOID","-","passive","FALSE","","EARLY SWEEP","2026-03-17","","66d","66","DOWNTREND","BEARISH","BEARISH","BEARISH","STRUCTURE + DISCOUNT","NORMAL DOWNTREND","68.79","TRUE","FALSE","FALSE","LEADING","LEADING (Passive)","0.08","0.08","DRY / QUIET","100","0","40.96","31.97","18.53","51.78","182.71","205.93","225.66","3600","43830","968","Supertrend bearish | RSI 41.0 lemah | Volume 0.08x | Crash filter aktif | RISEN NORMAL DOWNTREND","Full Grid (1-2-3-4)","100000000","282","250","242","230","0.1","0.2","0.3","0.4","354","800","1239","1739","4132","99963600","36400","241.93","241.93","212","388","492","492","24.82","12.37","74.47","103.37","3","8.36"
"HALO","2026-05-22","2026-05-22","558","FULL","72","2.857142857142857","AVOID","-","passive","FALSE","","SMART SNIPER","2026-05-06","Discount Only","16d","16","DOWNTREND","BEARISH","BEARISH","BEARISH","STRUCTURE + DISCOUNT","SIDEWAYS","40.02","TRUE","TRUE","FALSE","WEAKENING","WEAKENING (Passive)","0.14","0.14","DRY / QUIET","71.43","28.57","45","31.24","21.19","18.11","77.73","77.8","82.76","17128700","123461110","968","Supertrend bearish | RSI 45.0 lemah | Volume 0.14x | Lolos anti-crash ADX | RISEN SIDEWAYS","Full Grid (1-2-3-4)","100000000","91","78","74","70","0.1","0.2","0.3","0.4","1098","2564","4054","5714","13430","99988600","11400","74.45","74.45","63","133","175","175","30.77","15.38","92.31","135.05","3","8.78"
"HRME","2026-05-22","2026-05-22","558","FULL","39","-9.30232558139535","AVOID","-","passive","FALSE","","SMART GAMMA","2026-05-06","","16d","16","DOWNTREND","BEARISH","BEARISH","BEARISH","DOWNTREND DISCOUNT","NORMAL DOWNTREND","0","FALSE","FALSE","FALSE","LAGGING","LAGGARD (Passive)","1.46","1.46","EXPANSION","50","50","33.46","21.38","24.63","48.01","49.41","48.82","44.52","7619200","5204710","968","Supertrend bearish | RSI 33.5 lemah | Volume valid 1.46x | Lolos anti-crash ADX | RISEN NORMAL DOWNTREND","Full Grid (1-2-3-4)","100000000","60","51","48","45","0.1","0.2","0.3","0.4","1666","3921","6250","8888","20725","99989100","10900","48.25","48.25","41","89","117","117","31.67","15.02","95","142.51","3","9.49"
"IKAN","2026-05-22","2026-05-22","558","FULL","80","1.2658227848101267","AVOID","-","passive","FALSE","","SMART GAMMA","2026-05-06","","16d","16","DOWNTREND","BEARISH","BEARISH","BEARISH","STRUCTURE + DISCOUNT","NORMAL DOWNTREND","32.78","TRUE","FALSE","FALSE","LAGGING","LAGGARD (Passive)","0.47","0.47","DRY / QUIET","66.67","33.33","32.12","16.96","22.78","23.46","93.1","97.26","102.28","5493600","11623115","968","Supertrend bearish | RSI 32.1 lemah | Volume 0.47x | Lolos anti-crash ADX | RISEN NORMAL DOWNTREND","Full Grid (1-2-3-4)","100000000","106","92","89","84","0.1","0.2","0.3","0.4","943","2173","3370","4761","11247","99972800","27200","88.89","88.89","77","150","193","193","27.36","13.37","82.08","117.13","3","8.76"
"KKES","2026-05-22","2026-05-22","558","FULL","37","-5.128205128205128","AVOID","-","passive","FALSE","","BETA BREAKOUT","2026-05-06","","16d","16","DOWNTREND","BEARISH","BEARISH","BULLISH","DOWNTREND","NORMAL UPTREND","25","TRUE","TRUE","FALSE","WEAKENING","WEAKENING (Passive)","0.68","0.68","DRY / QUIET","100","0","45.15","28.91","29.57","39.93","40.87","37.91","33.87","6276200","9265470","968","Supertrend bearish | RSI 45.1 lemah | Volume 0.68x | Lolos anti-crash ADX | RISEN NORMAL UPTREND","Full Grid (1-2-3-4)","100000000","41","36","35","33","0.1","0.2","0.3","0.4","2439","5555","8571","12121","28686","99995700","4300","34.86","34.86","31","56","71","71","24.39","11.07","73.17","103.68","3","9.37"
"LFLO","2026-05-22","2026-05-22","558","FULL","474","-2.4691358024691357","AVOID","-","passive","FALSE","","V-SHAPE","2026-05-06","","16d","16","DOWNTREND","BEARISH","BEARISH","BEARISH","DOWNTREND DISCOUNT","SIDEWAYS","0","FALSE","FALSE","FALSE","LAGGING","LAGGARD (Passive)","1.26","1.26","EXPANSION","100","0","35.58","24.87","10.89","30.42","548.75","560.98","498.13","172100","136230","968","Supertrend bearish | RSI 35.6 lemah | Volume valid 1.26x | Lolos anti-crash ADX | RISEN SIDEWAYS","Full Grid (1-2-3-4)","100000000","540","515","510","505","0.1","0.2","0.3","0.4","185","388","588","792","1953","99956000","44000","511.81","511.81","486","620","650","650","10","5.04","20.37","27","2.04","5.35"
"MLPT","2026-05-22","2026-05-22","558","FULL","19200","-0.13003901170351106","AVOID","-","passive","FALSE","","V-SHAPE","2026-05-06","","16d","16","DOWNTREND","BEARISH","BEARISH","BEARISH","STRUCTURE + DISCOUNT","NORMAL DOWNTREND","52.28","TRUE","FALSE","FALSE","LAGGING","LAGGARD (Passive)","0.28","0.28","DRY / QUIET","37.14","62.86","42.28","19.02","25.75","22.03","21092.13","24756","45266.67","16800","60255","968","Supertrend bearish | RSI 42.3 lemah | Volume 0.28x | Lolos anti-crash ADX | RISEN NORMAL DOWNTREND","Full Grid (1-2-3-4)","100000000","24500","21750","21100","20175","0.1","0.2","0.3","0.4","4","9","14","19","46","97247500","2752500","21140.76","21132.02","18475","34975","37000","37000","24.59","12.61","51.02","75.02","2.07","5.95"
"NIKL","2026-05-22","2026-05-22","558","FULL","252","-0.7874015748031495","AVOID","-","passive","FALSE","","SMART GAMMA","2026-05-06","","16d","16","DOWNTREND","BEARISH","BEARISH","BEARISH","DOWNTREND DISCOUNT","NORMAL DOWNTREND","0","FALSE","FALSE","FALSE","LAGGING","LAGGARD (Passive)","0.24","0.24","DRY / QUIET","82.35","17.65","38.33","24.94","27.35","31.74","312.4","319.48","320.5","13993900","58066760","968","Supertrend bearish | RSI 38.3 lemah | Volume 0.24x | Lolos anti-crash ADX | RISEN NORMAL DOWNTREND","Full Grid (1-2-3-4)","100000000","448","362","340","312","0.1","0.2","0.3","0.4","223","552","882","1282","2939","99959200","40800","340.11","340.12","268","720","990","990","40.18","21.2","120.98","191.08","3.01","9.01"
"PGEO","2026-05-22","2026-05-22","558","FULL","925","0.5434782608695652","AVOID","-","passive","FALSE","","V-SHAPE","2026-05-06","","16d","16","DOWNTREND","BEARISH","BEARISH","BEARISH","DOWNTREND DISCOUNT","NORMAL DOWNTREND","40.83","TRUE","FALSE","FALSE","WEAKENING","WEAKENING (Passive)","0.65","0.65","DRY / QUIET","77.78","22.22","34.68","17.01","13.37","30.53","998.83","1031.13","1142.4","16493100","25502860","968","Supertrend bearish | RSI 34.7 lemah | Volume 0.65x | Lolos anti-crash ADX | RISEN NORMAL DOWNTREND","Full Grid (1-2-3-4)","100000000","1055","1020","1010","1000","0.1","0.2","0.3","0.4","94","196","297","400","987","99906000","94000","1012.22","1012.25","980","1170","1285","1285","7.11","3.18","21.8","26.95","3.07","8.47"
"PYFA","2026-05-22","2026-05-22","558","FULL","242","3.418803418803419","AVOID","-","passive","FALSE","","SMART SNIPER","2026-05-06","Structure + Discount","16d","16","DOWNTREND","BEARISH","BEARISH","BEARISH","DOWNTREND DISCOUNT","NORMAL DOWNTREND","25","TRUE","FALSE","FALSE","LAGGING","LAGGARD (Passive)","0.37","0.37","DRY / QUIET","78.57","21.43","34.02","19.12","17.76","32.95","313.96","340.18","395.95","30524300","83278050","968","Supertrend bearish | RSI 34.0 lemah | Volume 0.37x | Lolos anti-crash ADX | RISEN NORMAL DOWNTREND","Full Grid (1-2-3-4)","100000000","380","336","326","310","0.1","0.2","0.3","0.4","263","595","920","1290","3068","99968000","32000","325.84","325.84","286","520","660","660","24.74","12.23","73.68","102.55","2.98","8.39"
"RCCC","2026-05-22","2026-05-22","558","FULL","105","-0.9433962264150944","AVOID","-","passive","FALSE","","V-SHAPE","2026-05-06","","16d","16","DOWNTREND","BEARISH","BEARISH","BEARISH","STRUCTURE + DISCOUNT","SIDEWAYS","82.69","TRUE","FALSE","FALSE","WEAKENING","WEAKENING (Passive)","1.51","1.51","EXPANSION","50","50","42.89","14.74","12.09","15.68","109.19","116.15","152.51","25508100","16929905","968","Supertrend bearish | RSI 42.9 lemah | Volume valid 1.51x | Lolos anti-crash ADX | RISEN SIDEWAYS","Full Grid (1-2-3-4)","100000000","112","104","102","99","0.1","0.2","0.3","0.4","892","1923","2941","4040","9796","99983800","16200","102.07","102.07","94","139","166","166","16.07","7.9","48.21","62.64","3","7.93"
"RICY","2026-05-22","2026-05-22","558","FULL","79","-5.952380952380952","AVOID","-","passive","FALSE","","BETA BREAKOUT","2026-05-06","","16d","16","DOWNTREND","BEARISH","BEARISH","BEARISH","STRUCTURE + DISCOUNT","NORMAL DOWNTREND","0","FALSE","FALSE","FALSE","LAGGING","LAGGARD (Passive)","1.66","1.66","EXPANSION","14.29","85.71","38.01","37.58","37.33","14.84","95.24","94.1","81.56","20287000","12218125","968","Supertrend bearish | RSI 38.0 lemah | Volume valid 1.66x | Lolos anti-crash ADX | RISEN NORMAL DOWNTREND","Full Grid (1-2-3-4)","100000000","126","100","94","85","0.1","0.2","0.3","0.4","793","2000","3191","4705","10689","99979700","20300","93.54","93.54","72","208","288","288","42.86","23.02","128.57","207.91","3","9.03"
"ABDA","2026-05-22","2026-05-22","558","FULL","3350","-4.285714285714286","AVOID","-","passive","FALSE","","SMART GAMMA","2026-05-05","","17d","17","DOWNTREND","BULLISH","BULLISH","BULLISH","DOWNTREND","NORMAL UPTREND","25","TRUE","TRUE","FALSE","WEAKENING","WEAKENING (Passive)","0.07","0.07","DRY / QUIET","58.33","41.67","52.7","23.74","23.9","28.76","3295.3","3046.67","3060.73","1600","22505","966","Supertrend bearish | RSI 52.7 > 50 | Volume 0.07x | Lolos anti-crash ADX | RISEN NORMAL UPTREND","Full Grid (1-2-3-4)","100000000","3810","3080","2900","2650","0.1","0.2","0.3","0.4","26","64","103","150","343","99238000","762000","2893.24","2893.74","2310","6050","8300","8300","39.37","20.16","117.85","186.88","2.99","9.27"
"BNLI","2026-05-22","2026-05-22","558","FULL","3100","8.013937282229964","AVOID","-","passive","FALSE","","V-SHAPE","2026-05-05","","17d","17","DOWNTREND","BEARISH","BEARISH","BEARISH","STRUCTURE + DISCOUNT","NORMAL DOWNTREND","56.4","TRUE","FALSE","FALSE","LAGGING","LAGGARD (Passive)","0.17","0.17","DRY / QUIET","69.7","30.3","46.57","20.05","17.42","26.75","3189.92","3346.86","3665.79","15600","91855","966","Supertrend bearish | RSI 46.6 lemah | Volume 0.17x | Lolos anti-crash ADX | RISEN NORMAL DOWNTREND","Full Grid (1-2-3-4)","100000000","3400","3140","3070","2980","0.1","0.2","0.3","0.4","29","63","97","134","323","99353000","647000","3075.94","3076.41","2830","4260","5100","5100","16.76","8","50","65.8","2.98","8.23"
"CDIA","2026-05-22","2026-05-22","210","IPO / SHORT","750","6.382978723404255","AVOID","-","passive","FALSE","","SMART SNIPER","2026-05-05","Structure + Discount","17d","17","DOWNTREND","BEARISH","BEARISH","BEARISH","DOWNTREND DISCOUNT","SIDEWAYS","25","TRUE","FALSE","FALSE","LAGGING","LAGGARD (Passive)","0.71","0.71","DRY / QUIET","95.24","4.76","34.84","21.36","13.8","36.4","959","1027.57","1161.88","79780200","112827300","966","Supertrend bearish | RSI 34.8 lemah | Volume 0.71x | Lolos anti-crash ADX | RISEN SIDEWAYS","Full Grid (1-2-3-4)","100000000","1190","1075","1050","1010","0.1","0.2","0.3","0.4","84","186","285","396","951","99912000","88000","1050.6","1050.6","940","1565","1595","1595","21.01","10.53","34.03","51.82","1.62","4.92"
"CENT","2026-05-22","2026-05-22","558","FULL","76","0","AVOID","-","passive","FALSE","","SMART SNIPER","2026-05-05","Structure + Discount","17d","17","DOWNTREND","BEARISH","BEARISH","BEARISH","STRUCTURE + DISCOUNT","NORMAL DOWNTREND","29.39","TRUE","FALSE","FALSE","LAGGING","LAGGARD (Passive)","0.57","0.57","DRY / QUIET","37.5","62.5","26.62","21.28","9.92","27.7","94.88","103.64","113.65","4468000","7898345","966","Supertrend bearish | RSI 26.6 lemah | Volume 0.57x | Lolos anti-crash ADX | RISEN NORMAL DOWNTREND","Full Grid (1-2-3-4)","100000000","110","104","103","101","0.1","0.2","0.3","0.4","909","1923","2912","3960","9704","99987800","12200","103.04","103.04","97","130","149","149","11.82","5.86","35.45","44.61","3","7.61"
"COIN","2026-05-22","2026-05-22","210","IPO / SHORT","835","3.7267080745341614","AVOID","-","passive","FALSE","","EARLY SWEEP","2026-05-05","","17d","17","DOWNTREND","BEARISH","BEARISH","BEARISH","DOWNTREND DISCOUNT","NORMAL DOWNTREND","52.99","TRUE","FALSE","FALSE","LAGGING","LAGGARD (Passive)","0.61","0.61","DRY / QUIET","100","0","28.72","30.09","11.56","36.31","1066.63","1315.24","1785.24","4585000","7466095","966","Supertrend bearish | RSI 28.7 lemah | Volume 0.61x | Crash filter aktif | RISEN NORMAL DOWNTREND","Full Grid (1-2-3-4)","100000000","3130","2620","2490","2320","0.1","0.2","0.3","0.4","31","76","120","172","399","99399000","601000","2491.2","2492.64","2040","4770","6400","6400","34.82","18.11","104.47","156.9","3","8.66"
"ENZO","2026-05-22","2026-05-22","558","FULL","74","-1.3333333333333335","AVOID","-","passive","FALSE","","BETA BREAKOUT","2026-05-05","","17d","17","DOWNTREND","BEARISH","BEARISH","BULLISH","DOWNTREND","NORMAL UPTREND","25","TRUE","TRUE","FALSE","WEAKENING","WEAKENING (Passive)","0.12","0.12","DRY / QUIET","80","20","44.56","28.65","21.83","22.36","82.22","78.34","63.02","17460600","144298915","966","Supertrend bearish | RSI 44.6 lemah | Volume 0.12x | Lolos anti-crash ADX | RISEN NORMAL UPTREND","Full Grid (1-2-3-4)","100000000","97","76","70","63","0.1","0.2","0.3","0.4","1030","2631","4285","6349","14295","99980300","19700","69.94","69.94","52","165","232","232","46.39","25.65","139.18","231.71","3","9.03"
"GTSI","2026-05-22","2026-05-22","558","FULL","171","8.227848101265822","AVOID","-","passive","FALSE","","EARLY SWEEP","2026-05-05","","17d","17","DOWNTREND","BEARISH","BEARISH","BEARISH","DOWNTREND DISCOUNT","NORMAL DOWNTREND","75.45","TRUE","FALSE","FALSE","LAGGING","LAGGARD (Passive)","0.69","0.69","DRY / QUIET","95.45","4.55","32.39","27.9","10.37","30.2","208.01","230.52","200.75","24838800","36157365","966","Supertrend bearish | RSI 32.4 lemah | Volume 0.69x | Lolos anti-crash ADX | RISEN NORMAL DOWNTREND","Full Grid (1-2-3-4)","100000000","218","198","193","186","0.1","0.2","0.3","0.4","458","1010","1554","2150","5172","99964600","35400","193.28","193.28","171","288","294","294","21.56","11.53","34.86","52.11","1.62","4.52"
"INTP","2026-05-22","2026-05-22","558","FULL","4900","1.8711018711018712","AVOID","-","passive","FALSE","","EARLY SWEEP","2026-03-16","","67d","67","DOWNTREND","BEARISH","BEARISH","BEARISH","STRUCTURE + DISCOUNT","NORMAL DOWNTREND","69.6","TRUE","FALSE","FALSE","LEADING","LEADING (Passive)","1.2","1.2","EXPANSION","81.82","18.18","39.42","22.25","16.33","27.67","5087.18","5385.28","6004.26","1635100","1359745","966","Supertrend bearish | RSI 39.4 lemah | Volume valid 1.2x | Lolos anti-crash ADX | RISEN NORMAL DOWNTREND","Full Grid (1-2-3-4)","100000000","7475","6750","6575","6325","0.1","0.2","0.3","0.4","13","29","45","63","150","98727500","1272500","6581.83","6584.32","5950","9775","12050","12050","20.4","9.6","61.2","83.08","3","8.65"
"IOTF","2026-05-22","2026-05-22","558","FULL","56","0","AVOID","-","passive","FALSE","","SMART SNIPER","2026-05-05","Structure + Discount","17d","17","DOWNTREND","BEARISH","BEARISH","BEARISH","DOWNTREND DISCOUNT","NORMAL DOWNTREND","64.39","TRUE","FALSE","FALSE","WEAKENING","WEAKENING (Passive)","0.32","0.32","DRY / QUIET","80","20","36.43","12.7","16.89","24.41","61.43","64.7","84.36","5651000","17603895","966","Supertrend bearish | RSI 36.4 lemah | Volume 0.32x | Lolos anti-crash ADX | RISEN NORMAL DOWNTREND","Full Grid (1-2-3-4)","100000000","67","64","63","62","0.1","0.2","0.3","0.4","1492","3125","4761","6451","15829","99986900","13100","63.17","63.17","60","78","86","86","10.45","5.01","28.36","36.15","2.71","7.21"
"JARR","2026-05-22","2026-05-22","558","FULL","1590","7.796610169491526","AVOID","-","passive","FALSE","","EARLY SWEEP","2026-05-05","","17d","17","DOWNTREND","BEARISH","BEARISH","BEARISH","DOWNTREND DISCOUNT","NORMAL DOWNTREND","29.5","TRUE","FALSE","FALSE","LAGGING","LAGGARD (Passive)","0.98","0.98","NORMAL","95.12","4.88","30.01","23.65","11.43","38.1","1996.78","2174.92","2283.71","1630600","1662770","966","Supertrend bearish | RSI 30.0 lemah | Volume 0.98x | Lolos anti-crash ADX | RISEN NORMAL DOWNTREND","Full Grid (1-2-3-4)","100000000","3670","3270","3170","3030","0.1","0.2","0.3","0.4","27","61","94","132","314","99650000","350000","3173.57","3173.99","2800","9600","10550","10550","23.71","11.77","187.47","232.43","7.91","19.75"
"KLIN","2026-05-22","2026-05-22","558","FULL","110","1.8518518518518516","AVOID","-","passive","FALSE","","EARLY SWEEP","2026-05-05","","17d","17","DOWNTREND","BEARISH","BEARISH","BEARISH","DOWNTREND DISCOUNT","NORMAL DOWNTREND","25.06","TRUE","FALSE","FALSE","LAGGING","LAGGARD (Passive)","0.27","0.27","DRY / QUIET","76.92","23.08","25.31","22.09","9.15","30.27","136.7","147.71","157.58","29700","111070","966","Supertrend bearish | RSI 25.3 lemah | Volume 0.27x | Lolos anti-crash ADX | RISEN NORMAL DOWNTREND","Full Grid (1-2-3-4)","100000000","168","150","145","139","0.1","0.2","0.3","0.4","595","1333","2068","2877","6873","99967300","32700","145.45","145.45","128","228","288","288","23.81","12","71.43","98.01","3","8.17"
"KONI","2026-05-22","2026-05-22","558","FULL","2430","-9.328358208955224","HOLD","-","passive","FALSE","","SMART GAMMA","2026-05-05","","17d","17","UPTREND","BEARISH","BULLISH","BULLISH","UPTREND","SIDEWAYS","45.32","TRUE","TRUE","FALSE","WEAKENING","WEAKENING (Passive)","0.32","0.32","DRY / QUIET","24.24","75.76","48.33","28.6","21.73","19.02","2620.52","2340.65","2066.63","59300","185460","966","Supertrend bullish | RSI 48.3 lemah | Volume 0.32x | Lolos anti-crash ADX | RISEN SIDEWAYS","Full Grid (1-2-3-4)","100000000","2980","2430","2300","2120","0.1","0.2","0.3","0.4","33","82","130","188","433","99516000","484000","2298.29","2298.98","1820","4720","6450","6450","38.93","20.81","116.44","180.64","2.99","8.68"
"LPIN","2026-05-22","2026-05-22","558","FULL","392","-0.5076142131979695","AVOID","-","passive","FALSE","","G ACC","2026-05-05","","17d","17","DOWNTREND","BEARISH","BEARISH","BEARISH","DOWNTREND DISCOUNT","NORMAL DOWNTREND","25","TRUE","FALSE","FALSE","LAGGING","LAGGARD (Passive)","0.22","0.22","DRY / QUIET","91.67","8.33","28.69","35.48","9.73","44.06","431.9","442.43","435.69","222600","1011825","966","Supertrend bearish | RSI 28.7 lemah | Volume 0.22x | Crash filter aktif | RISEN NORMAL DOWNTREND","Full Grid (1-2-3-4)","100000000","486","460","454","446","0.1","0.2","0.3","0.4","205","434","660","896","2195","99852600","147400","454.91","454.92","432","565","650","650","11.11","5.04","33.74","42.89","3.04","8.52"
"MKAP","2026-05-22","2026-05-22","533","FULL","1085","0.4629629629629629","AVOID","-","passive","FALSE","","G ACC","2026-03-06","","77d","77","DOWNTREND","BULLISH","BULLISH","BULLISH","DEMAND STRUCTURE","SIDEWAYS","75","TRUE","FALSE","TRUE","LEADING","LEADING (Passive)","3.18","3.18","VOLUME SURGE","100","0","60.16","47.7","26.03","16.81","1078.09","1020.82","700.95","397200","125050","966","Supertrend bearish | RSI 60.2 > 50 | Volume valid 3.18x | Lolos anti-crash ADX | RISEN SIDEWAYS","Full Grid (1-2-3-4)","100000000","1005","840","800","740","0.1","0.2","0.3","0.4","99","238","375","540","1252","99901500","98500","797.94","798","665","1515","2030","2030","33.83","16.66","101.99","154.41","3.01","9.27"
"PIPA","2026-05-22","2026-05-22","558","FULL","120","0","AVOID","-","passive","FALSE","","V-SHAPE","2026-05-05","","17d","17","DOWNTREND","BEARISH","BEARISH","BEARISH","STRUCTURE + DISCOUNT","SIDEWAYS","48.16","TRUE","FALSE","FALSE","LAGGING","LAGGARD (Passive)","0.47","0.47","DRY / QUIET","47.37","52.63","41.92","38.36","21.28","16.35","134.82","145.09","173.16","47199000","101463110","966","Supertrend bearish | RSI 41.9 lemah | Volume 0.47x | Lolos anti-crash ADX | RISEN SIDEWAYS","Full Grid (1-2-3-4)","100000000","161","147","143","138","0.1","0.2","0.3","0.4","621","1360","2097","2898","6976","99969600","30400","143.31","143.31","129","210","258","258","19.88","9.98","60.25","80.04","3.03","8.02"
"PSGO","2026-05-22","2026-05-22","558","FULL","196","-0.5076142131979695","AVOID","-","passive","FALSE","","EARLY SWEEP","2026-03-16","","67d","67","DOWNTREND","BEARISH","BEARISH","BEARISH","STRUCTURE + DISCOUNT","NORMAL DOWNTREND","47.93","TRUE","FALSE","FALSE","LEADING","LEADING (Passive)","0.76","0.76","DRY / QUIET","71.43","28.57","43.1","17.93","7.76","21.32","198.98","201.21","202.22","571300","747125","966","Supertrend bearish | RSI 43.1 lemah | Volume 0.76x | Lolos anti-crash ADX | RISEN NORMAL DOWNTREND","Full Grid (1-2-3-4)","100000000","274","232","222","208","0.1","0.2","0.3","0.4","364","862","1351","1923","4500","99962600","37400","222.14","222.15","187","404","535","535","31.75","15.82","95.26","140.84","3","8.9"
"PTRO","2026-05-22","2026-05-22","558","FULL","3750","8.38150289017341","AVOID","-","passive","FALSE","","V-SHAPE","2026-05-05","","17d","17","DOWNTREND","BEARISH","BEARISH","BEARISH","DOWNTREND DISCOUNT","NORMAL DOWNTREND","25","TRUE","FALSE","FALSE","LAGGING","LAGGARD (Passive)","0.87","0.87","NORMAL","96.67","3.33","34.22","23.94","12.66","35.65","4889.26","5497.64","6604.82","88602200","101308305","966","Supertrend bearish | RSI 34.2 lemah | Volume 0.87x | Lolos anti-crash ADX | RISEN NORMAL DOWNTREND","Full Grid (1-2-3-4)","100000000","5900","5350","5225","5050","0.1","0.2","0.3","0.4","16","37","57","79","189","98912500","1087500","5233.47","5236.79","4700","7700","9500","9500","20.34","10.19","61.02","81.52","3","8"
"RATU","2026-05-22","2026-05-22","321","FULL","4380","13.471502590673575","AVOID","-","passive","FALSE","","EARLY SWEEP","2026-05-05","","17d","17","DOWNTREND","BEARISH","BEARISH","BEARISH","DOWNTREND DISCOUNT","NORMAL DOWNTREND","19.71","TRUE","FALSE","FALSE","LAGGING","LAGGARD (Passive)","0.92","0.92","NORMAL","100","0","34.38","25.61","9.94","34.18","5474.88","5935.56","6716.77","10762800","11639690","966","Supertrend bearish | RSI 34.4 lemah | Volume 0.92x | Lolos anti-crash ADX | RISEN NORMAL DOWNTREND","Full Grid (1-2-3-4)","100000000","7075","5700","5350","4890","0.1","0.2","0.3","0.4","14","35","56","81","186","99424000","576000","5345.38","5344.84","4190","11400","15725","15725","40.78","21.61","122.26","194.18","3","8.98"
"RBMS","2026-05-22","2026-05-22","558","FULL","70","9.375","AVOID","-","passive","FALSE","","SMART GAMMA","2026-05-05","","17d","17","DOWNTREND","BULLISH","BULLISH","BULLISH","DOWNTREND PREMIUM","NORMAL UPTREND","36.9","TRUE","TRUE","FALSE","WEAKENING","WEAKENING (Passive)","1.69","1.69","EXPANSION","100","0","54.65","32.45","27.62","32.97","67.79","61.01","47.16","16960900","10038120","966","Supertrend bearish | RSI 54.6 > 50 | Volume valid 1.69x | Crash filter aktif | RISEN NORMAL UPTREND","Full Grid (1-2-3-4)","100000000","77","59","55","49","0.1","0.2","0.3","0.4","1298","3389","5454","8163","18304","99985400","14600","54.62","54.63","40","133","188","188","48.05","26.77","144.16","244.17","3","9.12"
"ADMR","2026-05-22","2026-05-22","558","FULL","1480","9.22509225092251","AVOID","-","passive","FALSE","","V-SHAPE","2026-05-04","","18d","18","DOWNTREND","BEARISH","BEARISH","BEARISH","DOWNTREND DISCOUNT","NORMAL DOWNTREND","17.5","TRUE","FALSE","FALSE","LAGGING","LAGGARD (Passive)","0.97","0.97","NORMAL","95.35","4.65","32.34","23.58","9.75","38.99","1714.69","1801.8","1601.36","46834600","48336790","964","Supertrend bearish | RSI 32.3 lemah | Volume 0.97x | Lolos anti-crash ADX | RISEN NORMAL DOWNTREND","Full Grid (1-2-3-4)","100000000","1910","1845","1830","1810","0.1","0.2","0.3","0.4","52","108","163","220","543","99507000","493000","1832.54","1832.56","1765","2130","2350","2350","7.59","3.69","23.04","28.24","3.03","7.66"
"AMAN","2026-05-22","2026-05-22","558","FULL","250","-1.574803149606299","AVOID","-","passive","FALSE","","V-SHAPE","2026-05-04","","18d","18","DOWNTREND","BEARISH","BEARISH","BULLISH","DEMAND STRUCTURE","SIDEWAYS","88.52","TRUE","FALSE","FALSE","LAGGING","LAGGARD (Passive)","0.35","0.35","DRY / QUIET","50","50","37.48","16.23","16.14","21.98","269.5","275.75","222.6","856700","2422235","964","Supertrend bearish | RSI 37.5 lemah | Volume 0.35x | Lolos anti-crash ADX | RISEN SIDEWAYS","Full Grid (1-2-3-4)","100000000","266","254","250","246","0.1","0.2","0.3","0.4","375","787","1200","1626","3988","99964400","35600","250.66","250.67","236","312","318","318","11.28","5.85","19.55","26.86","1.73","4.59"
"ARII","2026-05-22","2026-05-22","558","FULL","268","1.5151515151515151","AVOID","-","passive","FALSE","","V-SHAPE","2026-05-04","","18d","18","DOWNTREND","BEARISH","BEARISH","BEARISH","STRUCTURE + DISCOUNT","SIDEWAYS","45.98","TRUE","FALSE","FALSE","WEAKENING","WEAKENING (Passive)","0.06","0.06","DRY / QUIET","50","50","39.85","15","12.81","22.7","284.13","285.26","282.89","40400","667890","964","Supertrend bearish | RSI 39.9 lemah | Volume 0.06x | Lolos anti-crash ADX | RISEN SIDEWAYS","Full Grid (1-2-3-4)","100000000","292","276","272","266","0.1","0.2","0.3","0.4","342","724","1102","1503","3671","99923000","77000","272.2","272.2","256","346","400","400","12.33","5.95","36.99","46.95","3","7.89"
"BCIP","2026-05-22","2026-05-22","558","FULL","63","1.6129032258064515","AVOID","-","passive","FALSE","","V-SHAPE","2026-05-04","","18d","18","DOWNTREND","BEARISH","BEARISH","BEARISH","DOWNTREND DISCOUNT","NORMAL DOWNTREND","25","TRUE","FALSE","FALSE","LAGGING","LAGGARD (Passive)","0.11","0.11","DRY / QUIET","85.71","14.29","37.48","25.76","22.78","23.29","71.66","73.29","80.6","13868800","127247530","964","Supertrend bearish | RSI 37.5 lemah | Volume 0.11x | Lolos anti-crash ADX | RISEN NORMAL DOWNTREND","Full Grid (1-2-3-4)","100000000","89","78","75","71","0.1","0.2","0.3","0.4","1123","2564","4000","5633","13320","99988200","11800","75.07","75.07","65","125","161","161","26.97","13.41","80.9","114.48","3","8.54"
"BINO","2026-05-22","2026-05-22","558","FULL","103","-0.9615384615384616","AVOID","-","passive","FALSE","","V-SHAPE","2026-05-04","","18d","18","DOWNTREND","BEARISH","BEARISH","BEARISH","STRUCTURE + DISCOUNT","NORMAL DOWNTREND","20.75","TRUE","FALSE","FALSE","LAGGING","LAGGARD (Passive)","0.46","0.46","DRY / QUIET","50","50","19.9","34.46","5.34","30.61","116.29","120.98","127.69","604200","1317365","964","Supertrend bearish | RSI 19.9 lemah | Volume 0.46x | Crash filter aktif | RISEN NORMAL DOWNTREND","Full Grid (1-2-3-4)","100000000","126","122","121","120","0.1","0.2","0.3","0.4","793","1639","2479","3333","8244","99979500","20500","121.28","121.28","117","140","154","154","7.14","3.53","22.22","26.98","3.11","7.65"
"BOLT","2026-05-22","2026-05-22","558","FULL","790","0","AVOID","-","passive","FALSE","","EARLY SWEEP","2026-05-04","","18d","18","DOWNTREND","BEARISH","BEARISH","BEARISH","STRUCTURE + DISCOUNT","NORMAL DOWNTREND","25","TRUE","FALSE","FALSE","LAGGING","LAGGARD (Passive)","0.17","0.17","DRY / QUIET","50","50","31.57","28.32","18.74","43.78","867.78","908.9","1009.26","10500","62400","964","Supertrend bearish | RSI 31.6 lemah | Volume 0.17x | Lolos anti-crash ADX | RISEN NORMAL DOWNTREND","Full Grid (1-2-3-4)","100000000","1035","1020","1015","1005","0.1","0.2","0.3","0.4","96","196","295","398","985","99869500","130500","1013.9","1013.92","1000","1090","1200","1200","3.38","1.37","15.94","18.35","4.71","13.38"
"FWCT","2026-05-22","2026-05-22","558","FULL","81","-3.571428571428571","AVOID","-","passive","FALSE","","V-SHAPE","2026-05-04","","18d","18","DOWNTREND","BEARISH","BEARISH","BEARISH","DOWNTREND DISCOUNT","NORMAL DOWNTREND","25","TRUE","FALSE","FALSE","LAGGING","LAGGARD (Passive)","0.11","0.11","DRY / QUIET","50","50","35.79","19.23","20.85","22.43","93.71","104.01","128.64","3306100","28837915","964","Supertrend bearish | RSI 35.8 lemah | Volume 0.11x | Lolos anti-crash ADX | RISEN NORMAL DOWNTREND","Full Grid (1-2-3-4)","100000000","120","105","101","96","0.1","0.2","0.3","0.4","833","1904","2970","4166","9873","99978600","21400","101.26","101.27","87","170","220","220","27.5","14.09","83.33","117.25","3.03","8.32"
"GRPH","2026-05-22","2026-05-22","546","FULL","62","3.3333333333333335","HOLD","-","passive","FALSE","","SMART GAMMA","2026-05-04","","18d","18","UPTREND","BEARISH","BULLISH","BULLISH","DEMAND STRUCTURE","SIDEWAYS","62.89","TRUE","TRUE","FALSE","WEAKENING","WEAKENING (Passive)","0.24","0.24","DRY / QUIET","63.64","36.36","48.4","45.48","25.2","21.67","63.29","61.31","60.48","8519000","35032315","964","Supertrend bullish | RSI 48.4 lemah | Volume 0.24x | Lolos anti-crash ADX | RISEN SIDEWAYS","Full Grid (1-2-3-4)","100000000","72","61","58","55","0.1","0.2","0.3","0.4","1388","3278","5172","7272","17110","99983000","17000","58.44","58.44","49","107","141","141","31.94","16.15","95.83","141.29","3","8.75"
"HAJJ","2026-05-22","2026-05-22","558","FULL","120","-1.639344262295082","AVOID","-","passive","FALSE","","V-SHAPE","2026-05-04","","18d","18","DOWNTREND","BEARISH","BEARISH","BEARISH","DOWNTREND DISCOUNT","SIDEWAYS","54.63","TRUE","FALSE","FALSE","WEAKENING","WEAKENING (Passive)","0.98","0.98","NORMAL","66.67","33.33","31.26","23.11","9.36","25.81","131.5","133.12","134.02","8144800","8291020","964","Supertrend bearish | RSI 31.3 lemah | Volume 0.98x | Lolos anti-crash ADX | RISEN SIDEWAYS","Full Grid (1-2-3-4)","100000000","140","133","131","129","0.1","0.2","0.3","0.4","714","1503","2290","3100","7607","99974900","25100","131.42","131.43","125","163","185","185","10.71","4.89","32.14","40.76","3","8.34"
"HERO","2026-05-22","2026-05-22","558","FULL","400","0","AVOID","-","passive","FALSE","","SMART GAMMA","2026-05-04","","18d","18","DOWNTREND","BEARISH","BEARISH","BEARISH","STRUCTURE + DISCOUNT","SIDEWAYS","25","TRUE","TRUE","FALSE","WEAKENING","WEAKENING (Passive)","0.21","0.21","DRY / QUIET","85.71","14.29","42.45","31.05","28.01","19.69","437.56","432.81","456.65","449900","2174750","964","Supertrend bearish | RSI 42.5 lemah | Volume 0.21x | Lolos anti-crash ADX | RISEN SIDEWAYS","Full Grid (1-2-3-4)","100000000","590","484","458","424","0.1","0.2","0.3","0.4","169","413","655","943","2180","99942400","57600","458.45","458.48","372","915","1245","1245","36.95","18.86","111.02","171.57","3","9.1"
"IBOS","2026-05-22","2026-05-22","558","FULL","84","6.329113924050633","AVOID","-","passive","FALSE","","V-SHAPE","2026-05-04","","18d","18","DOWNTREND","BEARISH","BEARISH","BEARISH","DOWNTREND DISCOUNT","NORMAL DOWNTREND","35.56","TRUE","FALSE","FALSE","LAGGING","LAGGARD (Passive)","0.47","0.47","DRY / QUIET","92.31","7.69","32.38","18.84","12.64","34.66","103.24","111.75","97.82","6048500","12993030","964","Supertrend bearish | RSI 32.4 lemah | Volume 0.47x | Lolos anti-crash ADX | RISEN NORMAL DOWNTREND","Full Grid (1-2-3-4)","100000000","111","103","100","98","0.1","0.2","0.3","0.4","900","1941","3000","4081","9922","99976100","23900","100.76","100.76","92","140","168","168","17.12","8.7","51.35","66.73","3","7.67"
"INDS","2026-05-22","2026-05-22","558","FULL","308","4.054054054054054","AVOID","-","passive","FALSE","","SMART SNIPER","2026-05-04","Discount Only","18d","18","DOWNTREND","BEARISH","BEARISH","BEARISH","DOWNTREND DISCOUNT","NORMAL DOWNTREND","65","TRUE","FALSE","FALSE","LAGGING","LAGGARD (Passive)","0.09","0.09","DRY / QUIET","92.86","7.14","34.75","11.11","24.44","30.58","385.89","499.19","511.29","2882500","31447335","964","Supertrend bearish | RSI 34.8 lemah | Volume 0.09x | Lolos anti-crash ADX | RISEN NORMAL DOWNTREND","Full Grid (1-2-3-4)","100000000","525","434","414","382","0.1","0.2","0.3","0.4","190","460","724","1047","2421","99908000","92000","412.67","412.7","330","2410","2430","2430","37.14","20.03","362.86","488.84","9.77","24.4"
"ISEA","2026-05-22","2026-05-22","447","FULL","68","0","AVOID","-","passive","FALSE","","V-SHAPE","2026-05-04","","18d","18","DOWNTREND","BEARISH","BEARISH","BEARISH","DOWNTREND DISCOUNT","NORMAL DOWNTREND","22.5","TRUE","FALSE","FALSE","LAGGING","LAGGARD (Passive)","0.62","0.62","DRY / QUIET","90","10","23.03","17.76","18.93","26.18","83.16","86.67","91.1","3915400","6301940","964","Supertrend bearish | RSI 23.0 lemah | Volume 0.62x | Lolos anti-crash ADX | RISEN NORMAL DOWNTREND","Full Grid (1-2-3-4)","100000000","90","83","81","78","0.1","0.2","0.3","0.4","1111","2409","3703","5128","12351","99986400","13600","80.95","80.95","74","114","138","138","17.78","8.59","53.33","70.47","3","8.2"
"LTLS","2026-05-22","2026-05-22","558","FULL","730","-1.3513513513513513","AVOID","-","passive","FALSE","","BETA BREAKOUT + V-SHAPE","2026-05-04","","18d","18","DOWNTREND","BEARISH","BEARISH","BEARISH","DOWNTREND DISCOUNT","NORMAL DOWNTREND","25","TRUE","FALSE","FALSE","WEAKENING","WEAKENING (Passive)","0.2","0.2","DRY / QUIET","66.67","33.33","33.11","21.58","15.68","32.7","792.56","802.87","842.99","46800","238485","964","Supertrend bearish | RSI 33.1 lemah | Volume 0.2x | Lolos anti-crash ADX | RISEN NORMAL DOWNTREND","Full Grid (1-2-3-4)","100000000","840","800","785","775","0.1","0.2","0.3","0.4","119","250","382","516","1267","99973000","27000","789.05","789.05","750","975","1110","1110","10.71","4.95","32.14","40.67","3","8.22"
"MINA","2026-05-22","2026-05-22","558","FULL","310","14.814814814814813","AVOID","-","passive","FALSE","","SMART GAMMA","2026-05-04","","18d","18","DOWNTREND","BEARISH","BEARISH","BULLISH","STRUCTURE + DISCOUNT","SIDEWAYS","35.13","TRUE","FALSE","FALSE","LAGGING","LAGGARD (Passive)","0.57","0.57","DRY / QUIET","96.3","3.7","46.52","22.36","12.08","23.79","328.42","329.05","287.34","238055200","418814430","964","Supertrend bearish | RSI 46.5 lemah | Volume 0.57x | Lolos anti-crash ADX | RISEN SIDEWAYS","Full Grid (1-2-3-4)","100000000","382","302","284","256","0.1","0.2","0.3","0.4","261","662","1056","1562","3541","99940200","59800","282.24","282.26","216","630","880","880","43.46","23.47","130.37","211.79","3","9.02"
"NAIK","2026-05-22","2026-05-22","356","FULL","91","0","AVOID","-","passive","FALSE","","V-SHAPE","2026-05-04","","18d","18","DOWNTREND","BEARISH","BEARISH","BEARISH","STRUCTURE + DISCOUNT","NORMAL DOWNTREND","25","TRUE","FALSE","FALSE","WEAKENING","WEAKENING (Passive)","0.16","0.16","DRY / QUIET","33.33","66.67","36.99","29.36","19.98","15.57","98.69","101.5","131.91","6931900","43736090","964","Supertrend bearish | RSI 37.0 lemah | Volume 0.16x | Lolos anti-crash ADX | RISEN NORMAL DOWNTREND","Full Grid (1-2-3-4)","100000000","105","97","94","92","0.1","0.2","0.3","0.4","952","2061","3191","4347","10551","99975500","24500","94.75","94.75","87","132","159","159","17.14","8.18","51.43","67.8","3","8.28"
"NETV","2026-05-22","2026-05-22","558","FULL","68","3.0303030303030303","AVOID","-","passive","FALSE","","SMART SNIPER","2026-05-04","Structure + Discount","18d","18","DOWNTREND","BEARISH","BEARISH","BEARISH","DOWNTREND DISCOUNT","NORMAL DOWNTREND","60.58","TRUE","FALSE","FALSE","LAGGING","LAGGARD (Passive)","0.27","0.27","DRY / QUIET","71.43","28.57","34.33","18.92","14.31","25.09","82.45","91.71","114.6","20952700","78417510","964","Supertrend bearish | RSI 34.3 lemah | Volume 0.27x | Lolos anti-crash ADX | RISEN NORMAL DOWNTREND","Full Grid (1-2-3-4)","100000000","106","97","95","92","0.1","0.2","0.3","0.4","943","2061","3157","4347","10508","99971400","28600","95.14","95.14","86","136","166","166","18.87","9.61","56.6","74.48","3","7.75"
"PADI","2026-05-22","2026-05-22","558","FULL","89","5.952380952380952","AVOID","-","passive","FALSE","","V-SHAPE","2026-05-04","","18d","18","DOWNTREND","BEARISH","BEARISH","BEARISH","DOWNTREND DISCOUNT","SIDEWAYS","44.13","TRUE","FALSE","FALSE","LAGGING","LAGGARD (Passive)","0.38","0.38","DRY / QUIET","90","10","38.15","16.78","15.4","27.07","107.89","113.27","101.82","274743600","716769640","964","Supertrend bearish | RSI 38.1 lemah | Volume 0.38x | Lolos anti-crash ADX | RISEN SIDEWAYS","Full Grid (1-2-3-4)","100000000","123","113","111","107","0.1","0.2","0.3","0.4","813","1769","2702","3738","9022","99978400","21600","110.82","110.82","101","156","189","189","17.89","8.86","53.66","70.55","3","7.96"
"SHIP","2026-05-22","2026-05-22","558","FULL","1990","5.851063829787234","AVOID","-","passive","FALSE","","SMART SNIPER","2026-05-04","Structure + Discount","18d","18","DOWNTREND","BEARISH","BEARISH","BEARISH","STRUCTURE + DISCOUNT","NORMAL DOWNTREND","25","TRUE","FALSE","FALSE","LAGGING","LAGGARD (Passive)","0.24","0.24","DRY / QUIET","98.31","1.69","26.75","26.92","16.33","28.69","2952.84","3462.6","3852.62","60700","252990","964","Supertrend bearish | RSI 26.8 lemah | Volume 0.24x | Lolos anti-crash ADX | RISEN NORMAL DOWNTREND","Full Grid (1-2-3-4)","100000000","4300","3870","3760","3620","0.1","0.2","0.3","0.4","23","51","79","110","263","99151000","849000","3770","3770.46","3370","5700","7100","7100","21.63","10.61","65.12","88.33","3.01","8.33"
"SMDM","2026-05-22","2026-05-22","558","FULL","494","-1.2","AVOID","-","passive","FALSE","","V-SHAPE","2026-05-04","","18d","18","DOWNTREND","BEARISH","BEARISH","BEARISH","DOWNTREND DISCOUNT","NORMAL DOWNTREND","0","FALSE","FALSE","FALSE","LAGGING","LAGGARD (Passive)","0.25","0.25","DRY / QUIET","70","30","27.94","27.22","19.51","22.45","589.8","624.79","749.5","63500","249770","964","Supertrend bearish | RSI 27.9 lemah | Volume 0.25x | Lolos anti-crash ADX | RISEN NORMAL DOWNTREND","Full Grid (1-2-3-4)","100000000","630","570","555","530","0.1","0.2","0.3","0.4","158","350","540","754","1802","99836000","164000","554.03","554.06","492","835","1045","1045","21.9","11.2","65.87","88.62","3.01","7.92"
"URBN","2026-05-22","2026-05-22","558","FULL","197","0","AVOID","-","passive","FALSE","","G ACC","2026-05-04","","18d","18","DOWNTREND","BEARISH","BULLISH","BULLISH","DOWNTREND","NORMAL UPTREND","39.98","TRUE","TRUE","FALSE","WEAKENING","WEAKENING (Passive)","0.17","0.17","DRY / QUIET","100","0","47.8","29.01","32.98","26.63","204.41","195.26","174.3","201500","1215015","964","Supertrend bearish | RSI 47.8 lemah | Volume 0.17x | Lolos anti-crash ADX | RISEN NORMAL UPTREND","Full Grid (1-2-3-4)","100000000","252","195","181","162","0.1","0.2","0.3","0.4","396","1025","1657","2469","5547","99956200","43800","180.2","180.21","134","430","605","605","46.83","25.64","140.08","235.74","2.99","9.2"
"UVCR","2026-05-22","2026-05-22","558","FULL","228","0.8849557522123894","HOLD","-","passive","FALSE","","G ACC","2026-05-04","","18d","18","UPTREND","BULLISH","BULLISH","BULLISH","UPTREND PREMIUM","NORMAL UPTREND","32.29","TRUE","TRUE","FALSE","WEAKENING","WEAKENING (Passive)","1.29","1.29","EXPANSION","80","20","68.97","44.42","22.5","10.49","209.65","185","138.67","67434700","52252490","964","Supertrend bullish | RSI 69.0 > 50 | Volume valid 1.29x | Lolos anti-crash ADX | RISEN NORMAL UPTREND","Full Grid (1-2-3-4)","100000000","226","162","146","125","0.1","0.2","0.3","0.4","442","1234","2054","3200","6930","99968400","31600","144.25","144.26","94","424","620","620","58.41","34.84","174.34","329.8","2.98","9.47"
"YPAS","2026-05-22","2026-05-22","558","FULL","595","-9.848484848484848","AVOID","-","passive","FALSE","","BETA BREAKOUT","2026-05-04","","18d","18","DOWNTREND","BEARISH","BEARISH","BEARISH","DOWNTREND DISCOUNT","NORMAL UPTREND","0","FALSE","TRUE","FALSE","LAGGING","LAGGARD (Passive)","0.38","0.38","DRY / QUIET","23.53","76.47","27.21","25.46","19.88","33.36","1014.38","1045.15","732.71","150400","397100","964","Supertrend bearish | RSI 27.2 lemah | Volume 0.38x | Lolos anti-crash ADX | RISEN NORMAL UPTREND","Full Grid (1-2-3-4)","100000000","1515","1305","1255","1185","0.1","0.2","0.3","0.4","66","153","239","337","795","99894500","105500","1256.53","1256.5","1070","2180","2850","2850","29.37","14.85","88.12","126.81","3","8.54"
"MEGA","2026-05-22","2026-05-22","558","FULL","1865","0.5390835579514826","AVOID","-","passive","FALSE","","SMART GAMMA","2026-04-07","","45d","45","DOWNTREND","BEARISH","BEARISH","BEARISH","STRUCTURE + DISCOUNT","NORMAL DOWNTREND","65","TRUE","FALSE","FALSE","IMPROVING","IMPROVING (Passive)","0.2","0.2","DRY / QUIET","65","35","24.65","38.48","15.08","45.72","2265.36","2840.52","3353.57","42800","209380","960","Supertrend bearish | RSI 24.6 lemah | Volume 0.2x | Crash filter aktif | RISEN NORMAL DOWNTREND","Full Grid (1-2-3-4)","100000000","5600","4380","4090","3670","0.1","0.2","0.3","0.4","17","45","73","108","243","98723000","1277000","4062.67","4067.34","3080","9375","13150","13150","45","24.19","134.82","223.68","3","9.25"
"APIC","2026-05-22","2026-05-22","558","FULL","1345","-14.331210191082802","AVOID","-","passive","FALSE","","BETA BREAKOUT","2026-04-21","","31d","31","DOWNTREND","BEARISH","BEARISH","BULLISH","STRUCTURE + DISCOUNT","SIDEWAYS","0","TRUE","TRUE","TRUE","LAGGING","LAGGARD (Passive)","9.1","9.1","VOLUME SURGE","0","100","44.07","21.61","22.42","24.8","1572.52","1490.29","1341.79","64166200","7051175","958","Supertrend bearish | RSI 44.1 lemah | Volume valid 9.1x | Lolos anti-crash ADX | RISEN SIDEWAYS","Full Grid (1-2-3-4)","100000000","1500","1275","1220","1145","0.1","0.2","0.3","0.4","66","156","245","349","816","99640500","359500","1221.08","1221.34","1025","2210","2930","2930","31.67","16.06","95.33","139.95","3.01","8.72"
"AMFG","2026-05-22","2026-05-22","558","FULL","3130","0","AVOID","-","passive","FALSE","","BETA BREAKOUT","2026-03-11","","72d","72","DOWNTREND","BEARISH","BEARISH","BEARISH","STRUCTURE + DISCOUNT","SIDEWAYS","17.5","TRUE","FALSE","FALSE","LEADING","LEADING (Passive)","0.43","0.43","DRY / QUIET","100","0","39.87","41.02","35.67","16.34","3208.9","3264.76","3442.92","5900","13595","956","Supertrend bearish | RSI 39.9 lemah | Volume 0.43x | Lolos anti-crash ADX | RISEN SIDEWAYS","Full Grid (1-2-3-4)","100000000","3490","3330","3290","3230","0.1","0.2","0.3","0.4","28","60","91","123","302","99420000","580000","3292.05","3292.31","3140","4020","4540","4540","10.03","4.62","30.09","37.91","3","8.21"
"CMPP","2026-05-22","2026-05-22","558","FULL","71","0","AVOID","-","passive","FALSE","","EARLY SWEEP","2026-03-11","","72d","72","DOWNTREND","BEARISH","BEARISH","BEARISH","STRUCTURE + DISCOUNT","NORMAL DOWNTREND","43.97","TRUE","FALSE","FALSE","LEADING","LEADING (Passive)","0.18","0.18","DRY / QUIET","100","0","33.59","35.45","12.81","52.57","77.8","82.11","87.52","51100","282795","956","Supertrend bearish | RSI 33.6 lemah | Volume 0.18x | Crash filter aktif | RISEN NORMAL DOWNTREND","Full Grid (1-2-3-4)","100000000","107","97","95","91","0.1","0.2","0.3","0.4","934","2061","3157","4395","10547","99971500","28500","94.79","94.79","86","139","170","170","19.63","9.27","58.88","79.35","3","8.56"
"HATM","2026-05-22","2026-05-22","558","FULL","280","0","AVOID","-","passive","FALSE","","V-SHAPE","2026-04-30","","22d","22","DOWNTREND","BEARISH","BEARISH","BEARISH","STRUCTURE + DISCOUNT","NORMAL DOWNTREND","34.42","TRUE","FALSE","FALSE","WEAKENING","WEAKENING (Passive)","1.61","1.61","EXPANSION","71.43","28.57","32.56","23.16","11.68","30.78","302.12","311.49","312.37","27991000","17344315","956","Supertrend bearish | RSI 32.6 lemah | Volume valid 1.61x | Lolos anti-crash ADX | RISEN NORMAL DOWNTREND","Full Grid (1-2-3-4)","100000000","306","300","298","296","0.1","0.2","0.3","0.4","326","666","1006","1351","3349","99924000","76000","298.37","298.37","292","328","360","360","4.58","2.13","17.65","20.66","3.86","9.68"
"ICON","2026-05-22","2026-05-22","558","FULL","115","7.476635514018691","AVOID","-","passive","FALSE","","SMART GAMMA","2026-04-30","","22d","22","DOWNTREND","BEARISH","BEARISH","BULLISH","DEMAND STRUCTURE","NORMAL UPTREND","32.79","TRUE","TRUE","FALSE","LAGGING","LAGGARD (Passive)","0.45","0.45","DRY / QUIET","88.89","11.11","46.08","38.26","26.68","21.87","124.27","116.64","85.08","26191200","58671770","956","Supertrend bearish | RSI 46.1 lemah | Volume 0.45x | Lolos anti-crash ADX | RISEN NORMAL UPTREND","Full Grid (1-2-3-4)","100000000","141","121","116","110","0.1","0.2","0.3","0.4","709","1652","2586","3636","8583","99979700","20300","116.49","116.49","98","206","270","270","30.5","15.87","91.49","131.79","3","8.3"
"NAYZ","2026-05-22","2026-05-22","558","FULL","49","-2","AVOID","-","passive","FALSE","","V-SHAPE","2026-04-30","","22d","22","DOWNTREND","BEARISH","BEARISH","BEARISH","DOWNTREND DISCOUNT","NORMAL DOWNTREND","0","FALSE","FALSE","FALSE","LAGGING","LAGGARD (Passive)","0.2","0.2","DRY / QUIET","66.67","33.33","27.7","19.38","13.43","30.94","62.65","66.76","74.58","11538500","56804210","956","Supertrend bearish | RSI 27.7 lemah | Volume 0.2x | Lolos anti-crash ADX | RISEN NORMAL DOWNTREND","Full Grid (1-2-3-4)","100000000","71","65","64","62","0.1","0.2","0.3","0.4","1408","3076","4687","6451","15622","99983800","16200","64","64","58","91","110","110","18.31","9.38","54.93","71.87","3","7.66"
"PORT","2026-05-22","2026-05-22","558","FULL","920","3.3707865168539324","HOLD","-","passive","FALSE","","EARLY SWEEP","2026-03-11","","72d","72","UPTREND","BULLISH","NEUTRAL","BEARISH","STRUCTURE + DISCOUNT","SIDEWAYS","65.33","TRUE","FALSE","FALSE","LEADING","LEADING (Passive)","0.1","0.1","DRY / QUIET","100","0","52.4","54.67","32.4","10.53","908.41","920.45","977.24","3000","30335","956","Supertrend bullish | RSI 52.4 > 50 | Volume 0.1x | Lolos anti-crash ADX | RISEN SIDEWAYS","Full Grid (1-2-3-4)","100000000","1260","1125","1095","1050","0.1","0.2","0.3","0.4","79","177","273","380","909","99660000","340000","1096.37","1096.41","970","1695","2130","2130","23.02","11.53","69.05","94.28","3","8.18"
"RELF","2026-05-22","2026-05-22","558","FULL","34","0","AVOID","-","passive","FALSE","","SMART SNIPER","2026-04-30","Discount Only","22d","22","DOWNTREND","BEARISH","BEARISH","BEARISH","STRUCTURE + DISCOUNT","NORMAL DOWNTREND","42.2","TRUE","FALSE","FALSE","LAGGING","LAGGARD (Passive)","0.28","0.28","DRY / QUIET","100","0","30.07","18.99","12","24.8","38.56","39.82","39.02","1531800","5537590","956","Supertrend bearish | RSI 30.1 lemah | Volume 0.28x | Lolos anti-crash ADX | RISEN NORMAL DOWNTREND","Full Grid (1-2-3-4)","100000000","42","37","36","34","0.1","0.2","0.3","0.4","2380","5405","8333","11764","27882","99990900","9100","35.86","35.86","31","59","75","75","26.19","13.56","78.57","109.13","3","8.05"
"RUNS","2026-05-22","2026-05-22","558","FULL","83","3.75","AVOID","-","passive","FALSE","","BETA BREAKOUT","2026-03-11","","72d","72","DOWNTREND","BEARISH","BEARISH","BEARISH","STRUCTURE + DISCOUNT","NORMAL DOWNTREND","86.51","TRUE","FALSE","FALSE","LEADING","LEADING (Passive)","0.43","0.43","DRY / QUIET","83.33","16.67","48.02","25.37","19.36","10.66","83.69","86.57","86.8","677700","1588480","956","Supertrend bearish | RSI 48.0 lemah | Volume 0.43x | Lolos anti-crash ADX | RISEN NORMAL DOWNTREND","Full Grid (1-2-3-4)","100000000","101","90","87","84","0.1","0.2","0.3","0.4","990","2222","3448","4761","11421","99987000","13000","87.55","87.55","78","136","170","170","22.77","10.9","68.32","94.18","3","8.64"
"SDMU","2026-05-22","2026-05-22","558","FULL","74","4.225352112676056","AVOID","-","passive","FALSE","","G ACC","2026-04-30","","22d","22","DOWNTREND","BEARISH","BEARISH","BEARISH","DOWNTREND DISCOUNT","SIDEWAYS","25","TRUE","FALSE","FALSE","LAGGING","LAGGARD (Passive)","0.05","0.05","DRY / QUIET","81.82","18.18","37.71","35.73","22.31","23.07","92.75","93.74","80.49","9619700","188021045","956","Supertrend bearish | RSI 37.7 lemah | Volume 0.05x | Crash filter aktif | RISEN SIDEWAYS","Full Grid (1-2-3-4)","100000000","126","101","94","86","0.1","0.2","0.3","0.4","793","1980","3191","4651","10615","99983800","16200","94.19","94.19","72","208","288","288","42.86","23.56","128.57","205.76","3","8.73"
"SEMA","2026-05-22","2026-05-22","558","FULL","104","0.9708737864077669","AVOID","-","passive","FALSE","","V-SHAPE","2026-03-11","","72d","72","DOWNTREND","BEARISH","BEARISH","BEARISH","STRUCTURE + DISCOUNT","SIDEWAYS","91.56","TRUE","FALSE","FALSE","LEADING","LEADING (Passive)","0.62","0.62","DRY / QUIET","60","40","38.13","24.93","20.48","18.01","108.94","111.24","108.85","722600","1162590","956","Supertrend bearish | RSI 38.1 lemah | Volume 0.62x | Lolos anti-crash ADX | RISEN SIDEWAYS","Full Grid (1-2-3-4)","100000000","107","100","98","96","0.1","0.2","0.3","0.4","934","2000","3061","4166","10161","99985200","14800","98.4","98.4","91","131","155","155","14.95","7.52","44.86","57.52","3","7.65"
"ACST","2026-05-22","2026-05-22","558","FULL","82","-1.2048192771084338","AVOID","-","passive","FALSE","","EARLY SWEEP","2026-04-29","","23d","23","DOWNTREND","BEARISH","BEARISH","BEARISH","DOWNTREND DISCOUNT","NORMAL DOWNTREND","0","FALSE","FALSE","FALSE","LAGGING","LAGGARD (Passive)","0.3","0.3","DRY / QUIET","0","100","21.91","34.93","14.48","61.73","92.83","101.26","114.68","183200","613915","954","Supertrend bearish | RSI 21.9 lemah | Volume 0.3x | Crash filter aktif | RISEN NORMAL DOWNTREND","Full Grid (1-2-3-4)","100000000","187","159","152","142","0.1","0.2","0.3","0.4","534","1257","1973","2816","6580","99948900","51100","151.9","151.9","128","276","364","364","31.55","15.73","94.65","139.63","3","8.88"
"ADES","2026-05-22","2026-05-22","558","FULL","20650","0.24271844660194172","HOLD","-","passive","FALSE","","SMART GAMMA","2026-04-29","","23d","23","UPTREND","BULLISH","BULLISH","BULLISH","UPTREND PREMIUM","NORMAL UPTREND","25","TRUE","TRUE","FALSE","WEAKENING","WEAKENING (Passive)","0.3","0.3","DRY / QUIET","50","50","57.98","53.2","27.86","19","20231.79","18500.17","15513.57","20700","68930","954","Supertrend bullish | RSI 58.0 > 50 | Volume 0.3x | Lolos anti-crash ADX | RISEN NORMAL UPTREND","Full Grid (1-2-3-4)","100000000","20375","17550","16875","15925","0.1","0.2","0.3","0.4","4","11","17","25","57","95955000","4045000","16834.21","16892.03","14575","29075","37775","37775","28.47","13.42","85.4","124.39","3","9.27"
"BEST","2026-05-22","2026-05-22","558","FULL","100","-0.9900990099009901","AVOID","-","passive","FALSE","","V-SHAPE","2026-04-29","","23d","23","DOWNTREND","BEARISH","BEARISH","BEARISH","DOWNTREND DISCOUNT","SIDEWAYS","47.24","TRUE","FALSE","FALSE","WEAKENING","WEAKENING (Passive)","0.42","0.42","DRY / QUIET","66.67","33.33","33.11","15.36","13.36","25.74","106.8","108.13","108.31","6197900","14633240","954","Supertrend bearish | RSI 33.1 lemah | Volume 0.42x | Lolos anti-crash ADX | RISEN SIDEWAYS","Full Grid (1-2-3-4)","100000000","110","108","107","106","0.1","0.2","0.3","0.4","909","1851","2803","3773","9336","99975700","24300","107.09","107.09","104","119","131","131","5.45","2.88","19.09","22.33","3.5","7.75"
"DSNG","2026-05-22","2026-05-22","558","FULL","1280","0","AVOID","-","passive","FALSE","","SMART GAMMA","2026-04-29","","23d","23","DOWNTREND","BEARISH","BEARISH","BEARISH","STRUCTURE + DISCOUNT","NORMAL DOWNTREND","9.75","TRUE","FALSE","FALSE","LAGGING","LAGGARD (Passive)","1.55","1.55","EXPANSION","71.43","28.57","28.1","31.85","9.54","36.95","1546.7","1574.47","1469.25","22861700","14715785","954","Supertrend bearish | RSI 28.1 lemah | Volume valid 1.55x | Crash filter aktif | RISEN NORMAL DOWNTREND","Full Grid (1-2-3-4)","100000000","1850","1570","1500","1405","0.1","0.2","0.3","0.4","54","127","200","284","665","99831000","169000","1501.22","1501.19","1270","2720","3590","3590","31.35","15.4","94.05","139.14","3","9.03"
"HEXA","2026-05-22","2026-05-22","558","FULL","4380","0.9216589861751152","AVOID","-","passive","FALSE","","EARLY SWEEP","2026-03-10","","73d","73","DOWNTREND","BEARISH","BEARISH","BEARISH","DOWNTREND","SIDEWAYS","45.73","TRUE","FALSE","FALSE","LEADING","LEADING (Passive)","0.76","0.76","DRY / QUIET","100","0","39.74","23.58","13.51","34.45","4444.21","4447.95","4608.54","148200","193815","954","Supertrend bearish | RSI 39.7 lemah | Volume 0.76x | Lolos anti-crash ADX | RISEN SIDEWAYS","Full Grid (1-2-3-4)","100000000","5075","4940","4910","4860","0.1","0.2","0.3","0.4","19","40","61","82","202","99205500","794500","4911.16","4911.72","4790","5500","6050","6050","5.62","2.47","19.21","23.19","3.42","9.4"
"INOV","2026-05-22","2026-05-22","558","FULL","124","-1.5873015873015872","AVOID","-","passive","FALSE","","SMART SNIPER","2026-04-29","Demand Structure","23d","23","DOWNTREND","BEARISH","BEARISH","BEARISH","STRUCTURE + DISCOUNT","SIDEWAYS","36.1","TRUE","FALSE","FALSE","LAGGING","LAGGARD (Passive)","0.05","0.05","DRY / QUIET","50","50","40.48","33.6","28.58","18.16","137.64","139.97","130.3","1424100","26171905","954","Supertrend bearish | RSI 40.5 lemah | Volume 0.05x | Lolos anti-crash ADX | RISEN SIDEWAYS","Full Grid (1-2-3-4)","100000000","167","143","137","129","0.1","0.2","0.3","0.4","598","1398","2189","3100","7285","99957300","42700","137.21","137.21","117","242","318","318","29.94","14.73","90.42","131.76","3.02","8.95"
"MOLI","2026-05-22","2026-05-22","558","FULL","230","3.6036036036036037","AVOID","-","passive","FALSE","","SMART GAMMA","2026-04-29","","23d","23","DOWNTREND","BEARISH","BEARISH","BEARISH","STRUCTURE + DISCOUNT","SIDEWAYS","25","TRUE","FALSE","FALSE","LAGGING","LAGGARD (Passive)","0.37","0.37","DRY / QUIET","55.56","44.44","36.58","28.5","14.01","21.53","258.46","261.02","262.34","4143700","11111800","954","Supertrend bearish | RSI 36.6 lemah | Volume 0.37x | Lolos anti-crash ADX | RISEN SIDEWAYS","Full Grid (1-2-3-4)","100000000","284","244","234","222","0.1","0.2","0.3","0.4","352","819","1282","1801","4254","99961400","38600","234.98","234.98","202","408","530","530","28.87","14.04","86.62","125.55","3","8.94"
"SOHO","2026-05-22","2026-05-22","558","FULL","1595","-0.6230529595015576","AVOID","-","passive","FALSE","","V-SHAPE","2026-04-29","","23d","23","DOWNTREND","BEARISH","BEARISH","BEARISH","STRUCTURE + DISCOUNT","SIDEWAYS","65","TRUE","FALSE","FALSE","LAGGING","LAGGARD (Passive)","0.13","0.13","DRY / QUIET","52.94","47.06","33","12.3","25.25","19.56","1771.38","1917.24","1680.57","26900","200750","954","Supertrend bearish | RSI 33.0 lemah | Volume 0.13x | Lolos anti-crash ADX | RISEN SIDEWAYS","Full Grid (1-2-3-4)","100000000","1935","1845","1820","1790","0.1","0.2","0.3","0.4","51","108","164","223","546","99559500","440500","1823.43","1823.55","1720","2260","2530","2530","11.11","5.67","30.75","38.75","2.77","6.83"
"SOLA","2026-05-22","2026-05-22","482","FULL","111","0.9090909090909091","AVOID","-","passive","FALSE","","V-SHAPE","2026-04-29","","23d","23","DOWNTREND","BEARISH","BEARISH","BEARISH","STRUCTURE + DISCOUNT","SIDEWAYS","57.61","TRUE","FALSE","FALSE","WEAKENING","WEAKENING (Passive)","0.18","0.18","DRY / QUIET","100","0","31.91","23.66","16.52","28.61","121.59","124.31","124.6","4707100","25611015","954","Supertrend bearish | RSI 31.9 lemah | Volume 0.18x | Lolos anti-crash ADX | RISEN SIDEWAYS","Full Grid (1-2-3-4)","100000000","125","117","114","112","0.1","0.2","0.3","0.4","800","1709","2631","3571","8711","99983900","16100","114.78","114.78","106","154","182","182","15.2","7.65","45.6","58.57","3","7.66"
"TOOL","2026-05-22","2026-05-22","558","FULL","75","1.3513513513513513","AVOID","-","passive","FALSE","","BETA BREAKOUT","2026-04-29","","23d","23","DOWNTREND","BEARISH","BULLISH","BULLISH","STRUCTURE + DISCOUNT","SIDEWAYS","25","TRUE","FALSE","FALSE","LAGGING","LAGGARD (Passive)","0.1","0.1","DRY / QUIET","50","50","49.94","49.98","27.19","13","76","72.01","64.7","25283800","260338810","954","Supertrend bearish | RSI 49.9 lemah | Volume 0.1x | Lolos anti-crash ADX | RISEN SIDEWAYS","Full Grid (1-2-3-4)","100000000","94","74","69","63","0.1","0.2","0.3","0.4","1063","2702","4347","6349","14461","99980000","20000","69.14","69.14","53","156","218","218","43.62","23.34","131.91","215.31","3.02","9.22"
"UNIQ","2026-05-22","2026-05-22","558","FULL","107","0","AVOID","-","passive","FALSE","","V-SHAPE","2026-04-29","","23d","23","DOWNTREND","BEARISH","BEARISH","BEARISH","STRUCTURE + DISCOUNT","NORMAL DOWNTREND","45.09","TRUE","FALSE","FALSE","LAGGING","LAGGARD (Passive)","0.13","0.13","DRY / QUIET","57.14","42.86","21.34","25.52","13.75","32.51","122.59","145.09","272.85","863000","6531660","954","Supertrend bearish | RSI 21.3 lemah | Volume 0.13x | Lolos anti-crash ADX | RISEN NORMAL DOWNTREND","Full Grid (1-2-3-4)","100000000","134","127","125","123","0.1","0.2","0.3","0.4","746","1574","2400","3252","7972","99985800","14200","125.42","125.42","118","158","170","170","11.94","5.92","26.87","35.54","2.25","6.01"
"AREA","2026-05-22","2026-05-22","502","FULL","242","5.217391304347826","AVOID","-","passive","FALSE","","EARLY SWEEP","2026-04-28","","24d","24","DOWNTREND","BEARISH","BEARISH","BEARISH","DOWNTREND DISCOUNT","NORMAL DOWNTREND","29.66","TRUE","FALSE","FALSE","LAGGING","LAGGARD (Passive)","1.06","1.06","NORMAL","62.5","37.5","25.05","29.91","6.84","34.74","297.66","330.02","406.17","675600","638075","952","Supertrend bearish | RSI 25.1 lemah | Volume 1.06x | Lolos anti-crash ADX | RISEN NORMAL DOWNTREND","Full Grid (1-2-3-4)","100000000","535","525","520","515","0.1","0.2","0.3","0.4","186","380","576","776","1918","99817000","183000","520.42","520.43","505","580","640","640","5.61","2.96","19.63","22.98","3.5","7.75"
"BAPI","2026-05-22","2026-05-22","558","FULL","20","5.263157894736842","AVOID","-","passive","FALSE","","V-SHAPE","2026-04-28","","24d","24","DOWNTREND","BEARISH","BEARISH","BEARISH","DOWNTREND DISCOUNT","NORMAL DOWNTREND","65","TRUE","FALSE","FALSE","LAGGING","LAGGARD (Passive)","0.38","0.38","DRY / QUIET","100","0","26.33","35.97","10.56","60.73","24.45","27.26","26.58","2907300","7713060","952","Supertrend bearish | RSI 26.3 lemah | Volume 0.38x | Crash filter aktif | RISEN NORMAL DOWNTREND","Full Grid (1-2-3-4)","100000000","30","28","27","26","0.1","0.2","0.3","0.4","3333","7142","11111","15384","36970","99994700","5300","27.05","27.05","25","38","45","45","16.67","7.57","50","66.37","3","8.77"
"BSIM","2026-05-22","2026-05-22","558","FULL","790","-0.628930817610063","AVOID","-","passive","FALSE","","EARLY SWEEP","2026-03-09","","74d","74","DOWNTREND","BEARISH","BEARISH","BEARISH","STRUCTURE + DISCOUNT","NORMAL DOWNTREND","60.48","TRUE","FALSE","FALSE","LEADING","LEADING (Passive)","1.58","1.58","EXPANSION","0","100","25.95","16.22","16.25","21.29","849.23","895.28","931.26","63200","40075","952","Supertrend bearish | RSI 25.9 lemah | Volume valid 1.58x | Lolos anti-crash ADX | RISEN NORMAL DOWNTREND","Full Grid (1-2-3-4)","100000000","1130","985","950","900","0.1","0.2","0.3","0.4","88","203","315","444","1050","99824500","175500","950.71","950.77","825","1590","2050","2050","26.99","13.22","81.42","115.63","3.02","8.74"
"DYAN","2026-05-22","2026-05-22","558","FULL","79","2.5974025974025974","AVOID","-","passive","FALSE","","V-SHAPE","2026-04-28","","24d","24","DOWNTREND","BEARISH","BEARISH","BEARISH","STRUCTURE + DISCOUNT","SIDEWAYS","17.5","TRUE","FALSE","FALSE","WEAKENING","WEAKENING (Passive)","0.2","0.2","DRY / QUIET","66.67","33.33","44.96","35.97","30.09","20.86","84.92","84.68","87.15","3176500","16286985","952","Supertrend bearish | RSI 45.0 lemah | Volume 0.2x | Lolos anti-crash ADX | RISEN SIDEWAYS","Full Grid (1-2-3-4)","100000000","84","81","80","79","0.1","0.2","0.3","0.4","1190","2469","3750","5063","12472","99992600","7400","80.17","80.17","77","95","105","105","8.33","3.96","25","30.97","3","7.82"
"ELSA","2026-05-22","2026-05-22","558","FULL","660","3.125","AVOID","-","passive","FALSE","","SMART GAMMA","2026-04-28","","24d","24","DOWNTREND","BEARISH","BEARISH","BULLISH","STRUCTURE + DISCOUNT","NORMAL DOWNTREND","49.82","TRUE","FALSE","FALSE","LAGGING","LAGGARD (Passive)","0.47","0.47","DRY / QUIET","100","0","38.25","21.89","12.74","30.86","714.46","722.36","624.53","28438600","60066650","952","Supertrend bearish | RSI 38.3 lemah | Volume 0.47x | Lolos anti-crash ADX | RISEN NORMAL DOWNTREND","Full Grid (1-2-3-4)","100000000","830","745","720","690","0.1","0.2","0.3","0.4","120","268","416","579","1383","99829000","171000","721.83","721.86","645","1110","1385","1385","22.29","10.64","66.87","91.87","3","8.63"
"GGRM","2026-05-22","2026-05-22","558","FULL","15800","-2.4691358024691357","HOLD","-","passive","FALSE","","BETA BREAKOUT","2026-04-28","","24d","24","UPTREND","BEARISH","BULLISH","BULLISH","UPTREND PREMIUM","NORMAL UPTREND","21.38","TRUE","TRUE","FALSE","WEAKENING","WEAKENING (Passive)","0.57","0.57","DRY / QUIET","5.88","94.12","49.93","35.12","29.21","13.65","15958.76","15490.54","14221.23","784000","1372005","952","Supertrend bullish | RSI 49.9 lemah | Volume 0.57x | Lolos anti-crash ADX | RISEN NORMAL UPTREND","Full Grid (1-2-3-4)","100000000","16175","14875","14550","14100","0.1","0.2","0.3","0.4","6","13","20","28","67","97622500","2377500","14570.52","14574.05","13425","20300","24425","24425","17","7.86","51","67.63","3","8.6"
"JATI","2026-05-22","2026-05-22","558","FULL","98","0","AVOID","-","passive","FALSE","","V-SHAPE","2026-03-09","","74d","74","DOWNTREND","BEARISH","BEARISH","BEARISH","DOWNTREND DISCOUNT","NORMAL DOWNTREND","83","TRUE","FALSE","FALSE","LEADING","LEADING (Passive)","1.8","1.8","EXPANSION","85.71","14.29","33.74","10.12","18.49","23.24","103.5","107.45","114.05","12876500","7137225","952","Supertrend bearish | RSI 33.7 lemah | Volume valid 1.8x | Lolos anti-crash ADX | RISEN NORMAL DOWNTREND","Full Grid (1-2-3-4)","100000000","111","101","99","95","0.1","0.2","0.3","0.4","900","1980","3030","4210","10120","99980000","20000","98.79","98.8","89","144","177","177","19.82","9.91","59.46","79.16","3","7.98"
"KOCI","2026-05-22","2026-05-22","558","FULL","99","5.319148936170213","AVOID","-","passive","FALSE","","SMART SNIPER","2026-04-28","Demand Structure","24d","24","DOWNTREND","BEARISH","BEARISH","BEARISH","STRUCTURE + DISCOUNT","SIDEWAYS","46.62","TRUE","FALSE","FALSE","LAGGING","LAGGARD (Passive)","0.19","0.19","DRY / QUIET","71.43","28.57","36.31","26.2","25.53","21.34","116.71","125.42","112.69","17945300","92907070","952","Supertrend bearish | RSI 36.3 lemah | Volume 0.19x | Lolos anti-crash ADX | RISEN SIDEWAYS","Full Grid (1-2-3-4)","100000000","151","124","117","108","0.1","0.2","0.3","0.4","662","1612","2564","3703","8541","99976200","23800","117.05","117.06","93","238","254","254","38.41","20.55","68.21","116.99","1.78","5.69"
"LMPI","2026-05-22","2026-05-22","558","FULL","152","1.3333333333333335","AVOID","-","passive","FALSE","","SMART SNIPER","2026-04-28","Demand Structure","24d","24","DOWNTREND","BEARISH","BEARISH","BEARISH","STRUCTURE + DISCOUNT","SIDEWAYS","55.07","TRUE","FALSE","FALSE","WEAKENING","WEAKENING (Passive)","0.03","0.03","DRY / QUIET","66.67","33.33","44.82","36.31","19.98","18.19","158.66","159.38","153.77","66600","2606675","952","Supertrend bearish | RSI 44.8 lemah | Volume 0.03x | Lolos anti-crash ADX | RISEN SIDEWAYS","Full Grid (1-2-3-4)","100000000","202","167","158","146","0.1","0.2","0.3","0.4","495","1197","1898","2739","6329","99966700","33300","157.95","157.95","128","314","324","324","36.63","18.96","60.4","105.13","1.65","5.54"
"MERK","2026-05-22","2026-05-22","558","FULL","4040","1.507537688442211","AVOID","-","passive","FALSE","","SMART GAMMA","2026-04-28","","24d","24","DOWNTREND","BULLISH","BULLISH","BULLISH","DOWNTREND PREMIUM","NORMAL UPTREND","53.41","TRUE","TRUE","FALSE","LAGGING","LAGGARD (Passive)","0.15","0.15","DRY / QUIET","61.76","38.24","54.75","37.07","21.05","23.95","3986.36","3736.51","3372.18","20600","133660","952","Supertrend bearish | RSI 54.8 > 50 | Volume 0.15x | Crash filter aktif | RISEN NORMAL UPTREND","Full Grid (1-2-3-4)","100000000","4130","3570","3430","3240","0.1","0.2","0.3","0.4","24","56","87","123","290","99597000","403000","3434.38","3434.59","2980","5850","7575","7575","27.85","13.23","83.41","120.56","3","9.11"
"PADA","2026-05-22","2026-05-22","558","FULL","134","6.349206349206349","AVOID","-","passive","FALSE","","SMART GAMMA","2026-04-28","","24d","24","DOWNTREND","BEARISH","BEARISH","BEARISH","DOWNTREND DISCOUNT","NORMAL DOWNTREND","32.78","TRUE","FALSE","FALSE","LAGGING","LAGGARD (Passive)","0.19","0.19","DRY / QUIET","100","0","39.12","22.69","14.49","25.83","159.43","166.66","146.61","14090200","72662685","952","Supertrend bearish | RSI 39.1 lemah | Volume 0.19x | Lolos anti-crash ADX | RISEN NORMAL DOWNTREND","Full Grid (1-2-3-4)","100000000","212","164","152","136","0.1","0.2","0.3","0.4","471","1219","1973","2941","6604","99964000","36000","151.37","151.38","110","366","520","520","48.11","27.33","145.28","243.53","3.02","8.91"
"PAMG","2026-05-22","2026-05-22","558","FULL","53","-1.8518518518518516","AVOID","-","passive","FALSE","","V-SHAPE","2026-04-28","","24d","24","DOWNTREND","BEARISH","BEARISH","BEARISH","DOWNTREND DISCOUNT","SIDEWAYS","0","FALSE","FALSE","FALSE","LAGGING","LAGGARD (Passive)","0.17","0.17","DRY / QUIET","33.33","66.67","31.48","17.89","15.54","19.24","59.24","60.58","65.01","2153800","12331935","952","Supertrend bearish | RSI 31.5 lemah | Volume 0.17x | Lolos anti-crash ADX | RISEN SIDEWAYS","Full Grid (1-2-3-4)","100000000","65","58","56","53","0.1","0.2","0.3","0.4","1538","3448","5357","7547","17890","99993700","6300","55.89","55.89","49","89","113","113","24.62","12.33","73.85","102.17","3","8.28"
"PPRE","2026-05-22","2026-05-22","558","FULL","106","7.07070707070707","AVOID","-","passive","FALSE","","SMART SNIPER","2026-04-28","Discount Only","24d","24","DOWNTREND","BEARISH","BEARISH","BEARISH","STRUCTURE + DISCOUNT","NORMAL DOWNTREND","57.84","TRUE","FALSE","FALSE","LAGGING","LAGGARD (Passive)","0.14","0.14","DRY / QUIET","100","0","38.66","15.72","18.05","25.78","122.72","137.85","132.24","27470100","197569095","952","Supertrend bearish | RSI 38.7 lemah | Volume 0.14x | Lolos anti-crash ADX | RISEN NORMAL DOWNTREND","Full Grid (1-2-3-4)","100000000","159","125","117","106","0.1","0.2","0.3","0.4","628","1600","2564","3773","8565","99977800","22200","116.73","116.73","88","266","372","372","44.65","24.61","133.96","218.69","3","8.89"
"TAYS","2026-05-22","2026-05-22","558","FULL","50","0","AVOID","-","passive","FALSE","","V-SHAPE","2026-04-28","","24d","24","DOWNTREND","BEARISH","BEARISH","BEARISH","DOWNTREND DISCOUNT","NORMAL DOWNTREND","56.16","TRUE","FALSE","FALSE","LAGGING","LAGGARD (Passive)","0.47","0.47","DRY / QUIET","0","100","23.31","20.03","21.08","27.12","59.7","63.4","68.29","10184800","21506225","952","Supertrend bearish | RSI 23.3 lemah | Volume 0.47x | Lolos anti-crash ADX | RISEN NORMAL DOWNTREND","Full Grid (1-2-3-4)","100000000","65","62","61","60","0.1","0.2","0.3","0.4","1538","3225","4918","6666","16347","99987800","12200","61.17","61.17","58","76","86","86","10.77","5.18","32.31","40.6","3","7.84"
"TRUE","2026-05-22","2026-05-22","558","FULL","108","8","AVOID","-","passive","FALSE","","EARLY SWEEP","2026-04-28","","24d","24","DOWNTREND","BEARISH","BEARISH","BEARISH","DOWNTREND DISCOUNT","NORMAL DOWNTREND","65","TRUE","FALSE","FALSE","LAGGING","LAGGARD (Passive)","0.67","0.67","DRY / QUIET","100","0","29.14","21.11","12.26","33.62","141.28","166.94","160.91","26302300","39195525","952","Supertrend bearish | RSI 29.1 lemah | Volume 0.67x | Lolos anti-crash ADX | RISEN NORMAL DOWNTREND","Full Grid (1-2-3-4)","100000000","185","152","144","133","0.1","0.2","0.3","0.4","540","1315","2083","3007","6945","99966300","33700","143.94","143.94","114","292","482","482","38.38","20.8","160.54","234.86","4.18","11.29"
"AALI","2026-05-22","2026-05-22","558","FULL","6600","1.1494252873563218","AVOID","-","passive","FALSE","","SMART GAMMA","2026-04-27","","25d","25","DOWNTREND","BEARISH","BEARISH","BEARISH","DOWNTREND DISCOUNT","NORMAL DOWNTREND","12.2","TRUE","FALSE","FALSE","LAGGING","LAGGARD (Passive)","1.36","1.36","EXPANSION","81.25","18.75","26.8","34.78","8.4","35.53","7567.43","7695.63","7427.8","4181500","3083985","950","Supertrend bearish | RSI 26.8 lemah | Volume valid 1.36x | Crash filter aktif | RISEN NORMAL DOWNTREND","Full Grid (1-2-3-4)","100000000","8350","7725","7575","7375","0.1","0.2","0.3","0.4","11","25","39","54","129","97865000","2135000","7586.43","7592.6","7050","10300","12250","12250","15.57","7.07","46.71","61.47","3","8.69"
"AEGS","2026-05-22","2026-05-22","558","FULL","46","4.545454545454546","AVOID","-","passive","FALSE","","SMART SNIPER","2026-04-27","Structure + Discount","25d","25","DOWNTREND","BEARISH","BEARISH","BEARISH","STRUCTURE + DISCOUNT","SIDEWAYS","55.72","TRUE","FALSE","FALSE","LAGGING","LAGGARD (Passive)","0.37","0.37","DRY / QUIET","100","0","39.04","26.06","10.12","30.34","49.71","52.66","55.25","1623200","4398010","950","Supertrend bearish | RSI 39.0 lemah | Volume 0.37x | Lolos anti-crash ADX | RISEN SIDEWAYS","Full Grid (1-2-3-4)","100000000","55","48","46","43","0.1","0.2","0.3","0.4","1818","4166","6521","9302","21807","99991000","9000","45.85","45.85","39","79","103","103","29.09","14.95","87.27","124.63","3","8.34"
"AKRA","2026-05-22","2026-05-22","558","FULL","1350","0.7462686567164178","AVOID","-","passive","FALSE","","SMART GAMMA","2026-04-27","","25d","25","DOWNTREND","BEARISH","BEARISH","BULLISH","DEMAND STRUCTURE","NORMAL DOWNTREND","17.5","TRUE","FALSE","FALSE","WEAKENING","WEAKENING (Passive)","0.67","0.67","DRY / QUIET","76.92","23.08","37.21","27.18","9.3","25.66","1447.54","1417.29","1318.86","11464500","17105675","950","Supertrend bearish | RSI 37.2 lemah | Volume 0.67x | Lolos anti-crash ADX | RISEN NORMAL DOWNTREND","Full Grid (1-2-3-4)","100000000","1560","1390","1345","1290","0.1","0.2","0.3","0.4","64","143","223","310","740","99844500","155500","1349.25","1349.32","1205","2090","2630","2630","22.76","10.69","68.59","94.92","3.01","8.88"
"ARCI","2026-05-22","2026-05-22","558","FULL","1210","10","AVOID","-","passive","FALSE","","SMART GAMMA","2026-04-27","","25d","25","DOWNTREND","BEARISH","BEARISH","BEARISH","DOWNTREND DISCOUNT","NORMAL DOWNTREND","18.49","TRUE","FALSE","FALSE","LAGGING","LAGGARD (Passive)","1.13","1.13","NORMAL","96.97","3.03","34.82","26.01","10.39","37.03","1399.24","1503.46","1323.34","62968200","55848315","950","Supertrend bearish | RSI 34.8 lemah | Volume 1.13x | Lolos anti-crash ADX | RISEN NORMAL DOWNTREND","Full Grid (1-2-3-4)","100000000","1680","1500","1460","1395","0.1","0.2","0.3","0.4","59","133","205","286","683","99689000","311000","1459.58","1459.69","1305","2240","2810","2810","22.32","10.59","67.26","92.52","3.01","8.74"
"BLOG","2026-05-22","2026-05-22","209","IPO / SHORT","356","-4.301075268817205","AVOID","-","passive","FALSE","","V-SHAPE","2026-04-27","","25d","25","DOWNTREND","BEARISH","BEARISH","BEARISH","DOWNTREND DISCOUNT","NORMAL DOWNTREND","35.58","TRUE","FALSE","FALSE","WEAKENING","WEAKENING (Passive)","1.48","1.48","EXPANSION","45","55","26.29","33.47","6.19","30.12","387.53","394.06","415.68","1481400","1002925","950","Supertrend bearish | RSI 26.3 lemah | Volume valid 1.48x | Crash filter aktif | RISEN NORMAL DOWNTREND","Full Grid (1-2-3-4)","100000000","400","392","390","388","0.1","0.2","0.3","0.4","250","510","769","1030","2559","99947000","53000","390.57","390.57","382","428","470","470","4.5","2.19","17.5","20.34","3.89","9.27"
"BSDE","2026-05-22","2026-05-22","558","FULL","685","2.2388059701492535","AVOID","-","passive","FALSE","","V-SHAPE","2026-04-27","","25d","25","DOWNTREND","BEARISH","BEARISH","BEARISH","DOWNTREND DISCOUNT","NORMAL DOWNTREND","22.5","TRUE","FALSE","FALSE","LAGGING","LAGGARD (Passive)","0.75","0.75","DRY / QUIET","75","25","32.4","31.36","8.36","29.96","745.75","777.22","865.96","8608800","11428770","950","Supertrend bearish | RSI 32.4 lemah | Volume 0.75x | Crash filter aktif | RISEN NORMAL DOWNTREND","Full Grid (1-2-3-4)","100000000","795","755","745","730","0.1","0.2","0.3","0.4","125","264","402","547","1338","99749500","250500","745.51","745.54","710","925","1050","1050","10.69","4.76","32.08","40.84","3","8.57"
"JAWA","2026-05-22","2026-05-22","558","FULL","126","-3.076923076923077","AVOID","-","passive","FALSE","","V-SHAPE","2026-04-27","","25d","25","DOWNTREND","BEARISH","BEARISH","BEARISH","DOWNTREND DISCOUNT","NORMAL DOWNTREND","0","FALSE","FALSE","FALSE","LAGGING","LAGGARD (Passive)","0.09","0.09","DRY / QUIET","45.45","54.55","30.42","19.38","11.59","29.06","154.52","159.97","159.44","1225000","13975495","950","Supertrend bearish | RSI 30.4 lemah | Volume 0.09x | Lolos anti-crash ADX | RISEN NORMAL DOWNTREND","Full Grid (1-2-3-4)","100000000","206","176","168","158","0.1","0.2","0.3","0.4","485","1136","1785","2531","5937","99962400","37600","168.37","168.37","143","300","396","396","30.58","15.07","92.23","135.19","3.02","8.97"
"PKPK","2026-05-22","2026-05-22","558","FULL","2920","16.334661354581673","AVOID","-","passive","FALSE","","G ACC","2026-04-27","","25d","25","DOWNTREND","BULLISH","BULLISH","BULLISH","DEMAND STRUCTURE","NORMAL UPTREND","14.75","TRUE","TRUE","FALSE","WEAKENING","WEAKENING (Passive)","0.76","0.76","DRY / QUIET","89.13","10.87","53.63","32","16.72","21.46","2862.21","2552.97","1672.82","3191100","4181960","950","Supertrend bearish | RSI 53.6 > 50 | Volume 0.76x | Crash filter aktif | RISEN NORMAL UPTREND","Full Grid (1-2-3-4)","100000000","3660","2640","2400","2060","0.1","0.2","0.3","0.4","27","75","125","194","421","99646000","354000","2366.89","2368.24","1570","6800","9925","9925","57.1","33.67","171.17","319.33","3","9.48"
"SOTS","2026-05-22","2026-05-22","558","FULL","760","-13.142857142857142","AVOID","-","passive","FALSE","","SMART SNIPER","2026-04-16","Discount Only","36d","36","DOWNTREND","BEARISH","BEARISH","BEARISH","STRUCTURE + DISCOUNT","SIDEWAYS","70.25","TRUE","FALSE","TRUE","LAGGING","LAGGARD (Passive)","3.4","3.4","VOLUME SURGE","6.25","93.75","37.67","12.13","23.5","24.13","930.95","1142.49","1143.04","3878400","1142125","948","Supertrend bearish | RSI 37.7 lemah | Volume valid 3.4x | Lolos anti-crash ADX | RISEN SIDEWAYS","Full Grid (1-2-3-4)","100000000","1215","935","870","775","0.1","0.2","0.3","0.4","82","213","344","516","1155","99796500","203500","864.04","864.18","620","2110","3000","3000","48.97","28.24","146.91","247.21","3","8.75"
"INCI","2026-05-22","2026-05-22","558","FULL","690","-2.127659574468085","AVOID","-","passive","FALSE","","G ACC","2026-02-24","","87d","87","DOWNTREND","BEARISH","BEARISH","BULLISH","DOWNTREND DISCOUNT","NORMAL DOWNTREND","75","TRUE","FALSE","TRUE","LEADING","LEADING (Passive)","2.69","2.69","VOLUME SURGE","60","40","35.93","14.91","9.3","23.31","714.26","716.31","683.68","123800","45955","946","Supertrend bearish | RSI 35.9 lemah | Volume valid 2.69x | Lolos anti-crash ADX | RISEN NORMAL DOWNTREND","Full Grid (1-2-3-4)","100000000","885","760","730","690","0.1","0.2","0.3","0.4","112","263","410","579","1364","99781000","219000","731.53","731.62","625","1275","1665","1665","29.38","14.56","88.14","127.6","3","8.76"
"BMHS","2026-05-22","2026-05-22","558","FULL","178","-1.1111111111111112","AVOID","-","passive","FALSE","","V-SHAPE","2026-03-05","","78d","78","DOWNTREND","BEARISH","BEARISH","BEARISH","STRUCTURE + DISCOUNT","NORMAL DOWNTREND","25","TRUE","FALSE","FALSE","LEADING","LEADING (Passive)","0.25","0.25","DRY / QUIET","77.78","22.22","38.52","22.98","22.44","16.59","185.07","186.75","193.94","1704200","6749910","944","Supertrend bearish | RSI 38.5 lemah | Volume 0.25x | Lolos anti-crash ADX | RISEN NORMAL DOWNTREND","Full Grid (1-2-3-4)","100000000","193","188","186","184","0.1","0.2","0.3","0.4","518","1063","1612","2173","5366","99948200","51800","186.26","186.26","180","212","234","234","6.74","3.36","21.24","25.63","3.15","7.62"
"BNBA","2026-05-22","2026-05-22","558","FULL","665","0.7575757575757576","AVOID","-","passive","FALSE","","SMART SNIPER + V-SHAPE","2026-04-24","Structure + Discount","28d","28","DOWNTREND","BEARISH","BEARISH","BEARISH","DOWNTREND DISCOUNT","SIDEWAYS","28.45","TRUE","FALSE","FALSE","LAGGING","LAGGARD (Passive)","0.58","0.58","DRY / QUIET","85.71","14.29","35.21","18.9","12.79","28.93","739.69","750.63","752.54","617800","1069250","944","Supertrend bearish | RSI 35.2 lemah | Volume 0.58x | Lolos anti-crash ADX | RISEN SIDEWAYS","Full Grid (1-2-3-4)","100000000","865","780","755","725","0.1","0.2","0.3","0.4","115","256","397","551","1319","99836500","163500","756.91","756.95","680","1145","1420","1420","21.39","10.16","64.16","87.6","3","8.62"
"BRNA","2026-05-22","2026-05-22","558","FULL","600","-4","AVOID","-","passive","FALSE","","BETA BREAKOUT","2026-04-24","","28d","28","DOWNTREND","BEARISH","BEARISH","BEARISH","STRUCTURE + DISCOUNT","NORMAL DOWNTREND","60","TRUE","FALSE","FALSE","WEAKENING","WEAKENING (Passive)","0.21","0.21","DRY / QUIET","30","70","38.06","24.38","19.6","17.87","656.15","668.88","692.54","65600","316365","944","Supertrend bearish | RSI 38.1 lemah | Volume 0.21x | Lolos anti-crash ADX | RISEN NORMAL DOWNTREND","Full Grid (1-2-3-4)","100000000","790","695","675","640","0.1","0.2","0.3","0.4","126","287","444","625","1482","99870500","129500","673.89","673.95","590","1090","1390","1390","25.32","12.45","75.95","106.27","3","8.54"
"CTTH","2026-05-22","2026-05-22","558","FULL","182","-9.900990099009901","AVOID","-","passive","FALSE","","G ACC","2026-04-24","","28d","28","DOWNTREND","BULLISH","BULLISH","BULLISH","DOWNTREND PREMIUM","NORMAL UPTREND","25","TRUE","TRUE","FALSE","WEAKENING","WEAKENING (Passive)","0.01","0.01","DRY / QUIET","50","50","61.91","55.71","37.22","19.87","172.81","139.89","95.59","398700","78750975","944","Supertrend bearish | RSI 61.9 > 50 | Volume 0.01x | Lolos anti-crash ADX | RISEN NORMAL UPTREND","Full Grid (1-2-3-4)","100000000","161","115","104","88","0.1","0.2","0.3","0.4","621","1739","2884","4545","9789","99986200","13800","102.14","102.14","65","306","450","450","59.63","36.36","179.5","340.57","3.01","9.37"
"DAAZ","2026-05-22","2026-05-22","358","FULL","1700","5.590062111801243","AVOID","-","passive","FALSE","","V-SHAPE","2026-04-24","","28d","28","DOWNTREND","BEARISH","BEARISH","BEARISH","DOWNTREND DISCOUNT","NORMAL DOWNTREND","65","TRUE","FALSE","FALSE","LAGGING","LAGGARD (Passive)","0.56","0.56","DRY / QUIET","100","0","24.44","37.02","7.9","40.29","2148.6","2466.6","2911.04","375700","666925","944","Supertrend bearish | RSI 24.4 lemah | Volume 0.56x | Crash filter aktif | RISEN NORMAL DOWNTREND","Full Grid (1-2-3-4)","100000000","2370","2310","2290","2270","0.1","0.2","0.3","0.4","42","86","131","176","435","99771000","229000","2293.59","2293.63","2200","2700","2750","2750","7.17","4.08","16.03","19.9","2.24","4.88"
"HEAL","2026-05-22","2026-05-22","558","FULL","975","-0.5102040816326531","AVOID","-","passive","FALSE","","EARLY SWEEP","2026-03-05","","78d","78","DOWNTREND","BEARISH","BEARISH","BEARISH","DOWNTREND DISCOUNT","NORMAL DOWNTREND","0","FALSE","FALSE","FALSE","LEADING","LEADING (Passive)","0.26","0.26","DRY / QUIET","42.86","57.14","19.83","31.27","10.68","30.58","1063.67","1155.63","1328.58","2871800","11029690","944","Supertrend bearish | RSI 19.8 lemah | Volume 0.26x | Crash filter aktif | RISEN NORMAL DOWNTREND","Full Grid (1-2-3-4)","100000000","1465","1400","1385","1365","0.1","0.2","0.3","0.4","68","142","216","293","719","99752500","247500","1387.38","1387.42","1325","1675","1885","1885","9.56","4.5","28.67","35.87","3","7.98"
"ISAT","2026-05-22","2026-05-22","558","FULL","2050","-1.4423076923076923","AVOID","-","passive","FALSE","","EARLY SWEEP","2026-04-24","","28d","28","DOWNTREND","BEARISH","BEARISH","BEARISH","DEMAND STRUCTURE","SIDEWAYS","39.43","TRUE","FALSE","FALSE","WEAKENING","WEAKENING (Passive)","0.62","0.62","DRY / QUIET","33.33","66.67","43.84","21.42","21.75","20.19","2140.74","2134.99","2317.92","10055100","16222130","944","Supertrend bearish | RSI 43.8 lemah | Volume 0.62x | Lolos anti-crash ADX | RISEN SIDEWAYS","Full Grid (1-2-3-4)","100000000","2200","2110","2090","2060","0.1","0.2","0.3","0.4","45","94","143","194","476","99585000","415000","2092.12","2092.24","1995","2510","2820","2820","9.32","4.64","28.18","34.79","3.02","7.49"
"MDLN","2026-05-22","2026-05-22","558","FULL","50","0","AVOID","-","passive","FALSE","","V-SHAPE","2026-03-05","","78d","78","DOWNTREND","BEARISH","BEARISH","BEARISH","STRUCTURE + DISCOUNT","NORMAL DOWNTREND","62.91","TRUE","FALSE","FALSE","LEADING","LEADING (Passive)","0.06","0.06","DRY / QUIET","50","50","34.33","21.8","17.04","18.14","52.99","54.97","57.84","1188600","20848710","944","Supertrend bearish | RSI 34.3 lemah | Volume 0.06x | Lolos anti-crash ADX | RISEN NORMAL DOWNTREND","Full Grid (1-2-3-4)","100000000","57","55","55","54","0.1","0.2","0.3","0.4","1754","3636","5454","7407","18251","99990600","9400","54.79","54.79","52","65","72","72","8.77","5.09","26.32","31.42","3","6.18"
"PPGL","2026-05-22","2026-05-22","558","FULL","195","9.550561797752808","AVOID","-","passive","FALSE","","SMART GAMMA","2026-04-14","","38d","38","DOWNTREND","BEARISH","BEARISH","BULLISH","DOWNTREND","SIDEWAYS","35","TRUE","FALSE","TRUE","WEAKENING","WEAKENING (Passive)","2.87","2.87","VOLUME SURGE","50","50","44.01","14.75","16","18.56","208.07","211.56","181.84","3694600","1285160","944","Supertrend bearish | RSI 44.0 lemah | Volume valid 2.87x | Lolos anti-crash ADX | RISEN SIDEWAYS","Full Grid (1-2-3-4)","100000000","228","204","197","189","0.1","0.2","0.3","0.4","438","980","1522","2116","5056","99954200","45800","197.69","197.7","175","308","388","388","23.25","11.48","70.18","96.26","3.02","8.39"
"PSDN","2026-05-22","2026-05-22","558","FULL","129","2.380952380952381","AVOID","-","passive","FALSE","","SMART GAMMA","2026-04-24","","28d","28","DOWNTREND","BEARISH","BEARISH","BULLISH","STRUCTURE + DISCOUNT","NORMAL UPTREND","25","TRUE","TRUE","FALSE","LAGGING","LAGGARD (Passive)","0.08","0.08","DRY / QUIET","65","35","38.8","28.76","23.68","25.15","157.99","152.92","126.04","6333400","80353145","944","Supertrend bearish | RSI 38.8 lemah | Volume 0.08x | Lolos anti-crash ADX | RISEN NORMAL UPTREND","Full Grid (1-2-3-4)","100000000","199","144","130","112","0.1","0.2","0.3","0.4","502","1388","2307","3571","7768","99963200","36800","128.69","128.69","83","374","545","545","58.29","35.5","173.87","323.51","2.98","9.11"
"SMMT","2026-05-22","2026-05-22","558","FULL","1700","10.38961038961039","AVOID","-","passive","FALSE","","G ACC","2026-04-24","","28d","28","DOWNTREND","BEARISH","BEARISH","BULLISH","STRUCTURE + DISCOUNT","NORMAL UPTREND","25","TRUE","TRUE","FALSE","LAGGING","LAGGARD (Passive)","0.19","0.19","DRY / QUIET","66.67","33.33","41.83","44.19","30.94","27.49","1958.05","1783.93","1414.08","179500","944515","944","Supertrend bearish | RSI 41.8 lemah | Volume 0.19x | Lolos anti-crash ADX | RISEN NORMAL UPTREND","Full Grid (1-2-3-4)","100000000","2160","1645","1525","1350","0.1","0.2","0.3","0.4","46","121","196","296","659","99690500","309500","1512.75","1513.1","1105","3740","5325","5325","48.84","26.95","146.53","252.01","3","9.35"
"WSBP","2026-05-22","2026-05-22","558","FULL","15","0","AVOID","-","passive","FALSE","","SMART SNIPER","2026-04-24","Structure + Discount","28d","28","DOWNTREND","BEARISH","BEARISH","BEARISH","DOWNTREND DISCOUNT","NORMAL DOWNTREND","60.06","TRUE","FALSE","FALSE","LAGGING","LAGGARD (Passive)","0.8","0.8","NORMAL","50","50","30.81","16.8","22.79","34.88","17.26","18.46","20.33","16887500","20982195","944","Supertrend bearish | RSI 30.8 lemah | Volume 0.8x | Lolos anti-crash ADX | RISEN NORMAL DOWNTREND","Full Grid (1-2-3-4)","100000000","19","18","18","17","0.1","0.2","0.3","0.4","5263","11111","16666","23529","56569","99997600","2400","17.68","17.68","17","22","29","29","10.53","3.83","52.63","64.05","5","16.72"
"GDYR","2026-05-22","2026-05-22","558","FULL","1100","2.803738317757009","HOLD","-","passive","FALSE","","V-SHAPE","2026-03-04","","79d","79","UPTREND","NEUTRAL","BEARISH","BEARISH","STRUCTURE + DISCOUNT","SIDEWAYS","57.03","TRUE","FALSE","FALSE","LEADING","LEADING (Passive)","0.01","0.01","DRY / QUIET","100","0","49.79","13.66","23.13","18.96","1099.42","1102.62","1126.24","1400","164760","942","Supertrend bullish | RSI 49.8 lemah | Volume 0.01x | Lolos anti-crash ADX | RISEN SIDEWAYS","Full Grid (1-2-3-4)","100000000","1085","1065","1060","1055","0.1","0.2","0.3","0.4","92","187","283","379","941","99880000","120000","1061.42","1061.43","1035","1160","1275","1275","4.61","2.49","17.51","20.12","3.8","8.08"
"HYGN","2026-05-22","2026-05-22","532","FULL","149","2.054794520547945","HOLD","-","passive","FALSE","","V-SHAPE","2026-04-23","","29d","29","UPTREND","BEARISH","NEUTRAL","BEARISH","UPTREND DISCOUNT","SIDEWAYS","54.41","TRUE","TRUE","FALSE","LAGGING","LAGGARD (Passive)","0.13","0.13","DRY / QUIET","83.33","16.67","49.49","60.2","28.9","11.48","150.04","148.85","151.76","1127500","8507705","942","Supertrend bullish | RSI 49.5 lemah | Volume 0.13x | Lolos anti-crash ADX | RISEN SIDEWAYS","Full Grid (1-2-3-4)","100000000","146","142","140","139","0.1","0.2","0.3","0.4","684","1408","2142","2877","7111","99958300","41700","140.57","140.57","136","161","177","177","6.85","3.25","21.23","25.92","3.1","7.97"
"KBAG","2026-05-22","2026-05-22","558","FULL","33","-8.333333333333332","AVOID","-","passive","FALSE","","G ACC","2026-04-23","","29d","29","DOWNTREND","BEARISH","BEARISH","BEARISH","DOWNTREND DISCOUNT","NORMAL DOWNTREND","0","FALSE","FALSE","FALSE","LAGGING","LAGGARD (Passive)","0.64","0.64","DRY / QUIET","50","50","26.3","23.45","19.37","44.61","46.49","48.51","45.68","16891500","26340555","942","Supertrend bearish | RSI 26.3 lemah | Volume 0.64x | Lolos anti-crash ADX | RISEN NORMAL DOWNTREND","Full Grid (1-2-3-4)","100000000","55","51","49","48","0.1","0.2","0.3","0.4","1818","3921","6122","8333","20194","99992300","7700","49.52","49.52","46","69","82","82","16.36","7.1","49.09","65.6","3","9.24"
"LOPI","2026-05-22","2026-05-22","558","FULL","96","-2.0408163265306123","AVOID","-","passive","FALSE","","SMART GAMMA","2026-04-23","","29d","29","DOWNTREND","BEARISH","BEARISH","BEARISH","DOWNTREND DISCOUNT","SIDEWAYS","0","FALSE","FALSE","FALSE","LAGGING","LAGGARD (Passive)","0.21","0.21","DRY / QUIET","28.57","71.43","34.83","17.71","16.88","21.74","112.74","118.19","110.2","1000300","4828535","942","Supertrend bearish | RSI 34.8 lemah | Volume 0.21x | Lolos anti-crash ADX | RISEN SIDEWAYS","Full Grid (1-2-3-4)","100000000","126","110","106","101","0.1","0.2","0.3","0.4","793","1818","2830","3960","9401","99983800","16200","106.35","106.36","92","177","228","228","26.98","13.5","80.95","114.38","3","8.47"
"MASB","2026-05-22","2026-05-22","558","FULL","3320","0.6060606060606061","AVOID","-","passive","FALSE","","V-SHAPE","2026-03-04","","79d","79","DOWNTREND","BULLISH","BULLISH","BULLISH","DEMAND STRUCTURE","SIDEWAYS","0","FALSE","FALSE","FALSE","LEADING","LEADING (Passive)","1.68","1.68","EXPANSION","100","0","59.21","22.71","40.5","20.87","3248.01","3239.84","3262.51","10800","6430","942","Supertrend bearish | RSI 59.2 > 50 | Volume valid 1.68x | Lolos anti-crash ADX | RISEN SIDEWAYS","Full Grid (1-2-3-4)","100000000","3220","3140","3110","3090","0.1","0.2","0.3","0.4","31","63","96","129","319","99481000","519000","3118.53","3118.54","3020","3520","3870","3870","6.21","3.16","20.19","24.1","3.25","7.63"
"OILS","2026-05-22","2026-05-22","558","FULL","200","1.0101010101010102","AVOID","-","passive","FALSE","","V-SHAPE","2026-04-23","","29d","29","DOWNTREND","BEARISH","BEARISH","BEARISH","DOWNTREND DISCOUNT","NORMAL DOWNTREND","65","TRUE","FALSE","FALSE","LAGGING","LAGGARD (Passive)","0.45","0.45","DRY / QUIET","61.9","38.1","24.87","30.23","15.65","30.16","244.17","250.1","213.34","5925000","13182770","942","Supertrend bearish | RSI 24.9 lemah | Volume 0.45x | Crash filter aktif | RISEN NORMAL DOWNTREND","Full Grid (1-2-3-4)","100000000","302","234","218","196","0.1","0.2","0.3","0.4","331","854","1376","2040","4601","99960600","39400","217.26","217.26","162","510","720","720","46.36","25.43","138.41","231.4","2.99","9.1"
"ARKO","2026-05-22","2026-05-22","558","FULL","6325","15","AVOID","-","passive","FALSE","","G ACC","2026-04-22","","30d","30","DOWNTREND","BEARISH","BEARISH","BULLISH","DOWNTREND","NORMAL UPTREND","25","TRUE","TRUE","FALSE","LAGGING","LAGGARD (Passive)","0.71","0.71","DRY / QUIET","94.64","5.36","38.49","27.69","14.07","28.47","7982.21","8036.28","5711.34","3537400","4962005","940","Supertrend bearish | RSI 38.5 lemah | Volume 0.71x | Lolos anti-crash ADX | RISEN NORMAL UPTREND","Full Grid (1-2-3-4)","100000000","11700","8300","7500","6350","0.1","0.2","0.3","0.4","8","24","40","62","134","98650000","1350000","7361.94","7372.7","4680","22225","32750","32750","60","36.43","179.91","344.86","3","9.47"
"COAL","2026-05-22","2026-05-22","558","FULL","50","0","AVOID","-","passive","FALSE","","SMART SNIPER","2026-04-22","Structure + Discount","30d","30","DOWNTREND","BEARISH","BEARISH","BEARISH","DOWNTREND DISCOUNT","NORMAL DOWNTREND","49.18","TRUE","FALSE","FALSE","LAGGING","LAGGARD (Passive)","0.17","0.17","DRY / QUIET","0","100","36.04","12.51","19.49","21.89","56.77","61.66","64.02","116907800","700046810","940","Supertrend bearish | RSI 36.0 lemah | Volume 0.17x | Lolos anti-crash ADX | RISEN NORMAL DOWNTREND","Full Grid (1-2-3-4)","100000000","71","62","60","57","0.1","0.2","0.3","0.4","1408","3225","5000","7017","16650","99988700","11300","60.05","60.05","52","100","128","128","26.76","13.41","80.28","113.14","3","8.44"
"IDEA","2026-05-22","2026-05-22","558","FULL","59","-3.278688524590164","AVOID","-","passive","FALSE","","V-SHAPE","2026-04-22","","30d","30","DOWNTREND","BEARISH","BEARISH","BEARISH","DOWNTREND DISCOUNT","NORMAL DOWNTREND","0","FALSE","FALSE","FALSE","LAGGING","LAGGARD (Passive)","0.62","0.62","DRY / QUIET","66.67","33.33","28.76","20","13.61","34.46","74.15","86.1","88.8","8699000","14034355","940","Supertrend bearish | RSI 28.8 lemah | Volume 0.62x | Lolos anti-crash ADX | RISEN NORMAL DOWNTREND","Full Grid (1-2-3-4)","100000000","86","74","71","67","0.1","0.2","0.3","0.4","1162","2702","4225","5970","14059","99984500","15500","71.12","71.12","60","125","164","164","30.23","15.63","90.7","130.6","3","8.35"
"KOIN","2026-05-22","2026-05-22","558","FULL","79","8.21917808219178","AVOID","-","passive","FALSE","","V-SHAPE","2026-03-03","","80d","80","DOWNTREND","BEARISH","BEARISH","BEARISH","STRUCTURE + DISCOUNT","SIDEWAYS","20.73","TRUE","FALSE","TRUE","LEADING","LEADING (Passive)","1.24","1.24","EXPANSION","100","0","47.13","16.06","37.58","44.63","80.69","82.19","80","25200","20385","940","Supertrend bearish | RSI 47.1 lemah | Volume valid 1.24x | Lolos anti-crash ADX | RISEN SIDEWAYS","Full Grid (1-2-3-4)","100000000","90","84","83","81","0.1","0.2","0.3","0.4","1111","2380","3614","4938","12043","99985000","15000","83.02","83.02","77","110","129","129","14.44","7.25","43.33","55.38","3","7.63"
"KOTA","2026-05-22","2026-05-22","558","FULL","121","4.310344827586207","AVOID","-","passive","FALSE","","G ACC","2026-04-22","","30d","30","DOWNTREND","BEARISH","BULLISH","BULLISH","DOWNTREND PREMIUM","NORMAL UPTREND","55.66","TRUE","TRUE","FALSE","WEAKENING","WEAKENING (Passive)","0.23","0.23","DRY / QUIET","80","20","50.32","38.26","24.35","24.17","125.5","103.99","62.63","351945000","1543646175","940","Supertrend bearish | RSI 50.3 > 50 | Volume 0.23x | Lolos anti-crash ADX | RISEN NORMAL UPTREND","Full Grid (1-2-3-4)","100000000","136","95","85","72","0.1","0.2","0.3","0.4","735","2105","3529","5555","11924","99986000","14000","83.85","83.85","52","262","388","388","61.76","37.99","185.29","362.72","3","9.55"
"POLI","2026-05-22","2026-05-22","558","FULL","810","-6.896551724137931","AVOID","-","passive","FALSE","","SMART GAMMA","2026-04-22","","30d","30","DOWNTREND","BEARISH","BEARISH","BEARISH","DOWNTREND DISCOUNT","NORMAL DOWNTREND","0","FALSE","FALSE","FALSE","LAGGING","LAGGARD (Passive)","0.44","0.44","DRY / QUIET","75","25","29.03","29.65","25.36","30.14","1059.57","1099.42","985.4","19700","45080","940","Supertrend bearish | RSI 29.0 lemah | Volume 0.44x | Lolos anti-crash ADX | RISEN NORMAL DOWNTREND","Full Grid (1-2-3-4)","100000000","1375","1090","1020","925","0.1","0.2","0.3","0.4","72","183","294","432","981","99795000","205000","1017.28","1017.54","770","2280","3190","3190","44","24.31","132","213.58","3","8.79"
"WIRG","2026-05-22","2026-05-22","558","FULL","62","3.3333333333333335","AVOID","-","passive","FALSE","","SMART SNIPER","2026-04-22","Discount Only","30d","30","DOWNTREND","BEARISH","BEARISH","BEARISH","DOWNTREND DISCOUNT","NORMAL DOWNTREND","33.28","TRUE","FALSE","FALSE","LAGGING","LAGGARD (Passive)","1.1","1.1","NORMAL","83.33","16.67","24.29","25.45","7.63","35.95","73.66","78.96","95.49","59685200","54199245","940","Supertrend bearish | RSI 24.3 lemah | Volume 1.1x | Lolos anti-crash ADX | RISEN NORMAL DOWNTREND","Full Grid (1-2-3-4)","100000000","86","79","77","74","0.1","0.2","0.3","0.4","1162","2531","3896","5405","12994","99984300","15700","76.95","76.95","70","110","134","134","18.6","9.03","55.81","74.15","3","8.21"
"ARGO","2026-05-22","2026-05-22","558","FULL","825","-3.508771929824561","AVOID","-","passive","FALSE","","SMART SNIPER","2026-04-21","Discount Only","31d","31","DOWNTREND","BEARISH","BEARISH","BEARISH","DOWNTREND DISCOUNT","SIDEWAYS","0","FALSE","FALSE","FALSE","LAGGING","LAGGARD (Passive)","0.18","0.18","DRY / QUIET","79.17","20.83","34.46","20.8","17.32","31.21","956.22","990.3","1034.78","14000","78225","938","Supertrend bearish | RSI 34.5 lemah | Volume 0.18x | Lolos anti-crash ADX | RISEN SIDEWAYS","Full Grid (1-2-3-4)","100000000","1155","980","935","875","0.1","0.2","0.3","0.4","86","204","320","457","1067","99832500","167500","935.64","935.75","785","1710","2270","2270","32.03","16.1","96.54","142.62","3.01","8.86"
"ASGR","2026-05-22","2026-05-22","558","FULL","1500","0.6711409395973155","AVOID","-","passive","FALSE","","SMART GAMMA","2026-04-21","","31d","31","DOWNTREND","BEARISH","BEARISH","BULLISH","DOWNTREND PREMIUM","NORMAL UPTREND","60.75","TRUE","TRUE","FALSE","LAGGING","LAGGARD (Passive)","0.38","0.38","DRY / QUIET","91.67","8.33","38.36","24.39","14.34","34.65","1613.07","1617.52","1387.04","778400","2024335","938","Supertrend bearish | RSI 38.4 lemah | Volume 0.38x | Lolos anti-crash ADX | RISEN NORMAL UPTREND","Full Grid (1-2-3-4)","100000000","1900","1670","1615","1540","0.1","0.2","0.3","0.4","52","119","185","259","615","99516500","483500","1618.15","1618.41","1425","2610","3330","3330","25","11.94","75.26","105.79","3.01","8.86"
"BBSI","2026-05-22","2026-05-22","558","FULL","4530","-1.3071895424836601","AVOID","-","passive","FALSE","","SMART GAMMA","2026-03-02","","81d","81","DOWNTREND","BEARISH","BEARISH","BULLISH","DEMAND STRUCTURE","NORMAL DOWNTREND","63.85","TRUE","FALSE","FALSE","LEADING","LEADING (Passive)","0.38","0.38","DRY / QUIET","68.42","31.58","44.11","54.35","5.63","42.63","4649.56","4600.8","4315.64","1400","3645","938","Supertrend bearish | RSI 44.1 lemah | Volume 0.38x | Crash filter aktif | RISEN NORMAL DOWNTREND","Full Grid (1-2-3-4)","100000000","5000","4180","3980","3700","0.1","0.2","0.3","0.4","20","47","75","108","250","99456000","544000","3978.24","3978.8","3310","7525","10075","10075","33.8","16.8","101.5","153.25","3","9.12"
"HDIT","2026-05-22","2026-05-22","558","FULL","52","1.9607843137254901","AVOID","-","passive","FALSE","","SMART SNIPER","2026-04-21","Structure + Discount","31d","31","DOWNTREND","BEARISH","BEARISH","BEARISH","DOWNTREND DISCOUNT","NORMAL DOWNTREND","53.37","TRUE","FALSE","FALSE","LAGGING","LAGGARD (Passive)","0.67","0.67","DRY / QUIET","40","60","34.03","22.39","14.15","20.36","59.21","61.67","57.75","19094800","28457305","938","Supertrend bearish | RSI 34.0 lemah | Volume 0.67x | Lolos anti-crash ADX | RISEN NORMAL DOWNTREND","Full Grid (1-2-3-4)","100000000","66","60","58","56","0.1","0.2","0.3","0.4","1515","3333","5172","7142","17162","99989800","10200","58.26","58.26","52","90","92","92","21.21","10.75","39.39","57.91","1.86","5.39"
"IKAI","2026-05-22","2026-05-22","558","FULL","19","-5","AVOID","-","passive","FALSE","","SMART SNIPER","2026-04-21","Structure + Discount","31d","31","DOWNTREND","BEARISH","BEARISH","BEARISH","DOWNTREND DISCOUNT","NORMAL DOWNTREND","0","FALSE","FALSE","FALSE","LAGGING","LAGGARD (Passive)","0.46","0.46","DRY / QUIET","100","0","32.19","19.53","16.42","48.98","23.12","23.17","20.55","17454200","37956180","938","Supertrend bearish | RSI 32.2 lemah | Volume 0.46x | Lolos anti-crash ADX | RISEN NORMAL DOWNTREND","Full Grid (1-2-3-4)","100000000","23","22","21","21","0.1","0.2","0.3","0.4","4347","9090","14285","19047","46769","99993300","6700","21.38","21.38","20","28","32","32","13.04","6.46","39.13","49.67","3","7.69"
"INDY","2026-05-22","2026-05-22","558","FULL","2460","9.821428571428571","AVOID","-","passive","FALSE","","V-SHAPE","2026-04-21","","31d","31","DOWNTREND","BEARISH","BEARISH","BEARISH","STRUCTURE + DISCOUNT","NORMAL DOWNTREND","5.13","TRUE","FALSE","FALSE","LAGGING","LAGGARD (Passive)","1.75","1.75","EXPANSION","83.78","16.22","30.05","30.51","10.67","37.96","3106.85","3307.46","2753.92","50124400","28657235","938","Supertrend bearish | RSI 30.1 lemah | Volume valid 1.75x | Crash filter aktif | RISEN NORMAL DOWNTREND","Full Grid (1-2-3-4)","100000000","3740","3400","3310","3200","0.1","0.2","0.3","0.4","26","58","90","125","299","99234000","766000","3318.86","3320.1","3000","4850","5950","5950","19.79","9.61","59.09","79.28","2.99","8.25"
"JSPT","2026-05-22","2026-05-22","558","FULL","1220","-6.870229007633588","AVOID","-","passive","FALSE","","SMART SNIPER","2026-04-21","Structure + Discount","31d","31","DOWNTREND","BEARISH","BEARISH","BEARISH","DOWNTREND DISCOUNT","NORMAL DOWNTREND","0","FALSE","FALSE","FALSE","LAGGING","LAGGARD (Passive)","0.42","0.42","DRY / QUIET","20","80","28.42","18.78","16.25","26.84","1414.39","1606.29","3022.91","24700","59180","938","Supertrend bearish | RSI 28.4 lemah | Volume 0.42x | Lolos anti-crash ADX | RISEN NORMAL DOWNTREND","Full Grid (1-2-3-4)","100000000","1680","1445","1390","1310","0.1","0.2","0.3","0.4","59","138","215","305","717","99693000","307000","1390.42","1390.62","1180","2430","3180","3180","29.76","15.13","89.29","128.71","3","8.5"
"LAND","2026-05-22","2026-05-22","558","FULL","66","4.761904761904762","AVOID","-","passive","FALSE","","SMART GAMMA","2026-04-21","","31d","31","DOWNTREND","BEARISH","BEARISH","BULLISH","DOWNTREND","NORMAL UPTREND","30.03","TRUE","TRUE","FALSE","LAGGING","LAGGARD (Passive)","0.13","0.13","DRY / QUIET","100","0","38.93","23.74","14.55","25.52","80.18","75.7","55.53","19876600","157964185","938","Supertrend bearish | RSI 38.9 lemah | Volume 0.13x | Lolos anti-crash ADX | RISEN NORMAL UPTREND","Full Grid (1-2-3-4)","100000000","97","77","72","66","0.1","0.2","0.3","0.4","1030","2597","4166","6060","13853","99979100","20900","72.17","72.17","56","159","220","220","42.27","22.41","126.8","204.83","3","9.14"
"MBSS","2026-05-22","2026-05-22","558","FULL","2140","8.354430379746836","AVOID","-","passive","FALSE","","G ACC","2026-04-21","","31d","31","DOWNTREND","BEARISH","BULLISH","BULLISH","STRUCTURE + DISCOUNT","NORMAL UPTREND","46.81","TRUE","TRUE","FALSE","LAGGING","LAGGARD (Passive)","0.48","0.48","DRY / QUIET","82.98","17.02","50.48","25.83","19.8","21.93","2153.68","2055.6","1819.15","2404800","4987115","938","Supertrend bearish | RSI 50.5 > 50 | Volume 0.48x | Lolos anti-crash ADX | RISEN NORMAL UPTREND","Full Grid (1-2-3-4)","100000000","2360","1900","1790","1635","0.1","0.2","0.3","0.4","42","105","167","244","558","99649000","351000","1785.82","1786.09","1410","3790","5200","5200","40.25","21.04","120.34","191.18","2.99","9.08"
"OBMD","2026-05-22","2026-05-22","558","FULL","206","3","AVOID","-","passive","FALSE","","V-SHAPE","2026-03-02","","81d","81","DOWNTREND","BEARISH","BEARISH","BEARISH","STRUCTURE + DISCOUNT","NORMAL DOWNTREND","45.18","TRUE","FALSE","FALSE","LEADING","LEADING (Passive)","0.72","0.72","DRY / QUIET","86.67","13.33","29.61","35.35","7.07","30.71","220.72","235.05","245.87","620000","857975","938","Supertrend bearish | RSI 29.6 lemah | Volume 0.72x | Crash filter aktif | RISEN NORMAL DOWNTREND","Full Grid (1-2-3-4)","100000000","276","268","264","262","0.1","0.2","0.3","0.4","362","746","1136","1526","3770","99955600","44400","265.13","265.13","254","310","342","342","7.97","4.2","23.91","28.99","3","6.9"
"RODA","2026-05-22","2026-05-22","558","FULL","64","1.5873015873015872","AVOID","-","passive","FALSE","","SMART GAMMA","2026-04-21","","31d","31","DOWNTREND","BEARISH","BEARISH","BULLISH","DOWNTREND DISCOUNT","NORMAL UPTREND","60","TRUE","TRUE","FALSE","LAGGING","LAGGARD (Passive)","0.08","0.08","DRY / QUIET","88.89","11.11","41.39","25.74","20.43","22.25","72.8","69.04","55.82","12047000","158533300","938","Supertrend bearish | RSI 41.4 lemah | Volume 0.08x | Lolos anti-crash ADX | RISEN NORMAL UPTREND","Full Grid (1-2-3-4)","100000000","94","72","67","59","0.1","0.2","0.3","0.4","1063","2777","4477","6779","15096","99978600","21400","66.23","66.23","48","163","232","232","48.94","27.52","146.81","250.3","3","9.09"
"SKRN","2026-05-22","2026-05-22","558","FULL","434","0.9302325581395349","AVOID","-","passive","FALSE","","SMART GAMMA","2026-04-21","","31d","31","DOWNTREND","BEARISH","BEARISH","BEARISH","STRUCTURE + DISCOUNT","SIDEWAYS","26.85","TRUE","FALSE","FALSE","WEAKENING","WEAKENING (Passive)","0.6","0.6","DRY / QUIET","20","80","35.83","24.99","14.69","29.46","465.33","472.31","491.27","195600","327090","938","Supertrend bearish | RSI 35.8 lemah | Volume 0.6x | Lolos anti-crash ADX | RISEN SIDEWAYS","Full Grid (1-2-3-4)","100000000","550","482","464","442","0.1","0.2","0.3","0.4","181","414","646","904","2145","99841000","159000","465.46","465.49","406","765","980","980","26.18","12.77","78.18","110.54","2.99","8.65"
"SMDR","2026-05-22","2026-05-22","558","FULL","306","5.517241379310345","AVOID","-","passive","FALSE","","SMART GAMMA","2026-03-02","","81d","81","DOWNTREND","BEARISH","BEARISH","BEARISH","DOWNTREND DISCOUNT","NORMAL DOWNTREND","53.79","TRUE","FALSE","FALSE","LEADING","LEADING (Passive)","0.9","0.9","NORMAL","100","0","35.88","26.46","8.91","33.08","327.86","344.36","342.97","12628300","14016130","938","Supertrend bearish | RSI 35.9 lemah | Volume 0.9x | Lolos anti-crash ADX | RISEN NORMAL DOWNTREND","Full Grid (1-2-3-4)","100000000","428","366","350","328","0.1","0.2","0.3","0.4","233","546","857","1219","2855","99934200","65800","350.03","350.05","298","625","820","820","30.37","14.86","91.59","134.26","3.02","9.03"
"TNCA","2026-05-22","2026-05-22","558","FULL","165","-2.941176470588235","AVOID","-","passive","FALSE","","SMART SNIPER","2026-04-21","Structure + Discount","31d","31","DOWNTREND","BEARISH","BEARISH","BEARISH","DOWNTREND DISCOUNT","NORMAL DOWNTREND","31.05","TRUE","FALSE","FALSE","LAGGING","LAGGARD (Passive)","0.25","0.25","DRY / QUIET","70.59","29.41","34.39","15.06","23.24","22.91","185.06","190.52","201.2","113500","454900","938","Supertrend bearish | RSI 34.4 lemah | Volume 0.25x | Lolos anti-crash ADX | RISEN NORMAL DOWNTREND","Full Grid (1-2-3-4)","100000000","204","186","182","176","0.1","0.2","0.3","0.4","490","1075","1648","2272","5485","99971800","28200","182.26","182.26","166","262","318","318","18.63","8.92","55.88","74.47","3","8.35"
"TOTL","2026-05-22","2026-05-22","558","FULL","1055","3.431372549019608","AVOID","-","passive","FALSE","","G ACC","2026-04-21","","31d","31","DOWNTREND","BEARISH","BEARISH","BULLISH","DEMAND STRUCTURE","SIDEWAYS","17.5","TRUE","FALSE","FALSE","WEAKENING","WEAKENING (Passive)","0.54","0.54","DRY / QUIET","100","0","37.36","32.45","14.31","32.99","1145.34","1123.84","981.23","2636300","4896680","938","Supertrend bearish | RSI 37.4 lemah | Volume 0.54x | Crash filter aktif | RISEN SIDEWAYS","Full Grid (1-2-3-4)","100000000","1220","1105","1080","1040","0.1","0.2","0.3","0.4","81","180","277","384","922","99624000","376000","1080.52","1080.67","985","1575","1925","1925","19.26","8.84","57.79","78.15","3","8.84"
"BABY","2026-05-22","2026-05-22","558","FULL","145","-7.643312101910828","AVOID","-","passive","FALSE","","SMART SNIPER","2026-04-20","Discount Only","32d","32","DOWNTREND","BEARISH","BEARISH","BEARISH","DOWNTREND DISCOUNT","NORMAL DOWNTREND","0","FALSE","FALSE","FALSE","LAGGING","LAGGARD (Passive)","0.15","0.15","DRY / QUIET","50","50","31.97","18.82","29.06","35.14","212.11","234.46","283.13","2227400","15082370","936","Supertrend bearish | RSI 32.0 lemah | Volume 0.15x | Lolos anti-crash ADX | RISEN NORMAL DOWNTREND","Full Grid (1-2-3-4)","100000000","262","222","212","199","0.1","0.2","0.3","0.4","381","900","1415","2010","4706","99959200","40800","212.41","212.42","178","388","515","515","32.06","16.2","96.56","142.46","3.01","8.79"
"BAPA","2026-05-22","2026-05-22","558","FULL","238","0","HOLD","-","passive","FALSE","","G ACC","2026-04-20","","32d","32","UPTREND","BULLISH","BULLISH","BULLISH","UPTREND PREMIUM","NORMAL UPTREND","65","TRUE","TRUE","FALSE","WEAKENING","WEAKENING (Passive)","0","0","NO VOLUME","50","50","76.96","63.98","50.96","8.49","215.51","171.34","109.05","0","124503015","936","Supertrend bullish | RSI 77.0 > 50 | Volume 0x | Lolos anti-crash ADX | RISEN NORMAL UPTREND","Full Grid (1-2-3-4)","100000000","199","135","119","98","0.1","0.2","0.3","0.4","502","1481","2521","4081","8585","99977000","23000","116.46","116.46","66","398","600","600","66.83","43.33","201.51","415.22","3.02","9.58"
"BIPP","2026-05-22","2026-05-22","558","FULL","62","8.771929824561402","AVOID","-","passive","FALSE","","SMART GAMMA","2026-04-20","","32d","32","DOWNTREND","BEARISH","BEARISH","BEARISH","DOWNTREND DISCOUNT","NORMAL UPTREND","26.48","TRUE","TRUE","FALSE","LAGGING","LAGGARD (Passive)","0.24","0.24","DRY / QUIET","81.82","18.18","38.68","26.76","15.71","25.56","75.67","74.82","62.35","14701200","60190410","936","Supertrend bearish | RSI 38.7 lemah | Volume 0.24x | Lolos anti-crash ADX | RISEN NORMAL UPTREND","Full Grid (1-2-3-4)","100000000","86","69","64","58","0.1","0.2","0.3","0.4","1162","2898","4687","6896","15643","99983000","17000","63.92","63.92","49","142","197","197","43.02","23.34","129.07","208.22","3","8.92"
"EPAC","2026-05-22","2026-05-22","558","FULL","68","-5.555555555555555","AVOID","-","passive","FALSE","","G ACC","2026-04-20","","32d","32","DOWNTREND","BEARISH","BULLISH","BULLISH","DOWNTREND PREMIUM","NORMAL UPTREND","0","FALSE","TRUE","FALSE","WEAKENING","WEAKENING (Passive)","0.55","0.55","DRY / QUIET","100","0","45.87","17.38","25.27","42.9","72.32","64.1","42.76","8253700","15065625","936","Supertrend bearish | RSI 45.9 lemah | Volume 0.55x | Lolos anti-crash ADX | RISEN NORMAL UPTREND","Full Grid (1-2-3-4)","100000000","70","52","47","41","0.1","0.2","0.3","0.4","1428","3846","6382","9756","21412","99990200","9800","46.7","46.7","32","127","184","184","54.29","31.47","162.86","294.02","3","9.34"
"INDX","2026-05-22","2026-05-22","558","FULL","81","0","AVOID","-","passive","FALSE","","SMART GAMMA","2026-04-20","","32d","32","DOWNTREND","BEARISH","BEARISH","BEARISH","DOWNTREND DISCOUNT","NORMAL DOWNTREND","42.21","TRUE","FALSE","FALSE","LAGGING","LAGGARD (Passive)","0.23","0.23","DRY / QUIET","66.67","33.33","29.79","14.61","22.51","26.25","99.9","110.03","127.6","2790900","12344615","936","Supertrend bearish | RSI 29.8 lemah | Volume 0.23x | Lolos anti-crash ADX | RISEN NORMAL DOWNTREND","Full Grid (1-2-3-4)","100000000","142","117","111","103","0.1","0.2","0.3","0.4","704","1709","2702","3883","8998","99979200","20800","111.11","111.11","90","220","298","298","36.62","19","109.86","168.2","3","8.85"
"KOPI","2026-05-22","2026-05-22","558","FULL","210","2.941176470588235","AVOID","-","passive","FALSE","","SMART SNIPER","2026-04-20","Discount Only","32d","32","DOWNTREND","BEARISH","BEARISH","BEARISH","STRUCTURE + DISCOUNT","NORMAL DOWNTREND","17.5","TRUE","FALSE","FALSE","LAGGING","LAGGARD (Passive)","0.33","0.33","DRY / QUIET","23.08","76.92","38.42","23.19","31.06","19.26","239.36","250.85","325.36","279100","857575","936","Supertrend bearish | RSI 38.4 lemah | Volume 0.33x | Lolos anti-crash ADX | RISEN NORMAL DOWNTREND","Full Grid (1-2-3-4)","100000000","278","254","248","240","0.1","0.2","0.3","0.4","359","787","1209","1666","4021","99937200","62800","248.54","248.54","226","356","434","434","18.71","9.07","56.12","74.62","3","8.23"
"MDIA","2026-05-22","2026-05-22","558","FULL","110","-4.3478260869565215","AVOID","-","passive","FALSE","","SMART GAMMA","2026-04-20","","32d","32","DOWNTREND","BEARISH","BULLISH","BULLISH","DEMAND STRUCTURE","NORMAL UPTREND","54.79","TRUE","TRUE","FALSE","WEAKENING","WEAKENING (Passive)","0.31","0.31","DRY / QUIET","41.18","58.82","48.68","33.61","25.5","17.83","116.74","99.79","66.9","208482000","676321535","936","Supertrend bearish | RSI 48.7 lemah | Volume 0.31x | Lolos anti-crash ADX | RISEN NORMAL UPTREND","Full Grid (1-2-3-4)","100000000","120","85","77","65","0.1","0.2","0.3","0.4","833","2352","3896","6153","13234","99981700","18300","75.55","75.55","48","228","336","336","60","36.47","180","344.74","3","9.45"
"PDPP","2026-05-22","2026-05-22","558","FULL","272","7.936507936507936","AVOID","-","passive","FALSE","","SMART SNIPER","2026-04-20","Structure + Discount","32d","32","DOWNTREND","BEARISH","BEARISH","BEARISH","DOWNTREND DISCOUNT","NORMAL DOWNTREND","35.89","TRUE","FALSE","FALSE","LAGGING","LAGGARD (Passive)","0.57","0.57","DRY / QUIET","94.12","5.88","36.65","20.36","11.05","23.54","311.58","318.92","374.85","269800","472565","936","Supertrend bearish | RSI 36.6 lemah | Volume 0.57x | Lolos anti-crash ADX | RISEN NORMAL DOWNTREND","Full Grid (1-2-3-4)","100000000","350","322","314","304","0.1","0.2","0.3","0.4","285","621","955","1315","3176","99934200","65800","314.65","314.66","288","444","535","535","17.71","8.47","52.86","70.03","2.98","8.27"
"UNSP","2026-05-22","2026-05-22","558","FULL","248","9.734513274336283","AVOID","-","passive","FALSE","","SMART GAMMA","2026-04-20","","32d","32","DOWNTREND","BEARISH","BEARISH","BEARISH","STRUCTURE + DISCOUNT","NORMAL UPTREND","17.5","TRUE","TRUE","FALSE","LAGGING","LAGGARD (Passive)","1.03","1.03","NORMAL","100","0","30.49","26.5","13.96","52.24","321.29","334.63","276.03","2509000","2438350","936","Supertrend bearish | RSI 30.5 lemah | Volume 1.03x | Lolos anti-crash ADX | RISEN NORMAL UPTREND","Full Grid (1-2-3-4)","100000000","410","326","304","276","0.1","0.2","0.3","0.4","243","613","986","1449","3291","99913600","86400","303.6","303.63","236","670","930","930","42.44","22.27","126.83","206.33","2.99","9.27"
"VISI","2026-05-22","2026-05-22","523","FULL","760","3.4013605442176873","HOLD","-","passive","FALSE","","SMART GAMMA","2026-04-20","","32d","32","UPTREND","BEARISH","BULLISH","BULLISH","DEMAND STRUCTURE","NORMAL UPTREND","50.92","TRUE","TRUE","FALSE","WEAKENING","WEAKENING (Passive)","0.29","0.29","DRY / QUIET","90","10","49.84","38.12","20.9","15.25","774.49","705.23","458.09","248500","870440","936","Supertrend bullish | RSI 49.8 lemah | Volume 0.29x | Lolos anti-crash ADX | RISEN NORMAL UPTREND","Full Grid (1-2-3-4)","100000000","925","710","660","590","0.1","0.2","0.3","0.4","108","281","454","677","1520","99848000","152000","656.89","656.9","482","1590","2250","2250","47.89","26.62","143.24","242.52","2.99","9.11"
"VIVA","2026-05-22","2026-05-22","558","FULL","36","9.090909090909092","AVOID","-","passive","FALSE","","SMART GAMMA","2026-04-20","","32d","32","DOWNTREND","BEARISH","BEARISH","BEARISH","STRUCTURE + DISCOUNT","SIDEWAYS","25","TRUE","FALSE","FALSE","LAGGING","LAGGARD (Passive)","0.26","0.26","DRY / QUIET","100","0","39.24","21.17","24.14","43.42","42.4","42.28","36.09","14295200","55534470","936","Supertrend bearish | RSI 39.2 lemah | Volume 0.26x | Lolos anti-crash ADX | RISEN SIDEWAYS","Full Grid (1-2-3-4)","100000000","44","38","36","34","0.1","0.2","0.3","0.4","2272","5263","8333","11764","27632","99992600","7400","36.19","36.19","31","64","84","84","29.55","14.33","90.91","132.13","3.08","9.22"
"AKKU","2026-05-22","2026-05-22","558","FULL","38","0","AVOID","-","passive","FALSE","","SMART GAMMA","2026-02-27","","84d","84","DOWNTREND","NEUTRAL","NEUTRAL","BULLISH","DEMAND STRUCTURE","SIDEWAYS","0","FALSE","FALSE","FALSE","LEADING","LEADING (Passive)","0","0","NO VOLUME","50","50","49.78","7.66","31.15","26.7","38","37.95","34.18","0","0","932","Supertrend bearish | RSI 49.8 lemah | Volume NaNx | Lolos anti-crash ADX | RISEN SIDEWAYS","Full Grid (1-2-3-4)","100000000","39","35","34","33","0.1","0.2","0.3","0.4","2564","5714","8823","12121","29222","99996100","3900","34.22","34.22","30","53","66","66","23.08","12.33","69.23","92.87","3","7.53"
"FMII","2026-05-22","2026-05-22","558","FULL","228","-6.557377049180328","HOLD","-","passive","FALSE","","EARLY SWEEP","2026-04-08","","44d","44","UPTREND","BEARISH","BEARISH","BEARISH","STRUCTURE + DISCOUNT","SIDEWAYS","42.5","TRUE","FALSE","TRUE","LAGGING","LAGGARD (Passive)","4.3","4.3","VOLUME SURGE","32.26","67.74","44.3","17.11","27.3","15.66","242.45","246.26","292.55","592600","137810","932","Supertrend bullish | RSI 44.3 lemah | Volume valid 4.3x | Lolos anti-crash ADX | RISEN SIDEWAYS","Full Grid (1-2-3-4)","100000000","434","374","360","340","0.1","0.2","0.3","0.4","230","534","833","1176","2773","99925600","74400","360.35","360.36","308","625","810","810","29.03","14.53","86.64","124.78","2.98","8.59"
"AKSI","2026-05-22","2026-05-22","558","FULL","232","-0.8547008547008548","AVOID","-","passive","FALSE","","SMART SNIPER","2026-04-17","Discount Only","35d","35","DOWNTREND","BEARISH","BEARISH","BEARISH","DOWNTREND DISCOUNT","NORMAL DOWNTREND","41","TRUE","FALSE","FALSE","LAGGING","LAGGARD (Passive)","1.1","1.1","NORMAL","46.15","53.85","28.21","16.68","16.84","28.78","286","309.43","333.62","536400","486490","930","Supertrend bearish | RSI 28.2 lemah | Volume 1.1x | Lolos anti-crash ADX | RISEN NORMAL DOWNTREND","Full Grid (1-2-3-4)","100000000","364","308","294","276","0.1","0.2","0.3","0.4","274","649","1020","1449","3392","99943200","56800","294.64","294.66","246","540","720","720","32.42","16.51","97.8","144.36","3.02","8.74"
"IPAC","2026-05-22","2026-05-22","558","FULL","134","-1.4705882352941175","AVOID","-","passive","FALSE","","SMART SNIPER","2026-04-17","Discount Only","35d","35","DOWNTREND","BEARISH","BEARISH","BEARISH","DOWNTREND DISCOUNT","NORMAL DOWNTREND","0","FALSE","FALSE","FALSE","LAGGING","LAGGARD (Passive)","0.02","0.02","DRY / QUIET","0","100","30.18","27.85","19.51","13.59","150.05","157.32","170.93","5400","255815","930","Supertrend bearish | RSI 30.2 lemah | Volume 0.02x | Lolos anti-crash ADX | RISEN NORMAL DOWNTREND","Full Grid (1-2-3-4)","100000000","180","159","153","146","0.1","0.2","0.3","0.4","555","1257","1960","2739","6511","99953700","46300","153.52","153.52","134","250","318","318","25.56","12.71","76.67","107.15","3","8.43"
"PSAT","2026-05-22","2026-05-22","211","IPO / SHORT","775","2.6490066225165565","AVOID","-","passive","FALSE","","SMART SNIPER","2026-04-17","Structure + Discount","35d","35","DOWNTREND","BEARISH","BEARISH","BEARISH","STRUCTURE + DISCOUNT","NORMAL DOWNTREND","23.11","TRUE","FALSE","FALSE","LAGGING","LAGGARD (Passive)","0.33","0.33","DRY / QUIET","54.55","45.45","28.42","25.37","10.44","28.06","881.97","933.06","1122.29","111800","335960","930","Supertrend bearish | RSI 28.4 lemah | Volume 0.33x | Lolos anti-crash ADX | RISEN NORMAL DOWNTREND","Full Grid (1-2-3-4)","100000000","1000","920","900","870","0.1","0.2","0.3","0.4","100","217","333","459","1109","99867000","133000","900.51","900.5","825","1265","1355","1355","17.5","8.39","35.5","50.47","2.03","6.02"
"SOUL","2026-05-22","2026-05-22","558","FULL","40","0","AVOID","-","passive","FALSE","","SMART SNIPER","2026-04-17","Structure + Discount","35d","35","DOWNTREND","BEARISH","BEARISH","BEARISH","STRUCTURE + DISCOUNT","NORMAL DOWNTREND","47.07","TRUE","FALSE","FALSE","LAGGING","LAGGARD (Passive)","0.22","0.22","DRY / QUIET","66.67","33.33","22.42","29.36","6.97","24.62","48.25","54.3","62.34","431600","2003115","930","Supertrend bearish | RSI 22.4 lemah | Volume 0.22x | Lolos anti-crash ADX | RISEN NORMAL DOWNTREND","Full Grid (1-2-3-4)","100000000","62","55","53","51","0.1","0.2","0.3","0.4","1612","3636","5660","7843","18751","99989700","10300","53.32","53.33","47","85","107","107","24.19","11.86","72.58","100.66","3","8.49"
"BFIN","2026-05-22","2026-05-22","558","FULL","715","0.7042253521126761","AVOID","-","passive","FALSE","","SMART GAMMA","2026-04-16","","36d","36","DOWNTREND","BEARISH","BEARISH","BEARISH","STRUCTURE + DISCOUNT","NORMAL DOWNTREND","38.39","TRUE","FALSE","FALSE","WEAKENING","WEAKENING (Passive)","0.23","0.23","DRY / QUIET","60","40","41.13","23.45","16.24","22.79","769.74","761.74","770.85","8693200","38516105","928","Supertrend bearish | RSI 41.1 lemah | Volume 0.23x | Lolos anti-crash ADX | RISEN NORMAL DOWNTREND","Full Grid (1-2-3-4)","100000000","905","780","745","705","0.1","0.2","0.3","0.4","110","256","402","567","1335","99845500","154500","747.91","747.96","645","1295","1685","1685","28.73","13.76","86.19","125.3","3","9.11"
"BMTR","2026-05-22","2026-05-22","558","FULL","130","4","AVOID","-","passive","FALSE","","G ACC","2026-04-16","","36d","36","DOWNTREND","BEARISH","BEARISH","BEARISH","STRUCTURE + DISCOUNT","NORMAL DOWNTREND","25","TRUE","FALSE","FALSE","LAGGING","LAGGARD (Passive)","0.72","0.72","DRY / QUIET","88.89","11.11","31.31","33.74","12.82","31.74","148.46","150.27","149.78","54334500","75441240","928","Supertrend bearish | RSI 31.3 lemah | Volume 0.72x | Crash filter aktif | RISEN NORMAL DOWNTREND","Full Grid (1-2-3-4)","100000000","186","154","146","135","0.1","0.2","0.3","0.4","537","1298","2054","2962","6851","99952800","47200","145.9","145.9","119","286","388","388","36.02","18.43","108.6","165.94","3.01","9"
"IBST","2026-05-22","2026-05-22","558","FULL","8475","0","HOLD","-","passive","FALSE","","G ACC","2026-04-16","","36d","36","UPTREND","BULLISH","BULLISH","BULLISH","UPTREND PREMIUM","SIDEWAYS","0","FALSE","FALSE","FALSE","LAGGING","LAGGARD (Passive)","0","0","NO VOLUME","50","50","90.42","72.14","77.39","8.24","8129.86","7153.55","5874.92","0","0","928","Supertrend bullish | RSI 90.4 > 50 | Volume NaNx | Lolos anti-crash ADX | RISEN SIDEWAYS","Full Grid (1-2-3-4)","100000000","7025","5625","5275","4810","0.1","0.2","0.3","0.4","14","35","56","83","188","98985500","1014500","5265.19","5268.08","4160","11325","15625","15625","40.78","20.99","122.42","196.76","3","9.37"
"IMAS","2026-05-22","2026-05-22","558","FULL","910","0.5524861878453038","AVOID","-","passive","FALSE","","BETA BREAKOUT","2026-04-16","","36d","36","DOWNTREND","BEARISH","BEARISH","BEARISH","STRUCTURE + DISCOUNT","NORMAL DOWNTREND","35.51","TRUE","FALSE","FALSE","LAGGING","LAGGARD (Passive)","0.45","0.45","DRY / QUIET","0","100","33.84","23.72","14.39","23.8","1012.68","1044.04","1078.65","150400","337810","928","Supertrend bearish | RSI 33.8 lemah | Volume 0.45x | Lolos anti-crash ADX | RISEN NORMAL DOWNTREND","Full Grid (1-2-3-4)","100000000","1240","1085","1045","990","0.1","0.2","0.3","0.4","80","184","287","404","955","99871500","128500","1045.77","1045.92","910","1735","2230","2230","26.61","12.98","79.84","113.24","3","8.72"
"IMJS","2026-05-22","2026-05-22","558","FULL","150","0","AVOID","-","passive","FALSE","","SMART GAMMA","2026-04-16","","36d","36","DOWNTREND","BEARISH","BEARISH","BEARISH","DOWNTREND DISCOUNT","NORMAL DOWNTREND","25","TRUE","FALSE","FALSE","LAGGING","LAGGARD (Passive)","0.59","0.59","DRY / QUIET","69.23","30.77","30.11","32.14","16.43","31.07","179.35","186.99","214.08","9461100","16059380","928","Supertrend bearish | RSI 30.1 lemah | Volume 0.59x | Crash filter aktif | RISEN NORMAL DOWNTREND","Full Grid (1-2-3-4)","100000000","226","190","182","169","0.1","0.2","0.3","0.4","442","1052","1648","2366","5508","99956200","43800","181.47","181.48","152","338","448","448","32.74","16.24","98.23","146.87","3","9.04"
"IPTV","2026-05-22","2026-05-22","558","FULL","35","-2.7777777777777777","AVOID","-","passive","FALSE","","SMART SNIPER","2026-04-16","Structure + Discount","36d","36","DOWNTREND","BEARISH","BEARISH","BEARISH","DOWNTREND DISCOUNT","NORMAL DOWNTREND","0","FALSE","FALSE","FALSE","LAGGING","LAGGARD (Passive)","1.29","1.29","EXPANSION","100","0","29.26","19.09","18.6","46.47","41.19","42.45","41.1","8323600","6442845","928","Supertrend bearish | RSI 29.3 lemah | Volume valid 1.29x | Lolos anti-crash ADX | RISEN NORMAL DOWNTREND","Full Grid (1-2-3-4)","100000000","43","41","40","39","0.1","0.2","0.3","0.4","2325","4878","7500","10256","24959","99995700","4300","40.06","40.06","38","51","71","71","11.63","5.15","65.12","77.22","5.6","14.99"
"ISAP","2026-05-22","2026-05-22","558","FULL","25","-3.8461538461538463","AVOID","-","passive","FALSE","","SMART SNIPER","2026-04-16","Structure + Discount","36d","36","DOWNTREND","BEARISH","BEARISH","BEARISH","DOWNTREND DISCOUNT","NORMAL DOWNTREND","0","FALSE","FALSE","FALSE","LAGGING","LAGGARD (Passive)","1.85","1.85","EXPANSION","50","50","30.31","14.46","11.86","25.29","29.87","31.16","29.49","68148000","36822255","928","Supertrend bearish | RSI 30.3 lemah | Volume valid 1.85x | Lolos anti-crash ADX | RISEN NORMAL DOWNTREND","Full Grid (1-2-3-4)","100000000","34","31","30","28","0.1","0.2","0.3","0.4","2941","6451","10000","14285","33677","99995500","4500","29.69","29.69","27","45","55","55","20.59","9.07","61.76","85.23","3","9.4"
"JGLE","2026-05-22","2026-05-22","558","FULL","64","-9.859154929577464","AVOID","-","passive","FALSE","","SMART GAMMA","2026-04-16","","36d","36","DOWNTREND","BEARISH","BEARISH","BULLISH","DOWNTREND PREMIUM","SIDEWAYS","0","FALSE","TRUE","FALSE","LAGGING","LAGGARD (Passive)","0.54","0.54","DRY / QUIET","50","50","40.06","17.83","27.61","40.5","76.19","69.09","45.18","57799500","107765430","928","Supertrend bearish | RSI 40.1 lemah | Volume 0.54x | Lolos anti-crash ADX | RISEN SIDEWAYS","Full Grid (1-2-3-4)","100000000","70","52","47","41","0.1","0.2","0.3","0.4","1428","3846","6382","9756","21412","99990200","9800","46.7","46.7","32","127","184","184","54.29","31.47","162.86","294.02","3","9.34"
"KAQI","2026-05-22","2026-05-22","281","FULL","96","7.865168539325842","AVOID","-","passive","FALSE","","SMART GAMMA","2026-04-16","","36d","36","DOWNTREND","BEARISH","BEARISH","BULLISH","DEMAND STRUCTURE","NORMAL UPTREND","26.94","TRUE","TRUE","FALSE","LAGGING","LAGGARD (Passive)","0.54","0.54","DRY / QUIET","64.29","35.71","41.89","19.61","18.78","22.19","108.74","104.75","87.21","98247100","181348200","928","Supertrend bearish | RSI 41.9 lemah | Volume 0.54x | Lolos anti-crash ADX | RISEN NORMAL UPTREND","Full Grid (1-2-3-4)","100000000","125","102","96","88","0.1","0.2","0.3","0.4","800","1960","3125","4545","10430","99988000","12000","95.87","95.87","76","199","272","272","39.2","20.72","117.6","183.73","3","8.87"
"KLBF","2026-05-22","2026-05-22","558","FULL","800","-1.2345679012345678","AVOID","-","passive","FALSE","","V-SHAPE","2026-02-25","","86d","86","DOWNTREND","BEARISH","BEARISH","BEARISH","DOWNTREND DISCOUNT","NORMAL DOWNTREND","0","FALSE","FALSE","FALSE","LEADING","LEADING (Passive)","0.62","0.62","DRY / QUIET","50","50","27.38","31.7","11.92","30.36","871.72","935.26","1118.21","41432000","67301290","928","Supertrend bearish | RSI 27.4 lemah | Volume 0.62x | Crash filter aktif | RISEN NORMAL DOWNTREND","Full Grid (1-2-3-4)","100000000","1115","1095","1085","1080","0.1","0.2","0.3","0.4","89","182","276","370","917","99758500","241500","1087.88","1087.9","1065","1190","1230","1230","4.48","2.1","10.31","13.06","2.3","6.21"
"LABA","2026-05-22","2026-05-22","558","FULL","99","12.5","AVOID","-","passive","FALSE","","SMART SNIPER","2026-04-16","Discount Only","36d","36","DOWNTREND","BEARISH","BEARISH","BEARISH","DOWNTREND DISCOUNT","NORMAL DOWNTREND","27.97","TRUE","FALSE","FALSE","LAGGING","LAGGARD (Passive)","1.29","1.29","EXPANSION","57.14","42.86","36.64","26.65","22.16","19.96","116.05","123.6","181.1","50173400","38801840","928","Supertrend bearish | RSI 36.6 lemah | Volume valid 1.29x | Lolos anti-crash ADX | RISEN NORMAL DOWNTREND","Full Grid (1-2-3-4)","100000000","157","129","122","112","0.1","0.2","0.3","0.4","636","1550","2459","3571","8216","99975200","24800","121.68","121.69","98","246","334","334","37.58","19.46","112.74","174.48","3","8.96"
"LEAD","2026-05-22","2026-05-22","558","FULL","103","8.421052631578947","AVOID","-","passive","FALSE","","SMART GAMMA","2026-04-16","","36d","36","DOWNTREND","BEARISH","BEARISH","BEARISH","DOWNTREND DISCOUNT","NORMAL DOWNTREND","59.12","TRUE","FALSE","FALSE","LAGGING","LAGGARD (Passive)","0.72","0.72","DRY / QUIET","92.86","7.14","33.45","22","10.59","30.66","123.83","134.61","123.57","19181800","26533295","928","Supertrend bearish | RSI 33.5 lemah | Volume 0.72x | Lolos anti-crash ADX | RISEN NORMAL DOWNTREND","Full Grid (1-2-3-4)","100000000","168","137","129","118","0.1","0.2","0.3","0.4","595","1459","2325","3389","7768","99967000","33000","128.69","128.69","102","268","366","366","39.29","20.74","117.86","184.4","3","8.89"
"LPLI","2026-05-22","2026-05-22","558","FULL","252","4.132231404958678","AVOID","-","passive","FALSE","","SMART SNIPER","2026-04-16","Structure + Discount","36d","36","DOWNTREND","BEARISH","BEARISH","BEARISH","STRUCTURE + DISCOUNT","NORMAL DOWNTREND","35.5","TRUE","FALSE","FALSE","LAGGING","LAGGARD (Passive)","0.2","0.2","DRY / QUIET","55.56","44.44","35.21","21.3","12.77","17.57","280.46","300.38","356.09","124000","614660","928","Supertrend bearish | RSI 35.2 lemah | Volume 0.2x | Lolos anti-crash ADX | RISEN NORMAL DOWNTREND","Full Grid (1-2-3-4)","100000000","332","304","296","286","0.1","0.2","0.3","0.4","301","657","1013","1398","3369","99933600","66400","296.63","296.63","270","426","520","520","18.67","8.98","56.63","75.3","3.03","8.39"
"MSIE","2026-05-22","2026-05-22","558","FULL","148","0","HOLD","-","passive","FALSE","","SMART GAMMA","2026-04-16","","36d","36","UPTREND","BULLISH","BULLISH","BULLISH","UPTREND PREMIUM","NORMAL UPTREND","58.91","TRUE","TRUE","FALSE","WEAKENING","WEAKENING (Passive)","0","0","NO VOLUME","50","50","90.13","71.52","68.55","4.96","124.23","94.49","60.27","0","8282600","928","Supertrend bullish | RSI 90.1 > 50 | Volume 0x | Lolos anti-crash ADX | RISEN NORMAL UPTREND","Full Grid (1-2-3-4)","100000000","55","47","45","42","0.1","0.2","0.3","0.4","1818","4255","6666","9523","22262","99991100","8900","44.92","44.92","38","81","106","106","30.91","15.4","92.73","136","3","8.83"
"OMED","2026-05-22","2026-05-22","558","FULL","242","1.680672268907563","AVOID","-","passive","FALSE","","BETA BREAKOUT","2026-02-25","","86d","86","DOWNTREND","BEARISH","BEARISH","BULLISH","DEMAND STRUCTURE","NORMAL UPTREND","20.82","TRUE","TRUE","FALSE","LEADING","LEADING (Passive)","1.4","1.4","EXPANSION","87.5","12.5","36.46","25.82","12.36","24","263.1","261.54","226.57","45942100","32842240","928","Supertrend bearish | RSI 36.5 lemah | Volume valid 1.4x | Lolos anti-crash ADX | RISEN NORMAL UPTREND","Full Grid (1-2-3-4)","100000000","242","220","214","208","0.1","0.2","0.3","0.4","413","909","1401","1923","4646","99972400","27600","215.18","215.18","196","312","380","380","19.01","8.91","57.02","76.6","3","8.59"
"SCNP","2026-05-22","2026-05-22","558","FULL","152","-5","AVOID","-","passive","FALSE","","BETA BREAKOUT + V-SHAPE","2026-02-25","","86d","86","DOWNTREND","BEARISH","BEARISH","BEARISH","DOWNTREND DISCOUNT","NORMAL DOWNTREND","0","FALSE","FALSE","FALSE","LEADING","LEADING (Passive)","0.4","0.4","DRY / QUIET","0","100","29.63","29.34","25.78","12.14","163.48","169.59","171.56","381800","953300","928","Supertrend bearish | RSI 29.6 lemah | Volume 0.4x | Lolos anti-crash ADX | RISEN NORMAL DOWNTREND","Full Grid (1-2-3-4)","100000000","224","195","188","178","0.1","0.2","0.3","0.4","446","1025","1595","2247","5313","99960500","39500","188.14","188.15","161","318","414","414","28.13","14.43","84.82","120.05","3.02","8.32"
"SMKM","2026-05-22","2026-05-22","558","FULL","86","4.878048780487805","AVOID","-","passive","FALSE","","SMART SNIPER","2026-04-16","Discount Only","36d","36","DOWNTREND","BEARISH","BEARISH","BEARISH","DOWNTREND DISCOUNT","SIDEWAYS","92.5","TRUE","FALSE","FALSE","LAGGING","LAGGARD (Passive)","0.37","0.37","DRY / QUIET","75","25","39.32","10.4","15.23","23.22","91.78","100.31","116.79","1576400","4242185","928","Supertrend bearish | RSI 39.3 lemah | Volume 0.37x | Lolos anti-crash ADX | RISEN SIDEWAYS","Full Grid (1-2-3-4)","100000000","107","91","87","81","0.1","0.2","0.3","0.4","934","2197","3448","4938","11517","99981900","18100","86.81","86.81","72","160","238","238","32.71","17.06","122.43","174.15","3.74","10.21"
"SSTM","2026-05-22","2026-05-22","558","FULL","486","-2.8000000000000003","AVOID","-","passive","FALSE","","SMART SNIPER","2026-04-16","Discount Only","36d","36","DOWNTREND","BEARISH","BEARISH","BEARISH","DOWNTREND DISCOUNT","NORMAL DOWNTREND","0","FALSE","FALSE","FALSE","LAGGING","LAGGARD (Passive)","1.51","1.51","EXPANSION","45.45","54.55","29.23","12.09","20.37","22.23","603.62","777.83","938.14","610500","404835","928","Supertrend bearish | RSI 29.2 lemah | Volume valid 1.51x | Lolos anti-crash ADX | RISEN NORMAL DOWNTREND","Full Grid (1-2-3-4)","100000000","805","635","595","535","0.1","0.2","0.3","0.4","124","314","504","747","1689","99873500","126500","591.32","591.35","438","1355","1905","1905","45.59","25.93","136.65","222.16","3","8.57"
"WMPP","2026-05-22","2026-05-22","558","FULL","30","-3.225806451612903","AVOID","-","passive","FALSE","","SMART GAMMA","2026-04-16","","36d","36","DOWNTREND","BEARISH","BEARISH","BULLISH","DOWNTREND","NORMAL UPTREND","0","FALSE","TRUE","FALSE","LAGGING","LAGGARD (Passive)","0.71","0.71","DRY / QUIET","0","100","32.94","31.04","22.53","54.92","38.55","34.69","21.76","24372500","34307510","928","Supertrend bearish | RSI 32.9 lemah | Volume 0.71x | Crash filter aktif | RISEN NORMAL UPTREND","Full Grid (1-2-3-4)","100000000","48","29","25","18","0.1","0.2","0.3","0.4","2083","6896","12000","22222","43201","99996400","3600","23.15","23.15","10","105","162","162","79.17","56.8","237.5","599.88","3","10.56"
"ANJT","2026-05-22","2026-05-22","558","FULL","1600","0","AVOID","-","passive","FALSE","","SMART SNIPER","2026-04-15","Structure + Discount","37d","37","DOWNTREND","BEARISH","BEARISH","BEARISH","STRUCTURE + DISCOUNT","NORMAL DOWNTREND","52.22","TRUE","FALSE","FALSE","WEAKENING","WEAKENING (Passive)","0.28","0.28","DRY / QUIET","10","90","29.64","31.16","12.04","29.09","1717.52","1705.75","1704.56","59900","210475","926","Supertrend bearish | RSI 29.6 lemah | Volume 0.28x | Crash filter aktif | RISEN NORMAL DOWNTREND","Full Grid (1-2-3-4)","100000000","1740","1580","1540","1485","0.1","0.2","0.3","0.4","57","126","194","269","646","99648500","351500","1542.55","1542.69","1400","2250","2760","2760","19.54","9.24","58.62","78.92","3","8.54"
"ASLC","2026-05-22","2026-05-22","558","FULL","67","0","AVOID","-","passive","FALSE","","SMART SNIPER","2026-04-15","Structure + Discount","37d","37","DOWNTREND","BEARISH","BEARISH","BEARISH","DOWNTREND DISCOUNT","NORMAL DOWNTREND","53.69","TRUE","FALSE","FALSE","WEAKENING","WEAKENING (Passive)","0.67","0.67","DRY / QUIET","33.33","66.67","31.16","10.98","14.11","23.21","73.93","76.68","81.33","10488000","15572510","926","Supertrend bearish | RSI 31.2 lemah | Volume 0.67x | Lolos anti-crash ADX | RISEN NORMAL DOWNTREND","Full Grid (1-2-3-4)","100000000","82","76","75","73","0.1","0.2","0.3","0.4","1219","2631","4000","5479","13329","99988100","11900","75.02","75.02","69","102","121","121","15.85","8.02","47.56","61.3","3","7.64"
"BHIT","2026-05-22","2026-05-22","558","FULL","28","3.7037037037037033","AVOID","-","passive","FALSE","","SMART SNIPER","2026-04-15","Structure + Discount","37d","37","DOWNTREND","BEARISH","BEARISH","BEARISH","DOWNTREND DISCOUNT","NORMAL DOWNTREND","35.94","TRUE","FALSE","FALSE","LAGGING","LAGGARD (Passive)","1.12","1.12","NORMAL","100","0","30.38","29.2","12.95","57.79","31.5","33.52","34.95","12687900","11364905","926","Supertrend bearish | RSI 30.4 lemah | Volume 1.12x | Lolos anti-crash ADX | RISEN NORMAL DOWNTREND","Full Grid (1-2-3-4)","100000000","37","35","34","33","0.1","0.2","0.3","0.4","2702","5714","8823","12121","29360","99993900","6100","34.06","34.06","32","45","52","52","13.51","6.04","40.54","52.68","3","8.72"
"DSFI","2026-05-22","2026-05-22","558","FULL","78","1.2987012987012987","AVOID","-","passive","FALSE","","SMART GAMMA","2026-04-15","","37d","37","DOWNTREND","BEARISH","BEARISH","BEARISH","STRUCTURE + DISCOUNT","NORMAL DOWNTREND","23.14","TRUE","FALSE","FALSE","LAGGING","LAGGARD (Passive)","0.22","0.22","DRY / QUIET","75","25","28.59","22.53","15.67","34.21","92.32","95.83","90.15","1696800","7741940","926","Supertrend bearish | RSI 28.6 lemah | Volume 0.22x | Lolos anti-crash ADX | RISEN NORMAL DOWNTREND","Full Grid (1-2-3-4)","100000000","103","93","90","86","0.1","0.2","0.3","0.4","970","2150","3333","4651","11104","99981600","18400","90.04","90.04","81","136","169","169","21.36","10.04","64.08","87.69","3","8.73"
"ELPI","2026-05-22","2026-05-22","558","FULL","1500","8.695652173913043","AVOID","-","passive","FALSE","","V-SHAPE","2026-04-15","","37d","37","DOWNTREND","BEARISH","BEARISH","BULLISH","DEMAND STRUCTURE","NORMAL UPTREND","42.82","TRUE","TRUE","FALSE","LAGGING","LAGGARD (Passive)","0.5","0.5","DRY / QUIET","84.62","15.38","44.4","17.17","25.52","32.62","1668.48","1672.04","1151.29","1476700","2950550","926","Supertrend bearish | RSI 44.4 lemah | Volume 0.5x | Lolos anti-crash ADX | RISEN NORMAL UPTREND","Full Grid (1-2-3-4)","100000000","1965","1515","1410","1260","0.1","0.2","0.3","0.4","50","132","212","317","711","99657000","343000","1401.65","1402.27","1025","3380","4790","4790","47.84","26.87","143.77","241.74","3.01","9"
"INCF","2026-05-22","2026-05-22","558","FULL","50","0","AVOID","-","passive","FALSE","","BETA BREAKOUT","2026-04-15","","37d","37","DOWNTREND","BEARISH","BEARISH","BEARISH","DOWNTREND DISCOUNT","NORMAL UPTREND","80.81","TRUE","TRUE","FALSE","LAGGING","LAGGARD (Passive)","0.02","0.02","DRY / QUIET","50","50","35.48","18.57","17.95","20.96","55.67","58.3","53.31","952500","42039215","926","Supertrend bearish | RSI 35.5 lemah | Volume 0.02x | Lolos anti-crash ADX | RISEN NORMAL UPTREND","Full Grid (1-2-3-4)","100000000","64","58","56","54","0.1","0.2","0.3","0.4","1562","3448","5357","7407","17774","99992200","7800","56.26","56.26","50","85","106","106","21.88","11.12","65.63","88.42","3","7.95"
"KRYA","2026-05-22","2026-05-22","558","FULL","61","7.017543859649122","AVOID","-","passive","FALSE","","SMART SNIPER","2026-04-15","Structure + Discount","37d","37","DOWNTREND","BEARISH","BEARISH","BEARISH","STRUCTURE + DISCOUNT","SIDEWAYS","25","TRUE","FALSE","FALSE","LAGGING","LAGGARD (Passive)","0.77","0.77","DRY / QUIET","50","50","38.92","28.52","25.26","19.02","70.82","76.83","116.93","179327100","232694465","926","Supertrend bearish | RSI 38.9 lemah | Volume 0.77x | Lolos anti-crash ADX | RISEN SIDEWAYS","Full Grid (1-2-3-4)","100000000","67","61","60","58","0.1","0.2","0.3","0.4","1492","3278","5000","6896","16666","99989000","11000","60","60","54","87","106","106","19.4","9.99","58.21","76.68","3","7.67"
"LPPS","2026-05-22","2026-05-22","558","FULL","72","-2.7027027027027026","AVOID","-","passive","FALSE","","SMART SNIPER","2026-04-15","Structure + Discount","37d","37","DOWNTREND","BEARISH","BEARISH","BEARISH","DOWNTREND DISCOUNT","NORMAL DOWNTREND","0","FALSE","FALSE","FALSE","LAGGING","LAGGARD (Passive)","0.47","0.47","DRY / QUIET","60","40","30.55","20.74","18.68","19.78","82.21","86.13","92.72","1402700","2988455","926","Supertrend bearish | RSI 30.6 lemah | Volume 0.47x | Lolos anti-crash ADX | RISEN NORMAL DOWNTREND","Full Grid (1-2-3-4)","100000000","93","83","81","77","0.1","0.2","0.3","0.4","1075","2409","3703","5194","12381","99980300","19700","80.75","80.75","72","125","156","156","22.58","10.84","67.74","93.18","3","8.6"
"MPXL","2026-05-22","2026-05-22","558","FULL","150","-4.45859872611465","AVOID","-","passive","FALSE","","SMART SNIPER","2026-04-15","Discount Only","37d","37","DOWNTREND","BEARISH","BEARISH","BEARISH","STRUCTURE + DISCOUNT","SIDEWAYS","19.37","TRUE","FALSE","FALSE","LAGGING","LAGGARD (Passive)","0.1","0.1","DRY / QUIET","12.5","87.5","40.14","20.44","23.51","27.5","166.68","166.08","167.74","545000","5493980","926","Supertrend bearish | RSI 40.1 lemah | Volume 0.1x | Lolos anti-crash ADX | RISEN SIDEWAYS","Full Grid (1-2-3-4)","100000000","168","150","145","139","0.1","0.2","0.3","0.4","595","1333","2068","2877","6873","99967300","32700","145.45","145.45","129","226","286","286","23.21","11.31","70.24","96.63","3.03","8.54"
"NELY","2026-05-22","2026-05-22","558","FULL","248","1.639344262295082","AVOID","-","passive","FALSE","","EARLY SWEEP","2026-04-15","","37d","37","DOWNTREND","BEARISH","BEARISH","BEARISH","DOWNTREND DISCOUNT","NORMAL DOWNTREND","47.87","TRUE","FALSE","FALSE","LAGGING","LAGGARD (Passive)","1.07","1.07","NORMAL","93.33","6.67","19.5","40.17","6.21","38.58","297.73","329.15","370.23","685500","639455","926","Supertrend bearish | RSI 19.5 lemah | Volume 1.07x | Crash filter aktif | RISEN NORMAL DOWNTREND","Full Grid (1-2-3-4)","100000000","428","392","384","372","0.1","0.2","0.3","0.4","233","510","781","1075","2599","99944800","55200","384.55","384.56","354","540","650","650","17.29","7.94","51.87","69.03","3","8.69"
"NSSS","2026-05-22","2026-05-22","558","FULL","472","-2.880658436213992","AVOID","-","passive","FALSE","","SMART SNIPER","2026-04-15","Structure + Discount","37d","37","DOWNTREND","BEARISH","BEARISH","BEARISH","DOWNTREND DISCOUNT","NORMAL DOWNTREND","0","FALSE","FALSE","FALSE","LAGGING","LAGGARD (Passive)","0.38","0.38","DRY / QUIET","85.71","14.29","19.17","26.04","10.18","39.18","728.97","828.26","752.09","7248500","19133330","926","Supertrend bearish | RSI 19.2 lemah | Volume 0.38x | Lolos anti-crash ADX | RISEN NORMAL DOWNTREND","Full Grid (1-2-3-4)","100000000","900","860","850","835","0.1","0.2","0.3","0.4","111","232","352","479","1174","99858500","141500","850.58","850.59","800","1050","1285","1285","11.11","5.95","42.78","51.07","3.85","8.59"
"NTBK","2026-05-22","2026-05-22","558","FULL","85","2.4096385542168677","HOLD","-","passive","FALSE","","SMART SNIPER","2026-04-15","Discount Only","37d","37","UPTREND","BEARISH","BEARISH","BEARISH","UPTREND DISCOUNT","NORMAL UPTREND","51.66","TRUE","TRUE","FALSE","WEAKENING","WEAKENING (Passive)","0.29","0.29","DRY / QUIET","85.71","14.29","46.54","42.76","25.7","19.5","89.81","87.6","88.29","35898800","123823020","926","Supertrend bullish | RSI 46.5 lemah | Volume 0.29x | Lolos anti-crash ADX | RISEN NORMAL UPTREND","Full Grid (1-2-3-4)","100000000","85","72","68","64","0.1","0.2","0.3","0.4","1176","2777","4411","6250","14614","99985200","14800","68.42","68.42","57","127","137","137","32.94","16.69","61.18","100.24","1.86","6.01"
"POLY","2026-05-22","2026-05-22","558","FULL","32","0","AVOID","-","passive","FALSE","","G ACC","2026-02-24","","87d","87","DOWNTREND","BEARISH","BEARISH","BULLISH","DOWNTREND DISCOUNT","SIDEWAYS","0","FALSE","FALSE","FALSE","LEADING","LEADING (Passive)","0","0","NO VOLUME","50","50","42.01","16.16","27.74","38.62","32.24","33.47","31.01","0","0","926","Supertrend bearish | RSI 42.0 lemah | Volume NaNx | Lolos anti-crash ADX | RISEN SIDEWAYS","Full Grid (1-2-3-4)","100000000","56","42","39","34","0.1","0.2","0.3","0.4","1785","4761","7692","11764","26002","99988600","11400","38.45","38.45","27","100","143","143","51.79","29.79","155.36","271.87","3","9.13"
"SPRE","2026-05-22","2026-05-22","450","FULL","73","4.285714285714286","AVOID","-","passive","FALSE","","SMART SNIPER","2026-04-15","Discount Only","37d","37","DOWNTREND","BEARISH","BEARISH","BEARISH","DOWNTREND DISCOUNT","NORMAL DOWNTREND","94.3","TRUE","FALSE","FALSE","LAGGING","LAGGARD (Passive)","0.95","0.95","NORMAL","69.23","30.77","31.23","32.07","8.99","27.9","85.14","101.72","135.22","4040800","4235595","926","Supertrend bearish | RSI 31.2 lemah | Volume 0.95x | Crash filter aktif | RISEN NORMAL DOWNTREND","Full Grid (1-2-3-4)","100000000","103","90","87","83","0.1","0.2","0.3","0.4","970","2222","3448","4819","11459","99984300","15700","87.25","87.26","75","145","187","187","27.18","14.04","81.55","114.32","3","8.14"
"TAXI","2026-05-22","2026-05-22","558","FULL","14","-6.666666666666667","AVOID","-","passive","FALSE","","SMART SNIPER","2026-04-15","Discount Only","37d","37","DOWNTREND","BEARISH","BEARISH","BEARISH","STRUCTURE + DISCOUNT","SIDEWAYS","0","FALSE","FALSE","FALSE","LAGGING","LAGGARD (Passive)","1.26","1.26","EXPANSION","50","50","33.34","15.93","17.88","39.89","16.29","16.99","16.79","40058000","31916510","926","Supertrend bearish | RSI 33.3 lemah | Volume valid 1.26x | Lolos anti-crash ADX | RISEN SIDEWAYS","Full Grid (1-2-3-4)","100000000","17","15","14","13","0.1","0.2","0.3","0.4","5882","13333","21428","30769","71412","99997800","2200","14","14","12","25","32","32","29.41","14.3","88.24","128.52","3","8.99"
"BOAT","2026-05-22","2026-05-22","357","FULL","111","-0.8928571428571428","AVOID","-","passive","FALSE","","SMART SNIPER","2026-04-14","Discount Only","38d","38","DOWNTREND","BEARISH","BEARISH","BEARISH","DOWNTREND DISCOUNT","NORMAL DOWNTREND","53.89","TRUE","FALSE","FALSE","LAGGING","LAGGARD (Passive)","0.72","0.72","DRY / QUIET","40","60","27.14","14.84","10.25","26.44","134.26","144.37","150.4","2306700","3205780","924","Supertrend bearish | RSI 27.1 lemah | Volume 0.72x | Lolos anti-crash ADX | RISEN NORMAL DOWNTREND","Full Grid (1-2-3-4)","100000000","158","141","136","130","0.1","0.2","0.3","0.4","632","1418","2205","3076","7331","99955400","44600","136.35","136.35","121","214","220","220","23.42","11.26","39.24","61.35","1.68","5.45"
"CASH","2026-05-22","2026-05-22","558","FULL","202","9.782608695652174","AVOID","-","passive","FALSE","","BETA BREAKOUT","2026-04-14","","38d","38","DOWNTREND","BEARISH","BULLISH","BULLISH","DOWNTREND PREMIUM","NORMAL UPTREND","43.61","TRUE","TRUE","FALSE","LAGGING","LAGGARD (Passive)","0.34","0.34","DRY / QUIET","100","0","46.37","34.48","19.63","21.83","217.41","201.17","146.08","2438300","7084390","924","Supertrend bearish | RSI 46.4 lemah | Volume 0.34x | Crash filter aktif | RISEN NORMAL UPTREND","Full Grid (1-2-3-4)","100000000","190","170","165","159","0.1","0.2","0.3","0.4","526","1176","1818","2515","6035","99971500","28500","165.65","165.65","147","254","320","320","22.63","11.26","68.42","93.18","3.02","8.27"
"DRMA","2026-05-22","2026-05-22","558","FULL","985","0.5102040816326531","AVOID","-","passive","FALSE","","BETA BREAKOUT","2026-02-23","","88d","88","DOWNTREND","BEARISH","BEARISH","BEARISH","STRUCTURE + DISCOUNT","SIDEWAYS","83.71","TRUE","FALSE","FALSE","LEADING","LEADING (Passive)","0.09","0.09","DRY / QUIET","50","50","45.44","15.62","19.48","14.09","995.76","1002.89","1012.45","251700","2921155","924","Supertrend bearish | RSI 45.4 lemah | Volume 0.09x | Lolos anti-crash ADX | RISEN SIDEWAYS","Full Grid (1-2-3-4)","100000000","1100","1010","990","960","0.1","0.2","0.3","0.4","90","198","303","416","1007","99831000","169000","991.37","991.45","915","1380","1655","1655","16.82","7.7","50.45","66.94","3","8.69"
"ELTY","2026-05-22","2026-05-22","558","FULL","32","0","AVOID","-","passive","FALSE","","EARLY SWEEP","2026-04-14","","38d","38","DOWNTREND","BEARISH","BEARISH","BEARISH","DOWNTREND DISCOUNT","NORMAL DOWNTREND","51.09","TRUE","FALSE","FALSE","LAGGING","LAGGARD (Passive)","1.28","1.28","EXPANSION","100","0","29.74","14.72","23.54","50.1","38.77","41.2","35.58","216985700","169500970","924","Supertrend bearish | RSI 29.7 lemah | Volume valid 1.28x | Lolos anti-crash ADX | RISEN NORMAL DOWNTREND","Full Grid (1-2-3-4)","100000000","69","46","40","32","0.1","0.2","0.3","0.4","1449","4347","7500","12500","25796","99994300","5700","38.76","38.76","21","141","214","214","69.57","45.83","210.14","452.07","3.02","9.86"
"FITT","2026-05-22","2026-05-22","558","FULL","344","6.832298136645963","AVOID","-","passive","FALSE","","SMART SNIPER","2026-04-14","Discount Only","38d","38","DOWNTREND","BEARISH","BEARISH","BEARISH","DOWNTREND DISCOUNT","NORMAL DOWNTREND","87.39","TRUE","FALSE","FALSE","LAGGING","LAGGARD (Passive)","0.37","0.37","DRY / QUIET","100","0","38.42","16.35","27.03","22.58","402.67","445.45","512.69","872200","2360215","924","Supertrend bearish | RSI 38.4 lemah | Volume 0.37x | Lolos anti-crash ADX | RISEN NORMAL DOWNTREND","Full Grid (1-2-3-4)","100000000","464","346","316","276","0.1","0.2","0.3","0.4","215","578","949","1449","3191","99955600","44400","313.24","313.26","212","840","1220","1220","54.31","32.32","162.93","289.47","3","8.96"
"FPNI","2026-05-22","2026-05-22","558","FULL","332","3.1055900621118013","AVOID","-","passive","FALSE","","SMART GAMMA","2026-04-14","","38d","38","DOWNTREND","BEARISH","BEARISH","BEARISH","DOWNTREND DISCOUNT","NORMAL DOWNTREND","55.81","TRUE","FALSE","FALSE","LAGGING","LAGGARD (Passive)","0.39","0.39","DRY / QUIET","76.47","23.53","27.96","28.46","19.12","32.98","431.43","475.65","482.6","2491900","6464925","924","Supertrend bearish | RSI 28.0 lemah | Volume 0.39x | Lolos anti-crash ADX | RISEN NORMAL DOWNTREND","Full Grid (1-2-3-4)","100000000","575","458","430","390","0.1","0.2","0.3","0.4","173","436","697","1025","2331","99862300","137700","428.41","428.47","330","945","1310","1310","42.61","22.97","127.83","205.78","3","8.96"
"GIAA","2026-05-22","2026-05-22","558","FULL","57","0","AVOID","-","passive","FALSE","","EARLY SWEEP","2026-04-14","","38d","38","DOWNTREND","BEARISH","BEARISH","BEARISH","DOWNTREND DISCOUNT","NORMAL DOWNTREND","46.36","TRUE","FALSE","FALSE","LAGGING","LAGGARD (Passive)","0.95","0.95","NORMAL","100","0","24.55","20.4","11.19","31.91","64.42","70.43","78.55","83403000","87402390","924","Supertrend bearish | RSI 24.6 lemah | Volume 0.95x | Lolos anti-crash ADX | RISEN NORMAL DOWNTREND","Full Grid (1-2-3-4)","100000000","116","91","85","77","0.1","0.2","0.3","0.4","862","2197","3529","5194","11782","99982200","17800","84.86","84.86","65","193","270","270","43.97","23.4","132.76","218.17","3.02","9.32"
"GMFI","2026-05-22","2026-05-22","558","FULL","52","0","AVOID","-","passive","FALSE","","SMART SNIPER","2026-04-14","Discount Only","38d","38","DOWNTREND","BEARISH","BEARISH","BEARISH","STRUCTURE + DISCOUNT","NORMAL DOWNTREND","33.26","TRUE","FALSE","FALSE","LAGGING","LAGGARD (Passive)","1.09","1.09","NORMAL","50","50","30.42","21.87","11.6","26.78","58.24","62.24","69.75","67484500","61865290","924","Supertrend bearish | RSI 30.4 lemah | Volume 1.09x | Lolos anti-crash ADX | RISEN NORMAL DOWNTREND","Full Grid (1-2-3-4)","100000000","70","62","59","57","0.1","0.2","0.3","0.4","1428","3225","5084","7017","16754","99983500","16500","59.68","59.68","52","97","124","124","25.71","12.86","77.14","107.78","3","8.38"
"INET","2026-05-22","2026-05-22","558","FULL","230","5.5045871559633035","AVOID","-","passive","FALSE","","SMART SNIPER","2026-04-14","Discount Only","38d","38","DOWNTREND","BEARISH","BEARISH","BEARISH","DOWNTREND DISCOUNT","NORMAL DOWNTREND","47.86","TRUE","FALSE","FALSE","LAGGING","LAGGARD (Passive)","0.83","0.83","NORMAL","100","0","32.16","21.1","13.4","36.26","280.97","311.36","343.69","195790300","234981950","924","Supertrend bearish | RSI 32.2 lemah | Volume 0.83x | Lolos anti-crash ADX | RISEN NORMAL DOWNTREND","Full Grid (1-2-3-4)","100000000","338","288","276","260","0.1","0.2","0.3","0.4","295","694","1086","1538","3613","99919800","80200","276.56","276.57","232","498","655","655","31.36","16.11","93.79","136.84","2.99","8.49"
"MGLV","2026-05-22","2026-05-22","558","FULL","6800","-2.158273381294964","AVOID","-","passive","FALSE","","SMART GAMMA","2026-04-14","","38d","38","DOWNTREND","BEARISH","BULLISH","BULLISH","DEMAND STRUCTURE","NORMAL UPTREND","25","TRUE","TRUE","FALSE","WEAKENING","WEAKENING (Passive)","0.37","0.37","DRY / QUIET","100","0","43.93","26.82","17.12","27.56","7327","6281.12","3350.14","120100","321375","924","Supertrend bearish | RSI 43.9 lemah | Volume 0.37x | Lolos anti-crash ADX | RISEN NORMAL UPTREND","Full Grid (1-2-3-4)","100000000","6500","4870","4480","3930","0.1","0.2","0.3","0.4","15","41","66","101","223","98978000","1022000","4438.48","4440.54","3170","11500","16500","16500","51.23","28.58","153.85","271.75","3","9.51"
"PICO","2026-05-22","2026-05-22","558","FULL","136","-0.7299270072992701","AVOID","-","passive","FALSE","","SMART SNIPER","2026-04-14","Structure + Discount","38d","38","DOWNTREND","BEARISH","BEARISH","BEARISH","STRUCTURE + DISCOUNT","SIDEWAYS","31.41","TRUE","FALSE","FALSE","LAGGING","LAGGARD (Passive)","0.32","0.32","DRY / QUIET","88.89","11.11","26.96","19.96","16.26","28.67","152.45","157.55","174.54","143800","454165","924","Supertrend bearish | RSI 27.0 lemah | Volume 0.32x | Lolos anti-crash ADX | RISEN SIDEWAYS","Full Grid (1-2-3-4)","100000000","169","148","143","136","0.1","0.2","0.3","0.4","591","1351","2097","2941","6980","99967400","32600","143.22","143.22","125","236","302","302","26.04","12.72","78.7","110.86","3.02","8.71"
"PURI","2026-05-22","2026-05-22","558","FULL","137","4.580152671755725","AVOID","-","passive","FALSE","","SMART SNIPER","2026-04-14","Structure + Discount","38d","38","DOWNTREND","BEARISH","BEARISH","BEARISH","DOWNTREND DISCOUNT","NORMAL DOWNTREND","50.31","TRUE","FALSE","FALSE","LAGGING","LAGGARD (Passive)","1.04","1.04","NORMAL","57.14","42.86","32.97","22.93","23.8","20.84","155.39","169.98","226.39","2125600","2041765","924","Supertrend bearish | RSI 33.0 lemah | Volume 1.04x | Lolos anti-crash ADX | RISEN NORMAL DOWNTREND","Full Grid (1-2-3-4)","100000000","190","158","150","139","0.1","0.2","0.3","0.4","526","1265","2000","2877","6668","99971300","28700","149.93","149.93","122","292","394","394","35.79","18.63","107.37","162.79","3","8.74"
"SIPD","2026-05-22","2026-05-22","558","FULL","780","-3.7037037037037033","AVOID","-","passive","FALSE","","V-SHAPE","2026-04-14","","38d","38","DOWNTREND","BEARISH","BEARISH","BEARISH","STRUCTURE + DISCOUNT","NORMAL UPTREND","82.13","TRUE","TRUE","FALSE","LAGGING","LAGGARD (Passive)","0.08","0.08","DRY / QUIET","50","50","29.6","16.12","11","20.03","914.78","999.14","995.05","10600","132025","924","Supertrend bearish | RSI 29.6 lemah | Volume 0.08x | Lolos anti-crash ADX | RISEN NORMAL UPTREND","Full Grid (1-2-3-4)","100000000","980","955","945","935","0.1","0.2","0.3","0.4","102","209","317","427","1055","99836500","163500","946.32","946.31","905","1095","1205","1205","7.65","4.37","22.96","27.34","3","6.26"
"TOBA","2026-05-22","2026-05-22","558","FULL","448","7.177033492822966","AVOID","-","passive","FALSE","","SMART SNIPER","2026-04-14","Discount Only","38d","38","DOWNTREND","BEARISH","BEARISH","BEARISH","DOWNTREND DISCOUNT","NORMAL DOWNTREND","33.28","TRUE","FALSE","FALSE","LAGGING","LAGGARD (Passive)","1.14","1.14","NORMAL","100","0","30.41","23.39","11.36","39.78","546.99","600.67","721.38","14702500","12940925","924","Supertrend bearish | RSI 30.4 lemah | Volume 1.14x | Lolos anti-crash ADX | RISEN NORMAL DOWNTREND","Full Grid (1-2-3-4)","100000000","660","580","560","535","0.1","0.2","0.3","0.4","151","344","535","747","1777","99842500","157500","561.86","561.89","492","910","1165","1165","25.45","12.43","76.52","107.35","3.01","8.63"
"TRJA","2026-05-22","2026-05-22","558","FULL","124","-0.8","AVOID","-","passive","FALSE","","V-SHAPE","2026-02-23","","88d","88","DOWNTREND","BEARISH","BEARISH","BEARISH","DOWNTREND DISCOUNT","NORMAL DOWNTREND","25","TRUE","FALSE","FALSE","LEADING","LEADING (Passive)","0.45","0.45","DRY / QUIET","80","20","36.74","42.83","27.5","14.52","130.95","136.15","149.78","646000","1438080","924","Supertrend bearish | RSI 36.7 lemah | Volume 0.45x | Lolos anti-crash ADX | RISEN NORMAL DOWNTREND","Full Grid (1-2-3-4)","100000000","164","148","144","138","0.1","0.2","0.3","0.4","609","1351","2083","2898","6941","99970000","30000","144.03","144.03","129","216","270","270","21.34","10.43","64.63","87.46","3.03","8.38"
"UANG","2026-05-22","2026-05-22","558","FULL","2400","14.285714285714285","AVOID","-","passive","FALSE","","BETA BREAKOUT","2026-04-14","","38d","38","DOWNTREND","BEARISH","BEARISH","BEARISH","DOWNTREND DISCOUNT","NORMAL DOWNTREND","42.43","TRUE","FALSE","FALSE","LAGGING","LAGGARD (Passive)","1.07","1.07","NORMAL","97.37","2.63","30.54","25.02","11.3","39.43","3209.91","3585.88","3285.43","573100","535920","924","Supertrend bearish | RSI 30.5 lemah | Volume 1.07x | Lolos anti-crash ADX | RISEN NORMAL DOWNTREND","Full Grid (1-2-3-4)","100000000","4600","3800","3610","3340","0.1","0.2","0.3","0.4","21","52","83","119","275","99129000","871000","3604.69","3607.07","2920","7125","9650","9650","36.52","18.99","109.78","167.71","3.01","8.83"
"BEER","2026-05-22","2026-05-22","558","FULL","88","6.024096385542169","AVOID","-","passive","FALSE","","SMART SNIPER","2026-04-13","Demand Structure","39d","39","DOWNTREND","BEARISH","BEARISH","BEARISH","DOWNTREND DISCOUNT","NORMAL DOWNTREND","38.49","TRUE","FALSE","FALSE","LAGGING","LAGGARD (Passive)","0.54","0.54","DRY / QUIET","100","0","25.33","23.15","18.55","26.29","116.96","134.16","147.4","1899100","3521735","922","Supertrend bearish | RSI 25.3 lemah | Volume 0.54x | Lolos anti-crash ADX | RISEN NORMAL DOWNTREND","Full Grid (1-2-3-4)","100000000","171","144","137","128","0.1","0.2","0.3","0.4","584","1388","2189","3125","7286","99962900","37100","137.2","137.2","112","260","348","348","34.5","18.37","103.51","153.65","3","8.37"
"BKSL","2026-05-22","2026-05-22","558","FULL","79","6.756756756756757","AVOID","-","passive","FALSE","","SMART SNIPER","2026-04-13","Discount Only","39d","39","DOWNTREND","BEARISH","BEARISH","BEARISH","DOWNTREND DISCOUNT","NORMAL DOWNTREND","24.09","TRUE","FALSE","FALSE","LAGGING","LAGGARD (Passive)","1.15","1.15","NORMAL","81.82","18.18","28.89","24.28","9.99","35.77","98.11","109","120.02","383529700","332379920","922","Supertrend bearish | RSI 28.9 lemah | Volume 1.15x | Lolos anti-crash ADX | RISEN NORMAL DOWNTREND","Full Grid (1-2-3-4)","100000000","121","110","107","103","0.1","0.2","0.3","0.4","826","1818","2803","3883","9330","99979600","20400","107.16","107.16","96","159","196","196","20.66","10.41","61.98","82.91","3","7.96"
"LSIP","2026-05-22","2026-05-22","558","FULL","1315","1.5444015444015444","AVOID","-","passive","FALSE","","SMART GAMMA","2026-04-13","","39d","39","DOWNTREND","BEARISH","BEARISH","BEARISH","DOWNTREND DISCOUNT","NORMAL UPTREND","1.3","TRUE","TRUE","FALSE","LAGGING","LAGGARD (Passive)","1.82","1.82","EXPANSION","77.27","22.73","33.01","36.05","10.88","31.7","1494.58","1469.91","1335.02","34108300","18764915","922","Supertrend bearish | RSI 33.0 lemah | Volume valid 1.82x | Crash filter aktif | RISEN NORMAL UPTREND","Full Grid (1-2-3-4)","100000000","1550","1290","1230","1140","0.1","0.2","0.3","0.4","64","155","243","350","812","99704000","296000","1227.88","1228","1020","2350","3140","3140","34.19","16.93","102.58","155.72","3","9.2"
"PGUN","2026-05-22","2026-05-22","558","FULL","7400","5.714285714285714","AVOID","-","passive","FALSE","","SMART SNIPER","2026-04-13","Discount Only","39d","39","DOWNTREND","BEARISH","BEARISH","BEARISH","STRUCTURE + DISCOUNT","NORMAL DOWNTREND","55.33","TRUE","FALSE","FALSE","LAGGING","LAGGARD (Passive)","0.94","0.94","NORMAL","41.46","58.54","35.51","23.27","9.2","30.12","8462.74","8880.14","8472.56","14400","15270","922","Supertrend bearish | RSI 35.5 lemah | Volume 0.94x | Lolos anti-crash ADX | RISEN NORMAL DOWNTREND","Full Grid (1-2-3-4)","100000000","9775","8475","8150","7700","0.1","0.2","0.3","0.4","10","23","36","51","120","97877500","2122500","8156.46","8157.48","7000","13950","16000","16000","28.39","14.18","63.68","96.16","2.24","6.78"
"SIMP","2026-05-22","2026-05-22","558","FULL","560","4.672897196261682","AVOID","-","passive","FALSE","","G ACC","2026-04-13","","39d","39","DOWNTREND","BEARISH","BEARISH","BEARISH","STRUCTURE + DISCOUNT","SIDEWAYS","17.5","TRUE","FALSE","FALSE","LAGGING","LAGGARD (Passive)","0.6","0.6","DRY / QUIET","88.89","11.11","30.91","33.19","12.22","33.84","665.75","676.14","611.13","24252300","40537000","922","Supertrend bearish | RSI 30.9 lemah | Volume 0.6x | Crash filter aktif | RISEN SIDEWAYS","Full Grid (1-2-3-4)","100000000","785","675","645","610","0.1","0.2","0.3","0.4","127","296","465","655","1543","99897000","103000","647.42","647.44","555","1130","1475","1475","29.3","14.28","87.9","127.83","3","8.95"
"VKTR","2026-05-22","2026-05-22","558","FULL","745","13.740458015267176","AVOID","-","passive","FALSE","","SMART GAMMA","2026-04-13","","39d","39","DOWNTREND","BEARISH","BEARISH","BULLISH","DOWNTREND","NORMAL DOWNTREND","26.89","TRUE","FALSE","FALSE","LAGGING","LAGGARD (Passive)","1.24","1.24","EXPANSION","81.82","18.18","39.03","25.02","9.79","27.2","847.72","862.3","647.78","73910600","59617720","922","Supertrend bearish | RSI 39.0 lemah | Volume valid 1.24x | Lolos anti-crash ADX | RISEN NORMAL DOWNTREND","Full Grid (1-2-3-4)","100000000","1030","820","770","700","0.1","0.2","0.3","0.4","97","243","389","571","1300","99840000","160000","768","768.03","595","1685","2340","2340","42.23","22.53","127.18","204.69","3.01","9.09"
"NOBU","2026-05-22","2026-05-22","558","FULL","466","0.8658008658008658","AVOID","-","passive","FALSE","","SMART GAMMA","2026-02-20","","91d","91","DOWNTREND","BEARISH","BEARISH","BEARISH","DOWNTREND DISCOUNT","NORMAL DOWNTREND","51.99","TRUE","FALSE","FALSE","LEADING","LEADING (Passive)","1.97","1.97","EXPANSION","91.67","8.33","26.94","19.5","12.29","30.38","509.64","532.05","553.79","6741500","3430660","918","Supertrend bearish | RSI 26.9 lemah | Volume valid 1.97x | Lolos anti-crash ADX | RISEN NORMAL DOWNTREND","Full Grid (1-2-3-4)","100000000","680","565","540","500","0.1","0.2","0.3","0.4","147","353","555","800","1855","99910500","89500","538.6","538.62","448","1030","1375","1375","34.12","16.82","102.21","155.29","3","9.23"
"TIRT","2026-05-22","2026-05-22","558","FULL","382","0","AVOID","-","passive","FALSE","","BETA BREAKOUT","2026-03-17","","66d","66","DOWNTREND","BEARISH","BEARISH","BULLISH","STRUCTURE + DISCOUNT","NORMAL UPTREND","51.96","TRUE","TRUE","FALSE","IMPROVING","IMPROVING (Passive)","0.99","0.99","NORMAL","100","0","27.38","19.24","25.14","45.84","478.19","540.46","366.04","389000","394655","918","Supertrend bearish | RSI 27.4 lemah | Volume 0.99x | Lolos anti-crash ADX | RISEN NORMAL UPTREND","Full Grid (1-2-3-4)","100000000","890","850","840","825","0.1","0.2","0.3","0.4","112","235","357","484","1188","99861000","139000","840.58","840.59","800","1025","1160","1160","10.11","4.83","30.34","38","3","7.87"
"ANDI","2026-05-22","2026-05-22","558","FULL","17","-5.555555555555555","AVOID","-","passive","FALSE","","EARLY SWEEP","2026-04-10","","42d","42","DOWNTREND","BEARISH","BEARISH","BEARISH","DOWNTREND DISCOUNT","NORMAL DOWNTREND","0","FALSE","FALSE","FALSE","LAGGING","LAGGARD (Passive)","1.76","1.76","EXPANSION","50","50","19.43","26.42","10.7","48.09","22.62","24.54","24.73","16406300","9320765","916","Supertrend bearish | RSI 19.4 lemah | Volume valid 1.76x | Lolos anti-crash ADX | RISEN NORMAL DOWNTREND","Full Grid (1-2-3-4)","100000000","30","29","28","28","0.1","0.2","0.3","0.4","3333","6896","10714","14285","35228","99994600","5400","28.38","28.38","27","38","40","40","10","4.88","33.33","40.92","3.33","8.39"
"LMAX","2026-05-22","2026-05-22","558","FULL","107","-6.956521739130435","AVOID","-","passive","FALSE","","BETA BREAKOUT","2026-04-10","","42d","42","DOWNTREND","BEARISH","BEARISH","BEARISH","DOWNTREND DISCOUNT","NORMAL DOWNTREND","0","FALSE","FALSE","FALSE","LAGGING","LAGGARD (Passive)","0.83","0.83","NORMAL","9.09","90.91","23.44","20.47","10.85","33.59","147.72","154.8","127.36","532400","644200","916","Supertrend bearish | RSI 23.4 lemah | Volume 0.83x | Lolos anti-crash ADX | RISEN NORMAL DOWNTREND","Full Grid (1-2-3-4)","100000000","160","139","134","127","0.1","0.2","0.3","0.4","625","1438","2238","3149","7450","99969700","30300","134.19","134.19","115","228","296","296","28.13","14.3","85","120.59","3.02","8.43"
"OPMS","2026-05-22","2026-05-22","558","FULL","108","3.8461538461538463","AVOID","-","passive","FALSE","","SMART SNIPER","2026-04-10","Discount Only","42d","42","DOWNTREND","BEARISH","BEARISH","BEARISH","STRUCTURE + DISCOUNT","NORMAL DOWNTREND","50.4","TRUE","FALSE","FALSE","LAGGING","LAGGARD (Passive)","0.11","0.11","DRY / QUIET","78.57","21.43","34.28","32.23","18.23","24.56","124.49","128.57","119.15","1703200","14963720","916","Supertrend bearish | RSI 34.3 lemah | Volume 0.11x | Crash filter aktif | RISEN NORMAL DOWNTREND","Full Grid (1-2-3-4)","100000000","164","131","123","111","0.1","0.2","0.3","0.4","609","1526","2439","3603","8177","99971200","28800","122.26","122.26","94","270","374","374","42.68","23.11","128.05","205.91","3","8.91"
"PACK","2026-05-22","2026-05-22","558","FULL","282","-6.622516556291391","AVOID","-","passive","FALSE","","V-SHAPE","2026-04-10","","42d","42","DOWNTREND","BULLISH","BEARISH","BEARISH","DOWNTREND DISCOUNT","SIDEWAYS","4.53","TRUE","TRUE","FALSE","WEAKENING","WEAKENING (Passive)","1.91","1.91","EXPANSION","26.32","73.68","51.5","26.03","32.07","20.66","279.13","330.14","1163.25","701297300","368036480","916","Supertrend bearish | RSI 51.5 > 50 | Volume valid 1.91x | Lolos anti-crash ADX | RISEN SIDEWAYS","Full Grid (1-2-3-4)","100000000","189","166","161","153","0.1","0.2","0.3","0.4","529","1204","1863","2614","6210","99973000","27000","160.99","160.99","138","266","680","680","26.98","14.28","259.79","322.39","9.63","22.58"
"PTIS","2026-05-22","2026-05-22","558","FULL","288","-1.36986301369863","AVOID","-","passive","FALSE","","EARLY SWEEP","2026-04-10","","42d","42","DOWNTREND","BEARISH","BEARISH","BEARISH","STRUCTURE + DISCOUNT","SIDEWAYS","100","TRUE","FALSE","FALSE","LAGGING","LAGGARD (Passive)","0.28","0.28","DRY / QUIET","33.33","66.67","36","18.19","11.4","19.78","302.22","305.23","328.49","13200","47950","916","Supertrend bearish | RSI 36.0 lemah | Volume 0.28x | Lolos anti-crash ADX | RISEN SIDEWAYS","Full Grid (1-2-3-4)","100000000","424","406","402","396","0.1","0.2","0.3","0.4","235","492","746","1010","2483","99924400","75600","402.43","402.44","384","484","545","545","9.43","4.58","28.54","35.43","3.03","7.73"
"SMGR","2026-05-22","2026-05-22","558","FULL","1765","-0.5633802816901409","AVOID","-","passive","FALSE","","V-SHAPE","2026-04-10","","42d","42","DOWNTREND","BEARISH","BEARISH","BEARISH","DOWNTREND DISCOUNT","NORMAL DOWNTREND","56.46","TRUE","FALSE","FALSE","LAGGING","LAGGARD (Passive)","0.69","0.69","DRY / QUIET","37.5","62.5","25.29","34.21","10.66","39.13","2053.83","2261.21","2601.72","9199600","13317425","916","Supertrend bearish | RSI 25.3 lemah | Volume 0.69x | Crash filter aktif | RISEN NORMAL DOWNTREND","Full Grid (1-2-3-4)","100000000","2410","2390","2380","2370","0.1","0.2","0.3","0.4","41","83","126","168","418","99522000","478000","2380.91","2380.94","2340","2670","2700","2700","2.9","1.72","12.03","13.4","4.14","7.8"
"ALII","2026-05-22","2026-05-22","534","FULL","800","7.38255033557047","AVOID","-","passive","FALSE","","SMART SNIPER","2026-04-09","Structure + Discount","43d","43","DOWNTREND","BEARISH","BEARISH","BULLISH","DOWNTREND DISCOUNT","SIDEWAYS","35.5","TRUE","FALSE","FALSE","LAGGING","LAGGARD (Passive)","0.99","0.99","NORMAL","45.71","54.29","41.98","21.46","20.48","21.52","875.04","865.42","762.95","5089400","5127910","914","Supertrend bearish | RSI 42.0 lemah | Volume 0.99x | Lolos anti-crash ADX | RISEN SIDEWAYS","Full Grid (1-2-3-4)","100000000","840","735","705","670","0.1","0.2","0.3","0.4","119","272","425","597","1413","99949500","50500","707.36","707.36","610","1185","1530","1530","27.38","13.76","82.14","116.3","3","8.45"
"HDFA","2026-05-22","2026-05-22","558","FULL","90","0","AVOID","-","passive","FALSE","","SMART SNIPER","2026-04-09","Structure + Discount","43d","43","DOWNTREND","BEARISH","BEARISH","BEARISH","STRUCTURE + DISCOUNT","NORMAL DOWNTREND","45.66","TRUE","FALSE","FALSE","LAGGING","LAGGARD (Passive)","0.17","0.17","DRY / QUIET","57.14","42.86","32.26","30.7","22.84","16.69","103.87","107.7","120.24","304500","1783120","914","Supertrend bearish | RSI 32.3 lemah | Volume 0.17x | Lolos anti-crash ADX | RISEN NORMAL DOWNTREND","Full Grid (1-2-3-4)","100000000","122","104","99","93","0.1","0.2","0.3","0.4","819","1923","3030","4301","10073","99987300","12700","99.26","99.26","83","181","240","240","31.97","16.38","96.72","141.78","3.03","8.65"
"LIVE","2026-05-22","2026-05-22","533","FULL","220","0.9174311926605505","HOLD","-","passive","FALSE","","BETA BREAKOUT","2026-02-18","","93d","93","UPTREND","BEARISH","BEARISH","BULLISH","STRUCTURE + DISCOUNT","SIDEWAYS","76.76","TRUE","FALSE","FALSE","LEADING","LEADING (Passive)","0.31","0.31","DRY / QUIET","50","50","48.93","29.26","23.55","12.33","221.28","223.29","217.07","264500","841160","914","Supertrend bullish | RSI 48.9 lemah | Volume 0.31x | Lolos anti-crash ADX | RISEN SIDEWAYS","Full Grid (1-2-3-4)","100000000","274","230","220","204","0.1","0.2","0.3","0.4","364","869","1363","1960","4556","99930600","69400","219.34","219.35","179","416","560","560","34.67","18.39","104.38","155.31","3.01","8.45"
"MEJA","2026-05-22","2026-05-22","533","FULL","96","9.090909090909092","AVOID","-","passive","FALSE","","SMART SNIPER","2026-04-09","Discount Only","43d","43","DOWNTREND","BEARISH","BEARISH","BEARISH","DOWNTREND DISCOUNT","SIDEWAYS","62.16","TRUE","FALSE","FALSE","LAGGING","LAGGARD (Passive)","0.87","0.87","NORMAL","100","0","43.72","12.52","16.14","26.82","103.55","107.1","124.94","24418500","27913555","914","Supertrend bearish | RSI 43.7 lemah | Volume 0.87x | Lolos anti-crash ADX | RISEN SIDEWAYS","Full Grid (1-2-3-4)","100000000","101","90","87","83","0.1","0.2","0.3","0.4","990","2222","3448","4819","11479","99992300","7700","87.11","87.11","76","139","176","176","24.75","12.75","74.26","102.05","3","8"
"MSIN","2026-05-22","2026-05-22","558","FULL","540","1.8867924528301887","AVOID","-","passive","FALSE","","G ACC","2026-04-09","","43d","43","DOWNTREND","BEARISH","BEARISH","BEARISH","DOWNTREND DISCOUNT","NORMAL UPTREND","25","TRUE","TRUE","FALSE","LAGGING","LAGGARD (Passive)","0.5","0.5","DRY / QUIET","100","0","30.36","22.72","16.81","35.12","711.11","712.59","682.88","10484400","20930220","914","Supertrend bearish | RSI 30.4 lemah | Volume 0.5x | Lolos anti-crash ADX | RISEN NORMAL UPTREND","Full Grid (1-2-3-4)","100000000","1185","735","630","478","0.1","0.2","0.3","0.4","84","272","476","836","1668","99894800","105200","598.89","598.98","268","2800","3020","3020","77.38","55.25","154.85","404.27","2","7.32"
"PEGE","2026-05-22","2026-05-22","558","FULL","115","1.7699115044247788","AVOID","-","passive","FALSE","","SMART SNIPER","2026-04-09","Discount Only","43d","43","DOWNTREND","BEARISH","BEARISH","BEARISH","DOWNTREND DISCOUNT","NORMAL DOWNTREND","65.94","TRUE","FALSE","FALSE","LAGGING","LAGGARD (Passive)","0.38","0.38","DRY / QUIET","63.64","36.36","31.86","14.6","21.86","28.03","136.25","152.15","160.97","1677800","4389330","914","Supertrend bearish | RSI 31.9 lemah | Volume 0.38x | Lolos anti-crash ADX | RISEN NORMAL DOWNTREND","Full Grid (1-2-3-4)","100000000","163","134","127","117","0.1","0.2","0.3","0.4","613","1492","2362","3418","7885","99972700","27300","126.79","126.79","100","258","352","352","38.65","21.13","115.95","177.63","3","8.41"
"AGRS","2026-05-22","2026-05-22","558","FULL","62","0","AVOID","-","passive","FALSE","","V-SHAPE","2026-04-08","","44d","44","DOWNTREND","BEARISH","BEARISH","BEARISH","DOWNTREND DISCOUNT","NORMAL DOWNTREND","29.81","TRUE","FALSE","FALSE","LAGGING","LAGGARD (Passive)","0.73","0.73","DRY / QUIET","66.67","33.33","24.52","22.21","9.83","26.53","67.2","69.59","72.14","4307600","5938135","912","Supertrend bearish | RSI 24.5 lemah | Volume 0.73x | Lolos anti-crash ADX | RISEN NORMAL DOWNTREND","Full Grid (1-2-3-4)","100000000","70","68","68","67","0.1","0.2","0.3","0.4","1428","2941","4411","5970","14750","99988600","11400","67.79","67.79","65","78","86","86","7.14","4.11","22.86","26.86","3.2","6.53"
"AIMS","2026-05-22","2026-05-22","558","FULL","384","1.5873015873015872","AVOID","-","passive","FALSE","","V-SHAPE","2026-04-08","","44d","44","DOWNTREND","BEARISH","BEARISH","BEARISH","STRUCTURE + DISCOUNT","NORMAL DOWNTREND","64.8","TRUE","FALSE","FALSE","LAGGING","LAGGARD (Passive)","0.33","0.33","DRY / QUIET","33.33","66.67","32.87","16.79","19.42","29.33","421.92","432.72","421.11","214500","659470","912","Supertrend bearish | RSI 32.9 lemah | Volume 0.33x | Lolos anti-crash ADX | RISEN NORMAL DOWNTREND","Full Grid (1-2-3-4)","100000000","428","402","396","388","0.1","0.2","0.3","0.4","233","497","757","1030","2517","99893000","107000","396.87","396.88","366","520","615","615","14.49","7.78","43.69","54.96","3.02","7.07"
"LPCK","2026-05-22","2026-05-22","558","FULL","530","0.9523809523809524","AVOID","-","passive","FALSE","","V-SHAPE","2026-04-08","","44d","44","DOWNTREND","BEARISH","BEARISH","BEARISH","DOWNTREND DISCOUNT","NORMAL DOWNTREND","86.63","TRUE","FALSE","FALSE","LAGGING","LAGGARD (Passive)","0.39","0.39","DRY / QUIET","85.71","14.29","25.76","27.57","9.35","27.22","598.22","636.63","635.9","169500","437925","912","Supertrend bearish | RSI 25.8 lemah | Volume 0.39x | Lolos anti-crash ADX | RISEN NORMAL DOWNTREND","Full Grid (1-2-3-4)","100000000","640","605","595","585","0.1","0.2","0.3","0.4","156","330","504","683","1673","99892500","107500","597.09","597.09","560","760","880","880","12.5","6.21","37.5","47.38","3","7.63"
"MHKI","2026-05-22","2026-05-22","497","FULL","139","2.9629629629629632","AVOID","-","passive","FALSE","","SMART SNIPER","2026-04-08","Structure + Discount","44d","44","DOWNTREND","BEARISH","BEARISH","BEARISH","DOWNTREND DISCOUNT","NORMAL DOWNTREND","49.27","TRUE","FALSE","FALSE","LAGGING","LAGGARD (Passive)","0.38","0.38","DRY / QUIET","93.33","6.67","30.16","19.47","13.26","33.84","170.45","184.4","191.08","4231700","11156410","912","Supertrend bearish | RSI 30.2 lemah | Volume 0.38x | Lolos anti-crash ADX | RISEN NORMAL DOWNTREND","Full Grid (1-2-3-4)","100000000","202","177","170","162","0.1","0.2","0.3","0.4","495","1129","1764","2469","5857","99968100","31900","170.68","170.68","148","284","364","364","26.73","13.29","80.2","113.26","3","8.52"
"PSSI","2026-05-22","2026-05-22","558","FULL","290","2.112676056338028","AVOID","-","passive","FALSE","","V-SHAPE","2026-04-08","","44d","44","DOWNTREND","BEARISH","BEARISH","BEARISH","STRUCTURE + DISCOUNT","NORMAL DOWNTREND","33.26","TRUE","FALSE","FALSE","LAGGING","LAGGARD (Passive)","0.21","0.21","DRY / QUIET","100","0","21.63","23","9.73","42.12","327.27","338.77","353.84","48100","225950","912","Supertrend bearish | RSI 21.6 lemah | Volume 0.21x | Lolos anti-crash ADX | RISEN NORMAL DOWNTREND","Full Grid (1-2-3-4)","100000000","344","338","336","334","0.1","0.2","0.3","0.4","290","591","892","1197","2970","99902800","97200","336.37","336.37","330","366","402","402","4.07","1.89","16.86","19.51","4.14","10.3"
"RMKO","2026-05-22","2026-05-22","558","FULL","346","3.592814371257485","AVOID","-","passive","FALSE","","V-SHAPE","2026-04-08","","44d","44","DOWNTREND","BEARISH","BEARISH","BEARISH","DOWNTREND DISCOUNT","NORMAL DOWNTREND","65.55","TRUE","FALSE","FALSE","LAGGING","LAGGARD (Passive)","1.42","1.42","EXPANSION","96.88","3.13","28.43","22.72","10.31","34.94","455.09","512.53","434.49","12377100","8730770","912","Supertrend bearish | RSI 28.4 lemah | Volume valid 1.42x | Lolos anti-crash ADX | RISEN NORMAL DOWNTREND","Full Grid (1-2-3-4)","100000000","535","476","462","442","0.1","0.2","0.3","0.4","186","420","649","904","2159","99883600","116400","462.64","462.66","400","1180","2140","2140","25.23","13.54","300","362.56","11.89","26.78"
"ROTI","2026-05-22","2026-05-22","558","FULL","510","0.9900990099009901","AVOID","-","passive","FALSE","","BETA BREAKOUT","2026-04-08","","44d","44","DOWNTREND","BEARISH","BEARISH","BEARISH","DOWNTREND DISCOUNT","NORMAL DOWNTREND","24.09","TRUE","FALSE","FALSE","LAGGING","LAGGARD (Passive)","0.68","0.68","DRY / QUIET","81.48","18.52","14.19","55.68","6.33","51.48","614.11","673.75","765.73","1626000","2405345","912","Supertrend bearish | RSI 14.2 lemah | Volume 0.68x | Crash filter aktif | RISEN NORMAL DOWNTREND","Full Grid (1-2-3-4)","100000000","805","770","760","745","0.1","0.2","0.3","0.4","124","259","394","536","1313","99801000","199000","760.1","760.1","725","925","1045","1045","9.94","4.62","29.81","37.48","3","8.12"
"SMGA","2026-05-22","2026-05-22","538","FULL","71","5.970149253731343","AVOID","-","passive","FALSE","","V-SHAPE","2026-04-08","","44d","44","DOWNTREND","BEARISH","BEARISH","BEARISH","DOWNTREND DISCOUNT","NORMAL DOWNTREND","25","TRUE","FALSE","FALSE","LAGGING","LAGGARD (Passive)","0.43","0.43","DRY / QUIET","100","0","31.77","22.86","11.4","40.35","84.92","90.98","97.1","7387200","17049620","912","Supertrend bearish | RSI 31.8 lemah | Volume 0.43x | Lolos anti-crash ADX | RISEN NORMAL DOWNTREND","Full Grid (1-2-3-4)","100000000","89","83","81","79","0.1","0.2","0.3","0.4","1123","2409","3703","5063","12298","99981400","18600","81.3","81.3","75","110","131","131","15.73","7.75","47.19","61.13","3","7.89"
"YELO","2026-05-22","2026-05-22","558","FULL","80","5.263157894736842","AVOID","-","passive","FALSE","","BETA BREAKOUT","2026-04-08","","44d","44","DOWNTREND","BEARISH","BEARISH","BEARISH","DOWNTREND DISCOUNT","NORMAL DOWNTREND","80.27","TRUE","FALSE","FALSE","LAGGING","LAGGARD (Passive)","0.38","0.38","DRY / QUIET","100","0","33.47","15.31","12.86","27.55","95.05","99.78","87.11","28297800","75167320","912","Supertrend bearish | RSI 33.5 lemah | Volume 0.38x | Lolos anti-crash ADX | RISEN NORMAL DOWNTREND","Full Grid (1-2-3-4)","100000000","114","99","95","90","0.1","0.2","0.3","0.4","877","2020","3157","4444","10498","99983300","16700","95.24","95.24","82","162","164","164","28.07","13.9","43.86","72.2","1.56","5.19"
"ESTI","2026-05-22","2026-05-22","558","FULL","137","3.007518796992481","AVOID","-","passive","FALSE","","SMART SNIPER","2026-04-07","Demand Structure","45d","45","DOWNTREND","BEARISH","BEARISH","BEARISH","DOWNTREND DISCOUNT","NORMAL DOWNTREND","84.88","TRUE","FALSE","FALSE","LAGGING","LAGGARD (Passive)","0.39","0.39","DRY / QUIET","91.67","8.33","32.74","15.53","19.25","22.48","157.21","166.47","138.76","3158800","8140675","910","Supertrend bearish | RSI 32.7 lemah | Volume 0.39x | Lolos anti-crash ADX | RISEN NORMAL DOWNTREND","Full Grid (1-2-3-4)","100000000","181","146","137","125","0.1","0.2","0.3","0.4","552","1369","2189","3200","7310","99967900","32100","136.75","136.76","104","296","412","412","42.54","23.95","127.62","201.27","3","8.4"
"GSMF","2026-05-22","2026-05-22","558","FULL","99","2.0618556701030926","AVOID","-","passive","FALSE","","SMART GAMMA","2026-04-07","","45d","45","DOWNTREND","BEARISH","BEARISH","BEARISH","STRUCTURE + DISCOUNT","SIDEWAYS","21.92","TRUE","FALSE","FALSE","LAGGING","LAGGARD (Passive)","0.23","0.23","DRY / QUIET","58.33","41.67","41.76","41.35","29.3","23.25","118.24","113.4","100.2","20948900","90333375","910","Supertrend bearish | RSI 41.8 lemah | Volume 0.23x | Lolos anti-crash ADX | RISEN SIDEWAYS","Full Grid (1-2-3-4)","100000000","144","112","104","94","0.1","0.2","0.3","0.4","694","1785","2884","4255","9618","99976200","23800","103.95","103.95","77","244","346","346","46.53","25.92","140.28","232.86","3.01","8.98"
"NFCX","2026-05-22","2026-05-22","558","FULL","1700","0","AVOID","-","passive","FALSE","","BETA BREAKOUT","2025-07-21","","305d","305","DOWNTREND","BEARISH","BEARISH","BEARISH","DEMAND STRUCTURE","CRASH / SELL-OFF","69.02","TRUE","FALSE","TRUE","LEADING","LEADING (Passive)","2.51","2.51","VOLUME SURGE","90.91","9.09","35.31","30.95","8.1","39.05","1755.03","1753.68","1719.66","91700","36550","910","Supertrend bearish | RSI 35.3 lemah | Volume valid 2.51x | Crash filter aktif | RISEN CRASH / SELL-OFF","Full Grid (1-2-3-4)","100000000","1950","1825","1795","1755","0.1","0.2","0.3","0.4","51","109","167","227","554","99652500","347500","1798.78","1798.81","1680","2360","2760","2760","13.85","6.6","41.54","53.44","3","8.09"
"NPGF","2026-05-22","2026-05-22","558","FULL","67","4.6875","AVOID","-","passive","FALSE","","BETA BREAKOUT","2026-04-07","","45d","45","DOWNTREND","BEARISH","BEARISH","BULLISH","DEMAND STRUCTURE","SIDEWAYS","56.35","TRUE","FALSE","FALSE","WEAKENING","WEAKENING (Passive)","0.1","0.1","DRY / QUIET","100","0","41.33","26.75","12.14","19.87","70.91","70.14","61.84","6224100","59280490","910","Supertrend bearish | RSI 41.3 lemah | Volume 0.1x | Lolos anti-crash ADX | RISEN SIDEWAYS","Full Grid (1-2-3-4)","100000000","72","65","63","61","0.1","0.2","0.3","0.4","1388","3076","4761","6557","15782","99979600","20400","63.35","63.35","57","95","117","117","20.83","10.02","62.5","84.69","3","8.45"
"PMJS","2026-05-22","2026-05-22","558","FULL","112","-0.8849557522123894","AVOID","-","passive","FALSE","","BETA BREAKOUT","2026-04-07","","45d","45","DOWNTREND","BEARISH","BEARISH","BEARISH","DOWNTREND DISCOUNT","NORMAL DOWNTREND","50.97","TRUE","FALSE","FALSE","LAGGING","LAGGARD (Passive)","0.22","0.22","DRY / QUIET","66.67","33.33","33.8","22.97","14.78","24.03","125.01","125.69","121.55","493800","2195750","910","Supertrend bearish | RSI 33.8 lemah | Volume 0.22x | Lolos anti-crash ADX | RISEN NORMAL DOWNTREND","Full Grid (1-2-3-4)","100000000","151","129","124","116","0.1","0.2","0.3","0.4","662","1550","2419","3448","8079","99983600","16400","123.76","123.76","106","218","286","286","29.8","14.35","89.4","131.1","3","9.14"
"WAPO","2026-05-22","2026-05-22","558","FULL","120","1.694915254237288","AVOID","-","passive","FALSE","","V-SHAPE","2026-04-07","","45d","45","DOWNTREND","BEARISH","BEARISH","BEARISH","DOWNTREND DISCOUNT","NORMAL DOWNTREND","83.12","TRUE","FALSE","FALSE","LAGGING","LAGGARD (Passive)","0.29","0.29","DRY / QUIET","40","60","34.77","20.39","12.94","24.62","131.87","139.11","155.4","225400","771990","910","Supertrend bearish | RSI 34.8 lemah | Volume 0.29x | Lolos anti-crash ADX | RISEN NORMAL DOWNTREND","Full Grid (1-2-3-4)","100000000","122","116","115","113","0.1","0.2","0.3","0.4","819","1724","2608","3539","8690","99972900","27100","115.04","115.04","108","143","164","164","11.48","6.12","34.43","42.55","3","6.95"
"WIDI","2026-05-22","2026-05-22","558","FULL","26","0","AVOID","-","passive","FALSE","","SMART SNIPER","2026-04-07","Structure + Discount","45d","45","DOWNTREND","BEARISH","BEARISH","BEARISH","DOWNTREND DISCOUNT","NORMAL DOWNTREND","48.94","TRUE","FALSE","FALSE","LAGGING","LAGGARD (Passive)","0.74","0.74","DRY / QUIET","100","0","28.01","26.3","7.54","29.22","30.47","32.08","33.03","4602800","6201200","910","Supertrend bearish | RSI 28.0 lemah | Volume 0.74x | Lolos anti-crash ADX | RISEN NORMAL DOWNTREND","Full Grid (1-2-3-4)","100000000","33","31","31","30","0.1","0.2","0.3","0.4","3030","6451","9677","13333","32491","99994800","5200","30.78","30.78","28","44","49","49","15.15","9.02","48.48","59.21","3.2","6.56"
"AYAM","2026-05-22","2026-05-22","558","FULL","308","2.666666666666667","AVOID","-","passive","FALSE","","V-SHAPE","2026-04-06","","46d","46","DOWNTREND","BEARISH","BEARISH","BULLISH","DOWNTREND DISCOUNT","NORMAL DOWNTREND","92.27","TRUE","FALSE","FALSE","LAGGING","LAGGARD (Passive)","1.2","1.2","EXPANSION","70","30","35.23","16.02","11.45","24.72","327.53","336.52","299.25","49606300","41264455","908","Supertrend bearish | RSI 35.2 lemah | Volume valid 1.2x | Lolos anti-crash ADX | RISEN NORMAL DOWNTREND","Full Grid (1-2-3-4)","100000000","312","296","292","286","0.1","0.2","0.3","0.4","320","675","1027","1398","3420","99935200","64800","292.21","292.21","276","366","378","378","11.54","5.55","21.15","29.36","1.83","5.29"
"FORE","2026-05-22","2026-05-22","263","FULL","905","-0.5494505494505495","HOLD","-","passive","FALSE","","G ACC","2026-04-06","","46d","46","UPTREND","BEARISH","BULLISH","BULLISH","UPTREND PREMIUM","NORMAL UPTREND","56.28","TRUE","TRUE","FALSE","WEAKENING","WEAKENING (Passive)","0.3","0.3","DRY / QUIET","33.33","66.67","49.44","48.32","23.63","17","932.27","824.11","616.54","9944200","33451570","908","Supertrend bullish | RSI 49.4 lemah | Volume 0.3x | Lolos anti-crash ADX | RISEN NORMAL UPTREND","Full Grid (1-2-3-4)","100000000","805","595","545","472","0.1","0.2","0.3","0.4","124","336","550","847","1857","99927400","72600","538.11","538.13","374","1450","2100","2100","53.54","30.5","160.87","290.25","3","9.52"
"TRON","2026-05-22","2026-05-22","558","FULL","99","0","AVOID","-","passive","FALSE","","SMART SNIPER","2026-04-06","Discount Only","46d","46","DOWNTREND","BEARISH","BEARISH","BEARISH","DOWNTREND DISCOUNT","SIDEWAYS","74.74","TRUE","FALSE","FALSE","LAGGING","LAGGARD (Passive)","0.64","0.64","DRY / QUIET","44.44","55.56","22.58","14.52","17.48","20.94","125.23","139.84","143.42","5896000","9193565","908","Supertrend bearish | RSI 22.6 lemah | Volume 0.64x | Lolos anti-crash ADX | RISEN SIDEWAYS","Full Grid (1-2-3-4)","100000000","162","128","120","109","0.1","0.2","0.3","0.4","617","1562","2500","3669","8348","99981100","18900","119.77","119.77","90","270","378","378","44.44","24.85","133.33","215.61","3","8.68"
"BSWD","2026-05-22","2026-05-22","558","FULL","1425","0","HOLD","-","passive","FALSE","","BETA BREAKOUT","2026-02-13","","98d","98","UPTREND","BULLISH","BULLISH","BULLISH","UPTREND PREMIUM","NORMAL DOWNTREND","54.43","TRUE","FALSE","FALSE","LEADING","LEADING (Passive)","0","0","NO VOLUME","50","50","97.61","74.75","97.79","2.2","1385.5","1337.4","1339.13","0","105","904","Supertrend bullish | RSI 97.6 > 50 | Volume 0x | Lolos anti-crash ADX | RISEN NORMAL DOWNTREND","Full Grid (1-2-3-4)","100000000","1155","1105","1090","1070","0.1","0.2","0.3","0.4","86","180","275","373","914","99709000","291000","1090.91","1090.94","1045","1500","1750","1750","9.52","4.21","51.52","60.42","5.41","14.36"
"BPII","2026-05-22","2026-05-22","558","FULL","462","-3.75","AVOID","-","passive","FALSE","","BETA BREAKOUT","2026-02-12","","99d","99","DOWNTREND","BEARISH","BEARISH","BEARISH","STRUCTURE + DISCOUNT","SIDEWAYS","71.42","TRUE","FALSE","FALSE","LEADING","LEADING (Passive)","0.59","0.59","DRY / QUIET","3.33","96.67","47.17","44.68","40.27","10.42","467.6","473.84","587.73","77800","132500","902","Supertrend bearish | RSI 47.2 lemah | Volume 0.59x | Lolos anti-crash ADX | RISEN SIDEWAYS","Full Grid (1-2-3-4)","100000000","555","476","458","432","0.1","0.2","0.3","0.4","180","420","655","925","2180","99941000","59000","458.44","458.44","388","805","1055","1055","30.09","15.37","90.09","130.13","2.99","8.47"
"BULL","2026-05-22","2026-05-22","558","FULL","414","13.114754098360656","AVOID","-","passive","FALSE","","BETA BREAKOUT","2026-04-01","","51d","51","DOWNTREND","BEARISH","BEARISH","BULLISH","DOWNTREND","SIDEWAYS","33.01","TRUE","FALSE","FALSE","LAGGING","LAGGARD (Passive)","0.69","0.69","DRY / QUIET","100","0","42.5","22.72","13.08","27.58","454.03","455.71","361.07","249852700","360682010","898","Supertrend bearish | RSI 42.5 lemah | Volume 0.69x | Lolos anti-crash ADX | RISEN SIDEWAYS","Full Grid (1-2-3-4)","100000000","414","360","346","328","0.1","0.2","0.3","0.4","241","555","867","1219","2882","99938800","61200","346.77","346.78","296","590","770","770","28.5","14.64","85.99","122.05","3.02","8.34"
"CHEM","2026-05-22","2026-05-22","558","FULL","68","4.615384615384616","AVOID","-","passive","FALSE","","SMART GAMMA","2026-04-01","","51d","51","DOWNTREND","BEARISH","BEARISH","BEARISH","DOWNTREND DISCOUNT","NORMAL DOWNTREND","56.45","TRUE","FALSE","FALSE","LAGGING","LAGGARD (Passive)","1.27","1.27","EXPANSION","33.33","66.67","30.37","20.96","14.94","27.76","84.72","91.28","92.1","46263100","36324735","898","Supertrend bearish | RSI 30.4 lemah | Volume valid 1.27x | Lolos anti-crash ADX | RISEN NORMAL DOWNTREND","Full Grid (1-2-3-4)","100000000","142","112","105","95","0.1","0.2","0.3","0.4","704","1785","2857","4210","9556","99982300","17700","104.63","104.63","80","236","328","328","43.66","23.54","130.99","213.49","3","9.07"
"MSJA","2026-05-22","2026-05-22","552","FULL","400","0.5025125628140703","AVOID","-","passive","FALSE","","BETA BREAKOUT","2026-04-01","","51d","51","DOWNTREND","BEARISH","BEARISH","BULLISH","DEMAND STRUCTURE","NORMAL UPTREND","15.36","TRUE","TRUE","FALSE","LAGGING","LAGGARD (Passive)","1.33","1.33","EXPANSION","30.77","69.23","31.94","22.85","19.36","27.3","463.02","462.49","391.23","19178600","14405125","898","Supertrend bearish | RSI 31.9 lemah | Volume valid 1.33x | Lolos anti-crash ADX | RISEN NORMAL UPTREND","Full Grid (1-2-3-4)","100000000","474","418","404","386","0.1","0.2","0.3","0.4","210","478","742","1036","2466","99900800","99200","405.11","405.14","356","650","830","830","24.89","12.12","75.11","104.88","3.02","8.65"
"WOWS","2026-05-22","2026-05-22","558","FULL","61","3.389830508474576","AVOID","-","passive","FALSE","","SMART SNIPER","2026-04-01","Discount Only","51d","51","DOWNTREND","BEARISH","BEARISH","BEARISH","STRUCTURE + DISCOUNT","NORMAL DOWNTREND","53.68","TRUE","FALSE","FALSE","LAGGING","LAGGARD (Passive)","0.29","0.29","DRY / QUIET","83.33","16.67","29.83","24.62","11.98","26.5","71.18","74.39","74.99","14422900","50126055","898","Supertrend bearish | RSI 29.8 lemah | Volume 0.29x | Lolos anti-crash ADX | RISEN NORMAL DOWNTREND","Full Grid (1-2-3-4)","100000000","78","66","63","59","0.1","0.2","0.3","0.4","1282","3030","4761","6779","15852","99988000","12000","63.08","63.08","52","117","156","156","33.33","17.56","100","147.32","3","8.39"
"KBLM","2026-05-22","2026-05-22","558","FULL","296","-3.2679738562091507","AVOID","-","passive","FALSE","","SMART SNIPER","2026-03-31","Structure + Discount","52d","52","DOWNTREND","BEARISH","BEARISH","BEARISH","DOWNTREND DISCOUNT","NORMAL DOWNTREND","0","FALSE","FALSE","FALSE","WEAKENING","WEAKENING (Passive)","1.23","1.23","EXPANSION","33.33","66.67","33.94","17.11","16.33","23.38","321.38","325.01","331.57","165300","134745","896","Supertrend bearish | RSI 33.9 lemah | Volume valid 1.23x | Lolos anti-crash ADX | RISEN NORMAL DOWNTREND","Full Grid (1-2-3-4)","100000000","340","324","318","314","0.1","0.2","0.3","0.4","294","617","943","1273","3127","99946400","53600","319.62","319.62","304","394","448","448","10.59","4.89","31.76","40.16","3","8.22"
"LINK","2026-05-22","2026-05-22","558","FULL","1235","12.272727272727273","AVOID","-","passive","FALSE","","V-SHAPE","2026-03-31","","52d","52","DOWNTREND","BEARISH","BEARISH","BEARISH","STRUCTURE + DISCOUNT","NORMAL DOWNTREND","36.81","TRUE","FALSE","FALSE","LAGGING","LAGGARD (Passive)","0.61","0.61","DRY / QUIET","89.47","10.53","27.31","40.71","8.29","41.25","1570.77","1860.27","2361.11","42300","69365","896","Supertrend bearish | RSI 27.3 lemah | Volume 0.61x | Crash filter aktif | RISEN NORMAL DOWNTREND","Full Grid (1-2-3-4)","100000000","1855","1815","1800","1790","0.1","0.2","0.3","0.4","53","110","166","223","552","99593500","406500","1804.23","1804.3","1735","2040","2050","2050","6.47","3.84","10.51","13.62","1.63","3.55"
"MITI","2026-05-22","2026-05-22","558","FULL","175","6.707317073170732","AVOID","-","passive","FALSE","","EARLY SWEEP","2026-03-31","","52d","52","DOWNTREND","BEARISH","BEARISH","BEARISH","DOWNTREND DISCOUNT","NORMAL DOWNTREND","21.51","TRUE","FALSE","FALSE","LAGGING","LAGGARD (Passive)","1.61","1.61","EXPANSION","33.33","66.67","26.33","27.71","7.76","29.48","227.7","255.6","275.47","2681300","1670355","896","Supertrend bearish | RSI 26.3 lemah | Volume valid 1.61x | Lolos anti-crash ADX | RISEN NORMAL DOWNTREND","Full Grid (1-2-3-4)","100000000","434","344","322","290","0.1","0.2","0.3","0.4","230","581","931","1379","3121","99937600","62400","320.21","320.23","246","715","1000","1000","43.32","23.18","130.41","212.29","3.01","9.16"
"SWID","2026-05-22","2026-05-22","558","FULL","92","1.098901098901099","AVOID","-","passive","FALSE","","V-SHAPE","2026-03-31","","52d","52","DOWNTREND","BEARISH","BEARISH","BEARISH","DOWNTREND DISCOUNT","SIDEWAYS","25","TRUE","FALSE","FALSE","LAGGING","LAGGARD (Passive)","0.16","0.16","DRY / QUIET","37.5","62.5","35.2","20.41","23.69","23.5","105.15","107.53","103.48","2126600","13563860","896","Supertrend bearish | RSI 35.2 lemah | Volume 0.16x | Lolos anti-crash ADX | RISEN SIDEWAYS","Full Grid (1-2-3-4)","100000000","98","92","90","88","0.1","0.2","0.3","0.4","1020","2173","3333","4545","11071","99980600","19400","90.31","90.31","83","121","143","143","15.31","8.09","45.92","58.35","3","7.21"
"WEHA","2026-05-22","2026-05-22","558","FULL","116","0.8695652173913043","AVOID","-","passive","FALSE","","BETA BREAKOUT","2026-03-31","","52d","52","DOWNTREND","BEARISH","BEARISH","BEARISH","STRUCTURE + DISCOUNT","SIDEWAYS","65","TRUE","FALSE","FALSE","WEAKENING","WEAKENING (Passive)","0.09","0.09","DRY / QUIET","33.33","66.67","35.94","38.72","27.07","18.27","125.5","128.66","125.7","1870500","21098090","896","Supertrend bearish | RSI 35.9 lemah | Volume 0.09x | Lolos anti-crash ADX | RISEN SIDEWAYS","Full Grid (1-2-3-4)","100000000","155","134","129","122","0.1","0.2","0.3","0.4","645","1492","2325","3278","7740","99974400","25600","129.17","129.17","111","222","288","288","28.39","14.06","85.81","122.97","3.02","8.74"
"EURO","2026-05-22","2026-05-22","558","FULL","1920","-9.859154929577464","AVOID","-","passive","FALSE","","SMART GAMMA","2026-03-30","","53d","53","DOWNTREND","BEARISH","BEARISH","BULLISH","DOWNTREND","NORMAL UPTREND","0","FALSE","TRUE","FALSE","LAGGING","LAGGARD (Passive)","0.99","0.99","NORMAL","0","100","34.99","36.08","24.11","41.08","2603.97","2352.27","1241.71","541800","544595","894","Supertrend bearish | RSI 35.0 lemah | Volume 0.99x | Crash filter aktif | RISEN NORMAL UPTREND","Full Grid (1-2-3-4)","100000000","2230","1405","1205","930","0.1","0.2","0.3","0.4","44","142","248","430","864","99637000","363000","1153.21","1154.39","540","4770","7300","7300","75.78","53.17","227.35","533.02","3","10.02"
"FLMC","2026-05-22","2026-05-22","558","FULL","149","-0.6666666666666667","AVOID","-","passive","FALSE","","EARLY SWEEP","2026-03-30","","53d","53","DOWNTREND","BEARISH","BEARISH","BULLISH","STRUCTURE + DISCOUNT","SIDEWAYS","0","FALSE","FALSE","FALSE","WEAKENING","WEAKENING (Passive)","1.07","1.07","NORMAL","100","0","39.31","17.1","12.49","22.92","160.63","157.06","145.22","1152700","1075460","894","Supertrend bearish | RSI 39.3 lemah | Volume 1.07x | Lolos anti-crash ADX | RISEN SIDEWAYS","Full Grid (1-2-3-4)","100000000","182","159","153","145","0.1","0.2","0.3","0.4","549","1257","1960","2758","6524","99957100","42900","153.21","153.22","132","258","332","332","27.47","13.85","82.42","116.69","3","8.43"
"WGSH","2026-05-22","2026-05-22","558","FULL","96","9.090909090909092","AVOID","-","passive","FALSE","","EARLY SWEEP","2026-03-04","","79d","79","DOWNTREND","BEARISH","BEARISH","BEARISH","STRUCTURE + DISCOUNT","NORMAL DOWNTREND","99.5","TRUE","FALSE","FALSE","IMPROVING","IMPROVING (Passive)","0.89","0.89","NORMAL","100","0","36.87","36.08","15.2","30.8","108.43","147.62","197.29","1405500","1571445","892","Supertrend bearish | RSI 36.9 lemah | Volume 0.89x | Crash filter aktif | RISEN NORMAL DOWNTREND","Full Grid (1-2-3-4)","100000000","312","260","246","228","0.1","0.2","0.3","0.4","320","769","1219","1754","4062","99956600","43400","246.08","246.08","202","478","640","640","35.26","17.91","105.13","160.08","2.98","8.94"
"APII","2026-05-22","2026-05-22","558","FULL","183","0","AVOID","-","passive","FALSE","","V-SHAPE","2026-01-27","","115d","115","DOWNTREND","BEARISH","BEARISH","BEARISH","DOWNTREND DISCOUNT","SIDEWAYS","37.67","TRUE","FALSE","TRUE","LEADING","LEADING (Passive)","2.07","2.07","VOLUME SURGE","0","100","38.09","28.73","19.75","11.89","189.49","190.84","189.08","325700","157710","890","Supertrend bearish | RSI 38.1 lemah | Volume valid 2.07x | Lolos anti-crash ADX | RISEN SIDEWAYS","Full Grid (1-2-3-4)","100000000","212","202","200","196","0.1","0.2","0.3","0.4","471","990","1500","2040","5001","99967200","32800","199.89","199.9","190","246","278","278","10.38","4.95","31.13","39.07","3","7.89"
"DVLA","2026-05-22","2026-05-22","558","FULL","1590","0.6329113924050633","AVOID","-","passive","FALSE","","BETA BREAKOUT","2026-02-06","","105d","105","DOWNTREND","BEARISH","BEARISH","BEARISH","STRUCTURE + DISCOUNT","SIDEWAYS","67.12","TRUE","FALSE","FALSE","LEADING","LEADING (Passive)","1.12","1.12","NORMAL","100","0","42.68","47.45","4.36","29.45","1597.77","1607.49","1628.85","23900","21415","890","Supertrend bearish | RSI 42.7 lemah | Volume 1.12x | Crash filter aktif | RISEN SIDEWAYS","Full Grid (1-2-3-4)","100000000","1680","1640","1625","1615","0.1","0.2","0.3","0.4","59","121","184","247","611","99546500","453500","1629.24","1629.28","1590","1815","1995","1995","5.36","2.41","18.75","22.45","3.5","9.32"
"LION","2026-05-22","2026-05-22","558","FULL","380","1.0638297872340425","AVOID","-","passive","FALSE","","SMART GAMMA","2026-02-06","","105d","105","DOWNTREND","BEARISH","BEARISH","BEARISH","DOWNTREND DISCOUNT","NORMAL DOWNTREND","74.01","TRUE","FALSE","FALSE","LEADING","LEADING (Passive)","0.34","0.34","DRY / QUIET","69.23","30.77","32.92","14.41","17.08","24.48","401.85","415.5","440.36","30900","91590","890","Supertrend bearish | RSI 32.9 lemah | Volume 0.34x | Lolos anti-crash ADX | RISEN NORMAL DOWNTREND","Full Grid (1-2-3-4)","100000000","605","494","468","432","0.1","0.2","0.3","0.4","165","404","641","925","2135","99898900","101100","467.91","467.92","378","945","1285","1285","37.52","19.22","112.4","174.63","3","9.09"
"ERAA","2026-05-22","2026-05-22","558","FULL","372","3.3333333333333335","AVOID","-","passive","FALSE","","SMART SNIPER","2026-02-05","Structure + Discount","106d","106","DOWNTREND","BEARISH","BEARISH","BEARISH","STRUCTURE + DISCOUNT","NORMAL DOWNTREND","29.33","TRUE","FALSE","FALSE","LEADING","LEADING (Passive)","0.4","0.4","DRY / QUIET","100","0","36.29","23.87","8.48","30.55","389.97","395.47","414.84","17094000","43148035","888","Supertrend bearish | RSI 36.3 lemah | Volume 0.4x | Lolos anti-crash ADX | RISEN NORMAL DOWNTREND","Full Grid (1-2-3-4)","100000000","418","384","376","364","0.1","0.2","0.3","0.4","239","520","797","1098","2654","99892600","107400","376.39","376.39","346","525","635","635","17.22","8.07","51.91","68.71","3.01","8.51"
"APLN","2026-05-22","2026-05-22","558","FULL","156","3.3112582781456954","AVOID","-","passive","FALSE","","SMART GAMMA","2026-03-26","","57d","57","DOWNTREND","BEARISH","BEARISH","BULLISH","DOWNTREND","SIDEWAYS","25","TRUE","FALSE","FALSE","LAGGING","LAGGARD (Passive)","0.11","0.11","DRY / QUIET","90.91","9.09","39.32","17.88","17.3","21.8","173.01","167.75","136.67","13794600","126026045","886","Supertrend bearish | RSI 39.3 lemah | Volume 0.11x | Lolos anti-crash ADX | RISEN SIDEWAYS","Full Grid (1-2-3-4)","100000000","167","140","133","124","0.1","0.2","0.3","0.4","598","1428","2255","3225","7506","99960100","39900","133.17","133.18","109","254","342","342","34.73","18.15","104.79","156.81","3.02","8.64"
"MTWI","2026-05-22","2026-05-22","558","FULL","272","-0.7299270072992701","AVOID","-","passive","FALSE","","SMART SNIPER","2026-03-26","Structure + Discount","57d","57","DOWNTREND","BEARISH","BEARISH","BEARISH","STRUCTURE + DISCOUNT","NORMAL DOWNTREND","37.87","TRUE","FALSE","FALSE","LAGGING","LAGGARD (Passive)","0.07","0.07","DRY / QUIET","90.91","9.09","26.84","22.89","8.15","22.06","305.68","323.51","321.98","13300","187320","886","Supertrend bearish | RSI 26.8 lemah | Volume 0.07x | Lolos anti-crash ADX | RISEN NORMAL DOWNTREND","Full Grid (1-2-3-4)","100000000","366","340","334","326","0.1","0.2","0.3","0.4","273","588","898","1226","2985","99944600","55400","334.82","334.82","310","450","535","535","15.3","7.41","46.17","59.79","3.02","8.06"
"ABMM","2026-05-22","2026-05-22","558","FULL","2370","1.7167381974248928","AVOID","-","passive","FALSE","","BETA BREAKOUT","2026-03-25","","58d","58","DOWNTREND","BEARISH","BEARISH","BEARISH","DOWNTREND DISCOUNT","NORMAL DOWNTREND","17.5","TRUE","FALSE","FALSE","LAGGING","LAGGARD (Passive)","1.17","1.17","NORMAL","77.27","22.73","17.21","38.33","4.47","41.16","2773.67","2881.17","2967.44","2009300","1714510","884","Supertrend bearish | RSI 17.2 lemah | Volume 1.17x | Crash filter aktif | RISEN NORMAL DOWNTREND","Full Grid (1-2-3-4)","100000000","3060","2920","2890","2840","0.1","0.2","0.3","0.4","32","68","103","140","343","99175000","825000","2891.4","2891.64","2760","3510","3960","3960","9.8","4.54","29.41","36.96","3","8.13"
"ASII","2026-05-22","2026-05-22","558","FULL","5400","-3.571428571428571","AVOID","-","passive","FALSE","","BETA BREAKOUT + V-SHAPE","2026-03-25","","58d","58","DOWNTREND","BEARISH","BEARISH","BEARISH","DOWNTREND DISCOUNT","NORMAL DOWNTREND","0","FALSE","FALSE","FALSE","WEAKENING","WEAKENING (Passive)","1.76","1.76","EXPANSION","28.57","71.43","35.07","11.86","16.1","31.2","5922.76","6099.46","6034.32","65064200","36912745","884","Supertrend bearish | RSI 35.1 lemah | Volume valid 1.76x | Lolos anti-crash ADX | RISEN NORMAL DOWNTREND","Full Grid (1-2-3-4)","100000000","6600","6150","6025","5875","0.1","0.2","0.3","0.4","15","32","49","68","164","99052500","947500","6039.79","6040.49","5625","8075","9525","9525","14.77","6.87","44.32","57.7","3","8.4"
"BRRC","2026-05-22","2026-05-22","320","FULL","59","5.357142857142857","AVOID","-","passive","FALSE","","EARLY SWEEP","2026-03-25","","58d","58","DOWNTREND","BEARISH","BEARISH","BEARISH","DOWNTREND DISCOUNT","NORMAL DOWNTREND","64.02","TRUE","FALSE","FALSE","LAGGING","LAGGARD (Passive)","0.3","0.3","DRY / QUIET","66.67","33.33","30.01","22.52","15.61","30.39","72.46","80.33","98.54","8147000","27525025","884","Supertrend bearish | RSI 30.0 lemah | Volume 0.3x | Lolos anti-crash ADX | RISEN NORMAL DOWNTREND","Full Grid (1-2-3-4)","100000000","126","107","103","96","0.1","0.2","0.3","0.4","793","1869","2912","4166","9740","99977300","22700","102.65","102.65","86","186","246","246","31.75","16.22","95.24","139.66","3","8.61"
"ERTX","2026-05-22","2026-05-22","558","FULL","165","4.430379746835443","AVOID","-","passive","FALSE","","EARLY SWEEP","2026-03-25","","58d","58","DOWNTREND","BEARISH","BEARISH","BEARISH","STRUCTURE + DISCOUNT","NORMAL DOWNTREND","54.64","TRUE","FALSE","FALSE","LAGGING","LAGGARD (Passive)","1.4","1.4","EXPANSION","100","0","27.94","16.72","15.31","28.12","193.19","206.44","191.39","2703400","1935615","884","Supertrend bearish | RSI 27.9 lemah | Volume valid 1.4x | Lolos anti-crash ADX | RISEN NORMAL DOWNTREND","Full Grid (1-2-3-4)","100000000","340","252","232","202","0.1","0.2","0.3","0.4","294","793","1293","1980","4360","99973200","26800","229.3","229.3","159","610","885","885","53.24","30.66","160.29","285.96","3.01","9.33"
"EDGE","2026-05-22","2026-05-22","558","FULL","4790","0","HOLD","-","passive","FALSE","","V-SHAPE","2026-02-02","","109d","109","UPTREND","NEUTRAL","BULLISH","BULLISH","UPTREND","SIDEWAYS","0","FALSE","FALSE","FALSE","LEADING","LEADING (Passive)","0","0","NO VOLUME","50","50","53.32","9.7","19.88","16.41","4789.87","4777.52","4599.74","0","0","882","Supertrend bullish | RSI 53.3 > 50 | Volume NaNx | Lolos anti-crash ADX | RISEN SIDEWAYS","Full Grid (1-2-3-4)","100000000","5200","4720","4600","4440","0.1","0.2","0.3","0.4","19","42","65","90","216","99564000","436000","4609.44","4610.18","4170","6750","8300","8300","19.81","9.53","59.62","80.07","3.01","8.4"
"AMOR","2026-05-22","2026-05-22","558","FULL","344","0.5847953216374269","AVOID","-","passive","FALSE","","EARLY SWEEP","2026-01-29","","113d","113","DOWNTREND","BEARISH","BEARISH","BEARISH","STRUCTURE + DISCOUNT","NORMAL DOWNTREND","41.33","TRUE","FALSE","FALSE","LEADING","LEADING (Passive)","0.37","0.37","DRY / QUIET","100","0","42.98","21.72","14.88","27.6","350.62","352.61","411","116700","316635","874","Supertrend bearish | RSI 43.0 lemah | Volume 0.37x | Lolos anti-crash ADX | RISEN NORMAL DOWNTREND","Full Grid (1-2-3-4)","100000000","386","384","382","382","0.1","0.2","0.3","0.4","259","520","785","1047","2611","99947800","52200","382.8","382.8","378","482","496","496","2.07","1.25","28.5","29.57","13.75","23.61"
"BBRI","2026-05-22","2026-05-22","558","FULL","3050","0.9933774834437087","AVOID","-","passive","FALSE","","V-SHAPE","2026-01-29","","113d","113","DOWNTREND","BEARISH","BEARISH","BEARISH","STRUCTURE + DISCOUNT","NORMAL DOWNTREND","28.75","TRUE","FALSE","FALSE","LEADING","LEADING (Passive)","0.64","0.64","DRY / QUIET","71.43","28.57","39.23","26.33","20.34","32.98","3151.62","3305.14","3667.76","158136400","248738935","874","Supertrend bearish | RSI 39.2 lemah | Volume 0.64x | Lolos anti-crash ADX | RISEN NORMAL DOWNTREND","Full Grid (1-2-3-4)","100000000","3780","3540","3480","3390","0.1","0.2","0.3","0.4","26","56","86","117","285","99243000","757000","3482.21","3482.46","3270","4550","5300","5300","13.49","6.09","40.21","52.2","2.98","8.57"
"EPMT","2026-05-22","2026-05-22","558","FULL","2320","2.6548672566371683","AVOID","-","passive","FALSE","","BETA BREAKOUT","2026-01-19","","123d","123","DOWNTREND","BEARISH","BEARISH","BEARISH","DEMAND STRUCTURE","SIDEWAYS","0","TRUE","FALSE","TRUE","LEADING","LEADING (Passive)","3.22","3.22","VOLUME SURGE","66.67","33.33","45.36","27.77","25.71","24.43","2347.29","2343.35","2326.27","309600","96295","874","Supertrend bearish | RSI 45.4 lemah | Volume valid 3.22x | Lolos anti-crash ADX | RISEN SIDEWAYS","Full Grid (1-2-3-4)","100000000","2350","2310","2290","2280","0.1","0.2","0.3","0.4","42","86","131","175","434","99635000","365000","2295.74","2295.81","2260","2490","2740","2740","3.83","1.56","16.6","19.35","4.33","12.43"
"ISSP","2026-05-22","2026-05-22","558","FULL","410","4.060913705583756","AVOID","-","passive","FALSE","","V-SHAPE","2026-01-29","","113d","113","DOWNTREND","BEARISH","BEARISH","BEARISH","STRUCTURE + DISCOUNT","NORMAL DOWNTREND","21.2","TRUE","FALSE","FALSE","LEADING","LEADING (Passive)","0.77","0.77","DRY / QUIET","88.89","11.11","31.16","44.44","5.32","32.46","435.22","453.73","430.02","1307400","1702650","874","Supertrend bearish | RSI 31.2 lemah | Volume 0.77x | Crash filter aktif | RISEN NORMAL DOWNTREND","Full Grid (1-2-3-4)","100000000","462","430","422","412","0.1","0.2","0.3","0.4","216","465","710","970","2361","99900200","99800","423.13","423.13","394","565","665","665","14.72","6.88","43.94","57.16","2.99","8.3"
"KBLI","2026-05-22","2026-05-22","558","FULL","322","0","AVOID","-","passive","FALSE","","EARLY SWEEP","2026-01-29","","113d","113","DOWNTREND","BEARISH","BEARISH","BEARISH","STRUCTURE + DISCOUNT","SIDEWAYS","17.25","TRUE","FALSE","FALSE","LEADING","LEADING (Passive)","1.7","1.7","EXPANSION","85.71","14.29","46.8","18.71","15.89","18.48","323.01","324.82","338.93","1800900","1056440","874","Supertrend bearish | RSI 46.8 lemah | Volume valid 1.7x | Lolos anti-crash ADX | RISEN SIDEWAYS","Full Grid (1-2-3-4)","100000000","324","310","306","302","0.1","0.2","0.3","0.4","308","645","980","1324","3257","99947000","53000","306.87","306.87","294","370","384","384","9.26","4.19","18.52","25.14","2","5.99"
"MGRO","2026-05-22","2026-05-22","558","FULL","670","3.076923076923077","AVOID","-","passive","FALSE","","EARLY SWEEP","2026-01-29","","113d","113","DOWNTREND","BEARISH","BEARISH","BEARISH","STRUCTURE + DISCOUNT","NORMAL DOWNTREND","60","TRUE","FALSE","FALSE","LEADING","LEADING (Passive)","0.81","0.81","NORMAL","100","0","43.85","43.18","10.74","23.41","680.8","698.83","718.8","2516100","3114040","874","Supertrend bearish | RSI 43.9 lemah | Volume 0.81x | Crash filter aktif | RISEN NORMAL DOWNTREND","Full Grid (1-2-3-4)","100000000","765","750","745","740","0.1","0.2","0.3","0.4","130","266","402","540","1338","99804000","196000","745.92","745.93","730","820","900","900","4.58","2.13","17.65","20.66","3.86","9.68"
"MLBI","2026-05-22","2026-05-22","558","FULL","6150","2.928870292887029","AVOID","-","passive","FALSE","","EARLY SWEEP","2026-01-29","","113d","113","DOWNTREND","BULLISH","BULLISH","BULLISH","DOWNTREND PREMIUM","NORMAL UPTREND","25","TRUE","TRUE","FALSE","LEADING","LEADING (Passive)","0.17","0.17","DRY / QUIET","100","0","64","43.5","29.9","9.14","5924.3","5800.61","5790.23","81400","469540","874","Supertrend bearish | RSI 64.0 > 50 | Volume 0.17x | Lolos anti-crash ADX | RISEN NORMAL UPTREND","Full Grid (1-2-3-4)","100000000","6475","6050","5925","5775","0.1","0.2","0.3","0.4","15","33","50","69","167","99150000","850000","5937.13","5938.28","5575","7825","9175","9175","13.9","6.1","41.7","54.54","3","8.94"
"SILO","2026-05-22","2026-05-22","558","FULL","2390","0.8438818565400843","AVOID","-","passive","FALSE","","G ACC","2026-01-29","","113d","113","DOWNTREND","BEARISH","BEARISH","BEARISH","DEMAND STRUCTURE","NORMAL DOWNTREND","41.37","TRUE","FALSE","FALSE","LEADING","LEADING (Passive)","0.82","0.82","NORMAL","50","50","41.64","34.89","12.66","25.47","2437.35","2528.21","2496.65","363900","443670","874","Supertrend bearish | RSI 41.6 lemah | Volume 0.82x | Crash filter aktif | RISEN NORMAL DOWNTREND","Full Grid (1-2-3-4)","100000000","2800","2610","2560","2490","0.1","0.2","0.3","0.4","35","76","117","160","388","99428000","572000","2562.58","2562.97","2390","3420","4030","4030","14.64","6.73","43.93","57.26","3","8.5"
"UCID","2026-05-22","2026-05-22","558","FULL","376","-0.5291005291005291","AVOID","-","passive","FALSE","","EARLY SWEEP","2026-01-29","","113d","113","DOWNTREND","BEARISH","BEARISH","BEARISH","DOWNTREND DISCOUNT","NORMAL DOWNTREND","25.22","TRUE","FALSE","FALSE","LEADING","LEADING (Passive)","0.28","0.28","DRY / QUIET","66.67","33.33","29.14","35.8","7.01","26.84","394.62","404.81","459.14","420300","1514435","874","Supertrend bearish | RSI 29.1 lemah | Volume 0.28x | Crash filter aktif | RISEN NORMAL DOWNTREND","Full Grid (1-2-3-4)","100000000","700","690","690","685","0.1","0.2","0.3","0.4","142","289","434","583","1448","99762500","237500","688.97","688.97","675","855","875","875","3.57","2.03","25","27","7","13.32"
"SUNI","2026-05-22","2026-05-22","558","FULL","660","7.317073170731707","HOLD","-","passive","FALSE","","V-SHAPE","2026-01-27","","115d","115","UPTREND","BULLISH","BEARISH","BEARISH","STRUCTURE + DISCOUNT","NORMAL DOWNTREND","23.25","TRUE","FALSE","FALSE","LEADING","LEADING (Passive)","1.41","1.41","EXPANSION","100","0","52.86","63.69","16.14","22.37","642.75","688.23","757.33","1050200","743700","870","Supertrend bullish | RSI 52.9 > 50 | Volume valid 1.41x | Crash filter aktif | RISEN NORMAL DOWNTREND","Full Grid (1-2-3-4)","100000000","830","800","790","780","0.1","0.2","0.3","0.4","120","250","379","512","1261","99837000","163000","791.73","791.73","760","935","1040","1040","8.43","4.01","25.3","31.36","3","7.82"
"ESTA","2026-05-22","2026-05-22","558","FULL","200","0","HOLD","-","passive","FALSE","","EARLY SWEEP","2026-03-17","","66d","66","UPTREND","BEARISH","BEARISH","BULLISH","UPTREND DISCOUNT","SIDEWAYS","100","TRUE","FALSE","FALSE","LAGGING","LAGGARD (Passive)","0.37","0.37","DRY / QUIET","0","100","45.88","37.6","25.4","10.91","205.71","208.52","196.97","1271100","3461905","868","Supertrend bullish | RSI 45.9 lemah | Volume 0.37x | Lolos anti-crash ADX | RISEN SIDEWAYS","Full Grid (1-2-3-4)","100000000","192","177","173","168","0.1","0.2","0.3","0.4","520","1129","1734","2380","5763","99949500","50500","173.43","173.44","156","246","270","270","18.75","10.05","40.63","55.68","2.17","5.54"
"JIHD","2026-05-22","2026-05-22","558","FULL","444","1.36986301369863","AVOID","-","passive","FALSE","","EARLY SWEEP","2026-03-17","","66d","66","DOWNTREND","BEARISH","BEARISH","BEARISH","DOWNTREND DISCOUNT","NORMAL DOWNTREND","79.51","TRUE","FALSE","FALSE","LAGGING","LAGGARD (Passive)","0.65","0.65","DRY / QUIET","78.57","21.43","28.21","27.01","7.94","29.21","486.42","515.45","592.34","269000","412090","868","Supertrend bearish | RSI 28.2 lemah | Volume 0.65x | Lolos anti-crash ADX | RISEN NORMAL DOWNTREND","Full Grid (1-2-3-4)","100000000","675","570","540","505","0.1","0.2","0.3","0.4","148","350","555","792","1845","99906000","94000","541.5","541.52","452","1010","1345","1345","33.04","16.53","99.26","148.39","3","8.98"
"ROCK","2026-05-22","2026-05-22","558","FULL","1750","-8.136482939632545","AVOID","-","passive","FALSE","","SMART GAMMA","2026-03-17","","66d","66","DOWNTREND","BEARISH","BEARISH","BULLISH","DOWNTREND DISCOUNT","NORMAL DOWNTREND","0","FALSE","FALSE","FALSE","LAGGING","LAGGARD (Passive)","0.99","0.99","NORMAL","61.11","38.89","30.17","22.14","19.93","27.94","2301.35","2356.3","1676.8","116500","117675","868","Supertrend bearish | RSI 30.2 lemah | Volume 0.99x | Lolos anti-crash ADX | RISEN NORMAL DOWNTREND","Full Grid (1-2-3-4)","100000000","3520","2580","2360","2050","0.1","0.2","0.3","0.4","28","77","127","195","427","99669000","331000","2334.17","2335.53","1570","6450","9375","9375","55.4","32.74","166.34","301.64","3","9.21"
"SMLE","2026-05-22","2026-05-22","552","FULL","102","-7.2727272727272725","AVOID","-","passive","FALSE","","V-SHAPE","2026-03-17","","66d","66","DOWNTREND","BEARISH","BEARISH","BEARISH","DOWNTREND DISCOUNT","NORMAL DOWNTREND","0","FALSE","FALSE","FALSE","LAGGING","LAGGARD (Passive)","1.16","1.16","NORMAL","33.33","66.67","22.84","37.28","6.19","33.09","121.29","133.99","168.81","746000","644770","868","Supertrend bearish | RSI 22.8 lemah | Volume 1.16x | Crash filter aktif | RISEN NORMAL DOWNTREND","Full Grid (1-2-3-4)","100000000","114","103","100","97","0.1","0.2","0.3","0.4","877","1941","3000","4123","9941","99983200","16800","100.58","100.58","89","152","189","189","21.93","11.51","65.79","87.92","3","7.64"
"TBMS","2026-05-22","2026-05-22","558","FULL","1280","1.9920318725099602","AVOID","-","passive","FALSE","","V-SHAPE","2026-01-26","","116d","116","DOWNTREND","BEARISH","BEARISH","BEARISH","STRUCTURE + DISCOUNT","SIDEWAYS","55.12","TRUE","FALSE","FALSE","LEADING","LEADING (Passive)","0.14","0.14","DRY / QUIET","83.33","16.67","43.38","13.56","25.62","19.76","1319.94","1334.52","1283.61","6300","43605","868","Supertrend bearish | RSI 43.4 lemah | Volume 0.14x | Lolos anti-crash ADX | RISEN SIDEWAYS","Full Grid (1-2-3-4)","100000000","1510","1450","1435","1410","0.1","0.2","0.3","0.4","66","137","209","283","695","99725500","274500","1434.9","1434.92","1370","1720","1930","1930","9.27","4.52","27.81","34.5","3","7.63"
"AHAP","2026-05-22","2026-05-22","558","FULL","87","7.4074074074074066","AVOID","-","passive","FALSE","","EARLY SWEEP","2026-03-16","","67d","67","DOWNTREND","BEARISH","BEARISH","BEARISH","DOWNTREND DISCOUNT","NORMAL DOWNTREND","60.52","TRUE","FALSE","FALSE","LAGGING","LAGGARD (Passive)","0.65","0.65","DRY / QUIET","78.57","21.43","33.12","18.71","11.61","32.52","103.45","111.99","108.47","16500600","25200625","866","Supertrend bearish | RSI 33.1 lemah | Volume 0.65x | Lolos anti-crash ADX | RISEN NORMAL DOWNTREND","Full Grid (1-2-3-4)","100000000","136","124","121","117","0.1","0.2","0.3","0.4","735","1612","2479","3418","8244","99971300","28700","121.27","121.27","109","177","218","218","19.85","10.11","60.29","79.77","3.04","7.89"
"BEKS","2026-05-22","2026-05-22","558","FULL","22","0","AVOID","-","passive","FALSE","","EARLY SWEEP","2026-03-16","","67d","67","DOWNTREND","BEARISH","BEARISH","BEARISH","DOWNTREND DISCOUNT","NORMAL DOWNTREND","17.5","TRUE","FALSE","FALSE","LAGGING","LAGGARD (Passive)","0.47","0.47","DRY / QUIET","100","0","20.09","69.89","2.12","52.99","25.51","27.01","28.23","11094200","23636430","866","Supertrend bearish | RSI 20.1 lemah | Volume 0.47x | Crash filter aktif | RISEN NORMAL DOWNTREND","Full Grid (1-2-3-4)","100000000","33","30","29","28","0.1","0.2","0.3","0.4","3030","6666","10344","14285","34325","99992600","7400","29.13","29.13","27","42","51","51","18.18","7.32","54.55","75.07","3","10.26"
"KDTN","2026-05-22","2026-05-22","558","FULL","780","1.2987012987012987","AVOID","-","passive","FALSE","","EARLY SWEEP","2026-03-16","","67d","67","DOWNTREND","BEARISH","BEARISH","BULLISH","DOWNTREND","NORMAL DOWNTREND","28.11","TRUE","FALSE","FALSE","LAGGING","LAGGARD (Passive)","0.77","0.77","DRY / QUIET","100","0","29.31","32.97","20.18","25.07","923.32","949.42","698.42","2201400","2849075","866","Supertrend bearish | RSI 29.3 lemah | Volume 0.77x | Crash filter aktif | RISEN NORMAL DOWNTREND","Full Grid (1-2-3-4)","100000000","1575","840","665","420","0.1","0.2","0.3","0.4","63","238","451","952","1704","99890000","110000","586.21","586.48","77","3820","6075","6075","95.11","86.86","285.71","936.32","3","10.78"
"MYOH","2026-05-22","2026-05-22","558","FULL","1155","-1.702127659574468","AVOID","-","passive","FALSE","","SMART SNIPER","2026-03-16","Structure + Discount","67d","67","DOWNTREND","BEARISH","BEARISH","BEARISH","DOWNTREND DISCOUNT","NORMAL DOWNTREND","0","FALSE","FALSE","FALSE","LAGGING","LAGGARD (Passive)","0.62","0.62","DRY / QUIET","57.14","42.86","26.21","21.27","21.58","31.14","1236.6","1285.95","1453.05","16000","26015","866","Supertrend bearish | RSI 26.2 lemah | Volume 0.62x | Lolos anti-crash ADX | RISEN NORMAL DOWNTREND","Full Grid (1-2-3-4)","100000000","1425","1370","1355","1335","0.1","0.2","0.3","0.4","70","145","221","299","735","99702000","298000","1356.49","1356.51","1300","1615","1800","1800","8.77","4.16","26.32","32.7","3","7.85"
"CLAY","2026-05-22","2026-05-22","558","FULL","2920","0.3436426116838488","AVOID","-","passive","FALSE","","BETA BREAKOUT","2026-01-22","","120d","120","DOWNTREND","BULLISH","BULLISH","BULLISH","DEMAND STRUCTURE","SIDEWAYS","98.41","TRUE","FALSE","FALSE","LEADING","LEADING (Passive)","1.15","1.15","NORMAL","100","0","64.45","10.02","16.54","16.12","2856.79","2808.58","2388.5","55900","48605","860","Supertrend bearish | RSI 64.5 > 50 | Volume 1.15x | Lolos anti-crash ADX | RISEN SIDEWAYS","Full Grid (1-2-3-4)","100000000","2680","2340","2260","2150","0.1","0.2","0.3","0.4","37","85","132","186","440","99628000","372000","2264.27","2264.63","1960","3760","4840","4840","26.87","13.44","80.6","113.76","3","8.47"
"MAHA","2026-05-22","2026-05-22","558","FULL","146","0.6896551724137931","HOLD","-","passive","FALSE","","BETA BREAKOUT","2026-01-22","","120d","120","UPTREND","BEARISH","BEARISH","BEARISH","STRUCTURE + DISCOUNT","NORMAL DOWNTREND","79.64","TRUE","FALSE","FALSE","LEADING","LEADING (Passive)","1.07","1.07","NORMAL","50","50","43.45","16.78","14.41","17.09","148.98","150.6","155.48","11129000","10398200","860","Supertrend bullish | RSI 43.5 lemah | Volume 1.07x | Lolos anti-crash ADX | RISEN NORMAL DOWNTREND","Full Grid (1-2-3-4)","100000000","214","190","184","175","0.1","0.2","0.3","0.4","467","1052","1630","2285","5434","99961300","38700","183.96","183.96","162","292","370","370","24.3","11.94","72.9","101.14","3","8.47"
"SDRA","2026-05-22","2026-05-22","558","FULL","238","3.4782608695652173","AVOID","-","passive","FALSE","","SMART SNIPER","2026-01-22","Structure + Discount","120d","120","DOWNTREND","BEARISH","BEARISH","BEARISH","STRUCTURE + DISCOUNT","NORMAL DOWNTREND","25","TRUE","FALSE","FALSE","LEADING","LEADING (Passive)","0.41","0.41","DRY / QUIET","100","0","42.15","28.25","21.7","18.05","251.65","256.76","285.45","520900","1285745","860","Supertrend bearish | RSI 42.1 lemah | Volume 0.41x | Lolos anti-crash ADX | RISEN NORMAL DOWNTREND","Full Grid (1-2-3-4)","100000000","288","284","282","280","0.1","0.2","0.3","0.4","347","704","1063","1428","3542","99947800","52200","282.18","282.18","276","306","336","336","4.17","2.19","16.67","19.07","4","8.71"
"TRIN","2026-05-22","2026-05-22","558","FULL","498","3.75","AVOID","-","passive","FALSE","","V-SHAPE","2026-03-13","","70d","70","DOWNTREND","BEARISH","BEARISH","BEARISH","DOWNTREND DISCOUNT","NORMAL DOWNTREND","61.42","TRUE","FALSE","FALSE","LAGGING","LAGGARD (Passive)","0.91","0.91","NORMAL","73.85","26.15","22.76","33.49","6.17","26.9","637.46","741.43","669.04","4474800","4895455","860","Supertrend bearish | RSI 22.8 lemah | Volume 0.91x | Crash filter aktif | RISEN NORMAL DOWNTREND","Full Grid (1-2-3-4)","100000000","615","565","550","530","0.1","0.2","0.3","0.4","162","353","545","754","1814","99844500","155500","550.41","550.43","488","805","1225","1225","20.65","11.34","99.19","122.56","4.8","10.81"
"KSIX","2026-05-22","2026-05-22","321","FULL","322","1.89873417721519","AVOID","-","passive","FALSE","","BETA BREAKOUT","2026-03-12","","71d","71","DOWNTREND","BEARISH","BEARISH","BEARISH","STRUCTURE + DISCOUNT","SIDEWAYS","22.03","TRUE","FALSE","FALSE","LAGGING","LAGGARD (Passive)","1.76","1.76","EXPANSION","57.14","42.86","46.08","32.66","22.65","15.47","331.77","335.64","333.92","184800","104915","858","Supertrend bearish | RSI 46.1 lemah | Volume valid 1.76x | Lolos anti-crash ADX | RISEN SIDEWAYS","Full Grid (1-2-3-4)","100000000","358","324","316","304","0.1","0.2","0.3","0.4","279","617","949","1315","3160","99943400","56600","316.28","316.28","284","470","580","580","20.67","10.21","62.01","83.38","3","8.17"
"ASMI","2026-05-22","2026-05-22","558","FULL","16","0","AVOID","-","passive","FALSE","","V-SHAPE","2026-03-11","","72d","72","DOWNTREND","BEARISH","BEARISH","BEARISH","STRUCTURE + DISCOUNT","NORMAL DOWNTREND","65","TRUE","FALSE","FALSE","LAGGING","LAGGARD (Passive)","0.27","0.27","DRY / QUIET","100","0","32.8","25.45","13.77","41.24","17.96","20.53","24.31","1910100","7153615","856","Supertrend bearish | RSI 32.8 lemah | Volume 0.27x | Lolos anti-crash ADX | RISEN NORMAL DOWNTREND","Full Grid (1-2-3-4)","100000000","20","20","19","19","0.1","0.2","0.3","0.4","5000","10000","15789","21052","51841","99997900","2100","19.29","19.29","19","25","27","27","5","1.5","35","39.97","7","26.65"
"CARE","2026-05-22","2026-05-22","558","FULL","410","0","AVOID","-","passive","FALSE","","BETA BREAKOUT","2026-01-20","","122d","122","DOWNTREND","BEARISH","BEARISH","NEUTRAL","STRUCTURE + DISCOUNT","SIDEWAYS","65","TRUE","FALSE","FALSE","LEADING","LEADING (Passive)","0.49","0.49","DRY / QUIET","50","50","42.39","31.14","29.51","10.46","412.93","429.31","410.39","790600","1627550","856","Supertrend bearish | RSI 42.4 lemah | Volume 0.49x | Lolos anti-crash ADX | RISEN SIDEWAYS","Full Grid (1-2-3-4)","100000000","825","700","665","625","0.1","0.2","0.3","0.4","121","285","451","640","1497","99924000","76000","667.49","667.53","560","1225","1620","1620","32.12","16.1","96.36","142.7","3","8.86"
"FISH","2026-05-22","2026-05-22","558","FULL","680","0.7407407407407408","AVOID","-","passive","FALSE","","EARLY SWEEP","2026-03-11","","72d","72","DOWNTREND","BEARISH","BEARISH","BEARISH","DOWNTREND DISCOUNT","NORMAL DOWNTREND","33.41","TRUE","FALSE","FALSE","LAGGING","LAGGARD (Passive)","1.07","1.07","NORMAL","95.24","4.76","32.82","30.62","21.7","26.94","763.21","822.63","2722.11","151400","141880","856","Supertrend bearish | RSI 32.8 lemah | Volume 1.07x | Crash filter aktif | RISEN NORMAL DOWNTREND","Full Grid (1-2-3-4)","100000000","970","910","895","875","0.1","0.2","0.3","0.4","103","219","335","457","1114","99890000","110000","896.68","896.69","830","1590","2660","2660","14.43","7.44","174.23","196.65","12.07","26.45"
"KEEN","2026-05-22","2026-05-22","558","FULL","880","2.3255813953488373","AVOID","-","passive","FALSE","","BETA BREAKOUT","2026-01-20","","122d","122","DOWNTREND","BEARISH","BEARISH","BEARISH","STRUCTURE + DISCOUNT","NORMAL DOWNTREND","57.82","TRUE","FALSE","FALSE","LEADING","LEADING (Passive)","0.57","0.57","DRY / QUIET","100","0","46.79","20.89","18.5","17.95","895.73","918.95","933.71","6400100","11277190","856","Supertrend bearish | RSI 46.8 lemah | Volume 0.57x | Lolos anti-crash ADX | RISEN NORMAL DOWNTREND","Full Grid (1-2-3-4)","100000000","1285","1140","1105","1055","0.1","0.2","0.3","0.4","77","175","271","379","902","99774500","225500","1106.15","1106.32","980","1745","2200","2200","23.74","11.4","71.21","98.89","3","8.67"
"GTRA","2026-05-22","2026-05-22","558","FULL","187","-8.333333333333332","AVOID","-","passive","FALSE","","EARLY SWEEP","2026-03-10","","73d","73","DOWNTREND","BEARISH","BEARISH","BEARISH","DOWNTREND DISCOUNT","NORMAL DOWNTREND","0","FALSE","FALSE","FALSE","LAGGING","LAGGARD (Passive)","1.17","1.17","NORMAL","36.36","63.64","24.63","19.26","13.19","24.3","232.29","250.4","250.72","906100","775350","854","Supertrend bearish | RSI 24.6 lemah | Volume 1.17x | Lolos anti-crash ADX | RISEN NORMAL DOWNTREND","Full Grid (1-2-3-4)","100000000","316","288","282","272","0.1","0.2","0.3","0.4","316","694","1063","1470","3543","99933400","66600","282.06","282.06","256","406","496","496","18.99","9.24","56.96","75.85","3","8.21"
"INPC","2026-05-22","2026-05-22","558","FULL","136","7.086614173228346","AVOID","-","passive","FALSE","","SMART SNIPER + V-SHAPE","2026-03-10","Structure + Discount","73d","73","DOWNTREND","BEARISH","BEARISH","BEARISH","DOWNTREND DISCOUNT","NORMAL DOWNTREND","44.53","TRUE","FALSE","FALSE","LAGGING","LAGGARD (Passive)","1.04","1.04","NORMAL","70","30","33.66","18.93","11.09","32.13","153.06","160.18","166.25","4513800","4323085","854","Supertrend bearish | RSI 33.7 lemah | Volume 1.04x | Lolos anti-crash ADX | RISEN NORMAL DOWNTREND","Full Grid (1-2-3-4)","100000000","199","175","169","160","0.1","0.2","0.3","0.4","502","1142","1775","2500","5919","99972300","27700","168.9","168.9","147","278","356","356","26.13","12.97","78.89","110.77","3.02","8.54"
"VERN","2026-05-22","2026-05-22","382","FULL","119","3.4782608695652173","AVOID","-","passive","FALSE","","V-SHAPE","2026-03-10","","73d","73","DOWNTREND","BEARISH","BEARISH","BEARISH","DEMAND STRUCTURE","NORMAL DOWNTREND","25","TRUE","FALSE","FALSE","LAGGING","LAGGARD (Passive)","0.09","0.09","DRY / QUIET","83.33","16.67","36.95","29.42","12.88","26.92","132","127.53","125.19","677900","7542360","854","Supertrend bearish | RSI 37.0 lemah | Volume 0.09x | Lolos anti-crash ADX | RISEN NORMAL DOWNTREND","Full Grid (1-2-3-4)","100000000","91","87","86","85","0.1","0.2","0.3","0.4","1098","2298","3488","4705","11589","99973700","26300","86.27","86.27","81","113","114","114","10.99","6.1","25.27","32.15","2.3","5.27"
"WOOD","2026-05-22","2026-05-22","558","FULL","260","-1.5151515151515151","AVOID","-","passive","FALSE","","V-SHAPE","2026-03-10","","73d","73","DOWNTREND","BEARISH","BEARISH","BEARISH","DOWNTREND DISCOUNT","NORMAL DOWNTREND","62.16","TRUE","FALSE","FALSE","LAGGING","LAGGARD (Passive)","0.53","0.53","DRY / QUIET","57.14","42.86","24.3","17.11","12.27","31.88","293.06","307.52","347.98","715200","1358450","854","Supertrend bearish | RSI 24.3 lemah | Volume 0.53x | Lolos anti-crash ADX | RISEN NORMAL DOWNTREND","Full Grid (1-2-3-4)","100000000","324","312","308","304","0.1","0.2","0.3","0.4","308","641","974","1315","3238","99953600","46400","308.69","308.69","294","370","414","414","9.26","4.76","27.78","34.12","3","7.17"
"ZYRX","2026-05-22","2026-05-22","558","FULL","131","0","AVOID","-","passive","FALSE","","G ACC","2026-01-19","","123d","123","DOWNTREND","BEARISH","BEARISH","BEARISH","STRUCTURE + DISCOUNT","NORMAL DOWNTREND","63.26","TRUE","FALSE","FALSE","LEADING","LEADING (Passive)","0.11","0.11","DRY / QUIET","83.33","16.67","30","22.49","8.84","25.91","140.22","144.89","148.96","72400","666130","854","Supertrend bearish | RSI 30.0 lemah | Volume 0.11x | Lolos anti-crash ADX | RISEN NORMAL DOWNTREND","Full Grid (1-2-3-4)","100000000","175","166","163","160","0.1","0.2","0.3","0.4","571","1204","1840","2500","6115","99970900","29100","163.48","163.49","154","206","238","238","12","5.8","36","45.58","3","7.86"
"AMMN","2026-05-22","2026-05-22","558","FULL","2900","-4.605263157894736","AVOID","-","passive","FALSE","","V-SHAPE","2026-02-27","","84d","84","DOWNTREND","BEARISH","BEARISH","BEARISH","DOWNTREND DISCOUNT","NORMAL DOWNTREND","8.49","TRUE","FALSE","FALSE","LAGGING","LAGGARD (Passive)","2.17","2.17","VOLUME SURGE","55.88","44.12","21.47","42.92","6.25","39.61","4173.35","4994.23","6452.01","150834500","69570865","852","Supertrend bearish | RSI 21.5 lemah | Volume valid 2.17x | Crash filter aktif | RISEN NORMAL DOWNTREND","Full Grid (1-2-3-4)","100000000","7650","7400","7325","7225","0.1","0.2","0.3","0.4","13","27","40","55","135","98962500","1037500","7330.56","7330.42","7050","8550","9450","9450","7.84","3.83","23.53","28.91","3","7.55"
"CBUT","2026-05-22","2026-05-22","558","FULL","650","7.43801652892562","AVOID","-","passive","FALSE","","SMART SNIPER + V-SHAPE","2026-03-09","Structure + Discount","74d","74","DOWNTREND","BEARISH","BEARISH","BEARISH","DOWNTREND DISCOUNT","NORMAL DOWNTREND","32.26","TRUE","FALSE","FALSE","LAGGING","LAGGARD (Passive)","0.6","0.6","DRY / QUIET","63.16","36.84","33.01","29.79","17.73","24.06","785.24","850.26","1057.42","55200","92530","852","Supertrend bearish | RSI 33.0 lemah | Volume 0.6x | Lolos anti-crash ADX | RISEN NORMAL DOWNTREND","Full Grid (1-2-3-4)","100000000","1025","945","925","895","0.1","0.2","0.3","0.4","97","211","324","446","1078","99769000","231000","925.5","925.54","850","1290","1550","1550","17.07","8.16","51.22","67.48","3","8.27"
"KKGI","2026-05-22","2026-05-22","558","FULL","272","0.7407407407407408","AVOID","-","passive","FALSE","","SMART GAMMA","2026-03-09","","74d","74","DOWNTREND","BEARISH","BEARISH","BEARISH","STRUCTURE + DISCOUNT","NORMAL DOWNTREND","32.54","TRUE","FALSE","FALSE","LAGGING","LAGGARD (Passive)","0.66","0.66","DRY / QUIET","75","25","20.77","40.56","4.45","37.45","305.73","318.73","344.07","1768400","2691045","852","Supertrend bearish | RSI 20.8 lemah | Volume 0.66x | Crash filter aktif | RISEN NORMAL DOWNTREND","Full Grid (1-2-3-4)","100000000","384","332","318","300","0.1","0.2","0.3","0.4","260","602","943","1333","3138","99947800","52200","318.51","318.52","276","545","710","710","28.13","13.35","84.9","122.91","3.02","9.21"
"BBNI","2026-05-22","2026-05-22","558","FULL","3780","-0.5263157894736842","HOLD","-","passive","FALSE","","BETA BREAKOUT","2026-01-15","","127d","127","UPTREND","BEARISH","BEARISH","BEARISH","UPTREND DISCOUNT","NORMAL DOWNTREND","66.39","TRUE","FALSE","FALSE","LEADING","LEADING (Passive)","0.59","0.59","DRY / QUIET","50","50","46.08","16.16","16.46","21.08","3825.45","3920.84","4187.96","25045300","42674645","846","Supertrend bullish | RSI 46.1 lemah | Volume 0.59x | Lolos anti-crash ADX | RISEN NORMAL DOWNTREND","Full Grid (1-2-3-4)","100000000","4540","4360","4320","4260","0.1","0.2","0.3","0.4","22","45","69","93","229","99034000","966000","4324.63","4324.53","4160","5100","5675","5675","8.37","3.81","25","31.23","2.99","8.2"
"BTPS","2026-05-22","2026-05-22","558","FULL","965","1.0471204188481675","AVOID","-","passive","FALSE","","V-SHAPE","2026-01-15","","127d","127","DOWNTREND","BEARISH","BEARISH","BEARISH","STRUCTURE + DISCOUNT","NORMAL DOWNTREND","70.68","TRUE","FALSE","FALSE","LEADING","LEADING (Passive)","0.79","0.79","DRY / QUIET","80","20","35.81","31.31","11.55","30.43","1006.5","1053.39","1178.53","4977100","6274760","846","Supertrend bearish | RSI 35.8 lemah | Volume 0.79x | Crash filter aktif | RISEN NORMAL DOWNTREND","Full Grid (1-2-3-4)","100000000","1210","1185","1175","1165","0.1","0.2","0.3","0.4","82","168","255","343","848","99752000","248000","1176.32","1176.35","1145","1310","1440","1440","5.37","2.66","19.01","22.42","3.54","8.42"
"TRUS","2026-05-22","2026-05-22","558","FULL","274","0.7352941176470588","AVOID","-","passive","FALSE","","EARLY SWEEP","2026-03-06","","77d","77","DOWNTREND","BEARISH","BEARISH","BEARISH","STRUCTURE + DISCOUNT","NORMAL DOWNTREND","28.26","TRUE","FALSE","FALSE","LAGGING","LAGGARD (Passive)","0.47","0.47","DRY / QUIET","87.5","12.5","15.5","38.53","12.21","26.68","340.26","373.15","441.37","22700","48395","846","Supertrend bearish | RSI 15.5 lemah | Volume 0.47x | Crash filter aktif | RISEN NORMAL DOWNTREND","Full Grid (1-2-3-4)","100000000","620","510","484","448","0.1","0.2","0.3","0.4","161","392","619","892","2064","99895200","104800","483.99","483.99","394","960","1300","1300","36.45","18.59","109.68","168.6","3.01","9.07"
"AXIO","2026-05-22","2026-05-22","558","FULL","111","-0.8928571428571428","AVOID","-","passive","FALSE","","V-SHAPE","2026-01-14","","128d","128","DOWNTREND","BEARISH","BEARISH","BEARISH","STRUCTURE + DISCOUNT","SIDEWAYS","100","TRUE","FALSE","FALSE","LEADING","LEADING (Passive)","0.34","0.34","DRY / QUIET","50","50","34.52","22.91","13.1","12.31","114.77","116.38","122.85","196900","582285","844","Supertrend bearish | RSI 34.5 lemah | Volume 0.34x | Lolos anti-crash ADX | RISEN SIDEWAYS","Full Grid (1-2-3-4)","100000000","129","128","127","127","0.1","0.2","0.3","0.4","775","1562","2362","3149","7848","99980800","19200","127.4","127.4","125","135","149","149","3.1","1.88","15.5","16.96","5","9.01"
"BLTA","2026-05-22","2026-05-22","558","FULL","34","0","AVOID","-","passive","FALSE","","SMART GAMMA","2026-03-05","","78d","78","DOWNTREND","BEARISH","BEARISH","BEARISH","DOWNTREND DISCOUNT","NORMAL DOWNTREND","62.34","TRUE","FALSE","FALSE","LAGGING","LAGGARD (Passive)","0.86","0.86","NORMAL","100","0","28.05","17.15","16.65","58.33","39.65","41.32","37.79","9441300","10938840","844","Supertrend bearish | RSI 28.1 lemah | Volume 0.86x | Lolos anti-crash ADX | RISEN NORMAL DOWNTREND","Full Grid (1-2-3-4)","100000000","49","44","43","41","0.1","0.2","0.3","0.4","2040","4545","6976","9756","23317","99990400","9600","42.88","42.88","38","70","82","82","22.45","11.39","67.35","91.22","3","8.01"
"ZINC","2026-05-22","2026-05-22","558","FULL","30","0","AVOID","-","passive","FALSE","","G ACC","2026-01-14","","128d","128","DOWNTREND","BEARISH","BEARISH","BEARISH","STRUCTURE + DISCOUNT","SIDEWAYS","0","FALSE","FALSE","FALSE","LEADING","LEADING (Passive)","0","0","NO VOLUME","50","50","42.01","23.6","25.95","42.43","30.11","31.32","30.34","0","0","844","Supertrend bearish | RSI 42.0 lemah | Volume NaNx | Lolos anti-crash ADX | RISEN SIDEWAYS","Full Grid (1-2-3-4)","100000000","46","38","36","33","0.1","0.2","0.3","0.4","2173","5263","8333","12121","27890","99993300","6700","35.85","35.85","30","70","94","94","34.78","16.32","104.35","162.18","3","9.94"
"SULI","2026-05-22","2026-05-22","558","FULL","85","-9.574468085106384","AVOID","-","passive","FALSE","","V-SHAPE","2026-03-04","","79d","79","DOWNTREND","BEARISH","BEARISH","BEARISH","DOWNTREND DISCOUNT","NORMAL DOWNTREND","0","FALSE","FALSE","FALSE","LAGGING","LAGGARD (Passive)","1.24","1.24","EXPANSION","33.33","66.67","25.61","13.71","27.58","25.56","98.53","104.03","113.2","7727500","6238220","842","Supertrend bearish | RSI 25.6 lemah | Volume valid 1.24x | Lolos anti-crash ADX | RISEN NORMAL DOWNTREND","Full Grid (1-2-3-4)","100000000","117","112","110","108","0.1","0.2","0.3","0.4","854","1785","2727","3703","9069","99973200","26800","110.24","110.24","104","137","156","156","11.11","5.66","33.33","41.51","3","7.34"
"GPSO","2026-05-22","2026-05-22","558","FULL","478","0.8438818565400843","HOLD","-","passive","FALSE","","V-SHAPE","2026-03-03","","80d","80","UPTREND","BULLISH","BULLISH","BEARISH","UPTREND DISCOUNT","NORMAL UPTREND","51.04","TRUE","TRUE","FALSE","LAGGING","LAGGARD (Passive)","0.7","0.7","DRY / QUIET","60","40","71.93","55.02","38.45","5.67","424.17","410.78","489.45","13002800","18515400","840","Supertrend bullish | RSI 71.9 > 50 | Volume 0.7x | Lolos anti-crash ADX | RISEN NORMAL UPTREND","Full Grid (1-2-3-4)","100000000","396","384","380","376","0.1","0.2","0.3","0.4","252","520","789","1063","2624","99898000","102000","380.71","380.71","362","448","498","498","8.59","4.91","25.76","30.81","3","6.27"
"RALS","2026-05-22","2026-05-22","558","FULL","396","-12","AVOID","-","passive","FALSE","","SMART GAMMA","2026-03-03","","80d","80","DOWNTREND","BEARISH","BEARISH","BEARISH","DOWNTREND DISCOUNT","NORMAL DOWNTREND","0","FALSE","FALSE","FALSE","WEAKENING","WEAKENING (Passive)","1.69","1.69","EXPANSION","50","50","26.15","16.12","14.36","45.45","446.79","451.25","437.88","14724000","8731700","840","Supertrend bearish | RSI 26.1 lemah | Volume valid 1.69x | Lolos anti-crash ADX | RISEN NORMAL DOWNTREND","Full Grid (1-2-3-4)","100000000","530","470","456","436","0.1","0.2","0.3","0.4","188","425","657","917","2187","99879400","120600","456.7","456.72","406","715","900","900","23.4","11.1","69.81","97.07","2.98","8.74"
"SMAR","2026-05-22","2026-05-22","558","FULL","5100","6.029106029106029","AVOID","-","passive","FALSE","","V-SHAPE","2026-03-03","","80d","80","DOWNTREND","BEARISH","BEARISH","BEARISH","STRUCTURE + DISCOUNT","SIDEWAYS","25","TRUE","FALSE","FALSE","LAGGING","LAGGARD (Passive)","0.65","0.65","DRY / QUIET","58.72","41.28","38.11","27.2","18.33","31.46","5740.62","5666.78","5163.22","154600","239090","840","Supertrend bearish | RSI 38.1 lemah | Volume 0.65x | Lolos anti-crash ADX | RISEN SIDEWAYS","Full Grid (1-2-3-4)","100000000","5975","5650","5550","5450","0.1","0.2","0.3","0.4","16","35","54","73","178","99090000","910000","5566.85","5568.45","5225","7100","8225","8225","12.55","6.14","37.66","47.75","3","7.78"
"APEX","2026-05-22","2026-05-22","558","FULL","142","5.970149253731343","AVOID","-","passive","FALSE","","V-SHAPE","2026-03-02","","81d","81","DOWNTREND","BEARISH","BEARISH","BEARISH","DOWNTREND DISCOUNT","NORMAL DOWNTREND","60.71","TRUE","FALSE","FALSE","LAGGING","LAGGARD (Passive)","0.53","0.53","DRY / QUIET","72.22","27.78","28.38","24.75","11.83","33.59","173.43","189","183.34","15744500","29715010","838","Supertrend bearish | RSI 28.4 lemah | Volume 0.53x | Lolos anti-crash ADX | RISEN NORMAL DOWNTREND","Full Grid (1-2-3-4)","100000000","258","228","220","210","0.1","0.2","0.3","0.4","387","877","1363","1904","4531","99950200","49800","220.59","220.6","193","356","454","454","25.19","12.51","75.97","105.81","3.02","8.46"
"DOID","2026-05-22","2026-05-22","558","FULL","210","5","AVOID","-","passive","FALSE","","V-SHAPE","2026-03-02","","81d","81","DOWNTREND","BEARISH","BEARISH","BEARISH","DOWNTREND DISCOUNT","NORMAL DOWNTREND","22.26","TRUE","FALSE","FALSE","LAGGING","LAGGARD (Passive)","0.46","0.46","DRY / QUIET","88.24","11.76","29.86","38.09","6.36","33.28","234.98","255.78","320.82","2445100","5371955","838","Supertrend bearish | RSI 29.9 lemah | Volume 0.46x | Crash filter aktif | RISEN NORMAL DOWNTREND","Full Grid (1-2-3-4)","100000000","318","300","294","288","0.1","0.2","0.3","0.4","314","666","1020","1388","3388","99927600","72400","294.95","294.95","276","382","444","444","13.21","6.42","39.62","50.54","3","7.87"
"ESSA","2026-05-22","2026-05-22","558","FULL","705","3.6764705882352944","AVOID","-","passive","FALSE","","BETA BREAKOUT","2026-03-02","","81d","81","DOWNTREND","BEARISH","BEARISH","BULLISH","DOWNTREND DISCOUNT","SIDEWAYS","24.94","TRUE","TRUE","FALSE","LAGGING","LAGGARD (Passive)","0.89","0.89","NORMAL","91.67","8.33","39.44","26.47","11.74","24.65","789.93","774.44","702.81","148277000","166216715","838","Supertrend bearish | RSI 39.4 lemah | Volume 0.89x | Lolos anti-crash ADX | RISEN SIDEWAYS","Full Grid (1-2-3-4)","100000000","725","665","650","625","0.1","0.2","0.3","0.4","137","300","461","640","1538","99847500","152500","649.2","649.26","590","930","1130","1130","18.62","9.12","55.86","74.06","3","8.12"
"RUIS","2026-05-22","2026-05-22","558","FULL","180","4.651162790697675","AVOID","-","passive","FALSE","","BETA BREAKOUT","2026-03-02","","81d","81","DOWNTREND","BEARISH","BEARISH","BEARISH","DOWNTREND DISCOUNT","NORMAL DOWNTREND","64.07","TRUE","FALSE","FALSE","LAGGING","LAGGARD (Passive)","0.64","0.64","DRY / QUIET","90","10","28.25","24.86","7.84","31.41","208.39","223.26","221.03","886100","1381285","838","Supertrend bearish | RSI 28.3 lemah | Volume 0.64x | Lolos anti-crash ADX | RISEN NORMAL DOWNTREND","Full Grid (1-2-3-4)","100000000","310","258","244","226","0.1","0.2","0.3","0.4","322","775","1229","1769","4095","99944000","56000","244.06","244.07","200","476","640","640","35.48","18.05","106.45","162.23","3","8.99"
"MLIA","2026-05-22","2026-05-22","558","FULL","250","-0.7936507936507936","AVOID","-","passive","FALSE","","BETA BREAKOUT","2026-01-09","","133d","133","DOWNTREND","BEARISH","BEARISH","BEARISH","DOWNTREND DISCOUNT","NORMAL DOWNTREND","65","TRUE","FALSE","FALSE","LEADING","LEADING (Passive)","0.3","0.3","DRY / QUIET","0","100","16.9","73.96","4.45","42.54","262.67","277.89","308.95","45700","153520","834","Supertrend bearish | RSI 16.9 lemah | Volume 0.3x | Crash filter aktif | RISEN NORMAL DOWNTREND","Full Grid (1-2-3-4)","100000000","350","340","336","332","0.1","0.2","0.3","0.4","285","588","892","1204","2969","99911000","89000","336.51","336.52","326","386","424","424","6.86","3.12","21.14","26","3.08","8.32"
"SOFA","2026-05-22","2026-05-22","558","FULL","338","-2.8735632183908044","AVOID","-","passive","FALSE","","V-SHAPE","2026-02-03","","108d","108","DOWNTREND","BEARISH","BEARISH","BULLISH","STRUCTURE + DISCOUNT","NORMAL DOWNTREND","45.58","TRUE","FALSE","FALSE","IMPROVING","IMPROVING (Passive)","0.75","0.75","DRY / QUIET","61.11","38.89","32.85","26.72","13.38","32.07","389.72","420.17","334.32","3572800","4775915","834","Supertrend bearish | RSI 32.9 lemah | Volume 0.75x | Lolos anti-crash ADX | RISEN NORMAL DOWNTREND","Full Grid (1-2-3-4)","100000000","378","360","356","350","0.1","0.2","0.3","0.4","264","555","842","1142","2803","99904400","95600","356.42","356.42","332","530","600","600","12.17","6.85","58.73","68.34","4.83","9.97"
"DNAR","2026-05-22","2026-05-22","558","FULL","124","1.639344262295082","AVOID","-","passive","FALSE","","V-SHAPE","2026-02-27","","84d","84","DOWNTREND","BEARISH","BEARISH","BEARISH","DOWNTREND DISCOUNT","NORMAL DOWNTREND","58.72","TRUE","FALSE","FALSE","LAGGING","LAGGARD (Passive)","0.21","0.21","DRY / QUIET","75","25","31.52","23.96","16.1","29.32","135.22","140.11","141.13","450300","2161205","832","Supertrend bearish | RSI 31.5 lemah | Volume 0.21x | Lolos anti-crash ADX | RISEN NORMAL DOWNTREND","Full Grid (1-2-3-4)","100000000","160","149","146","143","0.1","0.2","0.3","0.4","625","1342","2054","2797","6818","99981300","18700","146.64","146.64","136","196","232","232","15","7.26","45","58.21","3","8.02"
"MPPA","2026-05-22","2026-05-22","558","FULL","45","4.651162790697675","AVOID","-","passive","FALSE","","EARLY SWEEP","2026-02-27","","84d","84","DOWNTREND","BEARISH","BEARISH","BEARISH","DOWNTREND DISCOUNT","NORMAL DOWNTREND","49.89","TRUE","FALSE","FALSE","LAGGING","LAGGARD (Passive)","0.33","0.33","DRY / QUIET","100","0","37.05","15.46","17.37","37.57","49.62","50.86","56.46","5288800","16113715","832","Supertrend bearish | RSI 37.0 lemah | Volume 0.33x | Lolos anti-crash ADX | RISEN NORMAL DOWNTREND","Full Grid (1-2-3-4)","100000000","58","55","54","53","0.1","0.2","0.3","0.4","1724","3636","5555","7547","18462","99993300","6700","54.16","54.16","51","69","79","79","12.07","5.84","36.21","45.86","3","7.86"
"TAPG","2026-05-22","2026-05-22","558","FULL","1620","7.641196013289036","AVOID","-","passive","FALSE","","SMART SNIPER","2026-02-27","Demand Structure","84d","84","DOWNTREND","BEARISH","BEARISH","BULLISH","STRUCTURE + DISCOUNT","NORMAL UPTREND","13.07","TRUE","TRUE","FALSE","LAGGING","LAGGARD (Passive)","1.5","1.5","EXPANSION","83.78","16.22","38.92","32.34","17.97","32.37","1810.6","1798.63","1584","58841800","39303940","832","Supertrend bearish | RSI 38.9 lemah | Volume valid 1.5x | Crash filter aktif | RISEN NORMAL UPTREND","Full Grid (1-2-3-4)","100000000","1625","1485","1450","1400","0.1","0.2","0.3","0.4","61","134","206","285","686","99581500","418500","1451.63","1451.74","1330","2070","2510","2510","18.15","8.38","54.46","72.91","3","8.7"
"DADA","2026-05-22","2026-05-22","558","FULL","50","0","AVOID","-","passive","FALSE","","SMART SNIPER","2026-01-07","Discount Only","135d","135","DOWNTREND","NEUTRAL","BEARISH","BULLISH","DOWNTREND DISCOUNT","SIDEWAYS","0","FALSE","FALSE","FALSE","LEADING","LEADING (Passive)","0.09","0.09","DRY / QUIET","50","50","43.12","83.2","65.97","1.55","50","50.2","47.03","169400","1826615","830","Supertrend bearish | RSI 43.1 lemah | Volume 0.09x | Lolos anti-crash ADX | RISEN SIDEWAYS","Full Grid (1-2-3-4)","100000000","60","34","27","18","0.1","0.2","0.3","0.4","1666","5882","11111","22222","40881","99994100","5900","24.46","24.46","7","163","240","240","88.33","71.38","300","881.2","3.4","12.34"
"MPMX","2026-05-22","2026-05-22","558","FULL","995","0","HOLD","-","passive","FALSE","","SMART GAMMA","2026-01-07","","135d","135","UPTREND","BEARISH","BEARISH","BULLISH","DEMAND STRUCTURE","NORMAL UPTREND","47.04","TRUE","TRUE","FALSE","LEADING","LEADING (Passive)","1.74","1.74","EXPANSION","50","50","46.92","19","12.03","19.82","1000.03","998.48","987.43","6176800","3552530","830","Supertrend bullish | RSI 46.9 lemah | Volume valid 1.74x | Lolos anti-crash ADX | RISEN NORMAL UPTREND","Full Grid (1-2-3-4)","100000000","990","960","950","940","0.1","0.2","0.3","0.4","101","208","315","425","1049","99842000","158000","951.78","951.78","925","1090","1200","1200","6.57","2.81","21.21","26.08","3.23","9.27"
"SDPC","2026-05-22","2026-05-22","558","FULL","184","3.954802259887006","AVOID","-","passive","FALSE","","BETA BREAKOUT","2026-01-07","","135d","135","DOWNTREND","BEARISH","BEARISH","BULLISH","DEMAND STRUCTURE","NORMAL DOWNTREND","52.34","TRUE","FALSE","FALSE","LEADING","LEADING (Passive)","0.15","0.15","DRY / QUIET","87.5","12.5","43.41","21.01","10.88","25.1","188.37","189.04","169.18","47300","312490","830","Supertrend bearish | RSI 43.4 lemah | Volume 0.15x | Lolos anti-crash ADX | RISEN NORMAL DOWNTREND","Full Grid (1-2-3-4)","100000000","188","169","164","157","0.1","0.2","0.3","0.4","531","1183","1829","2547","6090","99959000","41000","164.14","164.14","147","250","312","312","21.81","10.44","65.96","90.09","3.02","8.63"
"BGTG","2026-05-22","2026-05-22","558","FULL","117","0.8620689655172413","AVOID","-","passive","FALSE","","BETA BREAKOUT","2026-01-06","","136d","136","DOWNTREND","BEARISH","BEARISH","BULLISH","DOWNTREND DISCOUNT","SIDEWAYS","89.58","TRUE","FALSE","FALSE","LEADING","LEADING (Passive)","0.45","0.45","DRY / QUIET","50","50","42.93","21.14","9.86","20.42","119.71","121.94","115.52","2531100","5641235","828","Supertrend bearish | RSI 42.9 lemah | Volume 0.45x | Lolos anti-crash ADX | RISEN SIDEWAYS","Full Grid (1-2-3-4)","100000000","144","126","122","116","0.1","0.2","0.3","0.4","694","1587","2459","3448","8188","99986400","13600","122.11","122.11","106","202","258","258","26.39","13.2","79.17","111.28","3","8.43"
"CARS","2026-05-22","2026-05-22","558","FULL","83","0","AVOID","-","passive","FALSE","","BETA BREAKOUT","2026-02-25","","86d","86","DOWNTREND","BEARISH","BEARISH","BEARISH","STRUCTURE + DISCOUNT","NORMAL DOWNTREND","36.46","TRUE","FALSE","FALSE","WEAKENING","WEAKENING (Passive)","0.85","0.85","NORMAL","77.78","22.22","28.81","18.56","13.32","30.75","91.49","95.77","104.99","8848300","10351225","828","Supertrend bearish | RSI 28.8 lemah | Volume 0.85x | Lolos anti-crash ADX | RISEN NORMAL DOWNTREND","Full Grid (1-2-3-4)","100000000","121","103","98","92","0.1","0.2","0.3","0.4","826","1941","3061","4347","10175","99977100","22900","98.26","98.26","82","180","238","238","32.23","16.55","96.69","142.22","3","8.6"
"JAYA","2026-05-22","2026-05-22","558","FULL","128","0.7874015748031495","HOLD","-","passive","FALSE","","BETA BREAKOUT","2026-02-25","","86d","86","UPTREND","BEARISH","BEARISH","BULLISH","UPTREND DISCOUNT","SIDEWAYS","100","TRUE","FALSE","FALSE","LAGGING","LAGGARD (Passive)","0.26","0.26","DRY / QUIET","62.5","37.5","43.4","33.92","15.52","15.55","135.21","133.41","119.22","4634000","17747785","828","Supertrend bullish | RSI 43.4 lemah | Volume 0.26x | Crash filter aktif | RISEN SIDEWAYS","Full Grid (1-2-3-4)","100000000","162","132","124","114","0.1","0.2","0.3","0.4","617","1515","2419","3508","8059","99980200","19800","124.06","124.06","99","256","352","352","38.89","20.2","117.28","183.73","3.02","9.1"
"NICE","2026-05-22","2026-05-22","553","FULL","280","0","AVOID","-","passive","FALSE","","SMART SNIPER","2026-01-06","Demand Structure","136d","136","DOWNTREND","BEARISH","BEARISH","BEARISH","STRUCTURE + DISCOUNT","NORMAL DOWNTREND","33.16","TRUE","FALSE","FALSE","LEADING","LEADING (Passive)","0.41","0.41","DRY / QUIET","77.78","22.22","35.74","22.71","14.89","26.58","300","314.23","365.12","307300","753935","828","Supertrend bearish | RSI 35.7 lemah | Volume 0.41x | Lolos anti-crash ADX | RISEN NORMAL DOWNTREND","Full Grid (1-2-3-4)","100000000","442","408","398","386","0.1","0.2","0.3","0.4","226","490","753","1036","2505","99940200","59800","398.96","398.97","370","550","660","660","16.29","7.26","49.32","65.43","3.03","9.01"
"NINE","2026-05-22","2026-05-22","558","FULL","95","-4.040404040404041","AVOID","-","passive","FALSE","","V-SHAPE","2026-02-25","","86d","86","DOWNTREND","BEARISH","BEARISH","BEARISH","DOWNTREND DISCOUNT","NORMAL DOWNTREND","0","FALSE","FALSE","FALSE","LAGGING","LAGGARD (Passive)","1.08","1.08","NORMAL","27.78","72.22","33.32","18.76","14.82","27.3","124.13","137.52","179.96","37623900","34937280","828","Supertrend bearish | RSI 33.3 lemah | Volume 1.08x | Lolos anti-crash ADX | RISEN NORMAL DOWNTREND","Full Grid (1-2-3-4)","100000000","150","126","120","112","0.1","0.2","0.3","0.4","666","1587","2500","3571","8324","99981400","18600","120.11","120.11","98","228","306","306","34.67","18.41","104","154.76","3","8.41"
"RAFI","2026-05-22","2026-05-22","558","FULL","36","0","AVOID","-","passive","FALSE","","BETA BREAKOUT","2026-01-06","","136d","136","DOWNTREND","NEUTRAL","BEARISH","BULLISH","DEMAND STRUCTURE","SIDEWAYS","0","FALSE","FALSE","FALSE","LEADING","LEADING (Passive)","0","0","NO VOLUME","50","50","40.45","37.18","20.15","44.11","36.01","36.31","33.29","0","0","828","Supertrend bearish | RSI 40.5 lemah | Volume NaNx | Crash filter aktif | RISEN SIDEWAYS","Full Grid (1-2-3-4)","100000000","38","34","33","32","0.1","0.2","0.3","0.4","2631","5882","9090","12500","30103","99993600","6400","33.22","33.22","30","50","62","62","21.05","9.69","63.16","86.65","3","8.95"
"ASJT","2026-05-22","2026-05-22","558","FULL","177","2.9069767441860463","AVOID","-","passive","FALSE","","G ACC","2026-01-05","","137d","137","DOWNTREND","BEARISH","BEARISH","BULLISH","STRUCTURE + DISCOUNT","NORMAL DOWNTREND","53.45","TRUE","FALSE","FALSE","LEADING","LEADING (Passive)","0.11","0.11","DRY / QUIET","87.5","12.5","38.34","27.27","7.3","28.5","183.31","185.85","163.4","40700","368395","826","Supertrend bearish | RSI 38.3 lemah | Volume 0.11x | Lolos anti-crash ADX | RISEN NORMAL DOWNTREND","Full Grid (1-2-3-4)","100000000","254","178","159","134","0.1","0.2","0.3","0.4","393","1123","1886","2985","6387","99958000","42000","156.5","156.52","97","490","725","725","61.81","38.02","185.43","363.25","3","9.55"
"ASRM","2026-05-22","2026-05-22","558","FULL","272","2.2556390977443606","AVOID","-","passive","FALSE","","SMART SNIPER","2026-01-05","Structure + Discount","137d","137","DOWNTREND","BEARISH","BEARISH","BEARISH","DOWNTREND DISCOUNT","NORMAL DOWNTREND","83.83","TRUE","FALSE","FALSE","LEADING","LEADING (Passive)","1.28","1.28","EXPANSION","100","0","36.91","27.05","7.47","30.01","282.6","288.62","316.66","18500","14405","826","Supertrend bearish | RSI 36.9 lemah | Volume valid 1.28x | Lolos anti-crash ADX | RISEN NORMAL DOWNTREND","Full Grid (1-2-3-4)","100000000","354","334","328","320","0.1","0.2","0.3","0.4","282","598","914","1250","3044","99935200","64800","328.3","328.31","310","420","486","486","12.43","5.57","37.29","48.03","3","8.62"
"BVIC","2026-05-22","2026-05-22","558","FULL","100","2.0408163265306123","AVOID","-","passive","FALSE","","SMART GAMMA","2026-01-05","","137d","137","DOWNTREND","BEARISH","BEARISH","BEARISH","STRUCTURE + DISCOUNT","NORMAL DOWNTREND","85.96","TRUE","FALSE","FALSE","LEADING","LEADING (Passive)","0.56","0.56","DRY / QUIET","100","0","37.95","25.52","8.71","21.32","103.22","107.33","108.38","1049700","1889105","826","Supertrend bearish | RSI 38.0 lemah | Volume 0.56x | Lolos anti-crash ADX | RISEN NORMAL DOWNTREND","Full Grid (1-2-3-4)","100000000","139","123","119","113","0.1","0.2","0.3","0.4","719","1626","2521","3539","8405","99984500","15500","118.96","118.96","104","192","244","244","25.18","12.57","75.54","105.11","3","8.36"
"CNMA","2026-05-22","2026-05-22","558","FULL","94","3.296703296703297","AVOID","-","passive","FALSE","","SMART SNIPER","2026-01-05","Structure + Discount","137d","137","DOWNTREND","BEARISH","BEARISH","BEARISH","DOWNTREND DISCOUNT","NORMAL DOWNTREND","17.5","TRUE","FALSE","FALSE","LEADING","LEADING (Passive)","0.89","0.89","NORMAL","62.5","37.5","31.7","36.92","8.56","28.54","100.23","104.2","119.4","12503300","13987660","826","Supertrend bearish | RSI 31.7 lemah | Volume 0.89x | Crash filter aktif | RISEN NORMAL DOWNTREND","Full Grid (1-2-3-4)","100000000","128","121","119","117","0.1","0.2","0.3","0.4","781","1652","2521","3418","8372","99976500","23500","119.42","119.42","113","151","173","173","11.72","5.37","35.16","44.87","3","8.35"
"PTPP","2026-05-22","2026-05-22","558","FULL","214","1.9047619047619049","AVOID","-","passive","FALSE","","BETA BREAKOUT","2026-02-24","","87d","87","DOWNTREND","BEARISH","BEARISH","BEARISH","DOWNTREND DISCOUNT","NORMAL DOWNTREND","47.47","TRUE","FALSE","FALSE","LAGGING","LAGGARD (Passive)","0.39","0.39","DRY / QUIET","100","0","26.09","25.52","14.37","32.32","242.18","270.09","334.01","4091400","10378165","826","Supertrend bearish | RSI 26.1 lemah | Volume 0.39x | Lolos anti-crash ADX | RISEN NORMAL DOWNTREND","Full Grid (1-2-3-4)","100000000","374","336","326","312","0.1","0.2","0.3","0.4","267","595","920","1282","3064","99968200","31800","326.27","326.27","292","498","620","620","21.93","10.5","65.78","90.03","3","8.57"
"BAYU","2026-05-22","2026-05-22","558","FULL","1160","0.8695652173913043","AVOID","-","passive","FALSE","","SMART GAMMA","2026-02-23","","88d","88","DOWNTREND","BEARISH","BEARISH","BEARISH","DOWNTREND DISCOUNT","NORMAL DOWNTREND","17.5","TRUE","FALSE","FALSE","LAGGING","LAGGARD (Passive)","0.43","0.43","DRY / QUIET","55.56","44.44","22.37","37.28","10.55","38.24","1300.55","1334.79","1341.48","104600","240465","824","Supertrend bearish | RSI 22.4 lemah | Volume 0.43x | Crash filter aktif | RISEN NORMAL DOWNTREND","Full Grid (1-2-3-4)","100000000","1375","1290","1265","1235","0.1","0.2","0.3","0.4","72","155","237","323","787","99766000","234000","1267.67","1267.74","1195","1645","1915","1915","13.09","5.73","39.27","51.06","3","8.91"
"BBSS","2026-05-22","2026-05-22","558","FULL","130","-4.411764705882353","AVOID","-","passive","FALSE","","V-SHAPE","2026-02-23","","88d","88","DOWNTREND","BEARISH","BEARISH","BEARISH","DOWNTREND DISCOUNT","NORMAL DOWNTREND","82.15","TRUE","FALSE","FALSE","LAGGING","LAGGARD (Passive)","1.37","1.37","EXPANSION","31.03","68.97","24.15","20.08","10.68","27.5","160.7","189.24","263.21","885200","646260","824","Supertrend bearish | RSI 24.1 lemah | Volume valid 1.37x | Lolos anti-crash ADX | RISEN NORMAL DOWNTREND","Full Grid (1-2-3-4)","100000000","276","258","252","246","0.1","0.2","0.3","0.4","362","775","1190","1626","3953","99973800","26200","252.91","252.91","230","346","414","414","16.67","9.06","50","63.7","3","7.03"
"KMTR","2026-05-22","2026-05-22","558","FULL","222","0.9090909090909091","AVOID","-","passive","FALSE","","V-SHAPE","2026-02-23","","88d","88","DOWNTREND","BEARISH","BEARISH","BEARISH","STRUCTURE + DISCOUNT","NORMAL DOWNTREND","24.24","TRUE","FALSE","FALSE","LAGGING","LAGGARD (Passive)","1.12","1.12","NORMAL","57.89","42.11","26.93","34.64","6.01","25.05","247.18","256.78","273.05","208600","185985","824","Supertrend bearish | RSI 26.9 lemah | Volume 1.12x | Crash filter aktif | RISEN NORMAL DOWNTREND","Full Grid (1-2-3-4)","100000000","298","272","264","256","0.1","0.2","0.3","0.4","335","735","1136","1562","3768","99952600","47400","265.27","265.27","242","382","466","466","18.79","8.77","56.38","75.67","3","8.63"
"UFOE","2026-05-22","2026-05-22","558","FULL","134","0","AVOID","-","passive","FALSE","","SMART SNIPER","2026-02-23","Structure + Discount","88d","88","DOWNTREND","BEARISH","BEARISH","BEARISH","STRUCTURE + DISCOUNT","SIDEWAYS","25","TRUE","FALSE","FALSE","WEAKENING","WEAKENING (Passive)","0.06","0.06","DRY / QUIET","66.67","33.33","29.89","18.15","23.67","21.8","146.79","152.66","174.56","130800","2110750","824","Supertrend bearish | RSI 29.9 lemah | Volume 0.06x | Lolos anti-crash ADX | RISEN SIDEWAYS","Full Grid (1-2-3-4)","100000000","200","172","165","156","0.1","0.2","0.3","0.4","500","1162","1818","2564","6044","99981800","18200","165.42","165.42","142","288","374","374","29","14.16","87","126.09","3","8.9"
"BUDI","2026-05-22","2026-05-22","558","FULL","206","0","AVOID","-","passive","FALSE","","V-SHAPE","2026-01-02","","140d","140","DOWNTREND","BEARISH","BEARISH","BEARISH","STRUCTURE + DISCOUNT","SIDEWAYS","86.24","TRUE","FALSE","FALSE","LEADING","LEADING (Passive)","1.02","1.02","NORMAL","100","0","38.63","18.73","12.67","19.36","209.97","211.7","216.79","205800","200935","820","Supertrend bearish | RSI 38.6 lemah | Volume 1.02x | Lolos anti-crash ADX | RISEN SIDEWAYS","Full Grid (1-2-3-4)","100000000","216","214","214","212","0.1","0.2","0.3","0.4","462","934","1401","1886","4683","99931400","68600","213.39","213.39","210","226","248","248","2.78","1.59","14.81","16.22","5.33","10.2"
"JAST","2026-05-22","2026-05-22","558","FULL","82","3.79746835443038","AVOID","-","passive","FALSE","","BETA BREAKOUT","2026-02-20","","91d","91","DOWNTREND","BEARISH","BEARISH","BEARISH","DOWNTREND DISCOUNT","NORMAL DOWNTREND","48.67","TRUE","FALSE","FALSE","LAGGING","LAGGARD (Passive)","0.72","0.72","DRY / QUIET","90","10","26.27","27.84","10.13","33.32","94.45","98.01","94.04","4768700","6583490","818","Supertrend bearish | RSI 26.3 lemah | Volume 0.72x | Lolos anti-crash ADX | RISEN NORMAL DOWNTREND","Full Grid (1-2-3-4)","100000000","124","109","105","100","0.1","0.2","0.3","0.4","806","1834","2857","4000","9497","99983500","16500","105.28","105.28","92","188","220","220","25.81","12.61","77.42","108.97","3","8.64"
"ASSA","2026-05-22","2026-05-22","558","FULL","670","3.076923076923077","AVOID","-","passive","FALSE","","BETA BREAKOUT","2026-02-18","","93d","93","DOWNTREND","BEARISH","BEARISH","BEARISH","DOWNTREND DISCOUNT","NORMAL DOWNTREND","46.66","TRUE","FALSE","FALSE","LAGGING","LAGGARD (Passive)","0.52","0.52","DRY / QUIET","100","0","24.67","46.56","8.03","42.01","771.72","866.66","945.39","4733600","9080695","814","Supertrend bearish | RSI 24.7 lemah | Volume 0.52x | Crash filter aktif | RISEN NORMAL DOWNTREND","Full Grid (1-2-3-4)","100000000","1225","1115","1085","1050","0.1","0.2","0.3","0.4","81","179","276","380","916","99727000","273000","1088.72","1088.79","990","1580","1930","1930","19.18","9.07","57.55","77.27","3","8.52"
"ATAP","2026-05-22","2026-05-22","558","FULL","430","-0.4629629629629629","HOLD","-","passive","FALSE","","BETA BREAKOUT","2026-02-18","","93d","93","UPTREND","BEARISH","BEARISH","BULLISH","DEMAND STRUCTURE","SIDEWAYS","81","TRUE","FALSE","FALSE","LAGGING","LAGGARD (Passive)","1.48","1.48","EXPANSION","64.29","35.71","33.17","12.32","15.36","23.93","479.12","530.2","409.1","2538900","1718770","814","Supertrend bullish | RSI 33.2 lemah | Volume valid 1.48x | Lolos anti-crash ADX | RISEN SIDEWAYS","Full Grid (1-2-3-4)","100000000","850","730","700","660","0.1","0.2","0.3","0.4","117","273","428","606","1424","99830000","170000","701.05","701.14","595","1235","1615","1615","30","15.13","90","130.37","3","8.62"
"CMNP","2026-05-22","2026-05-22","558","FULL","1425","1.0638297872340425","AVOID","-","passive","FALSE","","G ACC","2025-12-30","","143d","143","DOWNTREND","BEARISH","BEARISH","BEARISH","STRUCTURE + DISCOUNT","SIDEWAYS","60","TRUE","FALSE","FALSE","LEADING","LEADING (Passive)","0.23","0.23","DRY / QUIET","72.73","27.27","41.2","20.93","20.7","21.3","1493.98","1487.26","1467.54","231600","1017645","814","Supertrend bearish | RSI 41.2 lemah | Volume 0.23x | Lolos anti-crash ADX | RISEN SIDEWAYS","Full Grid (1-2-3-4)","100000000","1765","1535","1480","1400","0.1","0.2","0.3","0.4","56","130","202","285","673","99635000","365000","1480.46","1480.68","1285","2490","3500","3500","27.2","13.2","98.3","136.41","3.61","10.33"
"OASA","2026-05-22","2026-05-22","558","FULL","390","3.723404255319149","HOLD","-","passive","FALSE","","BETA BREAKOUT","2026-02-18","","93d","93","UPTREND","BULLISH","BULLISH","BULLISH","DEMAND STRUCTURE","NORMAL UPTREND","54","TRUE","TRUE","FALSE","WEAKENING","WEAKENING (Passive)","0.65","0.65","DRY / QUIET","88.46","11.54","51.91","23.66","18.1","17.27","385.34","364.14","300.33","70443800","108433990","814","Supertrend bullish | RSI 51.9 > 50 | Volume 0.65x | Lolos anti-crash ADX | RISEN NORMAL UPTREND","Full Grid (1-2-3-4)","100000000","468","400","382","360","0.1","0.2","0.3","0.4","213","500","785","1111","2609","99951400","48600","383.1","383.12","320","690","910","910","31.62","16.47","94.44","137.53","2.99","8.35"
"BUKA","2026-05-22","2026-05-22","558","FULL","129","3.2","AVOID","-","passive","FALSE","","V-SHAPE","2026-01-22","","120d","120","DOWNTREND","BEARISH","BEARISH","BEARISH","DOWNTREND DISCOUNT","NORMAL DOWNTREND","25","TRUE","FALSE","FALSE","IMPROVING","IMPROVING (Passive)","0.49","0.49","DRY / QUIET","80","20","30.95","27.94","10.54","32.94","142.26","146.49","151.06","55114500","111792765","810","Supertrend bearish | RSI 30.9 lemah | Volume 0.49x | Lolos anti-crash ADX | RISEN NORMAL DOWNTREND","Full Grid (1-2-3-4)","100000000","160","158","157","156","0.1","0.2","0.3","0.4","625","1265","1910","2564","6364","99972400","27600","157.09","157.09","154","169","172","172","3.75","1.97","7.5","9.49","2","4.82"
"MIKA","2026-05-22","2026-05-22","558","FULL","1695","2.727272727272727","AVOID","-","passive","FALSE","","EARLY SWEEP","2026-01-21","","121d","121","DOWNTREND","BEARISH","BEARISH","BEARISH","STRUCTURE + DISCOUNT","NORMAL DOWNTREND","17.5","TRUE","FALSE","FALSE","IMPROVING","IMPROVING (Passive)","1.14","1.14","NORMAL","81.25","18.75","27.18","43.22","6.84","35.27","1873.76","2011.47","2280.58","5930000","5196655","808","Supertrend bearish | RSI 27.2 lemah | Volume 1.14x | Crash filter aktif | RISEN NORMAL DOWNTREND","Full Grid (1-2-3-4)","100000000","2660","2390","2320","2230","0.1","0.2","0.3","0.4","37","83","129","179","428","99524000","476000","2325.33","2325.81","2090","3520","4370","4370","21.43","10.12","64.29","87.93","3","8.69"
"ACRO","2026-05-22","2026-05-22","551","FULL","62","3.3333333333333335","AVOID","-","passive","FALSE","","BETA BREAKOUT","2026-02-13","","98d","98","DOWNTREND","BEARISH","BEARISH","BEARISH","DOWNTREND DISCOUNT","NORMAL DOWNTREND","35","TRUE","FALSE","FALSE","LAGGING","LAGGARD (Passive)","0.25","0.25","DRY / QUIET","100","0","27.99","25.19","14.7","25.27","70.89","74.54","79.15","1443700","5689120","804","Supertrend bearish | RSI 28.0 lemah | Volume 0.25x | Lolos anti-crash ADX | RISEN NORMAL DOWNTREND","Full Grid (1-2-3-4)","100000000","95","83","80","75","0.1","0.2","0.3","0.4","1052","2409","3750","5333","12544","99986200","13800","79.71","79.71","68","136","176","176","28.42","14.69","85.26","120.8","3","8.22"
"BDKR","2026-05-22","2026-05-22","558","FULL","145","-0.684931506849315","AVOID","-","passive","FALSE","","BETA BREAKOUT","2026-02-13","","98d","98","DOWNTREND","BEARISH","BEARISH","BEARISH","STRUCTURE + DISCOUNT","SIDEWAYS","26.26","TRUE","FALSE","FALSE","LAGGING","LAGGARD (Passive)","0.4","0.4","DRY / QUIET","85.71","14.29","34.23","22.89","11.39","22.67","156.64","158.93","178.17","9120700","22562400","804","Supertrend bearish | RSI 34.2 lemah | Volume 0.4x | Lolos anti-crash ADX | RISEN SIDEWAYS","Full Grid (1-2-3-4)","100000000","180","161","156","149","0.1","0.2","0.3","0.4","555","1242","1923","2684","6404","99976600","23400","156.12","156.12","139","242","304","304","22.78","10.96","68.89","94.73","3.02","8.64"
"PNLF","2026-05-22","2026-05-22","558","FULL","236","0","AVOID","-","passive","FALSE","","BETA BREAKOUT","2026-02-13","","98d","98","DOWNTREND","BEARISH","BEARISH","BEARISH","DOWNTREND DISCOUNT","NORMAL DOWNTREND","33.85","TRUE","FALSE","FALSE","WEAKENING","WEAKENING (Passive)","1.01","1.01","NORMAL","100","0","39.57","23.24","18.13","22.74","251.8","252.91","267.67","83631300","82775725","804","Supertrend bearish | RSI 39.6 lemah | Volume 1.01x | Lolos anti-crash ADX | RISEN NORMAL DOWNTREND","Full Grid (1-2-3-4)","100000000","288","260","254","244","0.1","0.2","0.3","0.4","347","769","1181","1639","3936","99976600","23400","254.01","254.01","230","376","462","462","20.14","9.45","60.42","81.89","3","8.66"
"TYRE","2026-05-22","2026-05-22","558","FULL","108","-0.9174311926605505","AVOID","-","passive","FALSE","","EARLY SWEEP","2026-02-12","","99d","99","DOWNTREND","BEARISH","BEARISH","BEARISH","STRUCTURE + DISCOUNT","NORMAL DOWNTREND","44.36","TRUE","FALSE","FALSE","LAGGING","LAGGARD (Passive)","0.15","0.15","DRY / QUIET","50","50","37.97","20.12","12.48","20.92","114.16","115.93","122.01","248600","1648020","802","Supertrend bearish | RSI 38.0 lemah | Volume 0.15x | Lolos anti-crash ADX | RISEN NORMAL DOWNTREND","Full Grid (1-2-3-4)","100000000","128","124","123","122","0.1","0.2","0.3","0.4","781","1612","2439","3278","8110","99976900","23100","123.28","123.28","119","142","156","156","7.03","3.47","21.88","26.55","3.11","7.65"
"CUAN","2026-05-22","2026-05-22","558","FULL","515","-3.7383177570093453","AVOID","-","passive","FALSE","","SMART SNIPER","2026-02-11","Structure + Discount","100d","100","DOWNTREND","BEARISH","BEARISH","BEARISH","DOWNTREND DISCOUNT","NORMAL DOWNTREND","20.09","TRUE","FALSE","FALSE","LAGGING","LAGGARD (Passive)","1.9","1.9","EXPANSION","90.38","9.62","18.69","43.07","7.26","48.58","974.4","1214.96","2631.73","725206300","382297985","800","Supertrend bearish | RSI 18.7 lemah | Volume valid 1.9x | Crash filter aktif | RISEN NORMAL DOWNTREND","Full Grid (1-2-3-4)","100000000","1925","1630","1555","1455","0.1","0.2","0.3","0.4","51","122","192","274","639","99426500","573500","1555.97","1556.45","1295","2870","3820","3820","32.73","16.77","98.44","145.51","3.01","8.68"
"OKAS","2026-05-22","2026-05-22","558","FULL","100","1.0101010101010102","AVOID","-","passive","FALSE","","SMART SNIPER","2026-02-10","Structure + Discount","101d","101","DOWNTREND","BEARISH","BEARISH","BEARISH","DOWNTREND DISCOUNT","NORMAL DOWNTREND","55.67","TRUE","FALSE","FALSE","LAGGING","LAGGARD (Passive)","0.99","0.99","NORMAL","40","60","27.6","21.37","12.64","33.53","115.61","119.97","138.95","3501100","3533115","798","Supertrend bearish | RSI 27.6 lemah | Volume 0.99x | Lolos anti-crash ADX | RISEN NORMAL DOWNTREND","Full Grid (1-2-3-4)","100000000","147","126","121","114","0.1","0.2","0.3","0.4","680","1587","2479","3508","8254","99979300","20700","121.13","121.13","103","214","280","280","29.93","14.97","90.48","131.16","3.02","8.76"
"VAST","2026-05-22","2026-05-22","558","FULL","118","-1.6666666666666667","AVOID","-","passive","FALSE","","SMART SNIPER","2026-02-10","Demand Structure","101d","101","DOWNTREND","BEARISH","BEARISH","BEARISH","STRUCTURE + DISCOUNT","SIDEWAYS","0","FALSE","FALSE","FALSE","WEAKENING","WEAKENING (Passive)","0.25","0.25","DRY / QUIET","72.73","27.27","35.58","35.77","18","24.6","126.92","127.86","136.79","1701000","6852060","798","Supertrend bearish | RSI 35.6 lemah | Volume 0.25x | Crash filter aktif | RISEN SIDEWAYS","Full Grid (1-2-3-4)","100000000","171","145","138","129","0.1","0.2","0.3","0.4","584","1379","2173","3100","7236","99959300","40700","138.14","138.14","115","256","340","340","32.75","16.75","98.83","146.12","3.02","8.72"
"YULE","2026-05-22","2026-05-22","558","FULL","3270","0","AVOID","-","passive","FALSE","","BETA BREAKOUT","2025-12-22","","151d","151","DOWNTREND","BEARISH","BEARISH","BULLISH","DEMAND STRUCTURE","SIDEWAYS","81.54","TRUE","FALSE","FALSE","LEADING","LEADING (Passive)","0.13","0.13","DRY / QUIET","48.57","51.43","45.74","29.7","33.06","18.43","3299.7","3304.37","3065.75","1500","11290","798","Supertrend bearish | RSI 45.7 lemah | Volume 0.13x | Lolos anti-crash ADX | RISEN SIDEWAYS","Full Grid (1-2-3-4)","100000000","3200","2920","2850","2750","0.1","0.2","0.3","0.4","31","68","105","145","349","99576000","424000","2853.18","2853.39","2610","4090","4970","4970","18.44","8.52","55.31","74.19","3","8.7"
"BTEK","2026-05-22","2026-05-22","558","FULL","10","0","AVOID","-","passive","FALSE","","EARLY SWEEP","2026-02-09","","102d","102","DOWNTREND","BEARISH","BEARISH","BEARISH","DOWNTREND DISCOUNT","NORMAL DOWNTREND","57.7","TRUE","FALSE","FALSE","LAGGING","LAGGARD (Passive)","0.67","0.67","DRY / QUIET","50","50","29.6","40.94","13.16","51.8","12.4","14.29","15.53","73174400","109519075","796","Supertrend bearish | RSI 29.6 lemah | Volume 0.67x | Crash filter aktif | RISEN NORMAL DOWNTREND","Full Grid (1-2-3-4)","100000000","18","15","14","12","0.1","0.2","0.3","0.4","5555","13333","21428","33333","73649","99997300","2700","13.58","13.58","11","29","39","39","38.89","18.98","116.67","187.24","3","9.86"
"ADMG","2026-05-22","2026-05-22","558","FULL","190","0.5291005291005291","AVOID","-","passive","FALSE","","V-SHAPE","2025-12-18","","155d","155","DOWNTREND","BEARISH","BEARISH","BULLISH","DEMAND STRUCTURE","SIDEWAYS","50.6","TRUE","FALSE","FALSE","LEADING","LEADING (Passive)","0.55","0.55","DRY / QUIET","41.18","58.82","35.19","13.79","16.66","20.75","200.87","203.84","181.18","279300","508485","790","Supertrend bearish | RSI 35.2 lemah | Volume 0.55x | Lolos anti-crash ADX | RISEN SIDEWAYS","Full Grid (1-2-3-4)","100000000","177","166","163","160","0.1","0.2","0.3","0.4","564","1204","1840","2500","6108","99961200","38800","163.66","163.66","153","214","250","250","13.56","6.51","41.24","52.76","3.04","8.1"
"SMKL","2026-05-22","2026-05-22","558","FULL","144","-7.096774193548387","AVOID","-","passive","FALSE","","EARLY SWEEP","2026-02-06","","105d","105","DOWNTREND","BEARISH","BEARISH","BEARISH","DOWNTREND DISCOUNT","NORMAL DOWNTREND","0","FALSE","FALSE","FALSE","LAGGING","LAGGARD (Passive)","0.54","0.54","DRY / QUIET","20","80","35.81","33.23","25.46","14.05","162.45","164.97","167.75","1115300","2055415","790","Supertrend bearish | RSI 35.8 lemah | Volume 0.54x | Lolos anti-crash ADX | RISEN NORMAL DOWNTREND","Full Grid (1-2-3-4)","100000000","171","167","165","164","0.1","0.2","0.3","0.4","584","1197","1818","2439","6038","99972900","27100","165.57","165.57","161","186","204","204","5.85","2.76","19.3","23.21","3.3","8.4"
"SMIL","2026-05-22","2026-05-22","558","FULL","264","-2.941176470588235","HOLD","-","passive","FALSE","","EARLY SWEEP","2026-02-05","","106d","106","UPTREND","BEARISH","BEARISH","BEARISH","STRUCTURE + DISCOUNT","NORMAL UPTREND","52.5","TRUE","TRUE","FALSE","WEAKENING","WEAKENING (Passive)","0.78","0.78","DRY / QUIET","0","100","45.02","16.66","17.74","19.6","277.76","278.88","330.35","10647200","13568755","788","Supertrend bullish | RSI 45.0 lemah | Volume 0.78x | Lolos anti-crash ADX | RISEN NORMAL UPTREND","Full Grid (1-2-3-4)","100000000","372","358","354","350","0.1","0.2","0.3","0.4","268","558","847","1142","2815","99899800","100200","354.88","354.89","342","418","462","462","8.06","3.63","24.19","30.18","3","8.31"
"DNET","2026-05-22","2026-05-22","558","FULL","9500","1.876675603217158","HOLD","-","passive","FALSE","","V-SHAPE","2025-12-16","","157d","157","UPTREND","BULLISH","BULLISH","BULLISH","UPTREND PREMIUM","NORMAL UPTREND","0","FALSE","TRUE","FALSE","LEADING","LEADING (Passive)","1.1","1.1","NORMAL","100","0","59.26","20.88","8.15","12.39","9398.03","9276.5","9095.22","9000","8185","786","Supertrend bullish | RSI 59.3 > 50 | Volume 1.1x | Lolos anti-crash ADX | RISEN NORMAL UPTREND","Full Grid (1-2-3-4)","100000000","8975","8850","8800","8750","0.1","0.2","0.3","0.4","11","22","34","45","112","98637500","1362500","8806.92","8806.99","8675","9425","10375","10375","3.34","1.5","15.6","17.81","4.67","11.89"
"MBTO","2026-05-22","2026-05-22","558","FULL","109","2.8301886792452833","AVOID","-","passive","FALSE","","SMART SNIPER","2026-02-04","Demand Structure","107d","107","DOWNTREND","BEARISH","BEARISH","BEARISH","STRUCTURE + DISCOUNT","SIDEWAYS","48.13","TRUE","FALSE","FALSE","WEAKENING","WEAKENING (Passive)","0.19","0.19","DRY / QUIET","80","20","40.55","34.48","24.99","15.81","116.9","122.92","135.76","511900","2721070","786","Supertrend bearish | RSI 40.5 lemah | Volume 0.19x | Lolos anti-crash ADX | RISEN SIDEWAYS","Full Grid (1-2-3-4)","100000000","191","160","152","141","0.1","0.2","0.3","0.4","523","1250","1973","2836","6582","99966500","33500","151.88","151.88","125","290","390","390","34.55","17.7","104.19","156.78","3.02","8.86"
"NASI","2026-05-22","2026-05-22","558","FULL","125","-0.7936507936507936","AVOID","-","passive","FALSE","","SMART GAMMA","2026-02-04","","107d","107","DOWNTREND","BEARISH","BEARISH","BEARISH","DOWNTREND DISCOUNT","NORMAL DOWNTREND","60.42","TRUE","FALSE","FALSE","LAGGING","LAGGARD (Passive)","0.17","0.17","DRY / QUIET","60","40","28.63","21.51","16.22","21.85","141.16","146.9","129.19","743900","4359945","786","Supertrend bearish | RSI 28.6 lemah | Volume 0.17x | Lolos anti-crash ADX | RISEN NORMAL DOWNTREND","Full Grid (1-2-3-4)","100000000","185","147","138","125","0.1","0.2","0.3","0.4","540","1360","2173","3200","7273","99969400","30600","137.45","137.46","106","304","422","422","42.7","22.88","128.11","207.01","3","9.05"
"DOSS","2026-05-22","2026-05-22","425","FULL","130","3.1746031746031744","AVOID","-","passive","FALSE","","EARLY SWEEP","2026-02-03","","108d","108","DOWNTREND","BEARISH","BEARISH","BEARISH","STRUCTURE + DISCOUNT","NORMAL DOWNTREND","41.61","TRUE","FALSE","FALSE","LAGGING","LAGGARD (Passive)","0.59","0.59","DRY / QUIET","90","10","28.82","20.1","11.19","29.03","145.64","154.1","168.2","1006800","1711555","784","Supertrend bearish | RSI 28.8 lemah | Volume 0.59x | Lolos anti-crash ADX | RISEN NORMAL DOWNTREND","Full Grid (1-2-3-4)","100000000","160","151","149","146","0.1","0.2","0.3","0.4","625","1324","2013","2739","6701","99975500","24500","149.19","149.19","140","190","220","220","12.5","6.16","37.5","47.46","3","7.7"
"INPS","2026-05-22","2026-05-22","558","FULL","640","0.7874015748031495","AVOID","-","passive","FALSE","","BETA BREAKOUT","2025-12-15","","158d","158","DOWNTREND","BULLISH","BULLISH","BULLISH","DEMAND STRUCTURE","NORMAL UPTREND","34.98","TRUE","TRUE","FALSE","LEADING","LEADING (Passive)","0.16","0.16","DRY / QUIET","12.5","87.5","51.15","14.33","31.6","32.44","635.71","600.65","401.21","99100","636075","784","Supertrend bearish | RSI 51.1 > 50 | Volume 0.16x | Lolos anti-crash ADX | RISEN NORMAL UPTREND","Full Grid (1-2-3-4)","100000000","214","163","150","133","0.1","0.2","0.3","0.4","467","1226","2000","3007","6700","99970700","29300","149.21","149.21","109","372","530","530","49.07","26.95","147.66","255.2","3.01","9.47"
"MERI","2026-05-22","2026-05-22","209","IPO / SHORT","115","-1.7094017094017095","AVOID","-","passive","FALSE","","EARLY SWEEP","2026-02-03","","108d","108","DOWNTREND","BEARISH","BEARISH","BEARISH","DOWNTREND DISCOUNT","NORMAL DOWNTREND","70.48","TRUE","FALSE","FALSE","LAGGING","LAGGARD (Passive)","0.11","0.11","DRY / QUIET","80","20","29.82","31.39","21.12","25.69","135.14","143.3","173.95","2815200","26722765","784","Supertrend bearish | RSI 29.8 lemah | Volume 0.11x | Crash filter aktif | RISEN NORMAL DOWNTREND","Full Grid (1-2-3-4)","100000000","177","174","173","171","0.1","0.2","0.3","0.4","564","1149","1734","2339","5786","99970500","29500","172.78","172.78","168","206","230","230","5.08","2.77","29.94","33.12","5.89","11.97"
"TUGU","2026-05-22","2026-05-22","558","FULL","1165","0","AVOID","-","passive","FALSE","","BETA BREAKOUT","2025-12-15","","158d","158","DOWNTREND","BEARISH","BEARISH","NEUTRAL","DOWNTREND DISCOUNT","NORMAL DOWNTREND","69.52","TRUE","FALSE","FALSE","LEADING","LEADING (Passive)","0.33","0.33","DRY / QUIET","80","20","35.62","23.46","9.58","22.51","1218.06","1239.48","1165.17","1072000","3297340","784","Supertrend bearish | RSI 35.6 lemah | Volume 0.33x | Lolos anti-crash ADX | RISEN NORMAL DOWNTREND","Full Grid (1-2-3-4)","100000000","1165","1110","1095","1080","0.1","0.2","0.3","0.4","85","180","273","370","908","99736000","264000","1098.41","1098.47","1050","1340","1510","1510","9.87","4.41","29.61","37.47","3","8.5"
"TSPC","2026-05-22","2026-05-22","558","FULL","2380","-0.41841004184100417","AVOID","-","passive","FALSE","","V-SHAPE","2025-12-12","","161d","161","DOWNTREND","BEARISH","BEARISH","BEARISH","STRUCTURE + DISCOUNT","SIDEWAYS","31.21","TRUE","FALSE","FALSE","LEADING","LEADING (Passive)","0.19","0.19","DRY / QUIET","66.67","33.33","39.72","19.87","17.53","21.96","2434.85","2493.48","2561.36","275400","1449365","778","Supertrend bearish | RSI 39.7 lemah | Volume 0.19x | Lolos anti-crash ADX | RISEN SIDEWAYS","Full Grid (1-2-3-4)","100000000","2770","2720","2710","2690","0.1","0.2","0.3","0.4","36","73","110","148","367","99450000","550000","2709.81","2709.8","2660","2940","3230","3230","3.97","1.84","16.61","19.2","4.18","10.44"
"BIRD","2026-05-22","2026-05-22","558","FULL","1550","2.31023102310231","AVOID","-","passive","FALSE","","EARLY SWEEP","2025-12-10","","163d","163","DOWNTREND","BEARISH","BEARISH","BEARISH","STRUCTURE + DISCOUNT","NORMAL DOWNTREND","35.74","TRUE","FALSE","FALSE","LEADING","LEADING (Passive)","0.53","0.53","DRY / QUIET","100","0","41.64","37.72","10.12","27.66","1578.3","1619.93","1702.52","1069100","2026970","774","Supertrend bearish | RSI 41.6 lemah | Volume 0.53x | Crash filter aktif | RISEN NORMAL DOWNTREND","Full Grid (1-2-3-4)","100000000","1815","1770","1755","1740","0.1","0.2","0.3","0.4","55","112","170","229","566","99487500","512500","1757.73","1757.73","1710","1975","2170","2170","5.79","2.72","19.56","23.45","3.38","8.64"
"CSAP","2026-05-22","2026-05-22","558","FULL","268","0","AVOID","-","passive","FALSE","","V-SHAPE","2026-01-29","","113d","113","DOWNTREND","BEARISH","BEARISH","BEARISH","DOWNTREND DISCOUNT","NORMAL DOWNTREND","65","TRUE","FALSE","FALSE","LAGGING","LAGGARD (Passive)","0.43","0.43","DRY / QUIET","50","50","36.59","44.95","36.36","25.33","283.17","289.44","310.98","21000","49005","774","Supertrend bearish | RSI 36.6 lemah | Volume 0.43x | Lolos anti-crash ADX | RISEN NORMAL DOWNTREND","Full Grid (1-2-3-4)","100000000","332","316","310","306","0.1","0.2","0.3","0.4","301","632","967","1307","3207","99935600","64400","311.62","311.62","294","390","446","446","11.45","5.65","34.34","43.12","3","7.63"
"HELI","2026-05-22","2026-05-22","558","FULL","178","1.1363636363636365","AVOID","-","passive","FALSE","","EARLY SWEEP","2026-01-29","","113d","113","DOWNTREND","BEARISH","BEARISH","BEARISH","STRUCTURE + DISCOUNT","NORMAL DOWNTREND","35.57","TRUE","FALSE","FALSE","WEAKENING","WEAKENING (Passive)","0.32","0.32","DRY / QUIET","80","20","32.62","44.41","27.44","18.91","191.89","197.98","223.83","332000","1025360","774","Supertrend bearish | RSI 32.6 lemah | Volume 0.32x | Lolos anti-crash ADX | RISEN NORMAL DOWNTREND","Full Grid (1-2-3-4)","100000000","238","234","232","230","0.1","0.2","0.3","0.4","420","854","1293","1739","4306","99974200","25800","232.17","232.17","226","256","260","260","5.04","2.66","9.24","11.98","1.83","4.51"
"MDIY","2026-05-22","2026-05-22","331","FULL","790","1.282051282051282","AVOID","-","passive","FALSE","","V-SHAPE","2025-12-10","","163d","163","DOWNTREND","BEARISH","BEARISH","BEARISH","STRUCTURE + DISCOUNT","NORMAL DOWNTREND","44.02","TRUE","FALSE","FALSE","LEADING","LEADING (Passive)","0.08","0.08","DRY / QUIET","33.33","66.67","35.35","27.99","9.46","18.5","840.21","874.48","1036.72","67300","876685","774","Supertrend bearish | RSI 35.4 lemah | Volume 0.08x | Lolos anti-crash ADX | RISEN NORMAL DOWNTREND","Full Grid (1-2-3-4)","100000000","1060","1045","1040","1035","0.1","0.2","0.3","0.4","94","191","288","386","959","99826500","173500","1040.94","1040.95","1025","1130","1145","1145","3.3","1.53","8.02","10","2.43","6.53"
"PBID","2026-05-22","2026-05-22","558","FULL","470","-1.6736401673640167","AVOID","-","passive","FALSE","","EARLY SWEEP","2026-01-29","","113d","113","DOWNTREND","BEARISH","BEARISH","BEARISH","STRUCTURE + DISCOUNT","NORMAL DOWNTREND","0","FALSE","TRUE","FALSE","LAGGING","LAGGARD (Passive)","0.88","0.88","NORMAL","42.86","57.14","27.86","41.15","14.24","32.95","525.23","516.95","510.64","2377700","2705305","774","Supertrend bearish | RSI 27.9 lemah | Volume 0.88x | Crash filter aktif | RISEN NORMAL DOWNTREND","Full Grid (1-2-3-4)","100000000","488","478","474","470","0.1","0.2","0.3","0.4","204","418","632","851","2105","99889400","110600","474.53","474.54","464","525","540","540","4.92","2.22","10.66","13.8","2.17","6.21"
"SSIA","2026-05-22","2026-05-22","558","FULL","1600","-1.8404907975460123","AVOID","-","passive","FALSE","","V-SHAPE","2026-01-29","","113d","113","DOWNTREND","BEARISH","BULLISH","BULLISH","DEMAND STRUCTURE","SIDEWAYS","48.51","TRUE","FALSE","FALSE","WEAKENING","WEAKENING (Passive)","0.99","0.99","NORMAL","52.63","47.37","47.89","21.84","14.76","21.36","1648.01","1579.55","1579.73","35947200","36212695","774","Supertrend bearish | RSI 47.9 lemah | Volume 0.99x | Lolos anti-crash ADX | RISEN SIDEWAYS","Full Grid (1-2-3-4)","100000000","1600","1440","1400","1345","0.1","0.2","0.3","0.4","62","138","214","297","711","99698500","301500","1402.23","1402.38","1255","2120","2640","2640","21.56","10.5","65","88.27","3.01","8.41"
"TRUK","2026-05-22","2026-05-22","558","FULL","382","8.522727272727272","AVOID","-","passive","FALSE","","V-SHAPE","2026-01-29","","113d","113","DOWNTREND","BEARISH","BEARISH","NEUTRAL","DOWNTREND DISCOUNT","NORMAL DOWNTREND","25","TRUE","FALSE","FALSE","LAGGING","LAGGARD (Passive)","0.3","0.3","DRY / QUIET","73.81","26.19","37.45","27.55","21.77","31.84","471.41","452.36","381.32","442700","1466365","774","Supertrend bearish | RSI 37.5 lemah | Volume 0.3x | Lolos anti-crash ADX | RISEN NORMAL DOWNTREND","Full Grid (1-2-3-4)","100000000","535","474","460","440","0.1","0.2","0.3","0.4","186","421","652","909","2168","99894400","105600","460.77","460.8","404","730","930","930","24.49","12.32","73.83","101.84","3.02","8.27"
"LAJU","2026-05-22","2026-05-22","558","FULL","60","1.694915254237288","AVOID","-","passive","FALSE","","BETA BREAKOUT","2026-01-27","","115d","115","DOWNTREND","BEARISH","BEARISH","BEARISH","DOWNTREND DISCOUNT","NORMAL DOWNTREND","56.06","TRUE","FALSE","FALSE","LAGGING","LAGGARD (Passive)","0.3","0.3","DRY / QUIET","60","40","25.05","24.52","15.78","33.41","75.46","79.25","74.69","8963700","29693800","770","Supertrend bearish | RSI 25.1 lemah | Volume 0.3x | Lolos anti-crash ADX | RISEN NORMAL DOWNTREND","Full Grid (1-2-3-4)","100000000","120","95","89","81","0.1","0.2","0.3","0.4","833","2105","3370","4938","11246","99984300","15700","88.91","88.91","68","198","276","276","43.33","23.52","130","210.44","3","8.95"
"BBRM","2026-05-22","2026-05-22","558","FULL","126","1.6129032258064515","AVOID","-","passive","FALSE","","V-SHAPE","2026-01-26","","116d","116","DOWNTREND","BEARISH","BEARISH","BEARISH","STRUCTURE + DISCOUNT","SIDEWAYS","92.51","TRUE","FALSE","FALSE","LAGGING","LAGGARD (Passive)","0.33","0.33","DRY / QUIET","71.43","28.57","31.51","14.92","17.64","17.14","139.77","149.06","136.68","1189700","3626245","768","Supertrend bearish | RSI 31.5 lemah | Volume 0.33x | Lolos anti-crash ADX | RISEN SIDEWAYS","Full Grid (1-2-3-4)","100000000","252","220","212","200","0.1","0.2","0.3","0.4","396","909","1415","2000","4720","99975200","24800","211.81","211.82","181","358","466","466","28.17","14.55","84.92","120.01","3.01","8.25"
"DGIK","2026-05-22","2026-05-22","558","FULL","128","2.4","AVOID","-","passive","FALSE","","V-SHAPE","2026-01-26","","116d","116","DOWNTREND","BEARISH","BEARISH","BULLISH","STRUCTURE + DISCOUNT","SIDEWAYS","55.09","TRUE","FALSE","FALSE","LAGGING","LAGGARD (Passive)","1.1","1.1","NORMAL","70","30","41.39","25.77","12.87","22.62","133.95","133.59","121.72","4357300","3973580","768","Supertrend bearish | RSI 41.4 lemah | Volume 1.1x | Lolos anti-crash ADX | RISEN SIDEWAYS","Full Grid (1-2-3-4)","100000000","151","144","142","140","0.1","0.2","0.3","0.4","662","1388","2112","2857","7019","99971800","28200","142.43","142.43","134","184","206","206","11.26","5.92","36.42","44.63","3.24","7.54"
"MLPL","2026-05-22","2026-05-22","558","FULL","86","3.614457831325301","AVOID","-","passive","FALSE","","SMART SNIPER","2026-01-26","Discount Only","116d","116","DOWNTREND","BEARISH","BEARISH","BEARISH","DOWNTREND DISCOUNT","NORMAL DOWNTREND","46.24","TRUE","FALSE","FALSE","LAGGING","LAGGARD (Passive)","0.86","0.86","NORMAL","100","0","33.62","18.47","14.27","31.79","95.8","101.85","119.39","27100500","31675550","768","Supertrend bearish | RSI 33.6 lemah | Volume 0.86x | Lolos anti-crash ADX | RISEN NORMAL DOWNTREND","Full Grid (1-2-3-4)","100000000","157","145","142","138","0.1","0.2","0.3","0.4","636","1379","2112","2898","7025","99963500","36500","142.3","142.3","131","196","236","236","16.56","7.94","50.32","65.85","3.04","8.29"
"BSBK","2026-05-22","2026-05-22","558","FULL","53","1.9230769230769231","AVOID","-","passive","FALSE","","BETA BREAKOUT + V-SHAPE","2025-12-04","","169d","169","DOWNTREND","BEARISH","BEARISH","BEARISH","STRUCTURE + DISCOUNT","NORMAL DOWNTREND","50.96","TRUE","FALSE","FALSE","LEADING","LEADING (Passive)","0.21","0.21","DRY / QUIET","100","0","34.63","21.24","13.64","19.86","57.36","59.81","63.49","13649600","64989505","762","Supertrend bearish | RSI 34.6 lemah | Volume 0.21x | Lolos anti-crash ADX | RISEN NORMAL DOWNTREND","Full Grid (1-2-3-4)","100000000","87","76","73","69","0.1","0.2","0.3","0.4","1149","2631","4109","5797","13686","99986900","13100","73.06","73.06","63","123","159","159","27.59","13.77","82.76","117.64","3","8.54"
"PJAA","2026-05-22","2026-05-22","558","FULL","472","0","AVOID","-","passive","FALSE","","SMART GAMMA","2025-12-04","","169d","169","DOWNTREND","BEARISH","BEARISH","BEARISH","STRUCTURE + DISCOUNT","NORMAL DOWNTREND","77.84","TRUE","FALSE","FALSE","LEADING","LEADING (Passive)","0.33","0.33","DRY / QUIET","100","0","26.42","27.32","10.74","34.41","495.56","515.38","537.91","110500","335525","762","Supertrend bearish | RSI 26.4 lemah | Volume 0.33x | Lolos anti-crash ADX | RISEN NORMAL DOWNTREND","Full Grid (1-2-3-4)","100000000","690","595","575","540","0.1","0.2","0.3","0.4","144","336","521","740","1741","99845500","154500","573.5","573.55","494","985","1280","1280","28.41","13.86","85.51","123.19","3.01","8.89"
"SMSM","2026-05-22","2026-05-22","558","FULL","1690","-1.1695906432748537","AVOID","-","passive","FALSE","","SMART SNIPER","2026-01-23","Discount Only","119d","119","DOWNTREND","BEARISH","BEARISH","BEARISH","STRUCTURE + DISCOUNT","NORMAL DOWNTREND","0","FALSE","FALSE","FALSE","WEAKENING","WEAKENING (Passive)","0.58","0.58","DRY / QUIET","33.33","66.67","30.92","24.5","10.53","36.81","1799.19","1796.5","1807.46","1356000","2319135","762","Supertrend bearish | RSI 30.9 lemah | Volume 0.58x | Lolos anti-crash ADX | RISEN NORMAL DOWNTREND","Full Grid (1-2-3-4)","100000000","1785","1720","1705","1685","0.1","0.2","0.3","0.4","56","116","175","237","584","99720000","280000","1707.53","1707.52","1650","1990","2190","2190","7.56","3.37","22.69","28.26","3","8.39"
"AADI","2026-05-22","2026-05-22","341","FULL","8225","5.787781350482315","AVOID","-","passive","FALSE","","SMART GAMMA","2026-01-22","","120d","120","DOWNTREND","BEARISH","BEARISH","BEARISH","STRUCTURE + DISCOUNT","NORMAL UPTREND","17.5","TRUE","TRUE","FALSE","LAGGING","LAGGARD (Passive)","0.92","0.92","NORMAL","85","15","32.73","35.71","11.21","34.26","9477.02","9761.3","8673.95","17693200","19189835","760","Supertrend bearish | RSI 32.7 lemah | Volume 0.92x | Crash filter aktif | RISEN NORMAL UPTREND","Full Grid (1-2-3-4)","100000000","7975","7475","7350","7175","0.1","0.2","0.3","0.4","12","26","40","55","133","97867500","2132500","7358.46","7360.49","6900","9600","11200","11200","13.48","6.23","40.44","52.21","3","8.38"
"GOLF","2026-05-22","2026-05-22","447","FULL","170","-1.1627906976744187","AVOID","-","passive","FALSE","","SMART GAMMA","2026-01-22","","120d","120","DOWNTREND","BEARISH","BEARISH","BEARISH","STRUCTURE + DISCOUNT","NORMAL DOWNTREND","89.32","TRUE","FALSE","FALSE","LAGGING","LAGGARD (Passive)","0.8","0.8","DRY / QUIET","90.91","9.09","32.56","16.5","13.36","24.76","185.08","194.33","212.05","5052700","6324025","760","Supertrend bearish | RSI 32.6 lemah | Volume 0.8x | Lolos anti-crash ADX | RISEN NORMAL DOWNTREND","Full Grid (1-2-3-4)","100000000","404","308","286","254","0.1","0.2","0.3","0.4","247","649","1048","1574","3518","99920400","79600","284.03","284.04","206","700","1000","1000","49.01","27.47","147.52","252.08","3.01","9.18"
"KBLV","2026-05-22","2026-05-22","558","FULL","89","1.1363636363636365","AVOID","-","passive","FALSE","","EARLY SWEEP","2026-01-22","","120d","120","DOWNTREND","BEARISH","BEARISH","BEARISH","DOWNTREND DISCOUNT","NORMAL DOWNTREND","44.38","TRUE","FALSE","FALSE","LAGGING","LAGGARD (Passive)","0.21","0.21","DRY / QUIET","80","20","24.95","23","12.74","26.99","107.67","117.96","143.12","1677300","8137690","760","Supertrend bearish | RSI 24.9 lemah | Volume 0.21x | Lolos anti-crash ADX | RISEN NORMAL DOWNTREND","Full Grid (1-2-3-4)","100000000","181","174","172","170","0.1","0.2","0.3","0.4","552","1149","1744","2352","5797","99964600","35400","172.44","172.44","163","236","246","246","9.94","5.48","35.91","42.66","3.61","7.79"
"LPKR","2026-05-22","2026-05-22","558","FULL","72","2.857142857142857","AVOID","-","passive","FALSE","","G ACC","2026-01-22","","120d","120","DOWNTREND","BEARISH","BEARISH","BEARISH","DOWNTREND DISCOUNT","SIDEWAYS","64.95","TRUE","FALSE","FALSE","LAGGING","LAGGARD (Passive)","1.04","1.04","NORMAL","83.33","16.67","33.45","21.14","10.03","31.02","79.92","83.65","88.93","62407500","59761205","760","Supertrend bearish | RSI 33.5 lemah | Volume 1.04x | Lolos anti-crash ADX | RISEN SIDEWAYS","Full Grid (1-2-3-4)","100000000","128","105","100","92","0.1","0.2","0.3","0.4","781","1904","3000","4347","10032","99981200","18800","99.66","99.66","81","199","270","270","36.72","18.73","110.94","170.91","3.02","9.13"
"PSKT","2026-05-22","2026-05-22","558","FULL","202","5.208333333333334","AVOID","-","passive","FALSE","","BETA BREAKOUT","2026-01-21","","121d","121","DOWNTREND","BEARISH","BEARISH","BEARISH","DOWNTREND DISCOUNT","NORMAL DOWNTREND","76.38","TRUE","FALSE","FALSE","LAGGING","LAGGARD (Passive)","0.33","0.33","DRY / QUIET","86.21","13.79","34.73","13.49","14.25","28.47","241.22","254.33","211.51","13590500","41624235","758","Supertrend bearish | RSI 34.7 lemah | Volume 0.33x | Lolos anti-crash ADX | RISEN NORMAL DOWNTREND","Full Grid (1-2-3-4)","100000000","402","326","308","282","0.1","0.2","0.3","0.4","248","613","974","1418","3253","99940200","59800","307.22","307.25","242","640","880","880","39.8","21.23","118.91","186.44","2.99","8.78"
"BLES","2026-05-22","2026-05-22","447","FULL","148","0","AVOID","-","passive","FALSE","","SMART SNIPER","2026-01-19","Structure + Discount","123d","123","DOWNTREND","BEARISH","BEARISH","BEARISH","DEMAND STRUCTURE","SIDEWAYS","45.62","TRUE","FALSE","FALSE","LAGGING","LAGGARD (Passive)","0.17","0.17","DRY / QUIET","100","0","37.97","25.55","16.03","22.43","155.94","154.75","163.5","464300","2692065","754","Supertrend bearish | RSI 38.0 lemah | Volume 0.17x | Lolos anti-crash ADX | RISEN SIDEWAYS","Full Grid (1-2-3-4)","100000000","172","165","163","160","0.1","0.2","0.3","0.4","581","1212","1840","2500","6133","99983200","16800","163.02","163.03","156","196","220","220","9.3","4.31","27.91","34.95","3","8.11"
"BLUE","2026-05-22","2026-05-22","558","FULL","2950","5.357142857142857","AVOID","-","passive","FALSE","","G ACC","2026-01-19","","123d","123","DOWNTREND","BEARISH","BEARISH","BULLISH","STRUCTURE + DISCOUNT","SIDEWAYS","39.16","TRUE","FALSE","FALSE","LAGGING","LAGGARD (Passive)","0.42","0.42","DRY / QUIET","42.86","57.14","43.76","18","25.8","19.19","3201.02","3488.32","2912.78","324800","781730","754","Supertrend bearish | RSI 43.8 lemah | Volume 0.42x | Lolos anti-crash ADX | RISEN SIDEWAYS","Full Grid (1-2-3-4)","100000000","5075","3920","3650","3260","0.1","0.2","0.3","0.4","19","51","82","122","274","99336500","663500","3625.42","3628.24","2680","8675","12250","12250","47.19","26.08","141.38","237.89","3","9.12"
"BWPT","2026-05-22","2026-05-22","558","FULL","87","3.571428571428571","AVOID","-","passive","FALSE","","BETA BREAKOUT","2026-01-19","","123d","123","DOWNTREND","BEARISH","BEARISH","BEARISH","DOWNTREND DISCOUNT","NORMAL DOWNTREND","17.5","TRUE","FALSE","FALSE","LAGGING","LAGGARD (Passive)","0.77","0.77","DRY / QUIET","70","30","21.6","33.36","7.78","39.25","114.83","123.65","124.68","88564100","115199200","754","Supertrend bearish | RSI 21.6 lemah | Volume 0.77x | Crash filter aktif | RISEN NORMAL DOWNTREND","Full Grid (1-2-3-4)","100000000","163","154","151","148","0.1","0.2","0.3","0.4","613","1298","1986","2702","6599","99959300","40700","151.48","151.48","142","195","226","226","12.88","6.26","38.65","49.2","3","7.86"
"NRCA","2026-05-22","2026-05-22","558","FULL","476","7.207207207207207","AVOID","-","passive","FALSE","","V-SHAPE","2026-01-19","","123d","123","DOWNTREND","BEARISH","BEARISH","BEARISH","DOWNTREND DISCOUNT","NORMAL DOWNTREND","52.35","TRUE","FALSE","FALSE","LAGGING","LAGGARD (Passive)","0.77","0.77","DRY / QUIET","100","0","34.54","29.65","10.13","33.99","561.95","642.91","799.35","9933100","12928515","754","Supertrend bearish | RSI 34.5 lemah | Volume 0.77x | Lolos anti-crash ADX | RISEN NORMAL DOWNTREND","Full Grid (1-2-3-4)","100000000","1345","1225","1195","1150","0.1","0.2","0.3","0.4","74","163","251","347","835","99820000","180000","1195.45","1195.48","1070","1935","2160","2160","20.45","10.49","60.59","80.69","2.96","7.69"
"PTMP","2026-05-22","2026-05-22","558","FULL","64","4.918032786885246","AVOID","-","passive","FALSE","","BETA BREAKOUT","2026-01-19","","123d","123","DOWNTREND","BEARISH","BEARISH","BEARISH","STRUCTURE + DISCOUNT","SIDEWAYS","25","TRUE","FALSE","FALSE","WEAKENING","WEAKENING (Passive)","0.1","0.1","DRY / QUIET","77.78","22.22","43.39","47.01","23.99","19.54","68.74","69.51","77.51","9877300","96686670","754","Supertrend bearish | RSI 43.4 lemah | Volume 0.1x | Lolos anti-crash ADX | RISEN SIDEWAYS","Full Grid (1-2-3-4)","100000000","93","87","86","84","0.1","0.2","0.3","0.4","1075","2298","3488","4761","11622","99979300","20700","86.03","86.03","80","113","132","132","13.98","7","41.94","53.44","3","7.63"
"PTPS","2026-05-22","2026-05-22","558","FULL","137","1.4814814814814816","AVOID","-","passive","FALSE","","BETA BREAKOUT","2026-01-19","","123d","123","DOWNTREND","BEARISH","BEARISH","BEARISH","STRUCTURE + DISCOUNT","NORMAL DOWNTREND","25","TRUE","FALSE","FALSE","LAGGING","LAGGARD (Passive)","0.4","0.4","DRY / QUIET","71.43","28.57","15.13","45.38","9.04","40.44","160.92","173.9","171.5","2529100","6389275","754","Supertrend bearish | RSI 15.1 lemah | Volume 0.4x | Crash filter aktif | RISEN NORMAL DOWNTREND","Full Grid (1-2-3-4)","100000000","204","193","190","187","0.1","0.2","0.3","0.4","490","1036","1578","2139","5243","99972100","27900","190.68","190.68","181","238","274","274","11.27","5.08","34.31","43.7","3.04","8.61"
"AISA","2026-05-22","2026-05-22","558","FULL","106","1.9230769230769231","AVOID","-","passive","FALSE","","BETA BREAKOUT","2026-01-15","","127d","127","DOWNTREND","BEARISH","BEARISH","BEARISH","DOWNTREND DISCOUNT","NORMAL DOWNTREND","19.34","TRUE","FALSE","FALSE","LAGGING","LAGGARD (Passive)","1.13","1.13","NORMAL","100","0","30.07","23.8","11.54","32.01","119.16","124.42","131.4","4514400","3996240","746","Supertrend bearish | RSI 30.1 lemah | Volume 1.13x | Lolos anti-crash ADX | RISEN NORMAL DOWNTREND","Full Grid (1-2-3-4)","100000000","153","141","138","133","0.1","0.2","0.3","0.4","653","1418","2173","3007","7251","99965200","34800","137.86","137.87","127","192","232","232","16.99","7.88","51.63","68.28","3.04","8.66"
"INRU","2026-05-22","2026-05-22","558","FULL","590","0","AVOID","-","passive","FALSE","","V-SHAPE","2025-11-26","","177d","177","DOWNTREND","NEUTRAL","BEARISH","BEARISH","DOWNTREND DISCOUNT","NORMAL DOWNTREND","0","FALSE","FALSE","FALSE","LEADING","LEADING (Passive)","0","0","NO VOLUME","50","50","30.67","22.65","13.3","21.1","590.01","592.35","626.4","0","0","746","Supertrend bearish | RSI 30.7 lemah | Volume NaNx | Lolos anti-crash ADX | RISEN NORMAL DOWNTREND","Full Grid (1-2-3-4)","100000000","740","710","705","695","0.1","0.2","0.3","0.4","135","281","425","575","1416","99866000","134000","705.27","705.27","670","845","950","950","9.46","5","28.38","34.7","3","6.94"
"HAIS","2026-05-22","2026-05-22","558","FULL","176","0","AVOID","-","passive","FALSE","","BETA BREAKOUT","2025-11-25","","178d","178","DOWNTREND","BEARISH","BEARISH","BEARISH","DOWNTREND DISCOUNT","NORMAL DOWNTREND","54.72","TRUE","FALSE","FALSE","LEADING","LEADING (Passive)","0.33","0.33","DRY / QUIET","60","40","23.73","54.03","4.37","29.88","187.32","197.08","208.37","525900","1602500","744","Supertrend bearish | RSI 23.7 lemah | Volume 0.33x | Crash filter aktif | RISEN NORMAL DOWNTREND","Full Grid (1-2-3-4)","100000000","244","222","216","210","0.1","0.2","0.3","0.4","409","900","1388","1904","4601","99924400","75600","217.18","217.18","197","314","386","386","19.26","9.29","58.2","77.73","3.02","8.37"
"MPRO","2026-05-22","2026-05-22","558","FULL","9000","0","AVOID","-","passive","FALSE","","BETA BREAKOUT","2025-11-25","","178d","178","DOWNTREND","BEARISH","BEARISH","BULLISH","DEMAND STRUCTURE","SIDEWAYS","100","TRUE","FALSE","FALSE","LEADING","LEADING (Passive)","0","0","NO VOLUME","50","50","7.2","82.99","3.51","93.32","9249.08","9576.44","8287.31","0","80","744","Supertrend bearish | RSI 7.2 lemah | Volume 0x | Crash filter aktif | RISEN SIDEWAYS","Full Grid (1-2-3-4)","100000000","9650","5875","4990","3720","0.1","0.2","0.3","0.4","10","34","60","107","211","99369000","631000","4709.43","4715.82","1965","21175","32700","32700","79.64","58.28","238.86","594.35","3","10.2"
"WINE","2026-05-22","2026-05-22","558","FULL","162","-5.813953488372093","AVOID","-","passive","FALSE","","V-SHAPE","2026-01-14","","128d","128","DOWNTREND","BEARISH","BEARISH","BEARISH","DOWNTREND DISCOUNT","NORMAL DOWNTREND","0","FALSE","FALSE","FALSE","WEAKENING","WEAKENING (Passive)","0.84","0.84","NORMAL","28.57","71.43","20.3","33.91","3.98","26.2","177.39","183.17","205.94","1170500","1396990","744","Supertrend bearish | RSI 20.3 lemah | Volume 0.84x | Crash filter aktif | RISEN NORMAL DOWNTREND","Full Grid (1-2-3-4)","100000000","208","200","198","195","0.1","0.2","0.3","0.4","480","1000","1515","2051","5046","99975500","24500","198.13","198.13","191","234","260","260","8.17","3.6","25","31.23","3.06","8.68"
"INDF","2026-05-22","2026-05-22","558","FULL","6725","-0.3703703703703704","AVOID","-","passive","FALSE","","SMART SNIPER","2025-11-24","Structure + Discount","179d","179","DOWNTREND","BEARISH","BEARISH","BEARISH","DEMAND STRUCTURE","SIDEWAYS","38.33","TRUE","FALSE","FALSE","LEADING","LEADING (Passive)","0.35","0.35","DRY / QUIET","85.71","14.29","47.02","23.64","14.37","24.33","6801.68","6738.8","6965.78","2979100","8597370","742","Supertrend bearish | RSI 47.0 lemah | Volume 0.35x | Lolos anti-crash ADX | RISEN SIDEWAYS","Full Grid (1-2-3-4)","100000000","7450","7150","7075","6975","0.1","0.2","0.3","0.4","13","27","42","57","139","98462500","1537500","7083.63","7084.9","6825","8400","9325","9325","8.39","3.65","25.17","31.64","3","8.67"
"KDSI","2026-05-22","2026-05-22","558","FULL","448","0","HOLD","-","passive","FALSE","","V-SHAPE","2025-11-24","","179d","179","UPTREND","BEARISH","BEARISH","BEARISH","STRUCTURE + DISCOUNT","SIDEWAYS","60","TRUE","FALSE","FALSE","LEADING","LEADING (Passive)","0.21","0.21","DRY / QUIET","100","0","48.31","18.1","8.04","14.41","449.56","449.6","487.06","9400","44965","742","Supertrend bullish | RSI 48.3 lemah | Volume 0.21x | Lolos anti-crash ADX | RISEN SIDEWAYS","Full Grid (1-2-3-4)","100000000","462","454","452","450","0.1","0.2","0.3","0.4","216","440","663","888","2207","99882800","117200","452.57","452.57","442","492","540","540","4.33","2.34","16.88","19.32","3.9","8.27"
"PALM","2026-05-22","2026-05-22","558","FULL","332","-2.923976608187134","AVOID","-","passive","FALSE","","BETA BREAKOUT + V-SHAPE","2026-01-13","","129d","129","DOWNTREND","BEARISH","BEARISH","BEARISH","DOWNTREND DISCOUNT","NORMAL DOWNTREND","0","FALSE","FALSE","FALSE","WEAKENING","WEAKENING (Passive)","0.91","0.91","NORMAL","54.55","45.45","29.18","16.33","12.36","32.95","359.32","365.82","379.15","994800","1092545","742","Supertrend bearish | RSI 29.2 lemah | Volume 0.91x | Lolos anti-crash ADX | RISEN NORMAL DOWNTREND","Full Grid (1-2-3-4)","100000000","408","388","384","376","0.1","0.2","0.3","0.4","245","515","781","1063","2604","99937200","62800","383.78","383.78","366","472","535","535","10.29","4.63","31.13","39.4","3.02","8.5"
"SNLK","2026-05-22","2026-05-22","558","FULL","242","2.5423728813559325","AVOID","-","passive","FALSE","","SMART SNIPER","2025-11-24","Structure + Discount","179d","179","DOWNTREND","BEARISH","BEARISH","BEARISH","STRUCTURE + DISCOUNT","SIDEWAYS","54.97","TRUE","FALSE","FALSE","LEADING","LEADING (Passive)","1.34","1.34","EXPANSION","88.89","11.11","48.22","19.29","10.23","14.14","242.88","260.71","368.38","19521500","14555055","742","Supertrend bearish | RSI 48.2 lemah | Volume valid 1.34x | Lolos anti-crash ADX | RISEN SIDEWAYS","Full Grid (1-2-3-4)","100000000","414","408","406","404","0.1","0.2","0.3","0.4","241","490","738","990","2459","99928200","71800","406.38","406.38","400","448","555","555","3.38","1.57","34.06","36.57","10.07","23.3"
"DKHH","2026-05-22","2026-05-22","247","FULL","65","-5.797101449275362","AVOID","-","passive","FALSE","","SMART GAMMA","2026-01-12","","130d","130","DOWNTREND","BEARISH","BEARISH","BEARISH","STRUCTURE + DISCOUNT","SIDEWAYS","35.33","TRUE","FALSE","FALSE","LAGGING","LAGGARD (Passive)","0.14","0.14","DRY / QUIET","42.86","57.14","40.44","28.74","23.93","18.14","73.68","73.7","87.91","16555300","114874640","740","Supertrend bearish | RSI 40.4 lemah | Volume 0.14x | Lolos anti-crash ADX | RISEN SIDEWAYS","Full Grid (1-2-3-4)","100000000","116","99","95","89","0.1","0.2","0.3","0.4","862","2020","3157","4494","10533","99985300","14700","94.93","94.93","81","169","222","222","30.17","14.67","91.38","133.87","3.03","9.13"
"ASRI","2026-05-22","2026-05-22","558","FULL","116","3.571428571428571","AVOID","-","passive","FALSE","","BETA BREAKOUT","2026-01-09","","133d","133","DOWNTREND","BEARISH","BEARISH","BEARISH","DOWNTREND DISCOUNT","NORMAL DOWNTREND","39.58","TRUE","FALSE","FALSE","LAGGING","LAGGARD (Passive)","0.27","0.27","DRY / QUIET","100","0","32.65","20.92","12.51","34.92","126.61","134.66","149.69","6261300","23281005","734","Supertrend bearish | RSI 32.6 lemah | Volume 0.27x | Lolos anti-crash ADX | RISEN NORMAL DOWNTREND","Full Grid (1-2-3-4)","100000000","177","169","166","164","0.1","0.2","0.3","0.4","564","1183","1807","2439","5993","99971300","28700","166.81","166.82","159","204","232","232","10.17","4.68","31.07","39.08","3.06","8.34"
"KRAS","2026-05-22","2026-05-22","558","FULL","232","6.422018348623854","AVOID","-","passive","FALSE","","BETA BREAKOUT","2026-01-09","","133d","133","DOWNTREND","BEARISH","BEARISH","BEARISH","DOWNTREND DISCOUNT","NORMAL DOWNTREND","29.58","TRUE","FALSE","FALSE","LAGGING","LAGGARD (Passive)","0.61","0.61","DRY / QUIET","100","0","28.75","30.36","9.89","40.46","266.96","289.4","296.21","5292700","8737505","734","Supertrend bearish | RSI 28.8 lemah | Volume 0.61x | Crash filter aktif | RISEN NORMAL DOWNTREND","Full Grid (1-2-3-4)","100000000","380","368","364","360","0.1","0.2","0.3","0.4","263","543","824","1111","2741","99966000","34000","364.71","364.71","350","426","470","470","7.89","4.03","23.68","28.87","3","7.16"
"MIDI","2026-05-22","2026-05-22","558","FULL","308","0","AVOID","-","passive","FALSE","","V-SHAPE","2026-01-09","","133d","133","DOWNTREND","BEARISH","BEARISH","BEARISH","STRUCTURE + DISCOUNT","NORMAL DOWNTREND","37.82","TRUE","FALSE","FALSE","WEAKENING","WEAKENING (Passive)","0.77","0.77","DRY / QUIET","75","25","37.71","30.68","12.53","27.49","326.07","324.21","356.94","19078800","24810365","734","Supertrend bearish | RSI 37.7 lemah | Volume 0.77x | Crash filter aktif | RISEN NORMAL DOWNTREND","Full Grid (1-2-3-4)","100000000","368","356","354","350","0.1","0.2","0.3","0.4","271","561","847","1142","2821","99898200","101800","354.12","354.13","342","408","414","414","7.07","3.42","12.5","16.91","1.77","4.94"
"BLTZ","2026-05-22","2026-05-22","558","FULL","2650","0","AVOID","-","passive","FALSE","","G ACC","2025-11-19","","184d","184","DOWNTREND","NEUTRAL","BEARISH","BULLISH","DEMAND STRUCTURE","NORMAL DOWNTREND","17.5","TRUE","FALSE","FALSE","LEADING","LEADING (Passive)","0","0","NO VOLUME","50","50","49.84","23.45","40.13","40.29","2647.59","2670.86","2559.71","0","175","732","Supertrend bearish | RSI 49.8 lemah | Volume 0x | Lolos anti-crash ADX | RISEN NORMAL DOWNTREND","Full Grid (1-2-3-4)","100000000","2910","2540","2450","2320","0.1","0.2","0.3","0.4","34","78","122","172","406","99500000","500000","2450.74","2451.18","2140","4070","5225","5225","26.46","12.68","79.55","113.2","3.01","8.93"
"GWSA","2026-05-22","2026-05-22","558","FULL","129","-1.5267175572519083","AVOID","-","passive","FALSE","","G ACC","2026-01-07","","135d","135","DOWNTREND","BEARISH","BEARISH","BEARISH","DOWNTREND DISCOUNT","NORMAL DOWNTREND","65","TRUE","FALSE","FALSE","LAGGING","LAGGARD (Passive)","0.19","0.19","DRY / QUIET","33.33","66.67","27.93","16.98","19.19","26.48","144.03","151.75","155.22","333200","1749400","730","Supertrend bearish | RSI 27.9 lemah | Volume 0.19x | Lolos anti-crash ADX | RISEN NORMAL DOWNTREND","Full Grid (1-2-3-4)","100000000","166","156","154","150","0.1","0.2","0.3","0.4","602","1282","1948","2666","6498","99981600","18400","153.87","153.87","145","198","230","230","12.65","5.76","38.55","49.48","3.05","8.59"
"KREN","2026-05-22","2026-05-22","558","FULL","14","0","AVOID","-","passive","FALSE","","SMART GAMMA","2026-01-07","","135d","135","DOWNTREND","BEARISH","BEARISH","BEARISH","DOWNTREND DISCOUNT","NORMAL DOWNTREND","39.1","TRUE","FALSE","FALSE","LAGGING","LAGGARD (Passive)","0.3","0.3","DRY / QUIET","50","50","37","29.22","13.02","31.25","15.79","16.81","17.31","7897500","26669120","730","Supertrend bearish | RSI 37.0 lemah | Volume 0.3x | Lolos anti-crash ADX | RISEN NORMAL DOWNTREND","Full Grid (1-2-3-4)","100000000","23","19","17","16","0.1","0.2","0.3","0.4","4347","10526","17647","25000","57520","99997400","2600","17.38","17.38","14","37","50","50","39.13","19.47","117.39","187.61","3","9.64"
"GDST","2026-05-22","2026-05-22","558","FULL","87","0","AVOID","-","passive","FALSE","","BETA BREAKOUT","2026-01-06","","136d","136","DOWNTREND","BEARISH","BEARISH","BEARISH","DOWNTREND DISCOUNT","NORMAL DOWNTREND","25","TRUE","FALSE","FALSE","LAGGING","LAGGARD (Passive)","0.07","0.07","DRY / QUIET","60","40","28.39","26.54","20.81","25.13","97.85","102.38","108.27","1376800","21025270","728","Supertrend bearish | RSI 28.4 lemah | Volume 0.07x | Lolos anti-crash ADX | RISEN NORMAL DOWNTREND","Full Grid (1-2-3-4)","100000000","134","125","122","119","0.1","0.2","0.3","0.4","746","1600","2459","3361","8166","99992100","7900","122.45","122.45","114","164","194","194","14.93","6.9","44.78","58.43","3","8.47"
"NICL","2026-05-22","2026-05-22","558","FULL","575","2.6785714285714284","AVOID","-","passive","FALSE","","G ACC","2026-01-06","","136d","136","DOWNTREND","BEARISH","BEARISH","BEARISH","DOWNTREND DISCOUNT","NORMAL DOWNTREND","46.2","TRUE","FALSE","FALSE","LAGGING","LAGGARD (Passive)","0.35","0.35","DRY / QUIET","78.57","21.43","23.44","34.5","7.51","40.19","765.89","876.95","970.21","6215800","17624255","728","Supertrend bearish | RSI 23.4 lemah | Volume 0.35x | Crash filter aktif | RISEN NORMAL DOWNTREND","Full Grid (1-2-3-4)","100000000","1840","1410","1305","1160","0.1","0.2","0.3","0.4","54","141","229","344","768","99605500","394500","1296.95","1297.18","955","3170","4500","4500","48.1","26.37","144.57","246.97","3.01","9.37"
"VICO","2026-05-22","2026-05-22","558","FULL","138","-4.166666666666666","AVOID","-","passive","FALSE","","V-SHAPE","2026-01-06","","136d","136","DOWNTREND","BEARISH","BEARISH","BEARISH","DOWNTREND DISCOUNT","NORMAL DOWNTREND","0","FALSE","FALSE","FALSE","LAGGING","LAGGARD (Passive)","0.58","0.58","DRY / QUIET","40","60","27.33","36.49","25.9","18.77","156.79","162.89","173.68","774600","1335895","728","Supertrend bearish | RSI 27.3 lemah | Volume 0.58x | Lolos anti-crash ADX | RISEN NORMAL DOWNTREND","Full Grid (1-2-3-4)","100000000","212","204","202","200","0.1","0.2","0.3","0.4","471","980","1485","2000","4936","99974200","25800","202.54","202.54","194","240","266","266","8.49","4.22","25.47","31.33","3","7.43"
"BCIC","2026-05-22","2026-05-22","558","FULL","115","0","AVOID","-","passive","FALSE","","SMART SNIPER","2026-01-05","Structure + Discount","137d","137","DOWNTREND","BEARISH","BEARISH","BEARISH","DOWNTREND DISCOUNT","NORMAL DOWNTREND","22.45","TRUE","FALSE","FALSE","LAGGING","LAGGARD (Passive)","0.52","0.52","DRY / QUIET","100","0","30.52","17.03","25.68","21.42","124.01","131.18","150.02","270200","516830","726","Supertrend bearish | RSI 30.5 lemah | Volume 0.52x | Lolos anti-crash ADX | RISEN NORMAL DOWNTREND","Full Grid (1-2-3-4)","100000000","168","154","151","146","0.1","0.2","0.3","0.4","595","1298","1986","2739","6618","99963200","36800","151.05","151.05","138","214","258","258","17.86","8.64","53.57","70.81","3","8.2"
"CPRO","2026-05-22","2026-05-22","558","FULL","51","0","AVOID","-","passive","FALSE","","SMART GAMMA","2026-01-05","","137d","137","DOWNTREND","BEARISH","BEARISH","BEARISH","DOWNTREND DISCOUNT","NORMAL DOWNTREND","43.31","TRUE","FALSE","FALSE","LAGGING","LAGGARD (Passive)","0.73","0.73","DRY / QUIET","50","50","32.08","24.42","13.47","21.36","55.02","57.05","59.04","117032600","160377490","726","Supertrend bearish | RSI 32.1 lemah | Volume 0.73x | Lolos anti-crash ADX | RISEN NORMAL DOWNTREND","Full Grid (1-2-3-4)","100000000","86","73","70","66","0.1","0.2","0.3","0.4","1162","2739","4285","6060","14246","99978900","21100","70.18","70.18","59","127","167","167","31.4","15.93","94.19","137.96","3","8.66"
"MNCN","2026-05-22","2026-05-22","558","FULL","206","1.9801980198019802","AVOID","-","passive","FALSE","","BETA BREAKOUT","2026-01-05","","137d","137","DOWNTREND","BEARISH","BEARISH","BEARISH","DOWNTREND DISCOUNT","NORMAL DOWNTREND","28.1","TRUE","FALSE","FALSE","LAGGING","LAGGARD (Passive)","0.85","0.85","NORMAL","100","0","31.49","31.97","11.24","29.3","225.98","234.07","251.22","30755400","36263730","726","Supertrend bearish | RSI 31.5 lemah | Volume 0.85x | Crash filter aktif | RISEN NORMAL DOWNTREND","Full Grid (1-2-3-4)","100000000","280","268","266","262","0.1","0.2","0.3","0.4","357","746","1127","1526","3756","99948200","51800","266.1","266.1","254","320","358","358","9.29","4.55","27.86","34.53","3","7.59"
"CCSI","2026-05-22","2026-05-22","558","FULL","262","0","HOLD","-","passive","FALSE","","V-SHAPE","2025-11-14","","189d","189","UPTREND","BEARISH","BEARISH","BEARISH","STRUCTURE + DISCOUNT","NORMAL DOWNTREND","25","TRUE","FALSE","FALSE","LEADING","LEADING (Passive)","0.26","0.26","DRY / QUIET","70","30","48.96","29.21","32.49","12.72","264.64","269.59","307.1","364100","1408905","722","Supertrend bullish | RSI 49.0 lemah | Volume 0.26x | Lolos anti-crash ADX | RISEN NORMAL DOWNTREND","Full Grid (1-2-3-4)","100000000","350","346","344","342","0.1","0.2","0.3","0.4","285","578","872","1169","2904","99950400","49600","344.18","344.18","336","372","410","410","4","2.38","17.14","19.12","4.29","8.04"
"HILL","2026-05-22","2026-05-22","558","FULL","14","-6.666666666666667","AVOID","-","passive","FALSE","","EARLY SWEEP","2026-01-02","","140d","140","DOWNTREND","BEARISH","BEARISH","BEARISH","DOWNTREND DISCOUNT","NORMAL DOWNTREND","0","FALSE","FALSE","FALSE","LAGGING","LAGGARD (Passive)","0.64","0.64","DRY / QUIET","50","50","19.46","38.56","15.27","57.36","19.09","32.8","239.32","39215200","61564935","720","Supertrend bearish | RSI 19.5 lemah | Volume 0.64x | Crash filter aktif | RISEN NORMAL DOWNTREND","Full Grid (1-2-3-4)","100000000","182","161","156","149","0.1","0.2","0.3","0.4","549","1242","1923","2684","6398","99978400","21600","156.27","156.27","138","248","314","314","24.18","11.69","72.53","100.94","3","8.64"
"MMLP","2026-05-22","2026-05-22","558","FULL","312","-1.2658227848101267","AVOID","-","passive","FALSE","","V-SHAPE","2026-01-02","","140d","140","DOWNTREND","BEARISH","BEARISH","BEARISH","STRUCTURE + DISCOUNT","NORMAL DOWNTREND","67.56","TRUE","FALSE","FALSE","WEAKENING","WEAKENING (Passive)","0.86","0.86","NORMAL","25","75","30.88","14.91","13.88","27.16","337.63","361.91","451.71","930500","1086140","720","Supertrend bearish | RSI 30.9 lemah | Volume 0.86x | Lolos anti-crash ADX | RISEN NORMAL DOWNTREND","Full Grid (1-2-3-4)","100000000","555","520","510","500","0.1","0.2","0.3","0.4","180","384","588","800","1952","99946000","54000","512.02","512.02","478","670","785","785","13.87","6.64","41.44","53.31","2.99","8.02"
"BACA","2026-05-22","2026-05-22","558","FULL","124","1.639344262295082","AVOID","-","passive","FALSE","","SMART GAMMA","2025-12-29","","144d","144","DOWNTREND","BEARISH","BEARISH","BEARISH","DOWNTREND DISCOUNT","NORMAL DOWNTREND","45.1","TRUE","FALSE","FALSE","LAGGING","LAGGARD (Passive)","0.97","0.97","NORMAL","66.67","33.33","32.11","20.01","14.99","24.95","132.79","139.24","147.2","1755100","1807740","712","Supertrend bearish | RSI 32.1 lemah | Volume 0.97x | Lolos anti-crash ADX | RISEN NORMAL DOWNTREND","Full Grid (1-2-3-4)","100000000","252","195","181","162","0.1","0.2","0.3","0.4","396","1025","1657","2469","5547","99956200","43800","180.2","180.21","134","430","605","605","46.83","25.64","140.08","235.74","2.99","9.2"
"BPTR","2026-05-22","2026-05-22","558","FULL","71","0","AVOID","-","passive","FALSE","","V-SHAPE","2025-12-29","","144d","144","DOWNTREND","BEARISH","BEARISH","BEARISH","DOWNTREND DISCOUNT","NORMAL DOWNTREND","17.5","TRUE","FALSE","FALSE","LAGGING","LAGGARD (Passive)","0.26","0.26","DRY / QUIET","40","60","38.29","35.82","30.24","22.44","82.4","83.48","86.44","4252900","16190650","712","Supertrend bearish | RSI 38.3 lemah | Volume 0.26x | Lolos anti-crash ADX | RISEN NORMAL DOWNTREND","Full Grid (1-2-3-4)","100000000","91","88","87","86","0.1","0.2","0.3","0.4","1098","2272","3448","4651","11469","99981600","18400","87.18","87.18","84","102","112","112","7.69","3.64","23.08","28.48","3","7.82"
"COCO","2026-05-22","2026-05-22","558","FULL","252","11.504424778761061","AVOID","-","passive","FALSE","","EARLY SWEEP","2025-12-29","","144d","144","DOWNTREND","BEARISH","BEARISH","BEARISH","DOWNTREND DISCOUNT","NORMAL DOWNTREND","34.88","TRUE","FALSE","FALSE","LAGGING","LAGGARD (Passive)","0.24","0.24","DRY / QUIET","91.3","8.7","37.58","20.05","17.4","31.36","319.3","338.11","330.53","27793100","113766920","712","Supertrend bearish | RSI 37.6 lemah | Volume 0.24x | Lolos anti-crash ADX | RISEN NORMAL DOWNTREND","Full Grid (1-2-3-4)","100000000","444","328","300","260","0.1","0.2","0.3","0.4","225","609","1000","1538","3372","99953200","46800","296.42","296.43","194","820","1195","1195","56.31","34.55","169.14","303.14","3","8.77"
"GZCO","2026-05-22","2026-05-22","558","FULL","156","7.586206896551724","AVOID","-","passive","FALSE","","EARLY SWEEP","2025-12-29","","144d","144","DOWNTREND","BEARISH","BEARISH","BEARISH","DOWNTREND DISCOUNT","NORMAL DOWNTREND","25","TRUE","FALSE","FALSE","LAGGING","LAGGARD (Passive)","0.52","0.52","DRY / QUIET","100","0","32.91","32.47","8","35.85","192.05","204.17","206.02","18047000","34948125","712","Supertrend bearish | RSI 32.9 lemah | Volume 0.52x | Crash filter aktif | RISEN NORMAL DOWNTREND","Full Grid (1-2-3-4)","100000000","394","238","202","149","0.1","0.2","0.3","0.4","253","840","1485","2684","5262","99948800","51200","189.94","189.97","75","875","1350","1350","80.96","60.51","242.64","610.73","3","10.09"
"TBIG","2026-05-22","2026-05-22","558","FULL","1330","1.9157088122605364","AVOID","-","passive","FALSE","","G ACC","2025-12-29","","144d","144","DOWNTREND","BEARISH","BEARISH","BEARISH","STRUCTURE + DISCOUNT","NORMAL DOWNTREND","25","TRUE","FALSE","FALSE","LAGGING","LAGGARD (Passive)","0.31","0.31","DRY / QUIET","100","0","21.31","46.56","6.9","38.91","1544.7","1649.85","1845.73","1018700","3289530","712","Supertrend bearish | RSI 21.3 lemah | Volume 0.31x | Crash filter aktif | RISEN NORMAL DOWNTREND","Full Grid (1-2-3-4)","100000000","2810","2340","2230","2070","0.1","0.2","0.3","0.4","35","85","134","193","447","99558000","442000","2227.25","2228.05","1845","4260","5700","5700","34.34","17.16","102.85","155.92","2.99","9.09"
"PLAN","2026-05-22","2026-05-22","558","FULL","38","0","AVOID","-","passive","FALSE","","EARLY SWEEP","2025-12-24","","149d","149","DOWNTREND","BEARISH","BEARISH","BEARISH","DOWNTREND DISCOUNT","NORMAL DOWNTREND","48.48","TRUE","FALSE","FALSE","LAGGING","LAGGARD (Passive)","0.45","0.45","DRY / QUIET","75","25","34.03","15.01","18.8","28.55","47.48","51.18","51.91","2884800","6360570","702","Supertrend bearish | RSI 34.0 lemah | Volume 0.45x | Lolos anti-crash ADX | RISEN NORMAL DOWNTREND","Full Grid (1-2-3-4)","100000000","53","49","47","46","0.1","0.2","0.3","0.4","1886","4081","6382","8695","21044","99985100","14900","47.51","47.51","43","68","83","83","18.87","9.5","56.6","74.69","3","7.86"
"ASDM","2026-05-22","2026-05-22","558","FULL","505","2.642276422764228","AVOID","-","passive","FALSE","","SMART GAMMA","2025-11-03","","200d","200","DOWNTREND","BEARISH","BEARISH","BEARISH","STRUCTURE + DISCOUNT","NORMAL DOWNTREND","36.81","TRUE","FALSE","FALSE","LEADING","LEADING (Passive)","0.57","0.57","DRY / QUIET","34.21","65.79","32.18","47.75","14.13","27.16","537.99","574.38","583.82","52800","92815","700","Supertrend bearish | RSI 32.2 lemah | Volume 0.57x | Crash filter aktif | RISEN NORMAL DOWNTREND","Full Grid (1-2-3-4)","100000000","600","555","545","530","0.1","0.2","0.3","0.4","166","360","550","754","1830","99877000","123000","545.78","545.79","505","745","885","885","15.83","7.47","47.5","62.15","3","8.32"
"BSML","2026-05-22","2026-05-22","558","FULL","408","-1.9230769230769231","HOLD","-","passive","FALSE","","V-SHAPE","2025-12-22","","151d","151","UPTREND","BULLISH","BULLISH","BULLISH","UPTREND PREMIUM","NORMAL UPTREND","62.25","TRUE","TRUE","FALSE","LAGGING","LAGGARD (Passive)","1.03","1.03","NORMAL","33.33","66.67","54.52","32.59","26.71","20.1","406.57","378.06","268.8","17727200","17214760","698","Supertrend bullish | RSI 54.5 > 50 | Volume 1.03x | Lolos anti-crash ADX | RISEN NORMAL UPTREND","Full Grid (1-2-3-4)","100000000","254","230","224","214","0.1","0.2","0.3","0.4","393","869","1339","1869","4470","99959400","40600","223.62","223.63","202","332","410","410","20.47","9.67","61.42","83.34","3","8.62"
"MMIX","2026-05-22","2026-05-22","558","FULL","362","0.5555555555555556","HOLD","-","passive","FALSE","","EARLY SWEEP","2025-12-19","","154d","154","UPTREND","BULLISH","BULLISH","BULLISH","UPTREND PREMIUM","NORMAL UPTREND","42.27","TRUE","TRUE","FALSE","WEAKENING","WEAKENING (Passive)","1.06","1.06","NORMAL","85.71","14.29","62.83","56.6","29.44","14.07","336.32","295.49","251.48","6387300","6007330","692","Supertrend bullish | RSI 62.8 > 50 | Volume 1.06x | Lolos anti-crash ADX | RISEN NORMAL UPTREND","Full Grid (1-2-3-4)","100000000","244","232","230","226","0.1","0.2","0.3","0.4","409","862","1304","1769","4344","99949400","50600","230.09","230.09","216","286","288","288","11.48","6.12","18.03","25.17","1.57","4.11"
"UNTR","2026-05-22","2026-05-22","558","FULL","24050","-0.2074688796680498","AVOID","-","passive","FALSE","","BETA BREAKOUT","2025-12-19","","154d","154","DOWNTREND","BEARISH","BEARISH","BEARISH","DOWNTREND DISCOUNT","NORMAL DOWNTREND","13.88","TRUE","FALSE","FALSE","LAGGING","LAGGARD (Passive)","1.56","1.56","EXPANSION","75.86","24.14","20.37","37.61","8.3","44.63","27638.79","28852.53","27936.58","5451100","3501680","692","Supertrend bearish | RSI 20.4 lemah | Volume valid 1.56x | Crash filter aktif | RISEN NORMAL DOWNTREND","Full Grid (1-2-3-4)","100000000","29800","28825","28600","28275","0.1","0.2","0.3","0.4","3","6","10","14","33","94420000","5580000","28612.12","28628.35","27700","32950","36250","36250","7.05","3.19","21.64","26.69","3.07","8.37"
"FORU","2026-05-22","2026-05-22","558","FULL","1230","0.40816326530612246","AVOID","-","passive","FALSE","","BETA BREAKOUT","2025-12-18","","155d","155","DOWNTREND","BEARISH","BEARISH","BEARISH","STRUCTURE + DISCOUNT","SIDEWAYS","21.29","TRUE","FALSE","FALSE","WEAKENING","WEAKENING (Passive)","0.23","0.23","DRY / QUIET","94.12","5.88","41.41","22.41","15.38","18.77","1314.84","1331.6","1435.65","54000","235980","690","Supertrend bearish | RSI 41.4 lemah | Volume 0.23x | Lolos anti-crash ADX | RISEN SIDEWAYS","Full Grid (1-2-3-4)","100000000","1585","1285","1215","1115","0.1","0.2","0.3","0.4","63","155","246","358","822","99709000","291000","1213","1213.02","960","2520","3460","3460","39.43","20.86","118.3","185.24","3","8.88"
"WINS","2026-05-22","2026-05-22","558","FULL","505","0","AVOID","-","passive","FALSE","","G ACC","2025-12-18","","155d","155","DOWNTREND","BEARISH","BEARISH","BULLISH","DEMAND STRUCTURE","SIDEWAYS","74.69","TRUE","FALSE","FALSE","WEAKENING","WEAKENING (Passive)","0.28","0.28","DRY / QUIET","58.33","41.67","38.54","20.93","15.23","26.4","533.36","527.68","485.83","770900","2770430","690","Supertrend bearish | RSI 38.5 lemah | Volume 0.28x | Lolos anti-crash ADX | RISEN SIDEWAYS","Full Grid (1-2-3-4)","100000000","515","462","448","430","0.1","0.2","0.3","0.4","194","432","669","930","2225","99910600","89400","449.04","449.04","404","680","850","850","21.55","10.03","65.05","89.29","3.02","8.9"
"AGRO","2026-05-22","2026-05-22","558","FULL","160","0","AVOID","-","passive","FALSE","","SMART GAMMA","2025-12-15","","158d","158","DOWNTREND","BEARISH","BEARISH","BEARISH","DOWNTREND DISCOUNT","NORMAL DOWNTREND","39.24","TRUE","FALSE","FALSE","LAGGING","LAGGARD (Passive)","0.39","0.39","DRY / QUIET","77.78","22.22","34.84","26.2","17.08","28.86","177.11","185.56","208.69","5128400","13149330","684","Supertrend bearish | RSI 34.8 lemah | Volume 0.39x | Lolos anti-crash ADX | RISEN NORMAL DOWNTREND","Full Grid (1-2-3-4)","100000000","248","228","224","216","0.1","0.2","0.3","0.4","403","877","1339","1851","4470","99965200","34800","223.64","223.64","206","312","374","374","16.94","7.89","50.81","67.24","3","8.53"
"BBHI","2026-05-22","2026-05-22","558","FULL","785","-5.421686746987952","AVOID","-","passive","FALSE","","BETA BREAKOUT","2025-12-15","","158d","158","DOWNTREND","BEARISH","BEARISH","BEARISH","DOWNTREND DISCOUNT","NORMAL DOWNTREND","18.77","TRUE","FALSE","FALSE","LAGGING","LAGGARD (Passive)","0.81","0.81","NORMAL","43.75","56.25","6.56","58.53","2.79","48.19","1078.1","1203.94","1280.53","246200","303605","684","Supertrend bearish | RSI 6.6 lemah | Volume 0.81x | Crash filter aktif | RISEN NORMAL DOWNTREND","Full Grid (1-2-3-4)","100000000","1535","1495","1480","1470","0.1","0.2","0.3","0.4","65","133","202","272","672","99741000","259000","1484.24","1484.26","1445","1670","1835","1835","5.86","2.64","19.54","23.63","3.33","8.94"
"CSIS","2026-05-22","2026-05-22","558","FULL","136","5.426356589147287","AVOID","-","passive","FALSE","","BETA BREAKOUT","2025-12-15","","158d","158","DOWNTREND","BEARISH","BEARISH","BEARISH","DOWNTREND DISCOUNT","NORMAL DOWNTREND","34.55","TRUE","FALSE","FALSE","LAGGING","LAGGARD (Passive)","0.52","0.52","DRY / QUIET","39.13","60.87","31.68","23.77","17.06","28.91","166.07","184.14","205.15","3013600","5778835","684","Supertrend bearish | RSI 31.7 lemah | Volume 0.52x | Lolos anti-crash ADX | RISEN NORMAL DOWNTREND","Full Grid (1-2-3-4)","100000000","550","464","442","414","0.1","0.2","0.3","0.4","181","431","678","966","2256","99913400","86600","442.88","442.92","368","825","1095","1095","33.09","16.91","99.09","147.25","2.99","8.71"
"DART","2026-05-22","2026-05-22","558","FULL","118","-4.0650406504065035","AVOID","-","passive","FALSE","","BETA BREAKOUT + V-SHAPE","2025-12-15","","158d","158","DOWNTREND","BEARISH","BEARISH","BEARISH","DOWNTREND DISCOUNT","NORMAL DOWNTREND","0","FALSE","FALSE","FALSE","LAGGING","LAGGARD (Passive)","0.08","0.08","DRY / QUIET","16.67","83.33","25.88","29.3","24.5","23.98","144.55","151.3","161.28","242500","3104990","684","Supertrend bearish | RSI 25.9 lemah | Volume 0.08x | Lolos anti-crash ADX | RISEN NORMAL DOWNTREND","Full Grid (1-2-3-4)","100000000","214","194","189","183","0.1","0.2","0.3","0.4","467","1030","1587","2185","5269","99955600","44400","189.71","189.71","171","278","344","344","20.09","9.86","60.75","81.33","3.02","8.25"
"DMMX","2026-05-22","2026-05-22","558","FULL","175","-1.1299435028248588","AVOID","-","passive","FALSE","","BETA BREAKOUT","2025-12-11","","162d","162","DOWNTREND","BEARISH","BEARISH","BEARISH","DOWNTREND DISCOUNT","NORMAL DOWNTREND","0","FALSE","FALSE","FALSE","LAGGING","LAGGARD (Passive)","1.28","1.28","EXPANSION","6.25","93.75","21.01","15.94","23.93","23.76","208.18","226.86","291.95","342500","266700","676","Supertrend bearish | RSI 21.0 lemah | Volume valid 1.28x | Lolos anti-crash ADX | RISEN NORMAL DOWNTREND","Full Grid (1-2-3-4)","100000000","406","372","362","350","0.1","0.2","0.3","0.4","246","537","828","1142","2753","99907600","92400","362.9","362.91","332","515","630","630","18.23","8.52","55.17","73.6","3.03","8.64"
"LPGI","2026-05-22","2026-05-22","558","FULL","695","0.7246376811594203","HOLD","-","passive","FALSE","","SMART GAMMA","2025-10-22","","212d","212","UPTREND","NEUTRAL","BULLISH","BULLISH","DEMAND STRUCTURE","SIDEWAYS","60","TRUE","FALSE","FALSE","LEADING","LEADING (Passive)","0.62","0.62","DRY / QUIET","100","0","51.14","24.35","12.32","15.08","694.66","682.42","683.9","65200","104935","676","Supertrend bullish | RSI 51.1 > 50 | Volume 0.62x | Lolos anti-crash ADX | RISEN SIDEWAYS","Full Grid (1-2-3-4)","100000000","770","595","555","496","0.1","0.2","0.3","0.4","129","336","540","806","1811","99872600","127400","551.48","551.57","406","3500","3550","3550","47.27","26.38","361.04","543.73","7.64","20.61"
"EMTK","2026-05-22","2026-05-22","558","FULL","660","-1.4925373134328357","AVOID","-","passive","FALSE","","G ACC","2025-12-10","","163d","163","DOWNTREND","BEARISH","BEARISH","BEARISH","DOWNTREND DISCOUNT","NORMAL DOWNTREND","34.04","TRUE","FALSE","FALSE","LAGGING","LAGGARD (Passive)","0.74","0.74","DRY / QUIET","77.78","22.22","26.51","26.62","15.03","38.7","761.05","817.17","908.21","21747500","29229895","674","Supertrend bearish | RSI 26.5 lemah | Volume 0.74x | Lolos anti-crash ADX | RISEN NORMAL DOWNTREND","Full Grid (1-2-3-4)","100000000","1420","1290","1255","1210","0.1","0.2","0.3","0.4","70","155","239","330","794","99859500","140500","1257.68","1257.73","1140","1840","2260","2260","19.72","9.36","59.15","79.7","3","8.52"
"GUNA","2026-05-22","2026-05-22","446","FULL","190","1.0638297872340425","AVOID","-","passive","FALSE","","SMART GAMMA","2025-12-08","","165d","165","DOWNTREND","BEARISH","BEARISH","BEARISH","DOWNTREND DISCOUNT","NORMAL DOWNTREND","32.41","TRUE","FALSE","FALSE","LAGGING","LAGGARD (Passive)","0.35","0.35","DRY / QUIET","35.71","64.29","29.66","23.67","11.62","22.11","210.7","220.97","247.37","168400","486100","670","Supertrend bearish | RSI 29.7 lemah | Volume 0.35x | Lolos anti-crash ADX | RISEN NORMAL DOWNTREND","Full Grid (1-2-3-4)","100000000","290","282","280","278","0.1","0.2","0.3","0.4","344","709","1071","1438","3562","99934200","65800","280.56","280.56","272","318","350","350","6.21","3.05","20.69","24.75","3.33","8.12"
"TEBE","2026-05-22","2026-05-22","558","FULL","1015","10.92896174863388","AVOID","-","passive","FALSE","","SMART SNIPER + V-SHAPE","2025-12-08","Demand Structure","165d","165","DOWNTREND","BEARISH","BEARISH","BEARISH","DOWNTREND DISCOUNT","NORMAL DOWNTREND","48.9","TRUE","FALSE","FALSE","LAGGING","LAGGARD (Passive)","1.26","1.26","EXPANSION","88.64","11.36","31.92","29.73","8.34","38.81","1180.54","1326.19","1571.4","2017400","1601535","670","Supertrend bearish | RSI 31.9 lemah | Volume valid 1.26x | Lolos anti-crash ADX | RISEN NORMAL DOWNTREND","Full Grid (1-2-3-4)","100000000","2500","2230","2170","2080","0.1","0.2","0.3","0.4","40","89","138","192","459","99729000","271000","2172.75","2172.77","1925","3360","4230","4230","23","11.4","69.2","94.68","3.01","8.3"
"IMPC","2026-05-22","2026-05-22","558","FULL","1795","3.7572254335260116","AVOID","-","passive","FALSE","","G ACC","2025-12-05","","168d","168","DOWNTREND","BEARISH","BEARISH","BEARISH","STRUCTURE + DISCOUNT","NORMAL DOWNTREND","33.42","TRUE","FALSE","FALSE","LAGGING","LAGGARD (Passive)","1.01","1.01","NORMAL","78.57","21.43","35.22","22.58","16.26","25.66","2054.45","2182.34","2097.55","27171200","26919575","664","Supertrend bearish | RSI 35.2 lemah | Volume 1.01x | Lolos anti-crash ADX | RISEN NORMAL DOWNTREND","Full Grid (1-2-3-4)","100000000","3790","2040","1625","1040","0.1","0.2","0.3","0.4","26","98","184","384","692","99682000","318000","1440.49","1441.64","244","9100","14425","14425","93.56","83.06","280.61","901.39","3","10.85"
"BANK","2026-05-22","2026-05-22","558","FULL","304","-2.564102564102564","AVOID","-","passive","FALSE","","SMART GAMMA","2025-12-04","","169d","169","DOWNTREND","BEARISH","BEARISH","BEARISH","STRUCTURE + DISCOUNT","NORMAL DOWNTREND","17.5","TRUE","FALSE","FALSE","LAGGING","LAGGARD (Passive)","0.57","0.57","DRY / QUIET","25","75","25.29","30.92","13.73","40.82","479.03","532.55","694.99","878500","1554305","662","Supertrend bearish | RSI 25.3 lemah | Volume 0.57x | Crash filter aktif | RISEN NORMAL DOWNTREND","Full Grid (1-2-3-4)","100000000","970","895","875","850","0.1","0.2","0.3","0.4","103","223","342","470","1138","99824500","175500","877.19","877.19","815","1205","1435","1435","15.98","7.09","47.94","63.59","3","8.97"
"MANG","2026-05-22","2026-05-22","551","FULL","46","4.545454545454546","AVOID","-","passive","FALSE","","SMART GAMMA","2025-12-03","","170d","170","DOWNTREND","BEARISH","BEARISH","BEARISH","STRUCTURE + DISCOUNT","SIDEWAYS","59.79","TRUE","FALSE","FALSE","WEAKENING","WEAKENING (Passive)","0.32","0.32","DRY / QUIET","100","0","43.33","25.17","17.18","21.9","49.55","50.68","56.24","4188000","13067315","660","Supertrend bearish | RSI 43.3 lemah | Volume 0.32x | Lolos anti-crash ADX | RISEN SIDEWAYS","Full Grid (1-2-3-4)","100000000","79","65","61","56","0.1","0.2","0.3","0.4","1265","3076","4918","7142","16401","99982500","17500","60.96","60.96","49","124","169","169","37.97","19.62","113.92","177.23","3","9.03"
"JKON","2026-05-22","2026-05-22","558","FULL","71","0","AVOID","-","passive","FALSE","","V-SHAPE","2025-11-28","","175d","175","DOWNTREND","BEARISH","BEARISH","BEARISH","STRUCTURE + DISCOUNT","SIDEWAYS","43.5","TRUE","FALSE","FALSE","LAGGING","LAGGARD (Passive)","0.29","0.29","DRY / QUIET","50","50","36.41","29.62","16.65","12.91","74.44","75.61","80.1","6104200","20908735","650","Supertrend bearish | RSI 36.4 lemah | Volume 0.29x | Lolos anti-crash ADX | RISEN SIDEWAYS","Full Grid (1-2-3-4)","100000000","87","84","83","82","0.1","0.2","0.3","0.4","1149","2380","3614","4878","12021","99984100","15900","83.17","83.17","80","98","108","108","8.05","3.82","24.14","29.85","3","7.82"
"CHIP","2026-05-22","2026-05-22","558","FULL","970","-0.5128205128205128","AVOID","-","passive","FALSE","","SMART GAMMA","2025-10-08","","226d","226","DOWNTREND","BEARISH","BEARISH","BEARISH","STRUCTURE + DISCOUNT","NORMAL DOWNTREND","59.95","TRUE","FALSE","FALSE","LEADING","LEADING (Passive)","0.96","0.96","NORMAL","66.67","33.33","20.43","70.36","3.73","34.13","1019.52","1075.32","1242.78","108500","112900","648","Supertrend bearish | RSI 20.4 lemah | Volume 0.96x | Crash filter aktif | RISEN NORMAL DOWNTREND","Full Grid (1-2-3-4)","100000000","1595","1475","1445","1405","0.1","0.2","0.3","0.4","62","135","207","284","688","99615000","385000","1447.89","1448.02","1345","1970","2210","2210","15.67","7.11","38.56","52.64","2.46","7.41"
"MENN","2026-05-22","2026-05-22","558","FULL","53","0","AVOID","-","passive","FALSE","","V-SHAPE","2025-10-08","","226d","226","DOWNTREND","NEUTRAL","NEUTRAL","BULLISH","STRUCTURE + DISCOUNT","NORMAL UPTREND","0","FALSE","TRUE","FALSE","LEADING","LEADING (Passive)","0","0","NO VOLUME","50","50","46.21","23.53","21.84","13.52","53","53.01","51.08","0","0","648","Supertrend bearish | RSI 46.2 lemah | Volume NaNx | Lolos anti-crash ADX | RISEN NORMAL UPTREND","Full Grid (1-2-3-4)","100000000","55","50","49","47","0.1","0.2","0.3","0.4","1818","4000","6122","8510","20450","99993800","6200","48.9","48.9","44","72","88","88","20","10.01","60","79.97","3","7.99"
"SAPX","2026-05-22","2026-05-22","558","FULL","204","-2.857142857142857","AVOID","-","passive","FALSE","","BETA BREAKOUT","2025-11-27","","176d","176","DOWNTREND","BEARISH","BEARISH","BEARISH","DOWNTREND DISCOUNT","NORMAL DOWNTREND","21.58","TRUE","FALSE","FALSE","LAGGING","LAGGARD (Passive)","0.97","0.97","NORMAL","69.23","30.77","18.16","47.36","2.69","25.87","236.4","250.51","367.6","132300","137010","648","Supertrend bearish | RSI 18.2 lemah | Volume 0.97x | Crash filter aktif | RISEN NORMAL DOWNTREND","Full Grid (1-2-3-4)","100000000","352","318","310","298","0.1","0.2","0.3","0.4","284","628","967","1342","3221","99935800","64200","310.26","310.27","280","460","570","570","20.45","9.75","61.93","83.71","3.03","8.58"
"AMAR","2026-05-22","2026-05-22","558","FULL","195","1.0362694300518136","AVOID","-","passive","FALSE","","BETA BREAKOUT","2025-10-07","","227d","227","DOWNTREND","BEARISH","BEARISH","BEARISH","STRUCTURE + DISCOUNT","SIDEWAYS","59.78","TRUE","FALSE","FALSE","LEADING","LEADING (Passive)","1.25","1.25","EXPANSION","100","0","45.93","15.69","14.03","27.24","196.55","199.73","206.77","758300","608615","646","Supertrend bearish | RSI 45.9 lemah | Volume valid 1.25x | Lolos anti-crash ADX | RISEN SIDEWAYS","Full Grid (1-2-3-4)","100000000","230","214","210","204","0.1","0.2","0.3","0.4","434","934","1428","1960","4756","99941600","58400","210.14","210.14","195","282","336","336","15.22","7.2","46.09","59.89","3.03","8.31"
"YUPI","2026-05-22","2026-05-22","270","FULL","1425","-1.0416666666666665","AVOID","-","passive","FALSE","","V-SHAPE","2025-11-26","","177d","177","DOWNTREND","BEARISH","BEARISH","BEARISH","DOWNTREND DISCOUNT","NORMAL DOWNTREND","0","FALSE","FALSE","FALSE","LAGGING","LAGGARD (Passive)","0.31","0.31","DRY / QUIET","50","50","33.76","28.69","10.25","25.7","1506.79","1523.77","1655.23","7200","23525","646","Supertrend bearish | RSI 33.8 lemah | Volume 0.31x | Lolos anti-crash ADX | RISEN NORMAL DOWNTREND","Full Grid (1-2-3-4)","100000000","1675","1645","1640","1630","0.1","0.2","0.3","0.4","59","121","182","245","607","99570000","430000","1640.36","1640.4","1605","1790","1985","1985","4.18","2.16","18.51","21.01","4.43","9.75"
"MTPS","2026-05-22","2026-05-22","558","FULL","81","0","HOLD","-","passive","FALSE","","SMART GAMMA","2025-10-06","","228d","228","UPTREND","NEUTRAL","NEUTRAL","BULLISH","UPTREND PREMIUM","SIDEWAYS","0","FALSE","FALSE","FALSE","LEADING","LEADING (Passive)","0","0","NO VOLUME","50","50","62.02","33.1","46.47","23.36","81","80.87","69.05","0","0","644","Supertrend bullish | RSI 62.0 > 50 | Volume NaNx | Lolos anti-crash ADX | RISEN SIDEWAYS","Full Grid (1-2-3-4)","100000000","55","48","46","43","0.1","0.2","0.3","0.4","1818","4166","6521","9302","21807","99991000","9000","45.85","45.85","39","79","103","103","29.09","14.95","87.27","124.63","3","8.34"
"KPIG","2026-05-22","2026-05-22","558","FULL","90","3.4482758620689653","AVOID","-","passive","FALSE","","V-SHAPE","2025-11-24","","179d","179","DOWNTREND","BEARISH","BEARISH","BEARISH","DOWNTREND DISCOUNT","NORMAL DOWNTREND","56.29","TRUE","FALSE","FALSE","LAGGING","LAGGARD (Passive)","0.74","0.74","DRY / QUIET","77.78","22.22","32.29","19.91","14.03","27.79","104.91","116.41","142.12","60608900","81679735","642","Supertrend bearish | RSI 32.3 lemah | Volume 0.74x | Lolos anti-crash ADX | RISEN NORMAL DOWNTREND","Full Grid (1-2-3-4)","100000000","140","137","136","134","0.1","0.2","0.3","0.4","714","1459","2205","2985","7363","99971300","28700","135.78","135.78","132","152","167","167","5.71","2.78","19.29","23","3.38","8.27"
"SKLT","2026-05-22","2026-05-22","558","FULL","187","-1.5789473684210527","AVOID","-","passive","FALSE","","BETA BREAKOUT","2025-11-20","","183d","183","DOWNTREND","BEARISH","BEARISH","BEARISH","STRUCTURE + DISCOUNT","NORMAL DOWNTREND","79.48","TRUE","FALSE","FALSE","LAGGING","LAGGARD (Passive)","0.17","0.17","DRY / QUIET","75","25","26.51","24.16","7.64","24.6","210.07","222.07","222.65","43200","261035","634","Supertrend bearish | RSI 26.5 lemah | Volume 0.17x | Lolos anti-crash ADX | RISEN NORMAL DOWNTREND","Full Grid (1-2-3-4)","100000000","270","214","200","182","0.1","0.2","0.3","0.4","370","934","1500","2197","5001","99963000","37000","199.89","199.89","155","442","615","615","42.59","22.46","127.78","207.68","3","9.25"
"SLIS","2026-05-22","2026-05-22","558","FULL","71","0","AVOID","-","passive","FALSE","","V-SHAPE","2025-11-20","","183d","183","DOWNTREND","BEARISH","BEARISH","BEARISH","DOWNTREND DISCOUNT","NORMAL DOWNTREND","29.04","TRUE","FALSE","FALSE","LAGGING","LAGGARD (Passive)","0.27","0.27","DRY / QUIET","77.78","22.22","34.12","20.53","20.6","25.96","81.98","84.76","81.93","9923100","36884485","634","Supertrend bearish | RSI 34.1 lemah | Volume 0.27x | Lolos anti-crash ADX | RISEN NORMAL DOWNTREND","Full Grid (1-2-3-4)","100000000","83","76","74","71","0.1","0.2","0.3","0.4","1204","2631","4054","5633","13522","99982700","17300","73.94","73.94","67","107","131","131","19.28","9.39","57.83","77.17","3","8.22"
"SGRO","2026-05-22","2026-05-22","558","FULL","2850","-2.0618556701030926","AVOID","-","passive","FALSE","","SMART GAMMA","2025-11-19","","184d","184","DOWNTREND","BEARISH","BEARISH","BEARISH","STRUCTURE + DISCOUNT","NORMAL DOWNTREND","49.23","TRUE","FALSE","FALSE","LAGGING","LAGGARD (Passive)","0.39","0.39","DRY / QUIET","73.33","26.67","21.1","53.06","9.63","44.63","3886.67","4802.89","5238.82","80900","208705","632","Supertrend bearish | RSI 21.1 lemah | Volume 0.39x | Crash filter aktif | RISEN NORMAL DOWNTREND","Full Grid (1-2-3-4)","100000000","7225","5900","5600","5150","0.1","0.2","0.3","0.4","13","33","53","77","176","98197500","1802500","5579.4","5587.2","4510","11300","15375","15375","37.58","19.17","112.8","175.57","3","9.16"
"BIMA","2026-05-22","2026-05-22","558","FULL","82","0","HOLD","-","passive","FALSE","","BETA BREAKOUT","2025-09-29","","235d","235","UPTREND","NEUTRAL","NEUTRAL","BULLISH","UPTREND PREMIUM","SIDEWAYS","0","FALSE","FALSE","FALSE","LEADING","LEADING (Passive)","0","0","NO VOLUME","50","50","60.95","12.02","28.25","35.97","82","81.92","77.94","0","0","630","Supertrend bullish | RSI 61.0 > 50 | Volume NaNx | Lolos anti-crash ADX | RISEN SIDEWAYS","Full Grid (1-2-3-4)","100000000","87","64","58","50","0.1","0.2","0.3","0.4","1149","3125","5172","8000","17446","99993900","6100","57.32","57.32","39","159","232","232","55.17","31.96","166.67","304.77","3.02","9.54"
"JECC","2026-05-22","2026-05-22","558","FULL","680","-8.108108108108109","AVOID","-","passive","FALSE","","BETA BREAKOUT + V-SHAPE","2025-11-13","","190d","190","DOWNTREND","BEARISH","BEARISH","BEARISH","DOWNTREND DISCOUNT","NORMAL DOWNTREND","0","FALSE","FALSE","FALSE","LAGGING","LAGGARD (Passive)","0.6","0.6","DRY / QUIET","100","0","17.29","27.64","17.43","51.66","844.88","906.48","996.02","28300","46975","620","Supertrend bearish | RSI 17.3 lemah | Volume 0.6x | Lolos anti-crash ADX | RISEN NORMAL DOWNTREND","Full Grid (1-2-3-4)","100000000","1375","1230","1195","1145","0.1","0.2","0.3","0.4","72","162","251","349","834","99781000","219000","1196.41","1196.57","1060","1850","2320","2320","22.91","11.4","68.73","93.91","3","8.24"
"TRGU","2026-05-22","2026-05-22","558","FULL","178","0.5649717514124294","AVOID","-","passive","FALSE","","BETA BREAKOUT","2025-09-24","","240d","240","DOWNTREND","BEARISH","BEARISH","BEARISH","STRUCTURE + DISCOUNT","SIDEWAYS","56.58","TRUE","FALSE","FALSE","LEADING","LEADING (Passive)","0.24","0.24","DRY / QUIET","100","0","41.81","43.78","5.9","28.14","182.85","185.35","187.81","37200","153165","620","Supertrend bearish | RSI 41.8 lemah | Volume 0.24x | Crash filter aktif | RISEN SIDEWAYS","Full Grid (1-2-3-4)","100000000","188","177","174","171","0.1","0.2","0.3","0.4","531","1129","1724","2339","5723","99960600","39400","174.66","174.67","165","222","258","258","12.23","5.53","37.23","47.71","3.04","8.62"
"BHAT","2026-05-22","2026-05-22","558","FULL","1090","-1.8018018018018018","AVOID","-","passive","FALSE","","SMART GAMMA","2025-11-12","","191d","191","DOWNTREND","BEARISH","BEARISH","BEARISH","DOWNTREND DISCOUNT","NORMAL DOWNTREND","0","FALSE","FALSE","FALSE","LAGGING","LAGGARD (Passive)","0.07","0.07","DRY / QUIET","0","100","7.84","32.73","9.06","79.46","1321.14","1360.87","1188.68","200","2810","618","Supertrend bearish | RSI 7.8 lemah | Volume 0.07x | Crash filter aktif | RISEN NORMAL DOWNTREND","Full Grid (1-2-3-4)","100000000","1070","965","940","905","0.1","0.2","0.3","0.4","93","207","319","441","1060","99823000","177000","941.73","941.75","855","1395","1715","1715","20.09","9.21","60.28","82.11","3","8.92"
"GLVA","2026-05-22","2026-05-22","558","FULL","324","-3.571428571428571","AVOID","-","passive","FALSE","","SMART GAMMA","2025-11-10","","193d","193","DOWNTREND","BEARISH","BEARISH","BEARISH","DOWNTREND DISCOUNT","NORMAL DOWNTREND","0","FALSE","FALSE","FALSE","WEAKENING","WEAKENING (Passive)","0.21","0.21","DRY / QUIET","0","100","39.6","17.03","9.5","16.43","340.64","345.47","357.18","8900","42820","614","Supertrend bearish | RSI 39.6 lemah | Volume 0.21x | Lolos anti-crash ADX | RISEN NORMAL DOWNTREND","Full Grid (1-2-3-4)","100000000","462","388","370","344","0.1","0.2","0.3","0.4","216","515","810","1162","2703","99904000","96000","369.6","369.62","308","695","925","925","33.33","16.67","100.22","150.27","3.01","9.02"
"AVIA","2026-05-22","2026-05-22","558","FULL","332","-1.1904761904761905","AVOID","-","passive","FALSE","","BETA BREAKOUT","2025-11-05","","198d","198","DOWNTREND","BEARISH","BEARISH","BEARISH","DOWNTREND DISCOUNT","NORMAL DOWNTREND","34.47","TRUE","FALSE","FALSE","LAGGING","LAGGARD (Passive)","0.7","0.7","DRY / QUIET","60","40","22.54","31.36","8.36","33.88","366.82","385.71","421.56","13189700","18776240","604","Supertrend bearish | RSI 22.5 lemah | Volume 0.7x | Crash filter aktif | RISEN NORMAL DOWNTREND","Full Grid (1-2-3-4)","100000000","458","436","430","424","0.1","0.2","0.3","0.4","218","458","697","943","2316","99907400","92600","431.38","431.38","412","525","595","595","10.04","4.49","29.91","37.93","2.98","8.44"
"GLOB","2026-05-22","2026-05-22","558","FULL","155","0","HOLD","-","passive","FALSE","","SMART SNIPER","2025-09-15","Structure + Discount","249d","249","UPTREND","NEUTRAL","NEUTRAL","BULLISH","UPTREND PREMIUM","NORMAL UPTREND","0","FALSE","TRUE","FALSE","LEADING","LEADING (Passive)","0","0","NO VOLUME","50","50","77.8","43.39","61.93","24.45","155","154.71","133.85","0","0","602","Supertrend bullish | RSI 77.8 > 50 | Volume NaNx | Lolos anti-crash ADX | RISEN NORMAL UPTREND","Full Grid (1-2-3-4)","100000000","57","54","53","52","0.1","0.2","0.3","0.4","1754","3703","5660","7692","18809","99990400","9600","53.16","53.16","51","66","104","104","10.53","4.06","82.46","95.63","7.83","23.53"
"ITIC","2026-05-22","2026-05-22","558","FULL","224","-2.608695652173913","AVOID","-","passive","FALSE","","BETA BREAKOUT","2025-10-30","","204d","204","DOWNTREND","BEARISH","BEARISH","BEARISH","DOWNTREND DISCOUNT","NORMAL DOWNTREND","0","FALSE","FALSE","FALSE","WEAKENING","WEAKENING (Passive)","0.56","0.56","DRY / QUIET","33.33","66.67","33.79","20.17","20.85","18.64","247.98","265.91","302.06","760100","1363255","592","Supertrend bearish | RSI 33.8 lemah | Volume 0.56x | Lolos anti-crash ADX | RISEN NORMAL DOWNTREND","Full Grid (1-2-3-4)","100000000","474","404","386","362","0.1","0.2","0.3","0.4","210","495","777","1104","2586","99909000","91000","386.35","386.37","324","700","925","925","31.65","16.14","95.15","139.42","3.01","8.64"
"DPNS","2026-05-22","2026-05-22","558","FULL","310","0","AVOID","-","passive","FALSE","","BETA BREAKOUT","2025-09-09","","255d","255","DOWNTREND","NEUTRAL","NEUTRAL","BULLISH","DOWNTREND PREMIUM","SIDEWAYS","0","FALSE","FALSE","FALSE","LEADING","LEADING (Passive)","0","0","NO VOLUME","50","50","54.26","31.12","24.39","12.81","310","309.91","302.02","0","0","590","Supertrend bearish | RSI 54.3 > 50 | Volume NaNx | Lolos anti-crash ADX | RISEN SIDEWAYS","Full Grid (1-2-3-4)","100000000","302","270","262","252","0.1","0.2","0.3","0.4","331","740","1145","1587","3803","99967600","32400","262.87","262.87","234","404","505","505","22.52","10.98","67.22","92.11","2.99","8.39"
"MKTR","2026-05-22","2026-05-22","558","FULL","125","0","AVOID","-","passive","FALSE","","BETA BREAKOUT","2025-09-02","","262d","262","DOWNTREND","BEARISH","BEARISH","BEARISH","STRUCTURE + DISCOUNT","SIDEWAYS","94.7","TRUE","FALSE","FALSE","LEADING","LEADING (Passive)","0.47","0.47","DRY / QUIET","55.56","44.44","41.17","19.11","11.87","15.82","129.2","131.42","133.54","293100","628375","576","Supertrend bearish | RSI 41.2 lemah | Volume 0.47x | Lolos anti-crash ADX | RISEN SIDEWAYS","Full Grid (1-2-3-4)","100000000","145","117","110","101","0.1","0.2","0.3","0.4","689","1709","2727","3960","9085","99978800","21200","110.05","110.05","88","230","316","316","39.31","20.04","117.93","187.15","3","9.34"
"SPTO","2026-05-22","2026-05-22","558","FULL","555","0.9090909090909091","AVOID","-","passive","FALSE","","BETA BREAKOUT","2025-08-25","","270d","270","DOWNTREND","BEARISH","BEARISH","BEARISH","STRUCTURE + DISCOUNT","NORMAL DOWNTREND","17.5","TRUE","FALSE","FALSE","LEADING","LEADING (Passive)","0.81","0.81","NORMAL","100","0","17.77","60.9","2.1","46.55","595.89","619.9","640.01","1610900","1993415","560","Supertrend bearish | RSI 17.8 lemah | Volume 0.81x | Crash filter aktif | RISEN NORMAL DOWNTREND","Full Grid (1-2-3-4)","100000000","685","660","655","645","0.1","0.2","0.3","0.4","145","303","458","620","1526","99919500","80500","654.78","654.8","630","770","850","850","8.03","3.78","24.09","29.81","3","7.88"
"PPRI","2026-05-22","2026-05-22","558","FULL","142","1.4285714285714286","AVOID","-","passive","FALSE","","SMART GAMMA","2025-10-10","","224d","224","DOWNTREND","BEARISH","BEARISH","BEARISH","DOWNTREND DISCOUNT","NORMAL DOWNTREND","72.31","TRUE","FALSE","FALSE","LAGGING","LAGGARD (Passive)","0.91","0.91","NORMAL","84.21","15.79","28.67","17.65","12.36","29.23","173.86","195.12","242.65","2534200","2791265","552","Supertrend bearish | RSI 28.7 lemah | Volume 0.91x | Lolos anti-crash ADX | RISEN NORMAL DOWNTREND","Full Grid (1-2-3-4)","100000000","510","320","276","212","0.1","0.2","0.3","0.4","196","625","1086","1886","3793","99952800","47200","263.52","263.52","121","1095","1675","1675","76.27","54.08","228.43","535.63","2.99","9.9"
"MCAS","2026-05-22","2026-05-22","558","FULL","262","-3.6764705882352944","AVOID","-","passive","FALSE","","SMART SNIPER","2025-10-02","Structure + Discount","232d","232","DOWNTREND","BEARISH","BEARISH","BEARISH","STRUCTURE + DISCOUNT","NORMAL DOWNTREND","45.5","TRUE","FALSE","FALSE","LAGGING","LAGGARD (Passive)","0.62","0.62","DRY / QUIET","66.67","33.33","16.3","18.78","18.76","29.37","317.98","372.68","657.84","271200","434160","536","Supertrend bearish | RSI 16.3 lemah | Volume 0.62x | Lolos anti-crash ADX | RISEN NORMAL DOWNTREND","Full Grid (1-2-3-4)","100000000","990","870","840","800","0.1","0.2","0.3","0.4","101","229","357","500","1187","99910000","90000","841.7","841.72","735","1375","1755","1755","25.76","12.68","77.27","108.51","3","8.56"
"MTFN","2026-05-22","2026-05-22","558","FULL","14","-6.666666666666667","AVOID","-","passive","FALSE","","SMART GAMMA","2025-09-29","","235d","235","DOWNTREND","BEARISH","BEARISH","BEARISH","DOWNTREND DISCOUNT","NORMAL DOWNTREND","0","FALSE","FALSE","FALSE","LAGGING","LAGGARD (Passive)","0.36","0.36","DRY / QUIET","50","50","22.9","33.07","15.17","59.89","19.95","22.39","20.73","24221000","66716475","530","Supertrend bearish | RSI 22.9 lemah | Volume 0.36x | Crash filter aktif | RISEN NORMAL DOWNTREND","Full Grid (1-2-3-4)","100000000","24","18","17","15","0.1","0.2","0.3","0.4","4166","11111","17647","26666","59590","99997100","2900","16.78","16.78","12","42","60","60","50","28.49","150","257.55","3","9.04"
"MKPI","2026-05-22","2026-05-22","558","FULL","21875","0.11441647597254005","AVOID","-","passive","FALSE","","BETA BREAKOUT","2025-08-05","","290d","290","DOWNTREND","BEARISH","BEARISH","BEARISH","STRUCTURE + DISCOUNT","NORMAL DOWNTREND","34.61","TRUE","FALSE","FALSE","LEADING","LEADING (Passive)","0.95","0.95","NORMAL","100","0","39.75","72.49","6.84","37.14","22106.26","22610.19","23682.59","40200","42270","520","Supertrend bearish | RSI 39.8 lemah | Volume 0.95x | Crash filter aktif | RISEN NORMAL DOWNTREND","Full Grid (1-2-3-4)","100000000","24500","23150","22825","22350","0.1","0.2","0.3","0.4","4","8","13","17","42","95987500","4012500","22854.17","22851.13","21625","28825","33125","33125","11.73","5.38","35.2","44.94","3","8.36"
"MARI","2026-05-22","2026-05-22","558","FULL","26","4","AVOID","-","passive","FALSE","","SMART GAMMA","2025-09-22","","242d","242","DOWNTREND","BEARISH","BEARISH","BEARISH","DOWNTREND DISCOUNT","NORMAL DOWNTREND","20.32","TRUE","FALSE","FALSE","LAGGING","LAGGARD (Passive)","0.73","0.73","DRY / QUIET","100","0","35.24","24.33","15.92","49.58","28.26","29.69","33.76","2259100","3114015","516","Supertrend bearish | RSI 35.2 lemah | Volume 0.73x | Lolos anti-crash ADX | RISEN NORMAL DOWNTREND","Full Grid (1-2-3-4)","100000000","48","36","33","29","0.1","0.2","0.3","0.4","2083","5555","9090","13793","30521","99993100","6900","32.76","32.76","24","84","120","120","50","26.74","150","266.28","3","9.96"
"SURI","2026-05-22","2026-05-22","558","FULL","70","1.4492753623188406","AVOID","-","passive","FALSE","","BETA BREAKOUT","2025-09-15","","249d","249","DOWNTREND","BEARISH","BEARISH","BEARISH","STRUCTURE + DISCOUNT","NORMAL DOWNTREND","31.77","TRUE","FALSE","FALSE","WEAKENING","WEAKENING (Passive)","0.08","0.08","DRY / QUIET","80","20","43.42","46.82","27.15","17.05","76.25","75.92","86.04","4500500","54250315","502","Supertrend bearish | RSI 43.4 lemah | Volume 0.08x | Lolos anti-crash ADX | RISEN NORMAL DOWNTREND","Full Grid (1-2-3-4)","100000000","151","124","117","108","0.1","0.2","0.3","0.4","662","1612","2564","3703","8541","99976200","23800","117.05","117.06","93","238","326","326","38.41","20.55","115.89","178.5","3.02","8.69"
"PNSE","2026-05-22","2026-05-22","558","FULL","530","-10.92436974789916","AVOID","-","passive","FALSE","","BETA BREAKOUT","2025-09-02","","262d","262","DOWNTREND","BEARISH","BEARISH","BEARISH","DOWNTREND DISCOUNT","NORMAL DOWNTREND","0","FALSE","FALSE","FALSE","LAGGING","LAGGARD (Passive)","0.18","0.18","DRY / QUIET","13.33","86.67","33.73","21.47","16.95","14.31","611.45","641.83","683.29","8800","48405","476","Supertrend bearish | RSI 33.7 lemah | Volume 0.18x | Lolos anti-crash ADX | RISEN NORMAL DOWNTREND","Full Grid (1-2-3-4)","100000000","885","765","735","690","0.1","0.2","0.3","0.4","112","261","408","579","1360","99817500","182500","733.95","734.05","625","1275","1665","1665","29.38","14.84","88.14","126.85","3","8.55"
"PTSN","2026-05-22","2026-05-22","558","FULL","270","1.5037593984962405","AVOID","-","passive","FALSE","","G ACC","2025-09-02","","262d","262","DOWNTREND","BEARISH","BEARISH","BEARISH","DOWNTREND DISCOUNT","NORMAL DOWNTREND","51.43","TRUE","FALSE","FALSE","LAGGING","LAGGARD (Passive)","1.04","1.04","NORMAL","87.5","12.5","26.43","18.54","11.72","28.66","297.52","316.89","332.23","802200","773480","476","Supertrend bearish | RSI 26.4 lemah | Volume 1.04x | Lolos anti-crash ADX | RISEN NORMAL DOWNTREND","Full Grid (1-2-3-4)","100000000","442","322","292","252","0.1","0.2","0.3","0.4","226","621","1027","1587","3461","99966200","33800","288.84","288.85","193","815","1190","1190","56.33","33.18","169.23","312","3","9.4"
"WMUU","2026-05-22","2026-05-22","558","FULL","58","9.433962264150944","AVOID","-","passive","FALSE","","SMART GAMMA","2025-08-22","","273d","273","DOWNTREND","BEARISH","BEARISH","BULLISH","DEMAND STRUCTURE","NORMAL UPTREND","51.5","TRUE","TRUE","FALSE","LAGGING","LAGGARD (Passive)","0.62","0.62","DRY / QUIET","85.71","14.29","39.19","18.75","14.96","24.27","66.23","67.86","52.37","219586500","352807130","454","Supertrend bearish | RSI 39.2 lemah | Volume 0.62x | Lolos anti-crash ADX | RISEN NORMAL UPTREND","Full Grid (1-2-3-4)","100000000","15","12","11","9","0.1","0.2","0.3","0.4","6666","16666","27272","44444","95048","99997000","3000","10.52","10.52","8","26","36","36","46.67","23.96","140","242.18","3","10.11"
"KIAS","2026-05-22","2026-05-22","558","FULL","21","0","HOLD","-","passive","FALSE","","V-SHAPE","2025-07-02","","324d","324","UPTREND","NEUTRAL","NEUTRAL","BULLISH","UPTREND PREMIUM","SIDEWAYS","0","FALSE","FALSE","FALSE","LEADING","LEADING (Passive)","0","0","NO VOLUME","50","50","56.2","14.65","22.46","16.72","21","21","20.76","0","0","452","Supertrend bullish | RSI 56.2 > 50 | Volume NaNx | Lolos anti-crash ADX | RISEN SIDEWAYS","Full Grid (1-2-3-4)","100000000","19","18","18","17","0.1","0.2","0.3","0.4","5263","11111","16666","23529","56569","99997600","2400","17.68","17.68","17","22","25","25","10.53","3.83","31.58","41.43","3","10.82"
"PRIM","2026-05-22","2026-05-22","558","FULL","86","-1.1494252873563218","HOLD","-","passive","FALSE","","SMART GAMMA","2025-08-21","","274d","274","UPTREND","BULLISH","BULLISH","BULLISH","UPTREND","SIDEWAYS","25","TRUE","FALSE","FALSE","WEAKENING","WEAKENING (Passive)","0.12","0.12","DRY / QUIET","85.71","14.29","52.89","43.41","30.99","14.31","84.8","81.38","78.1","12622900","102954690","452","Supertrend bullish | RSI 52.9 > 50 | Volume 0.12x | Lolos anti-crash ADX | RISEN SIDEWAYS","Full Grid (1-2-3-4)","100000000","90","73","68","62","0.1","0.2","0.3","0.4","1111","2739","4411","6451","14712","99984700","15300","67.96","67.96","54","144","198","198","40","20.54","120","191.34","3","9.31"
"SWAT","2026-05-22","2026-05-22","558","FULL","16","0","AVOID","-","passive","FALSE","","EARLY SWEEP","2025-06-10","","346d","346","DOWNTREND","NEUTRAL","NEUTRAL","BEARISH","DOWNTREND PREMIUM","SIDEWAYS","0","FALSE","FALSE","FALSE","LEADING","LEADING (Passive)","0","0","NO VOLUME","50","50","32.31","40.29","22.79","53.54","16","16","17.03","0","0","408","Supertrend bearish | RSI 32.3 lemah | Volume NaNx | Crash filter aktif | RISEN SIDEWAYS","Full Grid (1-2-3-4)","100000000","28","24","22","21","0.1","0.2","0.3","0.4","3571","8333","13636","19047","44587","99995900","4100","22.43","22.43","19","42","55","55","32.14","15.28","96.43","145.24","3","9.5"
"MTMH","2026-05-22","2026-05-22","558","FULL","1060","12.16931216931217","HOLD","-","passive","FALSE","","EARLY SWEEP","2025-06-03","","353d","353","UPTREND","BULLISH","BULLISH","BULLISH","STRUCTURE + DISCOUNT","NORMAL DOWNTREND","52.5","TRUE","FALSE","FALSE","LEADING","LEADING (Passive)","1","1","NORMAL","96.15","3.85","57.42","26.3","30.51","11.56","998.01","1009.14","1055.92","31300","31345","394","Supertrend bullish | RSI 57.4 > 50 | Volume 1x | Lolos anti-crash ADX | RISEN NORMAL DOWNTREND","Full Grid (1-2-3-4)","100000000","875","855","845","840","0.1","0.2","0.3","0.4","114","233","355","476","1178","99878000","122000","847.86","847.87","825","970","1005","1005","5.71","2.7","14.86","18.53","2.6","6.87"
"TGRA","2026-05-22","2026-05-22","558","FULL","27","0","AVOID","-","passive","FALSE","","V-SHAPE","2025-05-27","","360d","360","DOWNTREND","NEUTRAL","NEUTRAL","BEARISH","DOWNTREND PREMIUM","SIDEWAYS","0","FALSE","FALSE","FALSE","LEADING","LEADING (Passive)","0","0","NO VOLUME","50","50","28.01","49.1","20.59","60.31","27","27","27.67","0","0","380","Supertrend bearish | RSI 28.0 lemah | Volume NaNx | Crash filter aktif | RISEN SIDEWAYS","Full Grid (1-2-3-4)","100000000","36","34","33","32","0.1","0.2","0.3","0.4","2777","5882","9090","12500","30249","99993000","7000","33.06","33.06","31","50","51","51","13.89","6.22","41.67","54.28","3","8.72"
"TGUK","2026-05-22","2026-05-22","558","FULL","137","0","HOLD","-","passive","FALSE","","G ACC","2025-05-23","","364d","364","UPTREND","NEUTRAL","NEUTRAL","BULLISH","UPTREND PREMIUM","NORMAL UPTREND","0","FALSE","TRUE","FALSE","LEADING","LEADING (Passive)","0","0","NO VOLUME","50","50","81.24","67.69","41.46","7.99","137","137","129.91","0","0","372","Supertrend bullish | RSI 81.2 > 50 | Volume NaNx | Lolos anti-crash ADX | RISEN NORMAL UPTREND","Full Grid (1-2-3-4)","100000000","137","94","83","69","0.1","0.2","0.3","0.4","729","2127","3614","5797","12267","99976600","23400","81.5","81.51","48","270","404","404","64.96","41.1","194.89","395.7","3","9.63"
"PMMP","2026-05-22","2026-05-22","558","FULL","50","0","AVOID","-","passive","FALSE","","SMART SNIPER","2025-05-06","Structure + Discount","381d","381","DOWNTREND","NEUTRAL","NEUTRAL","BEARISH","DEMAND STRUCTURE","SIDEWAYS","0","FALSE","FALSE","FALSE","LEADING","LEADING (Passive)","0","0","NO VOLUME","50","50","31.32","17.15","14.16","20.03","50","50","55.63","0","0","338","Supertrend bearish | RSI 31.3 lemah | Volume NaNx | Lolos anti-crash ADX | RISEN SIDEWAYS","Full Grid (1-2-3-4)","100000000","59","55","53","52","0.1","0.2","0.3","0.4","1694","3636","5660","7692","18682","99989000","11000","53.52","53.52","49","74","89","89","16.95","8.45","50.85","66.29","3","7.85"
"SICO","2026-05-22","2026-05-22","558","FULL","109","2.8301886792452833","AVOID","-","passive","FALSE","","G ACC","2025-06-23","","333d","333","DOWNTREND","BEARISH","BEARISH","BEARISH","DOWNTREND DISCOUNT","NORMAL DOWNTREND","65","TRUE","FALSE","FALSE","LAGGING","LAGGARD (Passive)","0.34","0.34","DRY / QUIET","83.33","16.67","29.33","25.84","19.26","25.8","120.19","124.83","124.37","2487000","7259555","334","Supertrend bearish | RSI 29.3 lemah | Volume 0.34x | Lolos anti-crash ADX | RISEN NORMAL DOWNTREND","Full Grid (1-2-3-4)","100000000","135","112","107","99","0.1","0.2","0.3","0.4","740","1785","2803","4040","9368","99970100","29900","106.71","106.72","88","206","276","276","34.81","17.54","104.44","158.63","3","9.05"
"ALTO","2026-05-22","2026-05-22","558","FULL","18","0","AVOID","-","passive","FALSE","","EARLY SWEEP","2025-04-15","","402d","402","DOWNTREND","NEUTRAL","NEUTRAL","NEUTRAL","DOWNTREND PREMIUM","SIDEWAYS","0","FALSE","FALSE","FALSE","LEADING","LEADING (Passive)","0","0","NO VOLUME","50","50","49.07","10.4","36.3","44.72","18","18","18.02","0","0","296","Supertrend bearish | RSI 49.1 lemah | Volume NaNx | Lolos anti-crash ADX | RISEN SIDEWAYS","Full Grid (1-2-3-4)","100000000","22","19","18","17","0.1","0.2","0.3","0.4","4545","10526","16666","23529","55266","99996500","3500","18.09","18.09","16","31","40","40","27.27","11.57","81.82","121.07","3","10.46"
"PTMR","2026-05-22","2026-05-22","382","FULL","374","0","HOLD","-","passive","FALSE","","SMART SNIPER","2025-04-15","Structure + Discount","402d","402","UPTREND","NEUTRAL","NEUTRAL","BULLISH","UPTREND PREMIUM","NORMAL UPTREND","0","FALSE","TRUE","FALSE","LEADING","LEADING (Passive)","0","0","NO VOLUME","50","50","97.28","97.14","74.14","1.07","374","373.97","347.77","0","0","296","Supertrend bullish | RSI 97.3 > 50 | Volume NaNx | Lolos anti-crash ADX | RISEN NORMAL UPTREND","Full Grid (1-2-3-4)","100000000","132","127","125","123","0.1","0.2","0.3","0.4","757","1574","2400","3252","7983","99981800","18200","125.24","125.24","120","150","168","168","9.09","4.19","27.27","34.14","3","8.15"
"HITS","2026-05-22","2026-05-22","558","FULL","116","0","AVOID","-","passive","FALSE","","SMART SNIPER + V-SHAPE","2025-02-28","Demand Structure","448d","448","DOWNTREND","NEUTRAL","NEUTRAL","BEARISH","DOWNTREND PREMIUM","SIDEWAYS","0","FALSE","FALSE","FALSE","LEADING","LEADING (Passive)","0","0","NO VOLUME","50","50","15.01","55.29","11.87","41.21","116","116","130.93","0","0","204","Supertrend bearish | RSI 15.0 lemah | Volume NaNx | Crash filter aktif | RISEN SIDEWAYS","Full Grid (1-2-3-4)","100000000","364","322","312","298","0.1","0.2","0.3","0.4","274","621","961","1342","3198","99944600","55400","312.52","312.53","276","496","630","630","24.18","11.69","73.08","101.59","3.02","8.69"
"WIKA","2026-05-22","2026-05-22","558","FULL","204","0","AVOID","-","passive","FALSE","","EARLY SWEEP","2025-02-12","","464d","464","DOWNTREND","NEUTRAL","NEUTRAL","BEARISH","DOWNTREND PREMIUM","NORMAL DOWNTREND","0","FALSE","FALSE","FALSE","LEADING","LEADING (Passive)","0","0","NO VOLUME","50","50","39.98","14.93","17.98","24.3","204","204","207.45","0","0","172","Supertrend bearish | RSI 40.0 lemah | Volume NaNx | Lolos anti-crash ADX | RISEN NORMAL DOWNTREND","Full Grid (1-2-3-4)","100000000","250","234","228","224","0.1","0.2","0.3","0.4","400","854","1315","1785","4354","99949600","50400","229.56","229.56","212","380","426","426","15.2","7.65","70.4","85.57","4.63","11.19"
"ZBRA","2026-05-22","2026-05-22","558","FULL","50","0","AVOID","-","passive","FALSE","","EARLY SWEEP","2025-01-31","","476d","476","DOWNTREND","NEUTRAL","NEUTRAL","BEARISH","DOWNTREND PREMIUM","SIDEWAYS","0","FALSE","FALSE","FALSE","LEADING","LEADING (Passive)","0","0","NO VOLUME","50","50","36.27","32.76","27.84","14.1","50","50","56.97","0","0","148","Supertrend bearish | RSI 36.3 lemah | Volume NaNx | Lolos anti-crash ADX | RISEN SIDEWAYS","Full Grid (1-2-3-4)","100000000","71","67","66","65","0.1","0.2","0.3","0.4","1408","2985","4545","6153","15091","99987800","12200","66.26","66.26","61","116","128","128","14.08","7.93","80.28","93.19","5.7","11.75"
"PLIN","2026-05-22","2026-05-22","558","FULL","2510","0","AVOID","-","passive","FALSE","","EARLY SWEEP","2025-01-10","","497d","497","DOWNTREND","NEUTRAL","NEUTRAL","NEUTRAL","DEMAND STRUCTURE","SIDEWAYS","0","FALSE","FALSE","FALSE","LEADING","LEADING (Passive)","0","0","NO VOLUME","50","50","47.41","3.51","47.01","50.43","2510","2510","2513.21","0","0","106","Supertrend bearish | RSI 47.4 lemah | Volume NaNx | Lolos anti-crash ADX | RISEN SIDEWAYS","Full Grid (1-2-3-4)","100000000","2850","2680","2630","2570","0.1","0.2","0.3","0.4","35","74","114","155","378","99624000","376000","2635.56","2635.57","2490","3390","3930","3930","12.63","5.52","37.89","49.11","3","8.89"
"BEBS","2026-05-22","2026-05-22","558","FULL","5","0","AVOID","-","passive","FALSE","","SMART SNIPER","2025-01-09","Structure + Discount","498d","498","DOWNTREND","NEUTRAL","NEUTRAL","BEARISH","DEMAND STRUCTURE","SIDEWAYS","0","FALSE","FALSE","FALSE","LEADING","LEADING (Passive)","0","0","NO VOLUME","50","50","44.12","25.79","12.05","20.43","5","5","5.47","0","0","104","Supertrend bearish | RSI 44.1 lemah | Volume NaNx | Lolos anti-crash ADX | RISEN SIDEWAYS","Full Grid (1-2-3-4)","100000000","6","5","5","4","0.1","0.2","0.3","0.4","16666","40000","60000","100000","216666","99999600","400","4.62","4.62","4","9","10","10","33.33","13.33","66.67","116.67","2","8.75"
"ARMY","2026-05-22","2026-05-22","558","FULL","50","0","HOLD","-","passive","FALSE","","-","","","-","","UPTREND","NEUTRAL","NEUTRAL","NEUTRAL","UPTREND PREMIUM","N/A","0","FALSE","FALSE","FALSE","LEADING","LEADING (Passive)","0","0","NO VOLUME","50","50","100","0","0","0","50","50","50","0","0","100","Supertrend bullish | RSI 100.0 > 50 | Volume NaNx | Lolos anti-crash ADX | RISEN N/A","","","","","","","","","","","","","","","","","","","","","","","","","","","","",""
"BIKA","2026-05-22","2026-05-22","558","FULL","55","0","AVOID","-","passive","FALSE","","-","","","-","","DOWNTREND","NEUTRAL","NEUTRAL","NEUTRAL","DOWNTREND PREMIUM","SIDEWAYS","0","FALSE","FALSE","FALSE","LEADING","LEADING (Passive)","0","0","NO VOLUME","50","50","52.09","7.21","43.08","37.28","55","55","54.98","0","0","100","Supertrend bearish | RSI 52.1 > 50 | Volume NaNx | Lolos anti-crash ADX | RISEN SIDEWAYS","","","","","","","","","","","","","","","","","","","","","","","","","","","","",""
"BOSS","2026-05-22","2026-05-22","558","FULL","50","0","HOLD","-","passive","FALSE","","-","","","-","","UPTREND","NEUTRAL","NEUTRAL","NEUTRAL","UPTREND PREMIUM","N/A","0","FALSE","FALSE","FALSE","LEADING","LEADING (Passive)","0","0","NO VOLUME","50","50","100","0","0","0","50","50","50","0","0","100","Supertrend bullish | RSI 100.0 > 50 | Volume NaNx | Lolos anti-crash ADX | RISEN N/A","","","","","","","","","","","","","","","","","","","","","","","","","","","","",""
"BTEL","2026-05-22","2026-05-22","558","FULL","50","0","HOLD","-","passive","FALSE","","-","","","-","","UPTREND","NEUTRAL","NEUTRAL","NEUTRAL","UPTREND PREMIUM","N/A","0","FALSE","FALSE","FALSE","LEADING","LEADING (Passive)","0","0","NO VOLUME","50","50","100","0","0","0","50","50","50","0","0","100","Supertrend bullish | RSI 100.0 > 50 | Volume NaNx | Lolos anti-crash ADX | RISEN N/A","","","","","","","","","","","","","","","","","","","","","","","","","","","","",""
"CBMF","2026-05-22","2026-05-22","558","FULL","50","0","HOLD","-","passive","FALSE","","-","","","-","","UPTREND","NEUTRAL","NEUTRAL","NEUTRAL","UPTREND PREMIUM","N/A","0","FALSE","FALSE","FALSE","LEADING","LEADING (Passive)","0","0","NO VOLUME","50","50","100","0","0","0","50","50","50","0","0","100","Supertrend bullish | RSI 100.0 > 50 | Volume NaNx | Lolos anti-crash ADX | RISEN N/A","","","","","","","","","","","","","","","","","","","","","","","","","","","","",""
"CNTB","2026-05-22","2026-05-22","558","FULL","250","0","HOLD","-","passive","FALSE","","-","","","-","","UPTREND","NEUTRAL","NEUTRAL","NEUTRAL","UPTREND PREMIUM","N/A","0","FALSE","FALSE","FALSE","LEADING","LEADING (Passive)","0","0","NO VOLUME","50","50","100","0","0","0","250","250","250","0","0","100","Supertrend bullish | RSI 100.0 > 50 | Volume NaNx | Lolos anti-crash ADX | RISEN N/A","","","","","","","","","","","","","","","","","","","","","","","","","","","","",""
"CNTX","2026-05-22","2026-05-22","558","FULL","142","0","HOLD","-","passive","FALSE","","-","","","-","","UPTREND","NEUTRAL","NEUTRAL","NEUTRAL","UPTREND PREMIUM","SIDEWAYS","0","FALSE","FALSE","FALSE","LEADING","LEADING (Passive)","0","0","NO VOLUME","50","50","100","100","100","0","142","142","141.88","0","0","100","Supertrend bullish | RSI 100.0 > 50 | Volume NaNx | Lolos anti-crash ADX | RISEN SIDEWAYS","","","","","","","","","","","","","","","","","","","","","","","","","","","","",""
"COWL","2026-05-22","2026-05-22","558","FULL","50","0","HOLD","-","passive","FALSE","","-","","","-","","UPTREND","NEUTRAL","NEUTRAL","NEUTRAL","UPTREND PREMIUM","N/A","0","FALSE","FALSE","FALSE","LEADING","LEADING (Passive)","0","0","NO VOLUME","50","50","100","0","0","0","50","50","50","0","0","100","Supertrend bullish | RSI 100.0 > 50 | Volume NaNx | Lolos anti-crash ADX | RISEN N/A","","","","","","","","","","","","","","","","","","","","","","","","","","","","",""
"CPRI","2026-05-22","2026-05-22","558","FULL","50","0","HOLD","-","passive","FALSE","","-","","","-","","UPTREND","NEUTRAL","NEUTRAL","NEUTRAL","UPTREND PREMIUM","N/A","0","FALSE","FALSE","FALSE","LEADING","LEADING (Passive)","0","0","NO VOLUME","50","50","100","0","0","0","50","50","50","0","0","100","Supertrend bullish | RSI 100.0 > 50 | Volume NaNx | Lolos anti-crash ADX | RISEN N/A","","","","","","","","","","","","","","","","","","","","","","","","","","","","",""
"DEAL","2026-05-22","2026-05-22","558","FULL","6","0","HOLD","-","passive","FALSE","","-","","","-","","UPTREND","NEUTRAL","NEUTRAL","NEUTRAL","UPTREND PREMIUM","SIDEWAYS","0","FALSE","FALSE","FALSE","LEADING","LEADING (Passive)","0","0","NO VOLUME","50","50","42.75","16.23","31.35","43.5","6","6","6.01","0","0","100","Supertrend bullish | RSI 42.8 lemah | Volume NaNx | Lolos anti-crash ADX | RISEN SIDEWAYS","","","","","","","","","","","","","","","","","","","","","","","","","","","","",""
"DUCK","2026-05-22","2026-05-22","558","FULL","176","0","HOLD","-","passive","FALSE","","-","","","-","","UPTREND","NEUTRAL","NEUTRAL","NEUTRAL","UPTREND PREMIUM","N/A","0","FALSE","FALSE","FALSE","LEADING","LEADING (Passive)","0","0","NO VOLUME","50","50","100","0","0","0","176","176","176","0","0","100","Supertrend bullish | RSI 100.0 > 50 | Volume NaNx | Lolos anti-crash ADX | RISEN N/A","","","","","","","","","","","","","","","","","","","","","","","","","","","","",""
"ENVY","2026-05-22","2026-05-22","558","FULL","50","0","HOLD","-","passive","FALSE","","-","","","-","","UPTREND","NEUTRAL","NEUTRAL","NEUTRAL","UPTREND PREMIUM","N/A","0","FALSE","FALSE","FALSE","LEADING","LEADING (Passive)","0","0","NO VOLUME","50","50","100","0","0","0","50","50","50","0","0","100","Supertrend bullish | RSI 100.0 > 50 | Volume NaNx | Lolos anti-crash ADX | RISEN N/A","","","","","","","","","","","","","","","","","","","","","","","","","","","","",""
"ETWA","2026-05-22","2026-05-22","558","FULL","70","0","AVOID","-","passive","FALSE","","-","","","-","","DOWNTREND","NEUTRAL","NEUTRAL","NEUTRAL","DOWNTREND PREMIUM","SIDEWAYS","0","FALSE","FALSE","FALSE","LEADING","LEADING (Passive)","0","0","NO VOLUME","50","50","24.91","72.6","8.26","52","70","70","70.12","0","0","100","Supertrend bearish | RSI 24.9 lemah | Volume NaNx | Crash filter aktif | RISEN SIDEWAYS","","","","","","","","","","","","","","","","","","","","","","","","","","","","",""
"FASW","2026-05-22","2026-05-22","558","FULL","5275","0","AVOID","-","passive","FALSE","","-","","","-","","DOWNTREND","NEUTRAL","NEUTRAL","BEARISH","DOWNTREND PREMIUM","SIDEWAYS","0","FALSE","FALSE","FALSE","LEADING","LEADING (Passive)","0","0","NO VOLUME","50","50","0.83","97.73","1.13","98.75","5275","5275.02","5294.4","0","0","100","Supertrend bearish | RSI 0.8 lemah | Volume NaNx | Crash filter aktif | RISEN SIDEWAYS","","","","","","","","","","","","","","","","","","","","","","","","","","","","",""
"GAMA","2026-05-22","2026-05-22","558","FULL","18","0","HOLD","-","passive","FALSE","","-","","","-","","UPTREND","NEUTRAL","NEUTRAL","NEUTRAL","UPTREND PREMIUM","N/A","0","FALSE","FALSE","FALSE","LEADING","LEADING (Passive)","0","0","NO VOLUME","50","50","100","0","0","0","18","18","18","0","0","100","Supertrend bullish | RSI 100.0 > 50 | Volume NaNx | Lolos anti-crash ADX | RISEN N/A","","","","","","","","","","","","","","","","","","","","","","","","","","","","",""
"GOLL","2026-05-22","2026-05-22","558","FULL","50","0","HOLD","-","passive","FALSE","","-","","","-","","UPTREND","NEUTRAL","NEUTRAL","NEUTRAL","UPTREND PREMIUM","N/A","0","FALSE","FALSE","FALSE","LEADING","LEADING (Passive)","0","0","NO VOLUME","50","50","100","0","0","0","50","50","50","0","0","100","Supertrend bullish | RSI 100.0 > 50 | Volume NaNx | Lolos anti-crash ADX | RISEN N/A","","","","","","","","","","","","","","","","","","","","","","","","","","","","",""
"GOTOM","2026-05-22","2026-05-22","356","FULL","68","0","HOLD","-","passive","FALSE","","-","","","-","","UPTREND","NEUTRAL","NEUTRAL","NEUTRAL","UPTREND PREMIUM","N/A","0","FALSE","FALSE","FALSE","LEADING","LEADING (Passive)","0","0","NO VOLUME","50","50","100","0","0","0","68","68","68","0","0","100","Supertrend bullish | RSI 100.0 > 50 | Volume NaNx | Lolos anti-crash ADX | RISEN N/A","","","","","","","","","","","","","","","","","","","","","","","","","","","","",""
"HKMU","2026-05-22","2026-05-22","558","FULL","50","0","HOLD","-","passive","FALSE","","-","","","-","","UPTREND","NEUTRAL","NEUTRAL","NEUTRAL","UPTREND PREMIUM","N/A","0","FALSE","FALSE","FALSE","LEADING","LEADING (Passive)","0","0","NO VOLUME","50","50","100","0","0","0","50","50","50","0","0","100","Supertrend bullish | RSI 100.0 > 50 | Volume NaNx | Lolos anti-crash ADX | RISEN N/A","","","","","","","","","","","","","","","","","","","","","","","","","","","","",""
"HOME","2026-05-22","2026-05-22","558","FULL","50","0","HOLD","-","passive","FALSE","","-","","","-","","UPTREND","NEUTRAL","NEUTRAL","NEUTRAL","UPTREND PREMIUM","N/A","0","FALSE","FALSE","FALSE","LEADING","LEADING (Passive)","0","0","NO VOLUME","50","50","100","0","0","0","50","50","50","0","0","100","Supertrend bullish | RSI 100.0 > 50 | Volume NaNx | Lolos anti-crash ADX | RISEN N/A","","","","","","","","","","","","","","","","","","","","","","","","","","","","",""
"HOTL","2026-05-22","2026-05-22","558","FULL","50","0","HOLD","-","passive","FALSE","","-","","","-","","UPTREND","NEUTRAL","NEUTRAL","NEUTRAL","UPTREND PREMIUM","N/A","0","FALSE","FALSE","FALSE","LEADING","LEADING (Passive)","0","0","NO VOLUME","50","50","100","0","0","0","50","50","50","0","0","100","Supertrend bullish | RSI 100.0 > 50 | Volume NaNx | Lolos anti-crash ADX | RISEN N/A","","","","","","","","","","","","","","","","","","","","","","","","","","","","",""
"IIKP","2026-05-22","2026-05-22","558","FULL","50","0","HOLD","-","passive","FALSE","","-","","","-","","UPTREND","NEUTRAL","NEUTRAL","NEUTRAL","UPTREND PREMIUM","N/A","0","FALSE","FALSE","FALSE","LEADING","LEADING (Passive)","0","0","NO VOLUME","50","50","100","0","0","0","50","50","50","0","0","100","Supertrend bullish | RSI 100.0 > 50 | Volume NaNx | Lolos anti-crash ADX | RISEN N/A","","","","","","","","","","","","","","","","","","","","","","","","","","","","",""
"JSKY","2026-05-22","2026-05-22","558","FULL","52","0","HOLD","-","passive","FALSE","","-","","","-","","UPTREND","NEUTRAL","NEUTRAL","NEUTRAL","UPTREND PREMIUM","N/A","0","FALSE","FALSE","FALSE","LEADING","LEADING (Passive)","0","0","NO VOLUME","50","50","100","0","0","0","52","52","52","0","0","100","Supertrend bullish | RSI 100.0 > 50 | Volume NaNx | Lolos anti-crash ADX | RISEN N/A","","","","","","","","","","","","","","","","","","","","","","","","","","","","",""
"KAYU","2026-05-22","2026-05-22","558","FULL","18","0","AVOID","-","passive","FALSE","","-","","","-","","DOWNTREND","NEUTRAL","NEUTRAL","BEARISH","DOWNTREND PREMIUM","NORMAL DOWNTREND","0","FALSE","FALSE","FALSE","LEADING","LEADING (Passive)","0","0","NO VOLUME","50","50","0","100","0","100","18","18","18.33","0","0","100","Supertrend bearish | RSI 0.0 lemah | Volume NaNx | Crash filter aktif | RISEN NORMAL DOWNTREND","","","","","","","","","","","","","","","","","","","","","","","","","","","","",""
"KBRI","2026-05-22","2026-05-22","558","FULL","50","0","HOLD","-","passive","FALSE","","-","","","-","","UPTREND","NEUTRAL","NEUTRAL","NEUTRAL","UPTREND PREMIUM","N/A","0","FALSE","FALSE","FALSE","LEADING","LEADING (Passive)","0","0","NO VOLUME","50","50","100","0","0","0","50","50","50","0","0","100","Supertrend bullish | RSI 100.0 > 50 | Volume NaNx | Lolos anti-crash ADX | RISEN N/A","","","","","","","","","","","","","","","","","","","","","","","","","","","","",""
"LCGP","2026-05-22","2026-05-22","558","FULL","114","0","HOLD","-","passive","FALSE","","-","","","-","","UPTREND","NEUTRAL","NEUTRAL","NEUTRAL","UPTREND PREMIUM","N/A","0","FALSE","FALSE","FALSE","LEADING","LEADING (Passive)","0","0","NO VOLUME","50","50","100","0","0","0","114","114","114","0","0","100","Supertrend bullish | RSI 100.0 > 50 | Volume NaNx | Lolos anti-crash ADX | RISEN N/A","","","","","","","","","","","","","","","","","","","","","","","","","","","","",""
"LMAS","2026-05-22","2026-05-22","558","FULL","50","0","HOLD","-","passive","FALSE","","-","","","-","","UPTREND","NEUTRAL","NEUTRAL","NEUTRAL","UPTREND PREMIUM","N/A","0","FALSE","FALSE","FALSE","LEADING","LEADING (Passive)","0","0","NO VOLUME","50","50","100","0","0","0","50","50","50","0","0","100","Supertrend bullish | RSI 100.0 > 50 | Volume NaNx | Lolos anti-crash ADX | RISEN N/A","","","","","","","","","","","","","","","","","","","","","","","","","","","","",""
"MABA","2026-05-22","2026-05-22","558","FULL","50","0","HOLD","-","passive","FALSE","","-","","","-","","UPTREND","NEUTRAL","NEUTRAL","NEUTRAL","UPTREND PREMIUM","N/A","0","FALSE","FALSE","FALSE","LEADING","LEADING (Passive)","0","0","NO VOLUME","50","50","100","0","0","0","50","50","50","0","0","100","Supertrend bullish | RSI 100.0 > 50 | Volume NaNx | Lolos anti-crash ADX | RISEN N/A","","","","","","","","","","","","","","","","","","","","","","","","","","","","",""
"MAGP","2026-05-22","2026-05-22","558","FULL","50","0","HOLD","-","passive","FALSE","","-","","","-","","UPTREND","NEUTRAL","NEUTRAL","NEUTRAL","UPTREND PREMIUM","N/A","0","FALSE","FALSE","FALSE","LEADING","LEADING (Passive)","0","0","NO VOLUME","50","50","100","0","0","0","50","50","50","0","0","100","Supertrend bullish | RSI 100.0 > 50 | Volume NaNx | Lolos anti-crash ADX | RISEN N/A","","","","","","","","","","","","","","","","","","","","","","","","","","","","",""
"META","2026-05-22","2026-05-22","558","FULL","238","0","HOLD","-","passive","FALSE","","-","","","-","","UPTREND","NEUTRAL","NEUTRAL","NEUTRAL","UPTREND PREMIUM","N/A","0","FALSE","FALSE","FALSE","LEADING","LEADING (Passive)","0","0","NO VOLUME","50","50","100","0","0","0","238","238","238","0","0","100","Supertrend bullish | RSI 100.0 > 50 | Volume NaNx | Lolos anti-crash ADX | RISEN N/A","","","","","","","","","","","","","","","","","","","","","","","","","","","","",""
"MKNT","2026-05-22","2026-05-22","558","FULL","1","0","AVOID","-","passive","FALSE","","-","","","-","","DOWNTREND","NEUTRAL","NEUTRAL","BEARISH","DOWNTREND PREMIUM","SIDEWAYS","0","FALSE","FALSE","FALSE","LEADING","LEADING (Passive)","0","0","NO VOLUME","50","50","44.11","54.76","3.84","13.13","1","1","1.01","0","0","100","Supertrend bearish | RSI 44.1 lemah | Volume NaNx | Crash filter aktif | RISEN SIDEWAYS","","","","","","","","","","","","","","","","","","","","","","","","","","","","",""
"MTRA","2026-05-22","2026-05-22","558","FULL","244","0","HOLD","-","passive","FALSE","","-","","","-","","UPTREND","NEUTRAL","NEUTRAL","NEUTRAL","UPTREND PREMIUM","N/A","0","FALSE","FALSE","FALSE","LEADING","LEADING (Passive)","0","0","NO VOLUME","50","50","100","0","0","0","244","244","244","0","0","100","Supertrend bullish | RSI 100.0 > 50 | Volume NaNx | Lolos anti-crash ADX | RISEN N/A","","","","","","","","","","","","","","","","","","","","","","","","","","","","",""
"NUSA","2026-05-22","2026-05-22","558","FULL","50","0","HOLD","-","passive","FALSE","","-","","","-","","UPTREND","NEUTRAL","NEUTRAL","NEUTRAL","UPTREND PREMIUM","N/A","0","FALSE","FALSE","FALSE","LEADING","LEADING (Passive)","0","0","NO VOLUME","50","50","100","0","0","0","50","50","50","0","0","100","Supertrend bullish | RSI 100.0 > 50 | Volume NaNx | Lolos anti-crash ADX | RISEN N/A","","","","","","","","","","","","","","","","","","","","","","","","","","","","",""
"OCAP","2026-05-22","2026-05-22","558","FULL","159","0","HOLD","-","passive","FALSE","","-","","","-","","UPTREND","NEUTRAL","NEUTRAL","NEUTRAL","UPTREND PREMIUM","N/A","0","FALSE","FALSE","FALSE","LEADING","LEADING (Passive)","0","0","NO VOLUME","50","50","100","0","0","0","159","159","159","0","0","100","Supertrend bullish | RSI 100.0 > 50 | Volume NaNx | Lolos anti-crash ADX | RISEN N/A","","","","","","","","","","","","","","","","","","","","","","","","","","","","",""
"PLAS","2026-05-22","2026-05-22","558","FULL","50","0","HOLD","-","passive","FALSE","","-","","","-","","UPTREND","NEUTRAL","NEUTRAL","NEUTRAL","UPTREND PREMIUM","N/A","0","FALSE","FALSE","FALSE","LEADING","LEADING (Passive)","0","0","NO VOLUME","50","50","100","0","0","0","50","50","50","0","0","100","Supertrend bullish | RSI 100.0 > 50 | Volume NaNx | Lolos anti-crash ADX | RISEN N/A","","","","","","","","","","","","","","","","","","","","","","","","","","","","",""
"POOL","2026-05-22","2026-05-22","558","FULL","50","0","HOLD","-","passive","FALSE","","-","","","-","","UPTREND","NEUTRAL","NEUTRAL","NEUTRAL","UPTREND PREMIUM","N/A","0","FALSE","FALSE","FALSE","LEADING","LEADING (Passive)","0","0","NO VOLUME","50","50","100","0","0","0","50","50","50","0","0","100","Supertrend bullish | RSI 100.0 > 50 | Volume NaNx | Lolos anti-crash ADX | RISEN N/A","","","","","","","","","","","","","","","","","","","","","","","","","","","","",""
"POSA","2026-05-22","2026-05-22","558","FULL","50","0","HOLD","-","passive","FALSE","","-","","","-","","UPTREND","NEUTRAL","NEUTRAL","NEUTRAL","UPTREND PREMIUM","N/A","0","FALSE","FALSE","FALSE","LEADING","LEADING (Passive)","0","0","NO VOLUME","50","50","100","0","0","0","50","50","50","0","0","100","Supertrend bullish | RSI 100.0 > 50 | Volume NaNx | Lolos anti-crash ADX | RISEN N/A","","","","","","","","","","","","","","","","","","","","","","","","","","","","",""
"PURE","2026-05-22","2026-05-22","558","FULL","51","0","HOLD","-","passive","FALSE","","-","","","-","","UPTREND","NEUTRAL","NEUTRAL","NEUTRAL","UPTREND PREMIUM","N/A","0","FALSE","FALSE","FALSE","LEADING","LEADING (Passive)","0","0","NO VOLUME","50","50","100","0","0","0","51","51","51","0","0","100","Supertrend bullish | RSI 100.0 > 50 | Volume NaNx | Lolos anti-crash ADX | RISEN N/A","","","","","","","","","","","","","","","","","","","","","","","","","","","","",""
"RIMO","2026-05-22","2026-05-22","558","FULL","50","0","HOLD","-","passive","FALSE","","-","","","-","","UPTREND","NEUTRAL","NEUTRAL","NEUTRAL","UPTREND PREMIUM","N/A","0","FALSE","FALSE","FALSE","LEADING","LEADING (Passive)","0","0","NO VOLUME","50","50","100","0","0","0","50","50","50","0","0","100","Supertrend bullish | RSI 100.0 > 50 | Volume NaNx | Lolos anti-crash ADX | RISEN N/A","","","","","","","","","","","","","","","","","","","","","","","","","","","","",""
"SBAT","2026-05-22","2026-05-22","558","FULL","1","0","AVOID","-","passive","FALSE","","-","","","-","","DOWNTREND","NEUTRAL","NEUTRAL","BEARISH","DOWNTREND PREMIUM","SIDEWAYS","0","FALSE","FALSE","FALSE","LEADING","LEADING (Passive)","0","0","NO VOLUME","50","50","45.46","99.66","0.03","20.53","1","1","1.03","0","0","100","Supertrend bearish | RSI 45.5 lemah | Volume NaNx | Crash filter aktif | RISEN SIDEWAYS","","","","","","","","","","","","","","","","","","","","","","","","","","","","",""
"SCPI","2026-05-22","2026-05-22","558","FULL","29000","0","HOLD","-","passive","FALSE","","-","","","-","","UPTREND","NEUTRAL","NEUTRAL","NEUTRAL","UPTREND PREMIUM","N/A","0","FALSE","FALSE","FALSE","LEADING","LEADING (Passive)","0","0","NO VOLUME","50","50","100","0","0","0","29000","29000","29000","0","0","100","Supertrend bullish | RSI 100.0 > 50 | Volume NaNx | Lolos anti-crash ADX | RISEN N/A","","","","","","","","","","","","","","","","","","","","","","","","","","","","",""
"SIMA","2026-05-22","2026-05-22","558","FULL","50","0","HOLD","-","passive","FALSE","","-","","","-","","UPTREND","NEUTRAL","NEUTRAL","NEUTRAL","UPTREND PREMIUM","N/A","0","FALSE","FALSE","FALSE","LEADING","LEADING (Passive)","0","0","NO VOLUME","50","50","100","0","0","0","50","50","50","0","0","100","Supertrend bullish | RSI 100.0 > 50 | Volume NaNx | Lolos anti-crash ADX | RISEN N/A","","","","","","","","","","","","","","","","","","","","","","","","","","","","",""
"SKYB","2026-05-22","2026-05-22","558","FULL","51","0","HOLD","-","passive","FALSE","","-","","","-","","UPTREND","NEUTRAL","NEUTRAL","NEUTRAL","UPTREND PREMIUM","N/A","0","FALSE","FALSE","FALSE","LEADING","LEADING (Passive)","0","0","NO VOLUME","50","50","100","0","0","0","51","51","51","0","0","100","Supertrend bullish | RSI 100.0 > 50 | Volume NaNx | Lolos anti-crash ADX | RISEN N/A","","","","","","","","","","","","","","","","","","","","","","","","","","","","",""
"SMRU","2026-05-22","2026-05-22","558","FULL","50","0","HOLD","-","passive","FALSE","","-","","","-","","UPTREND","NEUTRAL","NEUTRAL","NEUTRAL","UPTREND PREMIUM","N/A","0","FALSE","FALSE","FALSE","LEADING","LEADING (Passive)","0","0","NO VOLUME","50","50","100","0","0","0","50","50","50","0","0","100","Supertrend bullish | RSI 100.0 > 50 | Volume NaNx | Lolos anti-crash ADX | RISEN N/A","","","","","","","","","","","","","","","","","","","","","","","","","","","","",""
"SRIL","2026-05-22","2026-05-22","558","FULL","146","0","HOLD","-","passive","FALSE","","-","","","-","","UPTREND","NEUTRAL","NEUTRAL","NEUTRAL","UPTREND PREMIUM","N/A","0","FALSE","FALSE","FALSE","LEADING","LEADING (Passive)","0","0","NO VOLUME","50","50","100","0","0","0","146","146","146","0","0","100","Supertrend bullish | RSI 100.0 > 50 | Volume NaNx | Lolos anti-crash ADX | RISEN N/A","","","","","","","","","","","","","","","","","","","","","","","","","","","","",""
"SUGI","2026-05-22","2026-05-22","558","FULL","50","0","HOLD","-","passive","FALSE","","-","","","-","","UPTREND","NEUTRAL","NEUTRAL","NEUTRAL","UPTREND PREMIUM","N/A","0","FALSE","FALSE","FALSE","LEADING","LEADING (Passive)","0","0","NO VOLUME","50","50","100","0","0","0","50","50","50","0","0","100","Supertrend bullish | RSI 100.0 > 50 | Volume NaNx | Lolos anti-crash ADX | RISEN N/A","","","","","","","","","","","","","","","","","","","","","","","","","","","","",""
"SUPA","2026-05-22","2026-05-22","97","IPO / SHORT","840","-0.591715976331361","AVOID","-","passive","FALSE","","-","","","-","","DOWNTREND","BEARISH","BEARISH","BEARISH","STRUCTURE + DISCOUNT","SIDEWAYS","87.85","TRUE","FALSE","FALSE","LEADING","LEADING (Passive)","0.68","0.68","DRY / QUIET","50","50","44.01","8.64","18.57","16.96","857.04","878.27","870.48","25411700","37508225","100","Supertrend bearish | RSI 44.0 lemah | Volume 0.68x | Lolos anti-crash ADX | RISEN SIDEWAYS","","","","","","","","","","","","","","","","","","","","","","","","","","","","",""
"SUPR","2026-05-22","2026-05-22","558","FULL","43850","0","AVOID","-","passive","FALSE","","-","","","-","","DOWNTREND","NEUTRAL","NEUTRAL","NEUTRAL","DOWNTREND PREMIUM","NORMAL UPTREND","0","FALSE","TRUE","FALSE","LEADING","LEADING (Passive)","0","0","NO VOLUME","50","50","0.19","99.61","0.19","99.8","43850","43850","43792.81","0","0","100","Supertrend bearish | RSI 0.2 lemah | Volume NaNx | Crash filter aktif | RISEN NORMAL UPTREND","","","","","","","","","","","","","","","","","","","","","","","","","","","","",""
"TDPM","2026-05-22","2026-05-22","558","FULL","119","0","HOLD","-","passive","FALSE","","-","","","-","","UPTREND","NEUTRAL","NEUTRAL","NEUTRAL","UPTREND PREMIUM","N/A","0","FALSE","FALSE","FALSE","LEADING","LEADING (Passive)","0","0","NO VOLUME","50","50","100","0","0","0","119","119","119","0","0","100","Supertrend bullish | RSI 100.0 > 50 | Volume NaNx | Lolos anti-crash ADX | RISEN N/A","","","","","","","","","","","","","","","","","","","","","","","","","","","","",""
"TECH","2026-05-22","2026-05-22","558","FULL","50","0","HOLD","-","passive","FALSE","","-","","","-","","UPTREND","NEUTRAL","NEUTRAL","NEUTRAL","UPTREND PREMIUM","N/A","0","FALSE","FALSE","FALSE","LEADING","LEADING (Passive)","0","0","NO VOLUME","50","50","100","0","0","0","50","50","50","0","0","100","Supertrend bullish | RSI 100.0 > 50 | Volume NaNx | Lolos anti-crash ADX | RISEN N/A","","","","","","","","","","","","","","","","","","","","","","","","","","","","",""
"TELE","2026-05-22","2026-05-22","558","FULL","9","0","HOLD","-","passive","FALSE","","-","","","-","","UPTREND","NEUTRAL","NEUTRAL","BEARISH","UPTREND PREMIUM","SIDEWAYS","0","FALSE","FALSE","FALSE","LEADING","LEADING (Passive)","0","0","NO VOLUME","50","50","39.56","3.05","30.29","32.2","9","9","9.28","0","0","100","Supertrend bullish | RSI 39.6 lemah | Volume NaNx | Lolos anti-crash ADX | RISEN SIDEWAYS","","","","","","","","","","","","","","","","","","","","","","","","","","","","",""
"TOPS","2026-05-22","2026-05-22","558","FULL","1","0","AVOID","-","passive","FALSE","","-","","","-","","DOWNTREND","NEUTRAL","NEUTRAL","BEARISH","DOWNTREND PREMIUM","SIDEWAYS","0","FALSE","FALSE","FALSE","LEADING","LEADING (Passive)","0","0","NO VOLUME","50","50","42.95","21.92","11.24","7.2","1","1","1.04","0","0","100","Supertrend bearish | RSI 43.0 lemah | Volume NaNx | Lolos anti-crash ADX | RISEN SIDEWAYS","","","","","","","","","","","","","","","","","","","","","","","","","","","","",""
"TOYS","2026-05-22","2026-05-22","558","FULL","8","0","HOLD","-","passive","FALSE","","-","","","-","","UPTREND","NEUTRAL","NEUTRAL","BEARISH","UPTREND PREMIUM","SIDEWAYS","0","FALSE","FALSE","FALSE","LEADING","LEADING (Passive)","0","0","NO VOLUME","50","50","27.99","55.8","20.78","73.25","8","8","8.35","0","0","100","Supertrend bullish | RSI 28.0 lemah | Volume NaNx | Crash filter aktif | RISEN SIDEWAYS","","","","","","","","","","","","","","","","","","","","","","","","","","","","",""
"TRAM","2026-05-22","2026-05-22","558","FULL","50","0","HOLD","-","passive","FALSE","","-","","","-","","UPTREND","NEUTRAL","NEUTRAL","NEUTRAL","UPTREND PREMIUM","N/A","0","FALSE","FALSE","FALSE","LEADING","LEADING (Passive)","0","0","NO VOLUME","50","50","100","0","0","0","50","50","50","0","0","100","Supertrend bullish | RSI 100.0 > 50 | Volume NaNx | Lolos anti-crash ADX | RISEN N/A","","","","","","","","","","","","","","","","","","","","","","","","","","","","",""
"TRIL","2026-05-22","2026-05-22","558","FULL","50","0","HOLD","-","passive","FALSE","","-","","","-","","UPTREND","NEUTRAL","NEUTRAL","NEUTRAL","UPTREND PREMIUM","N/A","0","FALSE","FALSE","FALSE","LEADING","LEADING (Passive)","0","0","NO VOLUME","50","50","100","0","0","0","50","50","50","0","0","100","Supertrend bullish | RSI 100.0 > 50 | Volume NaNx | Lolos anti-crash ADX | RISEN N/A","","","","","","","","","","","","","","","","","","","","","","","","","","","","",""
"TRIO","2026-05-22","2026-05-22","558","FULL","426","0","HOLD","-","passive","FALSE","","-","","","-","","UPTREND","NEUTRAL","NEUTRAL","NEUTRAL","UPTREND PREMIUM","N/A","0","FALSE","FALSE","FALSE","LEADING","LEADING (Passive)","0","0","NO VOLUME","50","50","100","0","0","0","426","426","426","0","0","100","Supertrend bullish | RSI 100.0 > 50 | Volume NaNx | Lolos anti-crash ADX | RISEN N/A","","","","","","","","","","","","","","","","","","","","","","","","","","","","",""
"UNIT","2026-05-22","2026-05-22","558","FULL","316","0","HOLD","-","passive","FALSE","","-","","","-","","UPTREND","NEUTRAL","NEUTRAL","NEUTRAL","UPTREND PREMIUM","N/A","0","FALSE","FALSE","FALSE","LEADING","LEADING (Passive)","0","0","NO VOLUME","50","50","100","0","0","0","316","316","316","0","0","100","Supertrend bullish | RSI 100.0 > 50 | Volume NaNx | Lolos anti-crash ADX | RISEN N/A","","","","","","","","","","","","","","","","","","","","","","","","","","","","",""
"WICO","2026-05-22","2026-05-22","558","FULL","123","0","AVOID","-","passive","FALSE","","-","","","-","","DOWNTREND","NEUTRAL","NEUTRAL","NEUTRAL","DOWNTREND PREMIUM","NORMAL UPTREND","0","FALSE","TRUE","FALSE","LEADING","LEADING (Passive)","0","0","NO VOLUME","50","50","31.93","36.15","31.93","68.07","123","123","122.99","0","0","100","Supertrend bearish | RSI 31.9 lemah | Volume NaNx | Crash filter aktif | RISEN NORMAL UPTREND","","","","","","","","","","","","","","","","","","","","","","","","","","","","",""
"WSKT","2026-05-22","2026-05-22","558","FULL","202","0","HOLD","-","passive","FALSE","","-","","","-","","UPTREND","NEUTRAL","NEUTRAL","NEUTRAL","UPTREND PREMIUM","N/A","0","FALSE","FALSE","FALSE","LEADING","LEADING (Passive)","0","0","NO VOLUME","50","50","100","0","0","0","202","202","202","0","0","100","Supertrend bullish | RSI 100.0 > 50 | Volume NaNx | Lolos anti-crash ADX | RISEN N/A","","","","","","","","","","","","","","","","","","","","","","","","","","","","",""
"FIMP","2026-05-22","2026-05-22","558","FULL","69","0","AVOID","-","passive","FALSE","","SMART SNIPER","2024-12-27","Demand Structure","511d","511","DOWNTREND","NEUTRAL","NEUTRAL","BEARISH","DEMAND STRUCTURE","NORMAL DOWNTREND","0","FALSE","FALSE","FALSE","LEADING","LEADING (Passive)","0","0","NO VOLUME","50","50","37.98","31.81","32.39","62.62","69","69.01","71.39","0","0","78","Supertrend bearish | RSI 38.0 lemah | Volume NaNx | Crash filter aktif | RISEN NORMAL DOWNTREND","Full Grid (1-2-3-4)","100000000","45","43","43","42","0.1","0.2","0.3","0.4","2222","4651","6976","9523","23372","99991700","8300","42.78","42.78","41","51","55","55","8.89","4.17","22.22","28.56","2.5","6.85"
"LMSH","2026-05-22","2026-05-22","558","FULL","256","0","AVOID","-","passive","FALSE","","EARLY SWEEP","2024-12-11","","527d","527","DOWNTREND","NEUTRAL","NEUTRAL","BEARISH","DOWNTREND PREMIUM","SIDEWAYS","0","FALSE","FALSE","FALSE","LEADING","LEADING (Passive)","0","0","NO VOLUME","50","50","16.1","77.46","7.69","60.56","256","256","262.19","0","0","46","Supertrend bearish | RSI 16.1 lemah | Volume NaNx | Crash filter aktif | RISEN SIDEWAYS","Full Grid (1-2-3-4)","100000000","400","380","374","366","0.1","0.2","0.3","0.4","250","526","802","1092","2670","99950000","50000","374.34","374.34","358","464","525","525","10.5","4.37","31.25","40.25","2.98","9.22"
"MTSM","2026-05-22","2026-05-22","558","FULL","500","0","HOLD","-","passive","FALSE","","BETA BREAKOUT","2024-12-11","","527d","527","UPTREND","NEUTRAL","NEUTRAL","BULLISH","UPTREND PREMIUM","SIDEWAYS","0","FALSE","FALSE","FALSE","LEADING","LEADING (Passive)","0","0","NO VOLUME","50","50","49.97","22.32","29.77","46.88","500","500","490.58","0","0","46","Supertrend bullish | RSI 50.0 lemah | Volume NaNx | Lolos anti-crash ADX | RISEN SIDEWAYS","Full Grid (1-2-3-4)","100000000","715","398","324","218","0.1","0.2","0.3","0.4","139","502","925","1834","3400","99869300","130700","293.73","293.84","71","1680","2650","2650","90.07","75.83","270.63","802.18","3","10.58"
"CHEK","2026-05-22","2026-05-22","209","IPO / SHORT","119","0.847457627118644","AVOID","-","passive","FALSE","","-","","","-","","DOWNTREND","BEARISH","BEARISH","BEARISH","DOWNTREND DISCOUNT","NORMAL DOWNTREND","25","TRUE","FALSE","FALSE","LAGGING","LAGGARD (Passive)","0.11","0.11","DRY / QUIET","80","20","30.46","28.06","36.86","20.1","133.28","138.41","157.63","1570000","14515375","0","Supertrend bearish | RSI 30.5 lemah | Volume 0.11x | Lolos anti-crash ADX | RISEN NORMAL DOWNTREND","","","","","","","","","","","","","","","","","","","","","","","","","","","","",""
"MYTX","2026-05-22","2026-05-22","558","FULL","41","-8.88888888888889","AVOID","-","passive","FALSE","","BETA BREAKOUT","2025-01-07","","500d","500","DOWNTREND","BEARISH","BEARISH","BEARISH","DOWNTREND DISCOUNT","NORMAL UPTREND","0","FALSE","TRUE","FALSE","LAGGING","LAGGARD (Passive)","0.57","0.57","DRY / QUIET","50","50","37.4","21.11","28.7","36.82","53.55","52.83","45.44","192200","339270","0","Supertrend bearish | RSI 37.4 lemah | Volume 0.57x | Lolos anti-crash ADX | RISEN NORMAL UPTREND","Full Grid (1-2-3-4)","100000000","37","29","26","24","0.1","0.2","0.3","0.4","2702","6896","11538","16666","37802","99993000","7000","26.45","26.45","20","63","88","88","45.95","24.39","137.84","232.68","3","9.54"
"PJHB","2026-05-22","2026-05-22","126","IPO / SHORT","188","1.6216216216216217","AVOID","-","passive","FALSE","","-","","","-","","DOWNTREND","BEARISH","BEARISH","BEARISH","STRUCTURE + DISCOUNT","NORMAL DOWNTREND","45.74","TRUE","FALSE","FALSE","LAGGING","LAGGARD (Passive)","0.5","0.5","DRY / QUIET","70","30","32.34","14.59","17.4","29.15","215.96","234.78","332.34","2094100","4162205","0","Supertrend bearish | RSI 32.3 lemah | Volume 0.5x | Lolos anti-crash ADX | RISEN NORMAL DOWNTREND","","","","","","","","","","","","","","","","","","","","","","","","","","","","",""
"RLCO","2026-05-22","2026-05-22","104","IPO / SHORT","2960","14.728682170542637","AVOID","-","passive","FALSE","","-","","","-","","DOWNTREND","BEARISH","BEARISH","BEARISH","DOWNTREND DISCOUNT","SIDEWAYS","49.66","TRUE","FALSE","FALSE","LAGGING","LAGGARD (Passive)","0.92","0.92","NORMAL","87.5","12.5","27.21","35.26","8.61","46.65","4448.5","5040.39","3485.42","1531500","1668745","0","Supertrend bearish | RSI 27.2 lemah | Volume 0.92x | Crash filter aktif | RISEN SIDEWAYS","","","","","","","","","","","","","","","","","","","","","","","","","","","","",""
"MFMI","2026-05-22","2026-05-22","558","FULL","1300","0","HOLD","-","passive","FALSE","","BETA BREAKOUT","2024-10-25","","574d","574","UPTREND","NEUTRAL","NEUTRAL","BULLISH","UPTREND PREMIUM","SIDEWAYS","0","FALSE","FALSE","FALSE","LEADING","LEADING (Passive)","0","0","NO VOLUME","50","50","85.45","70.31","75.58","13.18","1300","1300","1283.74","0","0","-48","Supertrend bullish | RSI 85.5 > 50 | Volume NaNx | Lolos anti-crash ADX | RISEN SIDEWAYS","Full Grid (1-2-3-4)","100000000","1100","990","965","925","0.1","0.2","0.3","0.4","90","202","310","432","1034","99773000","227000","964.92","965.03","870","1445","1790","1790","20.91","9.84","62.73","85.51","3","8.69"
"ALMI","2026-05-22","2026-05-22","558","FULL","74","0","AVOID","-","passive","FALSE","","SMART SNIPER","2024-10-18","Discount Only","581d","581","DOWNTREND","NEUTRAL","NEUTRAL","BEARISH","DOWNTREND PREMIUM","SIDEWAYS","0","FALSE","FALSE","FALSE","LEADING","LEADING (Passive)","0","0","NO VOLUME","50","50","52.05","13.85","47.25","35.75","74","74","74.56","0","0","-62","Supertrend bearish | RSI 52.0 > 50 | Volume NaNx | Lolos anti-crash ADX | RISEN SIDEWAYS","Full Grid (1-2-3-4)","100000000","75","69","68","66","0.1","0.2","0.3","0.4","1333","2898","4411","6060","14702","99984500","15500","68.01","68.01","62","100","194","194","17.33","8.83","158.67","185.26","9.15","20.97"
"PTDU","2026-05-22","2026-05-22","558","FULL","70","0","AVOID","-","passive","FALSE","","SMART SNIPER","2024-10-18","Discount Only","581d","581","DOWNTREND","NEUTRAL","BEARISH","BULLISH","DOWNTREND DISCOUNT","SIDEWAYS","0","FALSE","FALSE","FALSE","LEADING","LEADING (Passive)","0","0","NO VOLUME","50","50","38.23","27.01","28.49","49.29","70.05","71.53","59.64","0","0","-62","Supertrend bearish | RSI 38.2 lemah | Volume NaNx | Lolos anti-crash ADX | RISEN SIDEWAYS","Full Grid (1-2-3-4)","100000000","22","16","15","13","0.1","0.2","0.3","0.4","4545","12500","20000","30769","67814","99998700","1300","14.75","14.75","10","40","58","58","54.55","32.19","163.64","293.33","3","9.11"
"SMCB","2026-05-22","2026-05-22","558","FULL","775","0","HOLD","-","passive","FALSE","","EARLY SWEEP","2024-10-10","","589d","589","UPTREND","NEUTRAL","NEUTRAL","BEARISH","UPTREND PREMIUM","SIDEWAYS","0","FALSE","FALSE","FALSE","LEADING","LEADING (Passive)","0","0","NO VOLUME","50","50","64.76","30.17","51.18","27.45","775","775","779.76","0","0","-78","Supertrend bullish | RSI 64.8 > 50 | Volume NaNx | Lolos anti-crash ADX | RISEN SIDEWAYS","Full Grid (1-2-3-4)","100000000","1400","1345","1330","1310","0.1","0.2","0.3","0.4","71","148","225","305","749","99726000","274000","1331.46","1331.5","1280","1580","1760","1760","8.57","3.86","25.71","32.19","3","8.33"
"SFAN","2026-05-22","2026-05-22","558","FULL","1955","0","AVOID","-","passive","FALSE","","V-SHAPE","2024-09-04","","625d","625","DOWNTREND","NEUTRAL","BULLISH","BULLISH","DEMAND STRUCTURE","SIDEWAYS","45.07","TRUE","FALSE","FALSE","LEADING","LEADING (Passive)","0.91","0.91","NORMAL","100","0","55.62","27.88","20.53","30.1","1951.12","1941.39","1925.94","47600","52365","-150","Supertrend bearish | RSI 55.6 > 50 | Volume 0.91x | Lolos anti-crash ADX | RISEN SIDEWAYS","Full Grid (1-2-3-4)","100000000","1820","1810","1805","1800","0.1","0.2","0.3","0.4","54","110","166","222","552","99661000","339000","1805.45","1805.48","1795","1860","2050","2050","1.37","0.58","12.64","13.54","9.2","23.4"
"PPRO","2026-05-22","2026-05-22","558","FULL","15","-6.25","AVOID","-","passive","FALSE","","EARLY SWEEP","2024-10-09","","590d","590","DOWNTREND","BEARISH","BEARISH","BEARISH","DOWNTREND DISCOUNT","NORMAL UPTREND","0","FALSE","TRUE","FALSE","LAGGING","LAGGARD (Passive)","0.7","0.7","DRY / QUIET","50","50","21.59","47.99","7.45","44.75","20.02","22.93","23.1","33809000","48459300","-180","Supertrend bearish | RSI 21.6 lemah | Volume 0.7x | Crash filter aktif | RISEN NORMAL UPTREND","Full Grid (1-2-3-4)","100000000","12","10","9","8","0.1","0.2","0.3","0.4","8333","20000","33333","50000","111666","99999300","700","8.96","8.96","7","20","27","27","41.67","21.83","125","201.5","3","9.23"
"IPPE","2026-05-22","2026-05-22","558","FULL","14","0","HOLD","-","passive","FALSE","","SMART SNIPER","2024-08-09","Discount Only","651d","651","UPTREND","NEUTRAL","NEUTRAL","BEARISH","UPTREND PREMIUM","SIDEWAYS","0","FALSE","FALSE","FALSE","LEADING","LEADING (Passive)","0","0","NO VOLUME","50","50","59.01","24.17","28.35","17.31","14","14","14.22","0","0","-202","Supertrend bullish | RSI 59.0 > 50 | Volume NaNx | Lolos anti-crash ADX | RISEN SIDEWAYS","Full Grid (1-2-3-4)","100000000","12","11","11","10","0.1","0.2","0.3","0.4","8333","18181","27272","40000","93786","99997900","2100","10.66","10.66","10","15","18","18","16.67","6.21","50","68.82","3","11.08"
"INAF","2026-05-22","2026-05-22","558","FULL","126","0","AVOID","-","passive","FALSE","","EARLY SWEEP","2024-05-22","","730d","730","DOWNTREND","NEUTRAL","NEUTRAL","BEARISH","DOWNTREND PREMIUM","SIDEWAYS","0","FALSE","FALSE","FALSE","LEADING","LEADING (Passive)","0","0","NO VOLUME","50","50","25.91","42.37","27.88","68.88","126","126","128.62","0","0","-360","Supertrend bearish | RSI 25.9 lemah | Volume NaNx | Crash filter aktif | RISEN SIDEWAYS","Full Grid (1-2-3-4)","100000000","436","408","402","392","0.1","0.2","0.3","0.4","229","490","746","1020","2485","99949600","50400","402.21","402.22","376","525","615","615","13.76","6.52","41.06","52.9","2.98","8.12"
"POLL","2026-05-22","2026-05-22","558","FULL","112","0","AVOID","-","passive","FALSE","","EARLY SWEEP","2024-04-19","","763d","763","DOWNTREND","NEUTRAL","NEUTRAL","BEARISH","DEMAND STRUCTURE","SIDEWAYS","0","FALSE","FALSE","FALSE","LEADING","LEADING (Passive)","0","0","NO VOLUME","50","50","41.32","10.98","15.43","19.24","112","112","112.29","0","0","-426","Supertrend bearish | RSI 41.3 lemah | Volume NaNx | Lolos anti-crash ADX | RISEN SIDEWAYS","Full Grid (1-2-3-4)","100000000","148","145","144","143","0.1","0.2","0.3","0.4","675","1379","2083","2797","6934","99977800","22200","144.18","144.19","140","162","178","178","5.41","2.9","20.27","23.45","3.75","8.08"
"ARTI","2026-05-22","2026-05-22","558","FULL","2","0","AVOID","-","passive","FALSE","","EARLY SWEEP","2024-03-13","","800d","800","DOWNTREND","NEUTRAL","NEUTRAL","BEARISH","DEMAND STRUCTURE","SIDEWAYS","0","FALSE","FALSE","FALSE","LEADING","LEADING (Passive)","0","0","NO VOLUME","50","50","39.83","94.97","1.35","52.41","2","2","2.02","0","0","-500","Supertrend bearish | RSI 39.8 lemah | Volume NaNx | Crash filter aktif | RISEN SIDEWAYS","Full Grid (1-2-3-4)","100000000","5","5","4","4","0.1","0.2","0.3","0.4","20000","40000","75000","100000","235000","100000000","0","4.26","4.26","4","7","8","8","20","6","60","88","3","14.67"
