"Ticker","Date","LatestAvailableDate","HistoryBars","HistoryQuality","Price","ChangePct","Signal","ActiveSignals","SignalGroup","ActiveSignal","SniperLocation","LastActiveSignals","LastActiveDate","LastSniperLocation","SignalAgeLabel","AgeDays","Trend","TrendShort","TrendMedium","TrendLong","Structure","Regime","RisenScore","RisenInsideRolling","RisenRecentUpBreak","RisenVolSurge","Quadrant","AlphaStatus","RVol","VolPower","VolRegime","XRayBuyPowerPct","XRaySellPowerPct","RSI","ADX","PlusDI","MinusDI","EMA21","EMA50","EMA200","Volume","VolumeSMA20","Score","LogicNotes","Strategy","PortfolioCapital","Buy1","Buy2","Buy3","Buy4","Weight1","Weight2","Weight3","Weight4","Lot1","Lot2","Lot3","Lot4","TotalLots","TotalDeployed","CashLeft","AvgEntry","TheoreticalAvgEntry","StopLoss","TP1","TP2","TP2Fib","RiskBuy1Pct","RiskAvgPct","UpsideBuy1Pct","UpsideAvgPct","RewardRiskBuy1","RewardRiskAvg"
"GRIA","2026-05-25","2026-05-25","559","FULL","156","34.48275862068966","SMART GAMMA","SMART GAMMA","momentum","TRUE","","SMART GAMMA","2026-05-25","","NEW","0","UPTREND","BULLISH","BULLISH","BULLISH","UPTREND PREMIUM","EXPLOSIVE BULL","0","FALSE","TRUE","TRUE","LEADING","LEADING (Gamma)","7.5","7.5","VOLUME SURGE","100","0","82.34","42.39","49.61","8.73","113.56","109.28","108.43","92316300","12313425","5220","Supertrend bullish | RSI 82.3 > 50 | Volume valid 7.5x | Lolos anti-crash ADX | RISEN EXPLOSIVE BULL","Full Grid (1-2-3-4)","100000000","156","123","115","104","0.1","0.2","0.3","0.4","641","1626","2608","3846","8721","99989800","10200","114.65","114.65","88","258","360","360","43.59","23.25","130.77","213.99","3","9.2"
"GULA","2026-05-25","2026-05-25","559","FULL","458","8.018867924528301","SMART GAMMA","SMART GAMMA","momentum","TRUE","","SMART GAMMA","2026-05-25","","NEW","0","UPTREND","BULLISH","BULLISH","BULLISH","UPTREND PREMIUM","EXPLOSIVE BULL","0","FALSE","TRUE","TRUE","LEADING","LEADING (Gamma)","2.27","2.27","VOLUME SURGE","100","0","74.24","25.97","34.24","13.6","398.45","371.45","351.43","78771600","34722765","5220","Supertrend bullish | RSI 74.2 > 50 | Volume valid 2.27x | Lolos anti-crash ADX | RISEN EXPLOSIVE BULL","Full Grid (1-2-3-4)","100000000","458","378","360","332","0.1","0.2","0.3","0.4","218","529","833","1204","2784","99941400","58600","358.98","358.99","294","705","950","950","35.81","18.1","107.42","164.64","3","9.09"
"MPMX","2026-05-25","2026-05-25","559","FULL","1035","4.0201005025125625","SMART GAMMA","SMART GAMMA","momentum","TRUE","","SMART GAMMA","2026-05-25","","NEW","0","UPTREND","BULLISH","BULLISH","BULLISH","DEMAND STRUCTURE","EXPLOSIVE BULL","0","FALSE","TRUE","TRUE","LEADING","LEADING (Gamma)","2.23","2.23","VOLUME SURGE","100","0","65.44","19.19","25.33","16.33","1003.2","999.92","987.9","8738800","3922980","5220","Supertrend bullish | RSI 65.4 > 50 | Volume valid 2.23x | Lolos anti-crash ADX | RISEN EXPLOSIVE BULL","Full Grid (1-2-3-4)","100000000","1035","1005","1000","990","0.1","0.2","0.3","0.4","96","199","300","404","999","99931500","68500","1000.32","1000.34","970","1135","1250","1250","6.28","3.03","20.77","24.96","3.31","8.24"
"MBSS","2026-05-25","2026-05-25","559","FULL","2480","15.887850467289718","SMART GAMMA","SMART GAMMA","momentum","TRUE","","SMART GAMMA","2026-05-25","","NEW","0","UPTREND","BULLISH","BULLISH","BULLISH","UPTREND","EXPLOSIVE BULL","35.78","TRUE","TRUE","TRUE","LEADING","LEADING (Gamma)","1.67","1.67","EXPANSION","87.8","12.2","61.82","25.54","29.22","18.78","2183.34","2072.25","1825.72","8381800","5027270","5200","Supertrend bullish | RSI 61.8 > 50 | Volume valid 1.67x | Lolos anti-crash ADX | RISEN EXPLOSIVE BULL","Full Grid (1-2-3-4)","100000000","2480","2150","2070","1960","0.1","0.2","0.3","0.4","40","93","144","204","481","99707000","293000","2072.91","2073.16","1780","3530","4580","4580","28.23","14.13","84.68","120.95","3","8.56"
"TALF","2026-05-25","2026-05-25","559","FULL","975","25","BETA BREAKOUT","BETA BREAKOUT","breakout","TRUE","","BETA BREAKOUT","2026-05-25","","NEW","0","UPTREND","BULLISH","BULLISH","BULLISH","UPTREND PREMIUM","EXPLOSIVE BULL","18.98","TRUE","TRUE","TRUE","LEADING","LEADING (Beta)","2.95","2.95","VOLUME SURGE","100","0","66.93","33.75","35.41","12.13","730.81","688.9","557","1149100","389555","5020","Supertrend bullish | RSI 66.9 > 50 | Volume valid 2.95x | Lolos anti-crash ADX | RISEN EXPLOSIVE BULL","Full Grid (1-2-3-4)","100000000","975","795","750","690","0.1","0.2","0.3","0.4","102","251","400","579","1332","99850500","149500","749.63","749.71","590","1555","2130","2130","39.49","21.29","118.46","184.14","3","8.65"
"ASII","2026-05-25","2026-05-25","559","FULL","5600","3.7037037037037033","V-SHAPE","V-SHAPE","reversal","TRUE","","V-SHAPE","2026-05-25","","NEW","0","DOWNTREND","BEARISH","BEARISH","BEARISH","STRUCTURE + DISCOUNT","CRASH / SELL-OFF","12.66","TRUE","FALSE","TRUE","WEAKENING","WEAKENING (V-Shape)","2.34","2.34","VOLUME SURGE","91.67","8.33","41.23","13.29","14.66","28.42","5893.41","6079.88","6030","92115700","39406025","4870","Supertrend bearish | RSI 41.2 lemah | Volume valid 2.34x | Lolos anti-crash ADX | RISEN CRASH / SELL-OFF","Full Grid (1-2-3-4)","100000000","5600","5450","5425","5375","0.1","0.2","0.3","0.4","17","36","55","74","182","98752500","1247500","5425.96","5426.74","5250","6125","6750","6750","6.25","3.24","20.54","24.4","3.29","7.52"
"CENT","2026-05-25","2026-05-25","559","FULL","82","7.894736842105263","V-SHAPE","V-SHAPE","reversal","TRUE","","V-SHAPE","2026-05-25","","NEW","0","DOWNTREND","BEARISH","BEARISH","BEARISH","STRUCTURE + DISCOUNT","CRASH / SELL-OFF","0","TRUE","FALSE","TRUE","LAGGING","LAGGARD (V-Shape)","2.53","2.53","VOLUME SURGE","33.33","66.67","35.29","20.81","17.84","23.97","93.71","102.8","113.33","18729500","7417045","4870","Supertrend bearish | RSI 35.3 lemah | Volume valid 2.53x | Lolos anti-crash ADX | RISEN CRASH / SELL-OFF","Full Grid (1-2-3-4)","100000000","82","77","75","73","0.1","0.2","0.3","0.4","1219","2597","4000","5479","13295","99989400","10600","75.21","75.21","69","109","112","112","15.85","8.25","36.59","48.92","2.31","5.93"
"DMMX","2026-05-25","2026-05-25","559","FULL","178","1.7142857142857144","V-SHAPE","V-SHAPE","reversal","TRUE","","V-SHAPE","2026-05-25","","NEW","0","DOWNTREND","BEARISH","BEARISH","BEARISH","DOWNTREND DISCOUNT","CRASH / SELL-OFF","13.25","TRUE","FALSE","TRUE","LAGGING","LAGGARD (V-Shape)","8.85","8.85","VOLUME SURGE","21.05","78.95","24.6","14.93","19.94","20.67","205.43","224.95","290.82","3984800","450235","4870","Supertrend bearish | RSI 24.6 lemah | Volume valid 8.85x | Lolos anti-crash ADX | RISEN CRASH / SELL-OFF","Full Grid (1-2-3-4)","100000000","178","174","173","172","0.1","0.2","0.3","0.4","561","1149","1734","2325","5769","99966600","33400","173.28","173.28","167","204","212","212","6.18","3.63","19.1","22.34","3.09","6.16"
"POLI","2026-05-25","2026-05-25","559","FULL","905","11.728395061728394","V-SHAPE","V-SHAPE","reversal","TRUE","","V-SHAPE","2026-05-25","","NEW","0","DOWNTREND","BEARISH","BEARISH","BEARISH","STRUCTURE + DISCOUNT","CRASH / SELL-OFF","26.25","TRUE","FALSE","TRUE","LAGGING","LAGGARD (V-Shape)","2.75","2.75","VOLUME SURGE","58.54","41.46","38.25","28.28","32.42","26.28","1045.52","1091.79","984.6","100000","36410","4870","Supertrend bearish | RSI 38.3 lemah | Volume valid 2.75x | Lolos anti-crash ADX | RISEN CRASH / SELL-OFF","Full Grid (1-2-3-4)","100000000","905","835","820","795","0.1","0.2","0.3","0.4","110","239","365","503","1217","99830000","170000","820.3","820.33","740","1155","1400","1400","18.23","9.79","54.7","70.67","3","7.22"
"CARS","2026-05-25","2026-05-25","559","FULL","94","13.253012048192772","SMART SNIPER","SMART SNIPER","reversal","TRUE","Structure + Discount","SMART SNIPER","2026-05-25","Structure + Discount","NEW","0","UPTREND","BULLISH","BEARISH","BEARISH","STRUCTURE + DISCOUNT","SIDEWAYS","3.94","TRUE","FALSE","TRUE","LEADING","LEADING (Sniper)","2.5","2.5","VOLUME SURGE","81.82","18.18","52.3","17.71","23.21","26.48","91.72","95.7","104.88","28762100","11514775","4770","Supertrend bullish | RSI 52.3 > 50 | Volume valid 2.5x | Lolos anti-crash ADX | RISEN SIDEWAYS","Full Grid (1-2-3-4)","100000000","94","85","82","79","0.1","0.2","0.3","0.4","1063","2352","3658","5063","12136","99977500","22500","82.38","82.38","74","124","154","154","21.28","10.17","63.83","86.94","3","8.55"
"LAJU","2026-05-25","2026-05-25","559","FULL","77","28.333333333333332","SMART SNIPER","SMART SNIPER","reversal","TRUE","Structure + Discount","SMART SNIPER","2026-05-25","Structure + Discount","NEW","0","UPTREND","BULLISH","BEARISH","BULLISH","STRUCTURE + DISCOUNT","SIDEWAYS","9.2","TRUE","FALSE","TRUE","LEADING","LEADING (Sniper)","5.39","5.39","VOLUME SURGE","85","15","50.25","22.99","28.52","26.78","75.6","79.16","74.71","171759900","31850700","4770","Supertrend bullish | RSI 50.3 > 50 | Volume valid 5.39x | Lolos anti-crash ADX | RISEN SIDEWAYS","Full Grid (1-2-3-4)","100000000","77","66","63","59","0.1","0.2","0.3","0.4","1298","3030","4761","6779","15868","99983000","17000","63.01","63.01","53","113","149","149","31.17","15.89","93.51","136.47","3","8.59"
"MASB","2026-05-25","2026-05-25","559","FULL","3350","0.9036144578313252","SMART SNIPER","SMART SNIPER","reversal","TRUE","Demand Structure","SMART SNIPER","2026-05-25","Demand Structure","NEW","0","UPTREND","BULLISH","BULLISH","BULLISH","DEMAND STRUCTURE","SIDEWAYS","0","FALSE","FALSE","FALSE","LEADING","LEADING (Sniper)","1.8","1.8","EXPANSION","100","0","61.98","23.66","42.71","20.1","3257.28","3244.16","3263.38","12700","7045","4750","Supertrend bullish | RSI 62.0 > 50 | Volume valid 1.8x | Lolos anti-crash ADX | RISEN SIDEWAYS","Full Grid (1-2-3-4)","100000000","3350","3200","3160","3110","0.1","0.2","0.3","0.4","29","62","94","128","313","99067000","933000","3165.08","3165.51","3040","3820","4280","4280","9.25","3.95","27.76","35.23","3","8.91"
"BMSR","2026-05-25","2026-05-25","559","FULL","318","12.76595744680851","V-SHAPE","V-SHAPE","reversal","TRUE","","V-SHAPE","2026-05-25","","NEW","0","UPTREND","BULLISH","BEARISH","BULLISH","DEMAND STRUCTURE","SIDEWAYS","32.24","TRUE","FALSE","TRUE","LEADING","LEADING (V-Shape)","2.84","2.84","VOLUME SURGE","72","28","49.57","32.05","27.61","17.08","316.99","322.09","312.32","142500","50090","4570","Supertrend bullish | RSI 49.6 lemah | Volume valid 2.84x | Lolos anti-crash ADX | RISEN SIDEWAYS","Full Grid (1-2-3-4)","100000000","318","300","296","290","0.1","0.2","0.3","0.4","314","666","1013","1379","3372","99941000","59000","296.38","296.39","278","378","438","438","12.58","6.2","37.74","47.78","3","7.7"
"ZYRX","2026-05-25","2026-05-25","559","FULL","137","4.580152671755725","V-SHAPE","V-SHAPE","reversal","TRUE","","V-SHAPE","2026-05-25","","NEW","0","DOWNTREND","BEARISH","BEARISH","BEARISH","STRUCTURE + DISCOUNT","SIDEWAYS","44.75","TRUE","FALSE","TRUE","LEADING","LEADING (V-Shape)","2.94","2.94","VOLUME SURGE","66.67","33.33","43","22.33","15.69","23.69","139.92","144.58","148.84","2177400","740710","4570","Supertrend bearish | RSI 43.0 lemah | Volume valid 2.94x | Lolos anti-crash ADX | RISEN SIDEWAYS","Full Grid (1-2-3-4)","100000000","137","132","131","129","0.1","0.2","0.3","0.4","729","1515","2290","3100","7634","99974300","25700","130.96","130.96","125","155","158","158","8.76","4.55","15.33","20.65","1.75","4.54"
"SOFA","2026-05-25","2026-05-25","559","FULL","370","9.467455621301776","V-SHAPE","V-SHAPE","reversal","TRUE","","V-SHAPE","2026-05-25","","NEW","0","DOWNTREND","BEARISH","BEARISH","BULLISH","DEMAND STRUCTURE","NORMAL DOWNTREND","33.01","TRUE","FALSE","FALSE","LEADING","LEADING (V-Shape)","1.47","1.47","EXPANSION","100","0","42.93","27","15.64","29.43","387.93","418.21","334.68","7109100","4829655","4550","Supertrend bearish | RSI 42.9 lemah | Volume valid 1.47x | Lolos anti-crash ADX | RISEN NORMAL DOWNTREND","Full Grid (1-2-3-4)","100000000","370","332","322","308","0.1","0.2","0.3","0.4","270","602","931","1298","3101","99933000","67000","322.26","322.26","284","500","515","515","23.24","11.87","39.19","59.81","1.69","5.04"
"SPMA","2026-05-25","2026-05-25","559","FULL","212","4.9504950495049505","V-SHAPE","V-SHAPE","reversal","TRUE","","V-SHAPE","2026-05-25","","NEW","0","DOWNTREND","BULLISH","BEARISH","BEARISH","STRUCTURE + DISCOUNT","SIDEWAYS","71.18","TRUE","FALSE","FALSE","LEADING","LEADING (V-Shape)","1.46","1.46","EXPANSION","33.33","66.67","50.72","18.05","17.39","14.3","210.29","215.91","247.78","715400","490820","4550","Supertrend bearish | RSI 50.7 > 50 | Volume valid 1.46x | Lolos anti-crash ADX | RISEN SIDEWAYS","Full Grid (1-2-3-4)","100000000","212","208","206","204","0.1","0.2","0.3","0.4","471","961","1456","1960","4848","99951600","48400","206.17","206.17","200","230","232","232","5.66","2.99","9.43","12.53","1.67","4.19"
"BKDP","2026-05-25","2026-05-25","559","FULL","114","9.615384615384617","BETA BREAKOUT","BETA BREAKOUT","breakout","TRUE","","BETA BREAKOUT","2026-05-25","","NEW","0","UPTREND","BULLISH","BULLISH","BULLISH","UPTREND PREMIUM","NORMAL UPTREND","10.62","TRUE","TRUE","FALSE","LEADING","LEADING (Beta)","1.62","1.62","EXPANSION","100","0","73.16","45.98","44.05","17.7","90.96","76.86","57.2","7608100","4710530","4500","Supertrend bullish | RSI 73.2 > 50 | Volume valid 1.62x | Lolos anti-crash ADX | RISEN NORMAL UPTREND","Full Grid (1-2-3-4)","100000000","114","78","70","57","0.1","0.2","0.3","0.4","877","2564","4285","7017","14743","99988900","11100","67.82","67.82","41","224","334","334","64.04","39.55","192.98","392.47","3.01","9.92"
"HEXA","2026-05-25","2026-05-25","559","FULL","4470","2.054794520547945","BETA BREAKOUT","BETA BREAKOUT","breakout","TRUE","","BETA BREAKOUT","2026-05-25","","NEW","0","UPTREND","BULLISH","BULLISH","BEARISH","DEMAND STRUCTURE","SIDEWAYS","28.33","TRUE","FALSE","FALSE","LEADING","LEADING (Beta)","1.61","1.61","EXPANSION","83.33","16.67","52.73","22.71","23.8","29.92","4446.56","4448.81","4607.16","332200","205890","4500","Supertrend bullish | RSI 52.7 > 50 | Volume valid 1.61x | Lolos anti-crash ADX | RISEN SIDEWAYS","Full Grid (1-2-3-4)","100000000","4470","4390","4360","4340","0.1","0.2","0.3","0.4","22","45","68","92","227","99165000","835000","4368.5","4368.67","4290","4740","5225","5225","4.03","1.8","16.89","19.61","4.19","10.91"
"LMAX","2026-05-25","2026-05-25","559","FULL","117","9.345794392523365","V-SHAPE","V-SHAPE","reversal","TRUE","","V-SHAPE","2026-05-25","","NEW","0","DOWNTREND","BEARISH","BEARISH","BEARISH","STRUCTURE + DISCOUNT","NORMAL DOWNTREND","33.89","TRUE","FALSE","FALSE","LAGGING","LAGGARD (V-Shape)","1.45","1.45","EXPANSION","100","0","31.75","22.67","10.26","31.76","144.92","153.32","127.26","967700","667645","4450","Supertrend bearish | RSI 31.8 lemah | Volume valid 1.45x | Lolos anti-crash ADX | RISEN NORMAL DOWNTREND","Full Grid (1-2-3-4)","100000000","117","112","110","108","0.1","0.2","0.3","0.4","854","1785","2727","3703","9069","99973200","26800","110.24","110.24","103","138","141","141","11.97","6.56","20.51","27.91","1.71","4.25"
"YPAS","2026-05-25","2026-05-25","559","FULL","655","10.084033613445378","V-SHAPE","V-SHAPE","reversal","TRUE","","V-SHAPE","2026-05-25","","NEW","0","DOWNTREND","BEARISH","BEARISH","BEARISH","STRUCTURE + DISCOUNT","NORMAL UPTREND","21.29","TRUE","TRUE","FALSE","LAGGING","LAGGARD (V-Shape)","1.6","1.6","EXPANSION","34.62","65.38","31.32","24.75","22.58","30.81","981.71","1029.85","731.93","689700","431075","4450","Supertrend bearish | RSI 31.3 lemah | Volume valid 1.6x | Lolos anti-crash ADX | RISEN NORMAL UPTREND","Full Grid (1-2-3-4)","100000000","655","615","605","590","0.1","0.2","0.3","0.4","152","325","495","677","1649","99834000","166000","605.42","605.43","550","815","970","970","16.03","9.15","48.09","60.22","3","6.58"
"BCAP","2026-05-25","2026-05-25","559","FULL","51","2","EARLY SWEEP","EARLY SWEEP","reversal","TRUE","","EARLY SWEEP","2026-05-25","","NEW","0","DOWNTREND","BEARISH","BEARISH","BEARISH","STRUCTURE + DISCOUNT","SIDEWAYS","92.86","TRUE","FALSE","FALSE","LEADING","LEADING (Early)","0.33","0.33","DRY / QUIET","100","0","47.46","37.61","18.35","8.11","51.22","52.2","55.76","13994100","42682200","4100","Supertrend bearish | RSI 47.5 lemah | Volume 0.33x | Lolos anti-crash ADX | RISEN SIDEWAYS","Full Grid (1-2-3-4)","100000000","59","55","54","53","0.1","0.2","0.3","0.4","1694","3636","5555","7547","18432","99988700","11300","54.25","54.25","51","71","83","83","13.56","5.99","40.68","53","3","8.85"
"BINA","2026-05-25","2026-05-25","559","FULL","3970","0.25252525252525254","EARLY SWEEP","EARLY SWEEP","reversal","TRUE","","EARLY SWEEP","2026-05-25","","NEW","0","DOWNTREND","BEARISH","BEARISH","BEARISH","DOWNTREND DISCOUNT","NORMAL DOWNTREND","47.15","TRUE","FALSE","FALSE","LEADING","LEADING (Early)","1.53","1.53","EXPANSION","100","0","39.09","24.23","13.76","15.03","4067.25","4212.38","4379.56","348700","227455","4100","Supertrend bearish | RSI 39.1 lemah | Volume valid 1.53x | Lolos anti-crash ADX | RISEN NORMAL DOWNTREND","Full Grid (1-2-3-4)","100000000","4500","4370","4330","4290","0.1","0.2","0.3","0.4","22","45","69","93","229","99339000","661000","4337.95","4338.15","4220","4920","5400","5400","6.22","2.72","20","24.48","3.21","9"
"BMBL","2026-05-25","2026-05-25","559","FULL","34","6.25","EARLY SWEEP","EARLY SWEEP","reversal","TRUE","","EARLY SWEEP","2026-05-25","","NEW","0","DOWNTREND","BEARISH","BEARISH","BEARISH","STRUCTURE + DISCOUNT","SIDEWAYS","67.05","TRUE","FALSE","FALSE","LEADING","LEADING (Early)","0.68","0.68","DRY / QUIET","75","25","43.59","22.81","17.77","19.95","35.45","37.95","41.01","5041100","7466050","4100","Supertrend bearish | RSI 43.6 lemah | Volume 0.68x | Lolos anti-crash ADX | RISEN SIDEWAYS","Full Grid (1-2-3-4)","100000000","36","32","31","30","0.1","0.2","0.3","0.4","2777","6250","9677","13333","32037","99994900","5100","31.21","31.21","27","50","63","63","25","13.5","75","101.84","3","7.55"
"CAKK","2026-05-25","2026-05-25","559","FULL","159","6.7114093959731544","EARLY SWEEP","EARLY SWEEP","reversal","TRUE","","EARLY SWEEP","2026-05-25","","NEW","0","DOWNTREND","BULLISH","BEARISH","BEARISH","STRUCTURE + DISCOUNT","NORMAL DOWNTREND","43.04","TRUE","FALSE","FALSE","LEADING","LEADING (Early)","0.4","0.4","DRY / QUIET","100","0","49.55","15.2","17.24","21.11","158.36","162.73","164.11","148000","374435","4100","Supertrend bearish | RSI 49.5 lemah | Volume 0.4x | Lolos anti-crash ADX | RISEN NORMAL DOWNTREND","Full Grid (1-2-3-4)","100000000","158","153","152","150","0.1","0.2","0.3","0.4","632","1307","1973","2666","6578","99962300","37700","151.96","151.97","147","175","193","193","6.96","3.27","22.15","27","3.18","8.27"
"CRAB","2026-05-25","2026-05-25","559","FULL","206","1.9801980198019802","EARLY SWEEP","EARLY SWEEP","reversal","TRUE","","EARLY SWEEP","2026-05-25","","NEW","0","DOWNTREND","BEARISH","BEARISH","BEARISH","STRUCTURE + DISCOUNT","SIDEWAYS","66.25","TRUE","FALSE","FALSE","LEADING","LEADING (Early)","0.94","0.94","NORMAL","100","0","43.73","18.36","14.39","21.64","208.95","218.48","242.16","1118300","1186830","4100","Supertrend bearish | RSI 43.7 lemah | Volume 0.94x | Lolos anti-crash ADX | RISEN SIDEWAYS","Full Grid (1-2-3-4)","100000000","212","208","208","206","0.1","0.2","0.3","0.4","471","961","1442","1941","4815","99952200","47800","207.59","207.59","202","244","248","248","4.72","2.69","16.98","19.47","3.6","7.24"
"EAST","2026-05-25","2026-05-25","559","FULL","90","2.272727272727273","EARLY SWEEP","EARLY SWEEP","reversal","TRUE","","EARLY SWEEP","2026-05-25","","NEW","0","DOWNTREND","BEARISH","BEARISH","BEARISH","STRUCTURE + DISCOUNT","NORMAL DOWNTREND","48.89","TRUE","FALSE","FALSE","LEADING","LEADING (Early)","0.22","0.22","DRY / QUIET","100","0","46.74","22.01","11.44","16.52","90.51","91.38","94.83","680800","3032155","4100","Supertrend bearish | RSI 46.7 lemah | Volume 0.22x | Lolos anti-crash ADX | RISEN NORMAL DOWNTREND","Full Grid (1-2-3-4)","100000000","94","92","91","90","0.1","0.2","0.3","0.4","1063","2173","3296","4444","10976","99973400","26600","91.08","91.08","89","102","112","112","5.32","2.29","19.15","22.96","3.6","10.04"
"KREN","2026-05-25","2026-05-25","559","FULL","15","7.142857142857142","EARLY SWEEP","EARLY SWEEP","reversal","TRUE","","EARLY SWEEP","2026-05-25","","NEW","0","DOWNTREND","BEARISH","BEARISH","BEARISH","STRUCTURE + DISCOUNT","NORMAL DOWNTREND","35.27","TRUE","FALSE","FALSE","LEADING","LEADING (Early)","0.8","0.8","NORMAL","100","0","44.22","28.31","20.47","28.58","15.72","16.74","17.29","21283900","26543905","4100","Supertrend bearish | RSI 44.2 lemah | Volume 0.8x | Lolos anti-crash ADX | RISEN NORMAL DOWNTREND","Full Grid (1-2-3-4)","100000000","23","19","17","16","0.1","0.2","0.3","0.4","4347","10526","17647","25000","57520","99997400","2600","17.38","17.38","14","37","50","50","39.13","19.47","117.39","187.61","3","9.64"
"WTON","2026-05-25","2026-05-25","559","FULL","83","2.4691358024691357","EARLY SWEEP","EARLY SWEEP","reversal","TRUE","","EARLY SWEEP","2026-05-25","","NEW","0","DOWNTREND","BEARISH","BEARISH","BEARISH","STRUCTURE + DISCOUNT","SIDEWAYS","25","TRUE","FALSE","FALSE","LEADING","LEADING (Early)","0.15","0.15","DRY / QUIET","100","0","37.91","23.4","18.74","17.89","86.26","88.67","92.57","3041100","20534095","4100","Supertrend bearish | RSI 37.9 lemah | Volume 0.15x | Lolos anti-crash ADX | RISEN SIDEWAYS","Full Grid (1-2-3-4)","100000000","89","86","85","84","0.1","0.2","0.3","0.4","1123","2325","3529","4761","11738","99978600","21400","85.18","85.18","82","100","110","110","7.87","3.73","23.6","29.15","3","7.82"
"RONY","2026-05-25","2026-05-25","559","FULL","1305","24.880382775119617","EARLY SWEEP","EARLY SWEEP","reversal","TRUE","","EARLY SWEEP","2026-05-25","","NEW","0","DOWNTREND","BEARISH","BEARISH","BEARISH","STRUCTURE + DISCOUNT","SIDEWAYS","55.81","TRUE","FALSE","FALSE","IMPROVING","IMPROVING (Early)","1.47","1.47","EXPANSION","100","0","42.36","19.17","25.52","17.9","1403.86","1759.55","2553.71","78100","53225","4050","Supertrend bearish | RSI 42.4 lemah | Volume valid 1.47x | Lolos anti-crash ADX | RISEN SIDEWAYS","Full Grid (1-2-3-4)","100000000","2590","2420","2370","2310","0.1","0.2","0.3","0.4","38","82","126","173","419","99511000","489000","2374.96","2375.31","2170","3270","3360","3360","16.22","8.63","29.73","41.48","1.83","4.81"
"BNBA","2026-05-25","2026-05-25","559","FULL","695","4.511278195488721","EARLY SWEEP","EARLY SWEEP","reversal","TRUE","","EARLY SWEEP","2026-05-25","","NEW","0","DOWNTREND","BEARISH","BEARISH","BEARISH","STRUCTURE + DISCOUNT","SIDEWAYS","34.14","TRUE","FALSE","FALSE","WEAKENING","WEAKENING (Early)","0.08","0.08","DRY / QUIET","90","10","41.89","19.36","16.06","26.93","735.62","748.45","751.96","72900","965840","4000","Supertrend bearish | RSI 41.9 lemah | Volume 0.08x | Lolos anti-crash ADX | RISEN SIDEWAYS","Full Grid (1-2-3-4)","100000000","865","780","755","725","0.1","0.2","0.3","0.4","115","256","397","551","1319","99836500","163500","756.91","756.95","680","1145","1420","1420","21.39","10.16","64.16","87.6","3","8.62"
"ISAP","2026-05-25","2026-05-25","559","FULL","27","8","EARLY SWEEP","EARLY SWEEP","reversal","TRUE","","EARLY SWEEP","2026-05-25","","NEW","0","DOWNTREND","BEARISH","BEARISH","BEARISH","STRUCTURE + DISCOUNT","NORMAL DOWNTREND","39.46","TRUE","FALSE","FALSE","LAGGING","LAGGARD (Early)","0.64","0.64","DRY / QUIET","100","0","39.44","15.24","13.75","23.07","29.61","31","29.46","23730600","36972465","4000","Supertrend bearish | RSI 39.4 lemah | Volume 0.64x | Lolos anti-crash ADX | RISEN NORMAL DOWNTREND","Full Grid (1-2-3-4)","100000000","34","31","30","28","0.1","0.2","0.3","0.4","2941","6451","10000","14285","33677","99995500","4500","29.69","29.69","27","45","55","55","20.59","9.07","61.76","85.23","3","9.4"
"SIPD","2026-05-25","2026-05-25","559","FULL","800","2.564102564102564","EARLY SWEEP","EARLY SWEEP","reversal","TRUE","","EARLY SWEEP","2026-05-25","","NEW","0","DOWNTREND","BEARISH","BEARISH","BEARISH","STRUCTURE + DISCOUNT","NORMAL UPTREND","86.06","TRUE","TRUE","FALSE","LAGGING","LAGGARD (Early)","0.22","0.22","DRY / QUIET","100","0","33.12","17.24","10.51","20.35","904.34","991.33","993.11","9400","43365","4000","Supertrend bearish | RSI 33.1 lemah | Volume 0.22x | Lolos anti-crash ADX | RISEN NORMAL UPTREND","Full Grid (1-2-3-4)","100000000","980","955","945","935","0.1","0.2","0.3","0.4","102","209","317","427","1055","99836500","163500","946.32","946.31","905","1095","1205","1205","7.65","4.37","22.96","27.34","3","6.26"
"WSBP","2026-05-25","2026-05-25","559","FULL","16","6.666666666666667","EARLY SWEEP","EARLY SWEEP","reversal","TRUE","","EARLY SWEEP","2026-05-25","","NEW","0","DOWNTREND","BEARISH","BEARISH","BEARISH","DOWNTREND DISCOUNT","NORMAL DOWNTREND","54.74","TRUE","FALSE","FALSE","LAGGING","LAGGARD (Early)","0.93","0.93","NORMAL","100","0","39.86","15.69","30.56","31.37","17.15","18.37","20.29","19255800","20711555","4000","Supertrend bearish | RSI 39.9 lemah | Volume 0.93x | Lolos anti-crash ADX | RISEN NORMAL DOWNTREND","Full Grid (1-2-3-4)","100000000","19","18","18","17","0.1","0.2","0.3","0.4","5263","11111","16666","23529","56569","99997600","2400","17.68","17.68","17","22","29","29","10.53","3.83","52.63","64.05","5","16.72"
"HBAT","2026-05-25","2026-05-25","559","FULL","496","3.3333333333333335","HOLD","-","passive","FALSE","","BETA BREAKOUT","2026-05-21","","4d","4","UPTREND","BULLISH","BULLISH","BULLISH","UPTREND PREMIUM","EXPLOSIVE BULL","3.09","TRUE","TRUE","TRUE","LEADING","LEADING (Passive)","3.88","3.88","VOLUME SURGE","38.3","61.7","64.94","23.52","31.5","14.19","430.67","405.05","303.89","11512100","2968055","1612","Supertrend bullish | RSI 64.9 > 50 | Volume valid 3.88x | Lolos anti-crash ADX | RISEN EXPLOSIVE BULL","Full Grid (1-2-3-4)","100000000","470","414","400","382","0.1","0.2","0.3","0.4","212","483","750","1047","2492","99955600","44400","401.11","401.13","350","650","830","830","25.53","12.74","76.6","106.93","3","8.39"
"GGRP","2026-05-25","2026-05-25","559","FULL","326","-0.6097560975609756","HOLD","-","passive","FALSE","","BETA BREAKOUT","2026-05-19","","6d","6","UPTREND","BULLISH","BULLISH","BULLISH","UPTREND PREMIUM","EXPLOSIVE BULL","10.47","TRUE","TRUE","TRUE","LEADING","LEADING (Passive)","2.98","2.98","VOLUME SURGE","20","80","68.18","46.45","31.89","6.71","308.14","302.56","283","5403700","1811030","1608","Supertrend bullish | RSI 68.2 > 50 | Volume valid 2.98x | Lolos anti-crash ADX | RISEN EXPLOSIVE BULL","Full Grid (1-2-3-4)","100000000","326","304","298","290","0.1","0.2","0.3","0.4","306","657","1006","1379","3348","99918200","81800","298.44","298.45","278","398","470","470","14.72","6.85","44.17","57.48","3","8.39"
"UNIC","2026-05-25","2026-05-25","559","FULL","15125","3.595890410958904","HOLD","-","passive","FALSE","","BETA BREAKOUT","2026-03-26","","60d","60","UPTREND","BULLISH","BULLISH","BULLISH","UPTREND PREMIUM","EXPLOSIVE BULL","0","TRUE","TRUE","TRUE","LEADING","LEADING (Passive)","3.71","3.71","VOLUME SURGE","65.63","34.38","77.94","47.49","49.1","9.02","13026.64","12069.87","10097.75","81000","21820","1500","Supertrend bullish | RSI 77.9 > 50 | Volume valid 3.71x | Lolos anti-crash ADX | RISEN EXPLOSIVE BULL","Full Grid (1-2-3-4)","100000000","11400","10475","10250","9925","0.1","0.2","0.3","0.4","8","19","29","40","96","98447500","1552500","10254.95","10263.19","9400","14400","17400","17400","17.54","8.34","52.63","69.67","3","8.36"
"NIRO","2026-05-25","2026-05-25","559","FULL","190","23.376623376623375","AVOID","-","passive","FALSE","","V-SHAPE","2026-05-07","","18d","18","DOWNTREND","BULLISH","BEARISH","BEARISH","STRUCTURE + DISCOUNT","CRASH / SELL-OFF","23.68","TRUE","FALSE","TRUE","LEADING","LEADING (Passive)","17.61","17.61","VOLUME SURGE","100","0","49.13","35.77","26.9","10.18","189.59","202.94","210.53","191484000","10874010","1484","Supertrend bearish | RSI 49.1 lemah | Volume valid 17.61x | Lolos anti-crash ADX | RISEN CRASH / SELL-OFF","Full Grid (1-2-3-4)","100000000","210","194","190","185","0.1","0.2","0.3","0.4","476","1030","1578","2162","5246","99957000","43000","190.54","190.54","173","266","322","322","17.62","9.21","53.33","68.99","3.03","7.5"
"JGLE","2026-05-25","2026-05-25","559","FULL","70","9.375","AVOID","-","passive","FALSE","","SMART GAMMA","2026-04-16","","39d","39","DOWNTREND","BEARISH","BULLISH","BULLISH","DOWNTREND PREMIUM","EXPLOSIVE BULL","0","TRUE","TRUE","TRUE","LAGGING","LAGGARD (Passive)","3.14","3.14","VOLUME SURGE","100","0","46.04","16.99","33.1","37.43","75.63","69.12","45.43","381831300","121602370","1442","Supertrend bearish | RSI 46.0 lemah | Volume valid 3.14x | Lolos anti-crash ADX | RISEN EXPLOSIVE BULL","Full Grid (1-2-3-4)","100000000","70","52","47","41","0.1","0.2","0.3","0.4","1428","3846","6382","9756","21412","99990200","9800","46.7","46.7","32","127","184","184","54.29","31.47","162.86","294.02","3","9.34"
"EPAC","2026-05-25","2026-05-25","559","FULL","74","8.823529411764707","AVOID","-","passive","FALSE","","G ACC","2026-04-20","","35d","35","DOWNTREND","BULLISH","BULLISH","BULLISH","DOWNTREND PREMIUM","EXPLOSIVE BULL","14.89","TRUE","TRUE","TRUE","WEAKENING","WEAKENING (Passive)","1.78","1.78","EXPANSION","100","0","54.46","16.58","33.67","38.07","72.47","64.49","43.07","27177800","15305595","1430","Supertrend bearish | RSI 54.5 > 50 | Volume valid 1.78x | Lolos anti-crash ADX | RISEN EXPLOSIVE BULL","Full Grid (1-2-3-4)","100000000","70","52","47","41","0.1","0.2","0.3","0.4","1428","3846","6382","9756","21412","99990200","9800","46.7","46.7","32","127","184","184","54.29","31.47","162.86","294.02","3","9.34"
"KOKA","2026-05-25","2026-05-25","559","FULL","120","0.8403361344537815","AVOID","-","passive","FALSE","","V-SHAPE","2026-05-22","","3d","3","DOWNTREND","BEARISH","BEARISH","BEARISH","STRUCTURE + DISCOUNT","CRASH / SELL-OFF","14.6","TRUE","FALSE","TRUE","LAGGING","LAGGARD (Passive)","2.67","2.67","VOLUME SURGE","16.67","83.33","26.79","14.85","18.84","24.02","151.28","179.02","201.61","21399900","8011630","1414","Supertrend bearish | RSI 26.8 lemah | Volume valid 2.67x | Lolos anti-crash ADX | RISEN CRASH / SELL-OFF","Full Grid (1-2-3-4)","100000000","119","109","107","103","0.1","0.2","0.3","0.4","840","1834","2803","3883","9360","99973600","26400","106.81","106.81","96","154","208","208","19.33","10.12","74.79","94.74","3.87","9.36"
"DIVA","2026-05-25","2026-05-25","559","FULL","140","2.941176470588235","AVOID","-","passive","FALSE","","V-SHAPE","2026-05-21","","4d","4","DOWNTREND","BEARISH","BEARISH","BEARISH","STRUCTURE + DISCOUNT","CRASH / SELL-OFF","25.15","TRUE","FALSE","TRUE","LAGGING","LAGGARD (Passive)","2.86","2.86","VOLUME SURGE","0","100","42.81","38.56","25.39","8.82","152.92","154.1","151.79","151358000","52944920","1412","Supertrend bearish | RSI 42.8 lemah | Volume valid 2.86x | Lolos anti-crash ADX | RISEN CRASH / SELL-OFF","Full Grid (1-2-3-4)","100000000","155","143","140","135","0.1","0.2","0.3","0.4","645","1398","2142","2962","7147","99963900","36100","139.87","139.87","126","199","242","242","18.71","9.92","56.13","73.02","3","7.36"
"LCKM","2026-05-25","2026-05-25","559","FULL","120","-14.893617021276595","AVOID","-","passive","FALSE","","EARLY SWEEP","2026-05-18","","7d","7","DOWNTREND","BEARISH","BEARISH","BEARISH","STRUCTURE + DISCOUNT","CRASH / SELL-OFF","4.42","TRUE","FALSE","TRUE","WEAKENING","WEAKENING (Passive)","3.15","3.15","VOLUME SURGE","0","100","46.75","29.69","37.47","14.65","132.02","143.38","197.45","633591200","201055915","1406","Supertrend bearish | RSI 46.8 lemah | Volume valid 3.15x | Lolos anti-crash ADX | RISEN CRASH / SELL-OFF","Full Grid (1-2-3-4)","100000000","282","250","242","232","0.1","0.2","0.3","0.4","354","800","1239","1724","4117","99963400","36600","242.81","242.81","212","388","492","492","24.82","12.69","74.47","102.63","3","8.09"
"IRSX","2026-05-25","2026-05-25","559","FULL","378","15.24390243902439","AVOID","-","passive","FALSE","","SMART SNIPER","2026-05-13","Demand Structure","12d","12","DOWNTREND","BEARISH","BEARISH","BEARISH","STRUCTURE + DISCOUNT","CRASH / SELL-OFF","22.53","TRUE","FALSE","TRUE","LAGGING","LAGGARD (Passive)","2.32","2.32","VOLUME SURGE","65","35","42.74","13.67","23.01","26.17","418.23","447.01","386","192373000","82777045","1396","Supertrend bearish | RSI 42.7 lemah | Volume valid 2.32x | Lolos anti-crash ADX | RISEN CRASH / SELL-OFF","Full Grid (1-2-3-4)","100000000","464","424","414","400","0.1","0.2","0.3","0.4","215","471","724","1000","2410","99920000","80000","414.61","414.62","374","600","735","735","19.4","9.79","58.41","77.28","3.01","7.89"
"PRAY","2026-05-25","2026-05-25","559","FULL","720","-2.0408163265306123","HOLD","-","passive","FALSE","","EARLY SWEEP","2026-05-22","","3d","3","UPTREND","BEARISH","BEARISH","BEARISH","STRUCTURE + DISCOUNT","CRASH / SELL-OFF","49.24","TRUE","FALSE","TRUE","LAGGING","LAGGARD (Passive)","1.54","1.54","EXPANSION","50","50","42.4","36.69","23.6","13.77","739.06","749.35","750.83","112200","72830","1394","Supertrend bullish | RSI 42.4 lemah | Volume valid 1.54x | Lolos anti-crash ADX | RISEN CRASH / SELL-OFF","Full Grid (1-2-3-4)","100000000","880","825","810","795","0.1","0.2","0.3","0.4","113","242","370","503","1228","99867500","132500","813.25","813.29","760","1060","1240","1240","13.64","6.55","40.91","52.47","3","8.01"
"TOWR","2026-05-25","2026-05-25","559","FULL","392","-1.0101010101010102","AVOID","-","passive","FALSE","","EARLY SWEEP","2026-05-12","","13d","13","DOWNTREND","BEARISH","BEARISH","BEARISH","STRUCTURE + DISCOUNT","CRASH / SELL-OFF","1.69","TRUE","FALSE","TRUE","LAGGING","LAGGARD (Passive)","2.42","2.42","VOLUME SURGE","20","80","18.25","38.23","7.1","41.61","451.23","476.54","534.91","60982600","25222180","1394","Supertrend bearish | RSI 18.3 lemah | Volume valid 2.42x | Crash filter aktif | RISEN CRASH / SELL-OFF","Full Grid (1-2-3-4)","100000000","505","494","490","486","0.1","0.2","0.3","0.4","198","404","612","823","2037","99942400","57600","490.64","490.64","480","545","600","600","4.95","2.17","18.81","22.29","3.8","10.28"
"INTP","2026-05-25","2026-05-25","559","FULL","4900","0","AVOID","-","passive","FALSE","","EARLY SWEEP","2026-03-16","","70d","70","DOWNTREND","BEARISH","BEARISH","BEARISH","STRUCTURE + DISCOUNT","CRASH / SELL-OFF","50.54","TRUE","FALSE","TRUE","LEADING","LEADING (Passive)","2.92","2.92","VOLUME SURGE","4.76","95.24","39.42","20.99","22.85","25.07","5070.16","5366.25","5993.28","4506100","1541395","1380","Supertrend bearish | RSI 39.4 lemah | Volume valid 2.92x | Lolos anti-crash ADX | RISEN CRASH / SELL-OFF","Full Grid (1-2-3-4)","100000000","7475","6750","6575","6325","0.1","0.2","0.3","0.4","13","29","45","63","150","98727500","1272500","6581.83","6584.32","5950","9775","12050","12050","20.4","9.6","61.2","83.08","3","8.65"
"TPIA","2026-05-25","2026-05-25","559","FULL","1765","-11.75","AVOID","-","passive","FALSE","","V-SHAPE","2026-05-05","","20d","20","DOWNTREND","BEARISH","BEARISH","BEARISH","DOWNTREND DISCOUNT","CRASH / SELL-OFF","0","FALSE","FALSE","TRUE","LAGGING","LAGGARD (Passive)","2.71","2.71","VOLUME SURGE","1.56","98.44","20.09","29.82","14.03","53.67","4176.36","5056.12","6543.63","168271200","62127305","1380","Supertrend bearish | RSI 20.1 lemah | Volume valid 2.71x | Lolos anti-crash ADX | RISEN CRASH / SELL-OFF","Full Grid (1-2-3-4)","100000000","6075","5525","5400","5225","0.1","0.2","0.3","0.4","16","36","55","76","183","99020000","980000","5410.93","5412.12","4890","7850","9625","9625","19.51","9.63","58.44","77.88","3","8.09"
"AMRT","2026-05-25","2026-05-25","559","FULL","1295","-9.12280701754386","AVOID","-","passive","FALSE","","V-SHAPE","2026-05-04","","21d","21","DOWNTREND","BEARISH","BEARISH","BEARISH","DOWNTREND DISCOUNT","CRASH / SELL-OFF","0","FALSE","FALSE","TRUE","WEAKENING","WEAKENING (Passive)","3.32","3.32","VOLUME SURGE","6.25","93.75","35.6","15.16","15.04","27.11","1429.06","1495.87","1830.12","199747100","60138600","1378","Supertrend bearish | RSI 35.6 lemah | Volume valid 3.32x | Lolos anti-crash ADX | RISEN CRASH / SELL-OFF","Full Grid (1-2-3-4)","100000000","1425","1365","1350","1330","0.1","0.2","0.3","0.4","70","146","222","300","738","99774000","226000","1351.95","1351.95","1290","1630","1830","1830","9.47","4.58","28.42","35.36","3","7.72"
"AREA","2026-05-25","2026-05-25","503","FULL","210","-13.223140495867769","AVOID","-","passive","FALSE","","EARLY SWEEP","2026-04-28","","27d","27","DOWNTREND","BEARISH","BEARISH","BEARISH","STRUCTURE + DISCOUNT","CRASH / SELL-OFF","0","TRUE","FALSE","TRUE","LAGGING","LAGGARD (Passive)","2.53","2.53","VOLUME SURGE","11.11","88.89","19.97","32.56","6.16","31.28","289.69","325.32","404.22","1731300","683830","1366","Supertrend bearish | RSI 20.0 lemah | Volume valid 2.53x | Crash filter aktif | RISEN CRASH / SELL-OFF","Full Grid (1-2-3-4)","100000000","535","525","520","515","0.1","0.2","0.3","0.4","186","380","576","776","1918","99817000","183000","520.42","520.43","505","580","640","640","5.61","2.96","19.63","22.98","3.5","7.75"
"BOGA","2026-05-25","2026-05-25","559","FULL","1270","0","AVOID","-","passive","FALSE","","V-SHAPE","2026-04-28","","27d","27","DOWNTREND","BEARISH","BEARISH","BULLISH","DEMAND STRUCTURE","CRASH / SELL-OFF","32.84","TRUE","FALSE","TRUE","LAGGING","LAGGARD (Passive)","19.94","19.94","VOLUME SURGE","50","50","27.67","55.84","35.81","32.12","1376.43","1387.09","1111.16","28000100","1404195","1366","Supertrend bearish | RSI 27.7 lemah | Volume valid 19.94x | Lolos anti-crash ADX | RISEN CRASH / SELL-OFF","Full Grid (1-2-3-4)","100000000","1445","1265","1220","1160","0.1","0.2","0.3","0.4","69","158","245","344","816","99751500","248500","1222.44","1222.44","1065","2020","2590","2590","26.3","12.88","79.24","111.87","3.01","8.69"
"DAAZ","2026-05-25","2026-05-25","359","FULL","1470","-13.529411764705882","AVOID","-","passive","FALSE","","V-SHAPE","2026-04-24","","31d","31","DOWNTREND","BEARISH","BEARISH","BEARISH","DOWNTREND DISCOUNT","CRASH / SELL-OFF","0","FALSE","FALSE","TRUE","LAGGING","LAGGARD (Passive)","4.35","4.35","VOLUME SURGE","10.2","89.8","20","39.31","7.06","38.52","2086.91","2427.52","2896.7","3546100","814285","1358","Supertrend bearish | RSI 20.0 lemah | Volume valid 4.35x | Crash filter aktif | RISEN CRASH / SELL-OFF","Full Grid (1-2-3-4)","100000000","2370","2310","2290","2270","0.1","0.2","0.3","0.4","42","86","131","176","435","99771000","229000","2293.59","2293.63","2200","2700","2750","2750","7.17","4.08","16.03","19.9","2.24","4.88"
"PNBN","2026-05-25","2026-05-25","559","FULL","955","0","AVOID","-","passive","FALSE","","SMART SNIPER","2026-04-22","Demand Structure","33d","33","DOWNTREND","BEARISH","BEARISH","BEARISH","STRUCTURE + DISCOUNT","CRASH / SELL-OFF","0","TRUE","FALSE","TRUE","LAGGING","LAGGARD (Passive)","2.49","2.49","VOLUME SURGE","33.33","66.67","39.82","23.28","20.37","21.93","989.72","1003.78","1093.19","11627800","4673360","1354","Supertrend bearish | RSI 39.8 lemah | Volume valid 2.49x | Lolos anti-crash ADX | RISEN CRASH / SELL-OFF","Full Grid (1-2-3-4)","100000000","1080","1010","990","965","0.1","0.2","0.3","0.4","92","198","303","414","1007","99882000","118000","991.88","991.92","930","1305","1530","1530","13.89","6.24","41.67","54.25","3","8.7"
"BUKK","2026-05-25","2026-05-25","559","FULL","795","8.16326530612245","AVOID","-","passive","FALSE","","V-SHAPE","2026-04-14","","41d","41","DOWNTREND","BEARISH","BEARISH","BEARISH","DOWNTREND DISCOUNT","CRASH / SELL-OFF","16.57","TRUE","FALSE","TRUE","LAGGING","LAGGARD (Passive)","3.13","3.13","VOLUME SURGE","40","60","21.39","21.9","9.36","31.15","1089.63","1244.66","1276.7","268100","85635","1338","Supertrend bearish | RSI 21.4 lemah | Volume valid 3.13x | Lolos anti-crash ADX | RISEN CRASH / SELL-OFF","Full Grid (1-2-3-4)","100000000","1315","1240","1220","1195","0.1","0.2","0.3","0.4","76","161","245","334","816","99761000","239000","1222.56","1222.55","1135","1675","2060","2060","13.69","7.16","56.65","68.5","4.14","9.56"
"SAMF","2026-05-25","2026-05-25","559","FULL","286","-2.054794520547945","AVOID","-","passive","FALSE","","SMART SNIPER","2026-04-14","Demand Structure","41d","41","DOWNTREND","BEARISH","BEARISH","BEARISH","STRUCTURE + DISCOUNT","CRASH / SELL-OFF","22.73","TRUE","FALSE","TRUE","LAGGING","LAGGARD (Passive)","2.9","2.9","VOLUME SURGE","33.33","66.67","25.97","22.25","13.7","25.02","312.74","321.62","346.63","543300","187470","1338","Supertrend bearish | RSI 26.0 lemah | Volume valid 2.9x | Lolos anti-crash ADX | RISEN CRASH / SELL-OFF","Full Grid (1-2-3-4)","100000000","346","328","322","316","0.1","0.2","0.3","0.4","289","609","931","1265","3094","99926800","73200","322.97","322.97","304","410","472","472","12.14","5.87","36.42","46.14","3","7.86"
"HDFA","2026-05-25","2026-05-25","559","FULL","93","3.3333333333333335","AVOID","-","passive","FALSE","","SMART SNIPER","2026-04-09","Structure + Discount","46d","46","DOWNTREND","BEARISH","BEARISH","BEARISH","STRUCTURE + DISCOUNT","CRASH / SELL-OFF","31.4","TRUE","FALSE","TRUE","LAGGING","LAGGARD (Passive)","5.99","5.99","VOLUME SURGE","0","100","36.84","31.57","34.48","13.77","102.88","107.12","119.97","14617900","2442155","1328","Supertrend bearish | RSI 36.8 lemah | Volume valid 5.99x | Lolos anti-crash ADX | RISEN CRASH / SELL-OFF","Full Grid (1-2-3-4)","100000000","122","104","99","93","0.1","0.2","0.3","0.4","819","1923","3030","4301","10073","99987300","12700","99.26","99.26","83","181","240","240","31.97","16.38","96.72","141.78","3.03","8.65"
"ROCK","2026-05-25","2026-05-25","559","FULL","1800","2.857142857142857","AVOID","-","passive","FALSE","","SMART GAMMA","2026-03-17","","69d","69","DOWNTREND","BEARISH","BEARISH","BULLISH","STRUCTURE + DISCOUNT","CRASH / SELL-OFF","37.82","TRUE","FALSE","TRUE","LAGGING","LAGGARD (Passive)","3.24","3.24","VOLUME SURGE","2.56","97.44","32.44","20.82","26.81","24.92","2255.78","2334.48","1678.02","361000","111370","1282","Supertrend bearish | RSI 32.4 lemah | Volume valid 3.24x | Lolos anti-crash ADX | RISEN CRASH / SELL-OFF","Full Grid (1-2-3-4)","100000000","3520","2580","2360","2050","0.1","0.2","0.3","0.4","28","77","127","195","427","99669000","331000","2334.17","2335.53","1570","6450","9375","9375","55.4","32.74","166.34","301.64","3","9.21"
"CMPP","2026-05-25","2026-05-25","559","FULL","65","-8.450704225352112","AVOID","-","passive","FALSE","","EARLY SWEEP","2026-03-11","","75d","75","DOWNTREND","BEARISH","BEARISH","BEARISH","DOWNTREND DISCOUNT","CRASH / SELL-OFF","0","FALSE","FALSE","TRUE","LAGGING","LAGGARD (Passive)","2.76","2.76","VOLUME SURGE","0","100","26.91","37.76","10.96","56.99","76.63","81.44","87.3","798900","289510","1270","Supertrend bearish | RSI 26.9 lemah | Volume valid 2.76x | Crash filter aktif | RISEN CRASH / SELL-OFF","Full Grid (1-2-3-4)","100000000","107","97","95","91","0.1","0.2","0.3","0.4","934","2061","3157","4395","10547","99971500","28500","94.79","94.79","86","139","170","170","19.63","9.27","58.88","79.35","3","8.56"
"KIJA","2026-05-25","2026-05-25","559","FULL","124","2.479338842975207","AVOID","-","passive","FALSE","","V-SHAPE","2026-03-06","","80d","80","DOWNTREND","BEARISH","BEARISH","BEARISH","STRUCTURE + DISCOUNT","CRASH / SELL-OFF","16.82","TRUE","FALSE","TRUE","LAGGING","LAGGARD (Passive)","2.3","2.3","VOLUME SURGE","25","75","18.42","25.46","10.22","40.32","164.23","179.34","193.87","235579800","102559570","1260","Supertrend bearish | RSI 18.4 lemah | Volume valid 2.3x | Lolos anti-crash ADX | RISEN CRASH / SELL-OFF","Full Grid (1-2-3-4)","100000000","183","174","172","169","0.1","0.2","0.3","0.4","546","1149","1744","2366","5805","99966600","33400","172.21","172.21","161","216","250","250","12.02","6.51","36.61","45.17","3.05","6.94"
"WOOD","2026-05-25","2026-05-25","559","FULL","260","0","AVOID","-","passive","FALSE","","V-SHAPE","2026-03-10","","76d","76","DOWNTREND","BEARISH","BEARISH","BEARISH","DOWNTREND DISCOUNT","CRASH / SELL-OFF","22.49","TRUE","FALSE","TRUE","LAGGING","LAGGARD (Passive)","1.54","1.54","EXPANSION","57.14","42.86","24.3","19.44","10.53","31.41","290.06","305.66","347.11","2187500","1423880","1248","Supertrend bearish | RSI 24.3 lemah | Volume valid 1.54x | Lolos anti-crash ADX | RISEN CRASH / SELL-OFF","Full Grid (1-2-3-4)","100000000","324","312","308","304","0.1","0.2","0.3","0.4","308","641","974","1315","3238","99953600","46400","308.69","308.69","294","370","414","414","9.26","4.76","27.78","34.12","3","7.17"
"AMMN","2026-05-25","2026-05-25","559","FULL","3150","8.620689655172415","AVOID","-","passive","FALSE","","V-SHAPE","2026-02-27","","87d","87","DOWNTREND","BEARISH","BEARISH","BEARISH","STRUCTURE + DISCOUNT","CRASH / SELL-OFF","2.19","TRUE","FALSE","TRUE","LAGGING","LAGGARD (Passive)","3.23","3.23","VOLUME SURGE","92.86","7.14","28.32","44.38","8.2","36.49","4080.32","4921.91","6419.15","265737500","82159155","1246","Supertrend bearish | RSI 28.3 lemah | Volume valid 3.23x | Crash filter aktif | RISEN CRASH / SELL-OFF","Full Grid (1-2-3-4)","100000000","7650","7400","7325","7225","0.1","0.2","0.3","0.4","13","27","40","55","135","98962500","1037500","7330.56","7330.42","7050","8550","9450","9450","7.84","3.83","23.53","28.91","3","7.55"
"BSWD","2026-05-25","2026-05-25","559","FULL","1400","-1.7543859649122806","AVOID","-","passive","FALSE","","BETA BREAKOUT","2026-02-13","","101d","101","DOWNTREND","BULLISH","BULLISH","BULLISH","DOWNTREND PREMIUM","CRASH / SELL-OFF","0","TRUE","FALSE","TRUE","LAGGING","LAGGARD (Passive)","3.2","3.2","VOLUME SURGE","0","100","65.42","71.88","67.28","32.72","1386.82","1339.85","1339.74","400","125","1218","Supertrend bearish | RSI 65.4 > 50 | Volume valid 3.2x | Lolos anti-crash ADX | RISEN CRASH / SELL-OFF","Full Grid (1-2-3-4)","100000000","1155","1105","1090","1070","0.1","0.2","0.3","0.4","86","180","275","373","914","99709000","291000","1090.91","1090.94","1045","1500","1750","1750","9.52","4.21","51.52","60.42","5.41","14.36"
"BBHI","2026-05-25","2026-05-25","559","FULL","980","24.840764331210192","HOLD","-","passive","FALSE","","BETA BREAKOUT","2025-12-15","","161d","161","UPTREND","BEARISH","BEARISH","BEARISH","STRUCTURE + DISCOUNT","CRASH / SELL-OFF","0","TRUE","FALSE","TRUE","IMPROVING","IMPROVING (Passive)","3.73","3.73","VOLUME SURGE","100","0","38.21","57.06","17.4","38.69","1069.18","1195.15","1277.53","1223200","327515","1148","Supertrend bullish | RSI 38.2 lemah | Volume valid 3.73x | Crash filter aktif | RISEN CRASH / SELL-OFF","Full Grid (1-2-3-4)","100000000","1535","1495","1480","1470","0.1","0.2","0.3","0.4","65","133","202","272","672","99741000","259000","1484.24","1484.26","1445","1670","1835","1835","5.86","2.64","19.54","23.63","3.33","8.94"
"MIDI","2026-05-25","2026-05-25","559","FULL","294","-4.545454545454546","AVOID","-","passive","FALSE","","V-SHAPE","2026-01-09","","136d","136","DOWNTREND","BEARISH","BEARISH","BEARISH","DOWNTREND DISCOUNT","CRASH / SELL-OFF","0","FALSE","FALSE","TRUE","LAGGING","LAGGARD (Passive)","1.86","1.86","EXPANSION","11.11","88.89","31.5","31.4","11.33","26.98","323.16","323.03","356.31","48119000","25934980","1128","Supertrend bearish | RSI 31.5 lemah | Volume valid 1.86x | Crash filter aktif | RISEN CRASH / SELL-OFF","Full Grid (1-2-3-4)","100000000","368","356","354","350","0.1","0.2","0.3","0.4","271","561","847","1142","2821","99898200","101800","354.12","354.13","342","408","414","414","7.07","3.42","12.5","16.91","1.77","4.94"
"CBRE","2026-05-25","2026-05-25","559","FULL","875","1.1560693641618496","AVOID","-","passive","FALSE","","V-SHAPE","2026-05-22","","3d","3","DOWNTREND","BEARISH","BEARISH","BULLISH","STRUCTURE + DISCOUNT","SIDEWAYS","17.37","TRUE","FALSE","TRUE","LEADING","LEADING (Passive)","5.41","5.41","VOLUME SURGE","28","72","49.41","21.45","21.64","23.04","882.92","881.99","774.22","251348400","46461325","1114","Supertrend bearish | RSI 49.4 lemah | Volume valid 5.41x | Lolos anti-crash ADX | RISEN SIDEWAYS","Full Grid (1-2-3-4)","100000000","865","745","715","675","0.1","0.2","0.3","0.4","115","268","419","592","1394","99832000","168000","716.15","716.21","605","1255","1645","1645","30.06","15.52","90.17","129.7","3","8.36"
"CTBN","2026-05-25","2026-05-25","559","FULL","5700","-0.8695652173913043","HOLD","-","passive","FALSE","","SMART SNIPER + V-SHAPE","2026-05-22","Structure + Discount","3d","3","UPTREND","BULLISH","BULLISH","BULLISH","UPTREND DISCOUNT","SIDEWAYS","10.35","TRUE","FALSE","TRUE","LEADING","LEADING (Passive)","5.97","5.97","VOLUME SURGE","33.33","66.67","53.29","13.62","24.49","30.18","5458.98","5625.38","5557.49","17300","2900","1114","Supertrend bullish | RSI 53.3 > 50 | Volume valid 5.97x | Lolos anti-crash ADX | RISEN SIDEWAYS","Full Grid (1-2-3-4)","100000000","5750","5150","5025","4820","0.1","0.2","0.3","0.4","17","38","59","82","196","98516500","1483500","5026.35","5027.27","4500","7625","9500","9500","21.74","10.47","65.22","89","3","8.5"
"DFAM","2026-05-25","2026-05-25","559","FULL","119","-15","HOLD","-","passive","FALSE","","BETA BREAKOUT","2026-05-22","","3d","3","UPTREND","BULLISH","BULLISH","BULLISH","DEMAND STRUCTURE","SIDEWAYS","35","TRUE","TRUE","TRUE","LEADING","LEADING (Passive)","2.74","2.74","VOLUME SURGE","0","100","52.8","31.44","33.8","15.19","113.67","107.46","91.9","179228100","65488900","1114","Supertrend bullish | RSI 52.8 > 50 | Volume valid 2.74x | Lolos anti-crash ADX | RISEN SIDEWAYS","Full Grid (1-2-3-4)","100000000","140","118","113","105","0.1","0.2","0.3","0.4","714","1694","2654","3809","8871","99969900","30100","112.69","112.69","93","210","282","282","33.57","17.47","101.43","150.24","3.02","8.6"
"BRIS","2026-05-25","2026-05-25","559","FULL","1935","9.014084507042254","UNSAFE DIP","-","risk","FALSE","","V-SHAPE","2026-05-19","","6d","6","UPTREND","BULLISH","BEARISH","BEARISH","STRUCTURE + DISCOUNT","NORMAL DOWNTREND","32.55","TRUE","FALSE","FALSE","LEADING","LEADING (Risk)","2.12","2.12","VOLUME SURGE","92.11","7.89","53.18","24.76","23.6","24.6","1867.24","1982.19","2279.25","56291500","26491330","1108","Supertrend bullish | RSI 53.2 > 50 | Volume valid 2.12x | Lolos anti-crash ADX | RISEN NORMAL DOWNTREND","Full Grid (1-2-3-4)","100000000","1770","1735","1725","1715","0.1","0.2","0.3","0.4","56","115","173","233","577","99666500","333500","1727.32","1727.35","1685","2190","2330","2330","4.8","2.45","31.64","34.89","6.59","14.24"
"GMTD","2026-05-25","2026-05-25","559","FULL","1795","-1.3736263736263736","AVOID","-","passive","FALSE","","EARLY SWEEP","2026-05-13","","12d","12","DOWNTREND","BULLISH","BULLISH","BEARISH","STRUCTURE + DISCOUNT","SIDEWAYS","39.73","TRUE","FALSE","TRUE","LEADING","LEADING (Passive)","3.08","3.08","VOLUME SURGE","54.55","45.45","56.33","31.53","34.43","18.08","1705.19","1743.78","2253.71","58800","19110","1096","Supertrend bearish | RSI 56.3 > 50 | Volume valid 3.08x | Lolos anti-crash ADX | RISEN SIDEWAYS","Full Grid (1-2-3-4)","100000000","1905","1725","1680","1620","0.1","0.2","0.3","0.4","52","115","178","246","591","99499500","500500","1683.58","1683.73","1515","2490","3080","3080","20.47","10.01","61.68","82.94","3.01","8.28"
"AMIN","2026-05-25","2026-05-25","559","FULL","246","-2.380952380952381","AVOID","-","passive","FALSE","","EARLY SWEEP","2026-05-22","","3d","3","DOWNTREND","BEARISH","BEARISH","BULLISH","STRUCTURE + DISCOUNT","NORMAL UPTREND","33.98","TRUE","TRUE","FALSE","LEADING","LEADING (Passive)","0.02","0.02","DRY / QUIET","16.67","83.33","49.45","22.95","25.92","21.75","247.49","247.64","234.73","22600","1440540","1094","Supertrend bearish | RSI 49.5 lemah | Volume 0.02x | Lolos anti-crash ADX | RISEN NORMAL UPTREND","Full Grid (1-2-3-4)","100000000","258","238","232","224","0.1","0.2","0.3","0.4","387","840","1293","1785","4305","99958200","41800","232.19","232.19","214","324","390","390","17.05","7.83","51.16","67.97","3","8.68"
"BALI","2026-05-25","2026-05-25","559","FULL","1235","-1.2","HOLD","-","passive","FALSE","","V-SHAPE","2026-05-22","","3d","3","UPTREND","BEARISH","BEARISH","BEARISH","STRUCTURE + DISCOUNT","SIDEWAYS","95.8","TRUE","FALSE","FALSE","LEADING","LEADING (Passive)","1.24","1.24","EXPANSION","84.62","15.38","43.43","10.43","14.3","16.75","1260.03","1294.32","1351.46","6000","4830","1094","Supertrend bullish | RSI 43.4 lemah | Volume valid 1.24x | Lolos anti-crash ADX | RISEN SIDEWAYS","Full Grid (1-2-3-4)","100000000","1250","1215","1205","1195","0.1","0.2","0.3","0.4","80","164","248","334","826","99723000","277000","1207.3","1207.29","1170","1370","1505","1505","6.4","3.09","20.4","24.66","3.19","7.98"
"BBTN","2026-05-25","2026-05-25","559","FULL","1390","8.171206225680933","HOLD","-","passive","FALSE","","EARLY SWEEP","2026-05-22","","3d","3","UPTREND","BULLISH","BULLISH","BULLISH","DEMAND STRUCTURE","NORMAL UPTREND","45.55","TRUE","TRUE","FALSE","LEADING","LEADING (Passive)","0.98","0.98","NORMAL","91.3","8.7","56.26","16.19","29.77","21.85","1336.16","1324.41","1257.59","31441700","32039165","1094","Supertrend bullish | RSI 56.3 > 50 | Volume 0.98x | Lolos anti-crash ADX | RISEN NORMAL UPTREND","Full Grid (1-2-3-4)","100000000","1490","1360","1330","1285","0.1","0.2","0.3","0.4","67","147","225","311","750","99863500","136500","1331.51","1331.52","1220","1895","2300","2300","18.12","8.37","54.36","72.74","3","8.68"
"BESS","2026-05-25","2026-05-25","559","FULL","1040","-2.803738317757009","AVOID","-","passive","FALSE","","V-SHAPE","2026-05-22","","3d","3","DOWNTREND","BEARISH","BEARISH","BEARISH","STRUCTURE + DISCOUNT","NORMAL DOWNTREND","76.79","TRUE","FALSE","FALSE","LEADING","LEADING (Passive)","0.13","0.13","DRY / QUIET","12","88","38.68","14.93","16.79","22.11","1111.54","1200.92","1259.32","15800","124905","1094","Supertrend bearish | RSI 38.7 lemah | Volume 0.13x | Lolos anti-crash ADX | RISEN NORMAL DOWNTREND","Full Grid (1-2-3-4)","100000000","1070","970","945","915","0.1","0.2","0.3","0.4","93","206","317","437","1053","99875000","125000","948.48","948.53","855","1395","1715","1715","20.09","9.86","60.28","80.82","3","8.2"
"BNII","2026-05-25","2026-05-25","559","FULL","195","0.5154639175257731","AVOID","-","passive","FALSE","","V-SHAPE","2026-05-22","","3d","3","DOWNTREND","BEARISH","BEARISH","BEARISH","STRUCTURE + DISCOUNT","NORMAL DOWNTREND","61.74","TRUE","FALSE","FALSE","LEADING","LEADING (Passive)","0.92","0.92","NORMAL","25","75","38.25","26.22","10.15","23.82","200.21","204.16","207.75","1613200","1760570","1094","Supertrend bearish | RSI 38.3 lemah | Volume 0.92x | Lolos anti-crash ADX | RISEN NORMAL DOWNTREND","Full Grid (1-2-3-4)","100000000","194","191","190","189","0.1","0.2","0.3","0.4","515","1047","1578","2116","5256","99963100","36900","190.19","190.19","187","204","224","224","3.61","1.68","15.46","17.78","4.29","10.6"
"BSSR","2026-05-25","2026-05-25","559","FULL","3980","0.5050505050505051","HOLD","-","passive","FALSE","","V-SHAPE","2026-05-22","","3d","3","UPTREND","NEUTRAL","BEARISH","BEARISH","DEMAND STRUCTURE","SIDEWAYS","32.75","TRUE","FALSE","FALSE","LEADING","LEADING (Passive)","1.03","1.03","NORMAL","83.33","16.67","47.95","17.86","15.51","21.2","3987.8","3992.7","3992.67","449200","434245","1094","Supertrend bullish | RSI 48.0 lemah | Volume 1.03x | Lolos anti-crash ADX | RISEN SIDEWAYS","Full Grid (1-2-3-4)","100000000","3960","3880","3850","3830","0.1","0.2","0.3","0.4","25","51","77","104","257","99165000","835000","3858.56","3858.63","3780","4230","4650","4650","4.55","2.04","17.42","20.51","3.83","10.07"
"CGAS","2026-05-25","2026-05-25","555","FULL","178","7.228915662650602","AVOID","-","passive","FALSE","","EARLY SWEEP","2026-05-22","","3d","3","DOWNTREND","BULLISH","BULLISH","BULLISH","DEMAND STRUCTURE","NORMAL UPTREND","25","TRUE","TRUE","FALSE","LEADING","LEADING (Passive)","1.1","1.1","NORMAL","54.55","45.45","54.76","17.12","28.99","23","171.93","171.23","160.01","13563400","12362460","1094","Supertrend bearish | RSI 54.8 > 50 | Volume 1.1x | Lolos anti-crash ADX | RISEN NORMAL UPTREND","Full Grid (1-2-3-4)","100000000","173","167","166","164","0.1","0.2","0.3","0.4","578","1197","1807","2439","6021","99985100","14900","166.06","166.06","159","194","216","216","8.09","4.25","24.86","30.07","3.07","7.07"
"CLEO","2026-05-25","2026-05-25","559","FULL","390","-0.5102040816326531","AVOID","-","passive","FALSE","","V-SHAPE","2026-05-22","","3d","3","DOWNTREND","BEARISH","BEARISH","BEARISH","STRUCTURE + DISCOUNT","SIDEWAYS","58.45","TRUE","FALSE","FALSE","LEADING","LEADING (Passive)","0.21","0.21","DRY / QUIET","25","75","42.86","16.19","19.82","26.04","395.9","402.64","533.43","1007800","4702625","1094","Supertrend bearish | RSI 42.9 lemah | Volume 0.21x | Lolos anti-crash ADX | RISEN SIDEWAYS","Full Grid (1-2-3-4)","100000000","392","384","382","380","0.1","0.2","0.3","0.4","255","520","785","1052","2612","99927000","73000","382.57","382.57","374","420","462","462","4.59","2.24","17.86","20.76","3.89","9.27"
"DGWG","2026-05-25","2026-05-25","319","FULL","340","1.7964071856287425","AVOID","-","passive","FALSE","","EARLY SWEEP","2026-05-22","","3d","3","DOWNTREND","BEARISH","BEARISH","BEARISH","STRUCTURE + DISCOUNT","SIDEWAYS","56.47","TRUE","FALSE","FALSE","LEADING","LEADING (Passive)","1.07","1.07","NORMAL","100","0","40.37","16.77","15.06","26.36","358.57","373.96","388.66","12433600","11567035","1094","Supertrend bearish | RSI 40.4 lemah | Volume 1.07x | Lolos anti-crash ADX | RISEN SIDEWAYS","Full Grid (1-2-3-4)","100000000","468","392","374","348","0.1","0.2","0.3","0.4","213","510","802","1149","2674","99940400","59600","373.75","373.77","312","700","935","935","33.33","16.52","99.79","150.17","2.99","9.09"
"DMND","2026-05-25","2026-05-25","559","FULL","625","0","AVOID","-","passive","FALSE","","EARLY SWEEP","2026-05-22","","3d","3","DOWNTREND","BEARISH","BEARISH","BEARISH","STRUCTURE + DISCOUNT","SIDEWAYS","100","TRUE","FALSE","FALSE","LEADING","LEADING (Passive)","0.54","0.54","DRY / QUIET","100","0","44.31","15.15","12.39","23.11","631.11","651.15","672.3","20100","37540","1094","Supertrend bearish | RSI 44.3 lemah | Volume 0.54x | Lolos anti-crash ADX | RISEN SIDEWAYS","Full Grid (1-2-3-4)","100000000","740","670","650","625","0.1","0.2","0.3","0.4","135","298","461","640","1534","99921000","79000","651.38","651.39","590","965","1190","1190","20.27","9.42","60.81","82.69","3","8.78"
"ERAL","2026-05-25","2026-05-25","559","FULL","296","0.6802721088435374","AVOID","-","passive","FALSE","","EARLY SWEEP","2026-05-22","","3d","3","DOWNTREND","BEARISH","BEARISH","BEARISH","STRUCTURE + DISCOUNT","NORMAL DOWNTREND","45.94","TRUE","FALSE","FALSE","LEADING","LEADING (Passive)","0.49","0.49","DRY / QUIET","75","25","41.67","11.64","20.46","19.99","301.64","312.24","317.73","4458100","9081850","1094","Supertrend bearish | RSI 41.7 lemah | Volume 0.49x | Lolos anti-crash ADX | RISEN NORMAL DOWNTREND","Full Grid (1-2-3-4)","100000000","390","352","344","330","0.1","0.2","0.3","0.4","256","568","872","1212","2908","99970400","29600","343.78","343.78","310","510","630","630","20.51","9.83","61.54","83.26","3","8.47"
"FILM","2026-05-25","2026-05-25","559","FULL","2520","22.330097087378643","HOLD","-","passive","FALSE","","EARLY SWEEP","2026-05-22","","3d","3","UPTREND","BULLISH","BEARISH","BEARISH","UPTREND DISCOUNT","SIDEWAYS","66.39","TRUE","FALSE","FALSE","LEADING","LEADING (Passive)","1.73","1.73","EXPANSION","90.24","9.76","47.5","25.25","26.27","27.28","2464.91","3556.17","5433.96","8779400","5070315","1094","Supertrend bullish | RSI 47.5 lemah | Volume valid 1.73x | Lolos anti-crash ADX | RISEN SIDEWAYS","Full Grid (1-2-3-4)","100000000","14500","10875","10025","8800","0.1","0.2","0.3","0.4","6","18","29","45","98","96947500","3052500","9892.6","9933.73","7025","25725","36925","36925","51.55","28.99","154.66","273.26","3","9.43"
"GEMA","2026-05-25","2026-05-25","559","FULL","87","1.1627906976744187","AVOID","-","passive","FALSE","","EARLY SWEEP","2026-05-22","","3d","3","DOWNTREND","BEARISH","BEARISH","BEARISH","STRUCTURE + DISCOUNT","NORMAL DOWNTREND","83.72","TRUE","FALSE","FALSE","LEADING","LEADING (Passive)","0.29","0.29","DRY / QUIET","100","0","47.72","14.1","17.43","18.86","87.32","88.91","102.6","691000","2411040","1094","Supertrend bearish | RSI 47.7 lemah | Volume 0.29x | Lolos anti-crash ADX | RISEN NORMAL DOWNTREND","Full Grid (1-2-3-4)","100000000","89","87","87","86","0.1","0.2","0.3","0.4","1123","2298","3448","4651","11520","99983500","16500","86.79","86.79","84","97","98","98","5.62","3.22","10.11","12.91","1.8","4.02"
"HRTA","2026-05-25","2026-05-25","559","FULL","2410","3.4334763948497855","AVOID","-","passive","FALSE","","V-SHAPE","2026-05-22","","3d","3","DOWNTREND","BEARISH","BEARISH","BULLISH","DEMAND STRUCTURE","NORMAL UPTREND","22.34","TRUE","TRUE","FALSE","LEADING","LEADING (Passive)","0.93","0.93","NORMAL","76.47","23.53","43.9","26.32","18.09","32.14","2529.25","2563.23","1944.84","16194100","17452235","1094","Supertrend bearish | RSI 43.9 lemah | Volume 0.93x | Lolos anti-crash ADX | RISEN NORMAL UPTREND","Full Grid (1-2-3-4)","100000000","2330","2180","2140","2090","0.1","0.2","0.3","0.4","42","91","140","191","464","99503000","497000","2144.46","2144.84","1995","2830","3340","3340","14.38","6.97","43.35","55.75","3.01","8"
"IATA","2026-05-25","2026-05-25","559","FULL","72","2.857142857142857","AVOID","-","passive","FALSE","","EARLY SWEEP","2026-05-22","","3d","3","DOWNTREND","BEARISH","BEARISH","BEARISH","STRUCTURE + DISCOUNT","SIDEWAYS","54.98","TRUE","FALSE","FALSE","LEADING","LEADING (Passive)","0.57","0.57","DRY / QUIET","100","0","43.3","21.91","14.77","25.85","75.46","80.07","81.59","58965400","103033010","1094","Supertrend bearish | RSI 43.3 lemah | Volume 0.57x | Lolos anti-crash ADX | RISEN SIDEWAYS","Full Grid (1-2-3-4)","100000000","91","77","74","69","0.1","0.2","0.3","0.4","1098","2597","4054","5797","13546","99987600","12400","73.81","73.81","62","135","178","178","31.87","16","95.6","141.15","3","8.82"
"ICBP","2026-05-25","2026-05-25","559","FULL","7100","4.029304029304029","HOLD","-","passive","FALSE","","EARLY SWEEP","2026-05-22","","3d","3","UPTREND","BULLISH","BEARISH","BEARISH","STRUCTURE + DISCOUNT","NORMAL DOWNTREND","52.52","TRUE","FALSE","FALSE","LEADING","LEADING (Passive)","1.02","1.02","NORMAL","83.33","16.67","54.31","23.46","23.14","18.12","6931.99","7169.69","8282.29","6552500","6413260","1094","Supertrend bullish | RSI 54.3 > 50 | Volume 1.02x | Lolos anti-crash ADX | RISEN NORMAL DOWNTREND","Full Grid (1-2-3-4)","100000000","8375","7800","7675","7475","0.1","0.2","0.3","0.4","11","25","39","53","128","98262500","1737500","7676.76","7681.61","7175","10175","11975","11975","14.33","6.54","42.99","55.99","3","8.57"
"IKBI","2026-05-25","2026-05-25","559","FULL","525","-2.7777777777777777","AVOID","-","passive","FALSE","","EARLY SWEEP","2026-05-22","","3d","3","DOWNTREND","BEARISH","BEARISH","BULLISH","DOWNTREND DISCOUNT","NORMAL DOWNTREND","57.94","TRUE","FALSE","FALSE","LEADING","LEADING (Passive)","0.14","0.14","DRY / QUIET","50","50","42.5","19.5","13.68","12.67","542.33","547.41","521.99","5900","43035","1094","Supertrend bearish | RSI 42.5 lemah | Volume 0.14x | Lolos anti-crash ADX | RISEN NORMAL DOWNTREND","Full Grid (1-2-3-4)","100000000","550","525","520","510","0.1","0.2","0.3","0.4","181","380","576","784","1921","99841000","159000","519.73","519.75","498","630","705","705","9.45","4.18","28.18","35.65","2.98","8.52"
"MDKA","2026-05-25","2026-05-25","559","FULL","2850","4.779411764705882","HOLD","-","passive","FALSE","","V-SHAPE","2026-05-22","","3d","3","UPTREND","BEARISH","BEARISH","BULLISH","UPTREND","NORMAL DOWNTREND","9.21","TRUE","FALSE","FALSE","LEADING","LEADING (Passive)","1.91","1.91","EXPANSION","62.5","37.5","47.34","26.16","22.77","27.02","2879.79","3048.38","2774.76","225380900","118270120","1094","Supertrend bullish | RSI 47.3 lemah | Volume valid 1.91x | Lolos anti-crash ADX | RISEN NORMAL DOWNTREND","Full Grid (1-2-3-4)","100000000","2720","2440","2370","2270","0.1","0.2","0.3","0.4","36","81","126","176","419","99370000","630000","2371.6","2372.33","2100","3650","4580","4580","22.79","11.45","68.38","93.12","3","8.13"
"MDKI","2026-05-25","2026-05-25","559","FULL","190","-0.5235602094240838","AVOID","-","passive","FALSE","","EARLY SWEEP","2026-05-22","","3d","3","DOWNTREND","BEARISH","BEARISH","BEARISH","STRUCTURE + DISCOUNT","SIDEWAYS","52.5","TRUE","FALSE","FALSE","LEADING","LEADING (Passive)","0.2","0.2","DRY / QUIET","66.67","33.33","46.98","16.97","12.54","19.62","191.6","194.3","192.06","100200","494750","1094","Supertrend bearish | RSI 47.0 lemah | Volume 0.2x | Lolos anti-crash ADX | RISEN SIDEWAYS","Full Grid (1-2-3-4)","100000000","197","191","190","188","0.1","0.2","0.3","0.4","507","1047","1578","2127","5259","99955200","44800","190.07","190.07","184","216","238","238","6.6","3.19","20.81","25.22","3.15","7.9"
"MSTI","2026-05-25","2026-05-25","559","FULL","1400","1.4492753623188406","HOLD","-","passive","FALSE","","V-SHAPE","2026-05-22","","3d","3","UPTREND","BULLISH","BULLISH","BEARISH","UPTREND DISCOUNT","SIDEWAYS","61.87","TRUE","FALSE","FALSE","LEADING","LEADING (Passive)","1.24","1.24","EXPANSION","50","50","54.3","13.04","21.1","17.42","1386.52","1385.17","1420.24","1780000","1431235","1094","Supertrend bullish | RSI 54.3 > 50 | Volume valid 1.24x | Lolos anti-crash ADX | RISEN SIDEWAYS","Full Grid (1-2-3-4)","100000000","1380","1360","1350","1345","0.1","0.2","0.3","0.4","72","147","222","297","738","99844500","155500","1352.91","1352.92","1330","1455","1600","1600","3.62","1.69","15.94","18.26","4.4","10.79"
"MUTU","2026-05-25","2026-05-25","559","FULL","106","-1.8518518518518516","AVOID","-","passive","FALSE","","EARLY SWEEP","2026-05-22","","3d","3","DOWNTREND","BULLISH","NEUTRAL","NEUTRAL","STRUCTURE + DISCOUNT","SIDEWAYS","58.58","TRUE","FALSE","FALSE","LEADING","LEADING (Passive)","0.25","0.25","DRY / QUIET","33.33","66.67","50.61","24.67","24","12.73","105.69","106.03","106.19","564100","2259655","1094","Supertrend bearish | RSI 50.6 > 50 | Volume 0.25x | Lolos anti-crash ADX | RISEN SIDEWAYS","Full Grid (1-2-3-4)","100000000","137","119","114","108","0.1","0.2","0.3","0.4","729","1680","2631","3703","8743","99965100","34900","114.34","114.34","98","196","254","254","28.47","14.29","85.4","122.15","3","8.55"
"NISP","2026-05-25","2026-05-25","559","FULL","1310","0.7692307692307693","AVOID","-","passive","FALSE","","EARLY SWEEP","2026-05-22","","3d","3","DOWNTREND","BEARISH","BEARISH","BEARISH","STRUCTURE + DISCOUNT","NORMAL DOWNTREND","25","TRUE","FALSE","FALSE","LEADING","LEADING (Passive)","0.97","0.97","NORMAL","57.14","42.86","39.64","18.55","22.36","21.86","1336.26","1378.51","1392.9","5536500","5681225","1094","Supertrend bearish | RSI 39.6 lemah | Volume 0.97x | Lolos anti-crash ADX | RISEN NORMAL DOWNTREND","Full Grid (1-2-3-4)","100000000","1505","1465","1455","1440","0.1","0.2","0.3","0.4","66","136","206","277","685","99718000","282000","1455.74","1455.76","1420","1635","1800","1800","5.65","2.45","19.6","23.65","3.47","9.63"
"PUDP","2026-05-25","2026-05-25","559","FULL","314","-3.6809815950920246","AVOID","-","passive","FALSE","","EARLY SWEEP","2026-05-22","","3d","3","DOWNTREND","BEARISH","BEARISH","BEARISH","STRUCTURE + DISCOUNT","SIDEWAYS","35.18","TRUE","FALSE","FALSE","LEADING","LEADING (Passive)","0.05","0.05","DRY / QUIET","0","100","45.03","15.35","16.65","22.6","325.59","353.52","452.8","40800","743830","1094","Supertrend bearish | RSI 45.0 lemah | Volume 0.05x | Lolos anti-crash ADX | RISEN SIDEWAYS","Full Grid (1-2-3-4)","100000000","348","324","318","310","0.1","0.2","0.3","0.4","287","617","943","1290","3137","99955800","44200","318.64","318.64","294","430","510","510","15.52","7.73","46.55","60.06","3","7.77"
"RSCH","2026-05-25","2026-05-25","559","FULL","262","0.7692307692307693","AVOID","-","passive","FALSE","","V-SHAPE","2026-05-22","","3d","3","DOWNTREND","BEARISH","BEARISH","BEARISH","STRUCTURE + DISCOUNT","NORMAL DOWNTREND","45.86","TRUE","FALSE","FALSE","LEADING","LEADING (Passive)","0.54","0.54","DRY / QUIET","50","50","39.63","11.86","13.34","14.55","280.01","309.07","355.91","12262000","22825415","1094","Supertrend bearish | RSI 39.6 lemah | Volume 0.54x | Lolos anti-crash ADX | RISEN NORMAL DOWNTREND","Full Grid (1-2-3-4)","100000000","260","254","252","250","0.1","0.2","0.3","0.4","384","787","1190","1600","3961","99961800","38200","252.37","252.37","244","284","312","312","6.15","3.31","20","23.63","3.25","7.13"
"TFAS","2026-05-25","2026-05-25","559","FULL","214","0.9433962264150944","AVOID","-","passive","FALSE","","V-SHAPE","2026-05-22","","3d","3","DOWNTREND","BEARISH","BEARISH","BEARISH","STRUCTURE + DISCOUNT","SIDEWAYS","94.67","TRUE","FALSE","FALSE","LEADING","LEADING (Passive)","0.38","0.38","DRY / QUIET","66.67","33.33","45.56","20.05","18.88","13.37","217.56","223.03","220.05","146400","389975","1094","Supertrend bearish | RSI 45.6 lemah | Volume 0.38x | Lolos anti-crash ADX | RISEN SIDEWAYS","Full Grid (1-2-3-4)","100000000","212","206","204","202","0.1","0.2","0.3","0.4","471","970","1470","1980","4891","99951200","48800","204.36","204.36","196","236","256","256","7.55","4.09","20.75","25.27","2.75","6.18"
"TINS","2026-05-25","2026-05-25","559","FULL","3550","-0.8379888268156425","AVOID","-","passive","FALSE","","V-SHAPE","2026-05-22","","3d","3","DOWNTREND","BULLISH","BEARISH","BULLISH","DOWNTREND PREMIUM","NORMAL UPTREND","19.64","TRUE","TRUE","FALSE","LEADING","LEADING (Passive)","0.67","0.67","DRY / QUIET","66.67","33.33","49.69","19.48","23.26","27.95","3535.52","3594.41","2962.44","58931100","87972880","1094","Supertrend bearish | RSI 49.7 lemah | Volume 0.67x | Lolos anti-crash ADX | RISEN NORMAL UPTREND","Full Grid (1-2-3-4)","100000000","3580","3200","3110","2980","0.1","0.2","0.3","0.4","27","62","96","134","319","99294000","706000","3112.66","3114.06","2760","4810","6050","6050","22.91","11.33","68.99","94.37","3.01","8.33"
"TOSK","2026-05-25","2026-05-25","535","FULL","57","0","AVOID","-","passive","FALSE","","V-SHAPE","2026-05-22","","3d","3","DOWNTREND","BEARISH","BEARISH","BEARISH","STRUCTURE + DISCOUNT","NORMAL DOWNTREND","53.7","TRUE","FALSE","FALSE","LEADING","LEADING (Passive)","0.25","0.25","DRY / QUIET","50","50","38.75","14.97","12.88","22.16","61.18","63.93","66.34","6447600","25442815","1094","Supertrend bearish | RSI 38.8 lemah | Volume 0.25x | Lolos anti-crash ADX | RISEN NORMAL DOWNTREND","Full Grid (1-2-3-4)","100000000","57","54","53","51","0.1","0.2","0.3","0.4","1754","3703","5660","7843","18960","99991300","8700","52.74","52.74","49","69","81","81","14.04","7.09","42.11","53.59","3","7.56"
"VINS","2026-05-25","2026-05-25","559","FULL","151","1.342281879194631","AVOID","-","passive","FALSE","","EARLY SWEEP","2026-05-22","","3d","3","DOWNTREND","BEARISH","BEARISH","BEARISH","STRUCTURE + DISCOUNT","SIDEWAYS","71.24","TRUE","FALSE","FALSE","LEADING","LEADING (Passive)","0.47","0.47","DRY / QUIET","75","25","42.97","16.28","16.76","21.86","157.48","164.85","159.83","192300","412840","1094","Supertrend bearish | RSI 43.0 lemah | Volume 0.47x | Lolos anti-crash ADX | RISEN SIDEWAYS","Full Grid (1-2-3-4)","100000000","232","188","178","163","0.1","0.2","0.3","0.4","431","1063","1685","2453","5632","99960500","39500","177.49","177.49","140","370","510","510","39.66","21.12","119.83","187.35","3.02","8.87"
"APLI","2026-05-25","2026-05-25","559","FULL","258","1.574803149606299","HOLD","-","passive","FALSE","","SMART SNIPER","2026-05-21","Structure + Discount","4d","4","UPTREND","BULLISH","BEARISH","BEARISH","UPTREND DISCOUNT","SIDEWAYS","52.5","TRUE","FALSE","FALSE","LEADING","LEADING (Passive)","0.32","0.32","DRY / QUIET","66.67","33.33","55.59","32.32","26.01","9.75","240.73","259.37","363.32","212200","671485","1092","Supertrend bullish | RSI 55.6 > 50 | Volume 0.32x | Lolos anti-crash ADX | RISEN SIDEWAYS","Full Grid (1-2-3-4)","100000000","272","236","228","216","0.1","0.2","0.3","0.4","367","847","1315","1851","4380","99935200","64800","228.16","228.17","193","390","424","424","29.04","15.41","55.88","85.83","1.92","5.57"
"BMAS","2026-05-25","2026-05-25","559","FULL","505","1","HOLD","-","passive","FALSE","","SMART SNIPER","2026-05-21","Structure + Discount","4d","4","UPTREND","BULLISH","BEARISH","BEARISH","STRUCTURE + DISCOUNT","SIDEWAYS","31.88","TRUE","FALSE","FALSE","LEADING","LEADING (Passive)","0.95","0.95","NORMAL","100","0","55.43","42.52","27.77","11.1","497.32","508.39","569.38","26000","27295","1092","Supertrend bullish | RSI 55.4 > 50 | Volume 0.95x | Lolos anti-crash ADX | RISEN SIDEWAYS","Full Grid (1-2-3-4)","100000000","498","480","474","468","0.1","0.2","0.3","0.4","200","416","632","854","2102","99852000","148000","475.03","475.04","456","560","625","625","8.43","4.01","25.5","31.57","3.02","7.88"
"BPFI","2026-05-25","2026-05-25","559","FULL","264","1.5384615384615385","HOLD","-","passive","FALSE","","EARLY SWEEP","2026-05-21","","4d","4","UPTREND","BEARISH","BEARISH","BEARISH","STRUCTURE + DISCOUNT","SIDEWAYS","73.55","TRUE","FALSE","FALSE","LEADING","LEADING (Passive)","0.02","0.02","DRY / QUIET","100","0","45.41","19.29","16.9","15","267.55","273.36","298.85","4600","238835","1092","Supertrend bullish | RSI 45.4 lemah | Volume 0.02x | Lolos anti-crash ADX | RISEN SIDEWAYS","Full Grid (1-2-3-4)","100000000","358","304","290","272","0.1","0.2","0.3","0.4","279","657","1034","1470","3440","99931000","69000","290.5","290.5","244","530","700","700","31.84","16.01","95.53","140.97","3","8.81"
"HMSP","2026-05-25","2026-05-25","559","FULL","730","-1.3513513513513513","HOLD","-","passive","FALSE","","V-SHAPE","2026-05-21","","4d","4","UPTREND","BEARISH","BEARISH","BEARISH","STRUCTURE + DISCOUNT","SIDEWAYS","84.48","TRUE","FALSE","FALSE","LEADING","LEADING (Passive)","0.91","0.91","NORMAL","0","100","44.26","11.25","12.88","15.65","743.81","757.82","745.7","20347200","22469950","1092","Supertrend bullish | RSI 44.3 lemah | Volume 0.91x | Lolos anti-crash ADX | RISEN SIDEWAYS","Full Grid (1-2-3-4)","100000000","745","730","725","720","0.1","0.2","0.3","0.4","134","273","413","555","1375","99814500","185500","725.92","725.93","710","800","880","880","4.7","2.19","18.12","21.22","3.86","9.68"
"MIRA","2026-05-25","2026-05-25","559","FULL","20","5.263157894736842","AVOID","-","passive","FALSE","","EARLY SWEEP","2026-05-21","","4d","4","DOWNTREND","BEARISH","BEARISH","BEARISH","DOWNTREND DISCOUNT","SIDEWAYS","56.14","TRUE","FALSE","FALSE","LEADING","LEADING (Passive)","0.21","0.21","DRY / QUIET","50","50","42.49","17.58","23.15","33.68","21.34","23.62","28.18","1064100","4998615","1092","Supertrend bearish | RSI 42.5 lemah | Volume 0.21x | Lolos anti-crash ADX | RISEN SIDEWAYS","Full Grid (1-2-3-4)","100000000","25","24","23","23","0.1","0.2","0.3","0.4","4000","8333","13043","17391","42767","99997400","2600","23.38","23.38","22","36","39","39","12","5.91","56","66.8","4.67","11.3"
"BABP","2026-05-25","2026-05-25","559","FULL","50","0","AVOID","-","passive","FALSE","","EARLY SWEEP","2026-05-20","","5d","5","DOWNTREND","BEARISH","BEARISH","BEARISH","DOWNTREND DISCOUNT","SIDEWAYS","100","TRUE","FALSE","FALSE","LEADING","LEADING (Passive)","0.38","0.38","DRY / QUIET","0","100","41.51","16.78","13.44","7.44","51.07","52.34","54.58","7833400","20792325","1090","Supertrend bearish | RSI 41.5 lemah | Volume 0.38x | Lolos anti-crash ADX | RISEN SIDEWAYS","Full Grid (1-2-3-4)","100000000","57","55","54","53","0.1","0.2","0.3","0.4","1754","3636","5555","7547","18492","99991900","8100","54.07","54.07","52","65","72","72","8.77","3.83","26.32","33.15","3","8.65"
"BBMD","2026-05-25","2026-05-25","559","FULL","1930","0","AVOID","-","passive","FALSE","","EARLY SWEEP","2026-05-20","","5d","5","DOWNTREND","BEARISH","BEARISH","BEARISH","STRUCTURE + DISCOUNT","NORMAL DOWNTREND","35.14","TRUE","FALSE","FALSE","LEADING","LEADING (Passive)","0.17","0.17","DRY / QUIET","50","50","46.24","13.18","41.04","33.96","1943.37","1961.34","2006.6","200","1190","1090","Supertrend bearish | RSI 46.2 lemah | Volume 0.17x | Lolos anti-crash ADX | RISEN NORMAL DOWNTREND","Full Grid (1-2-3-4)","100000000","1970","1955","1950","1945","0.1","0.2","0.3","0.4","50","102","153","205","510","99498500","501500","1950.95","1950.97","1935","2020","2100","2100","1.78","0.82","6.6","7.64","3.71","9.34"
"IKPM","2026-05-25","2026-05-25","559","FULL","194","4.301075268817205","AVOID","-","passive","FALSE","","EARLY SWEEP","2026-05-20","","5d","5","DOWNTREND","BEARISH","BEARISH","BEARISH","STRUCTURE + DISCOUNT","NORMAL DOWNTREND","40.7","TRUE","FALSE","FALSE","LEADING","LEADING (Passive)","0.07","0.07","DRY / QUIET","72.73","27.27","44.42","37.18","26.63","11.03","199.97","210.43","225.09","71400","1058850","1090","Supertrend bearish | RSI 44.4 lemah | Volume 0.07x | Lolos anti-crash ADX | RISEN NORMAL DOWNTREND","Full Grid (1-2-3-4)","100000000","262","232","224","214","0.1","0.2","0.3","0.4","381","862","1339","1869","4451","99970800","29200","224.6","224.61","196","362","460","460","25.19","12.73","75.57","104.81","3","8.23"
"INTD","2026-05-25","2026-05-25","559","FULL","258","0","HOLD","-","passive","FALSE","","SMART SNIPER + V-SHAPE","2026-05-20","Structure + Discount","5d","5","UPTREND","BULLISH","BULLISH","BULLISH","STRUCTURE + DISCOUNT","SIDEWAYS","34.67","TRUE","FALSE","FALSE","LEADING","LEADING (Passive)","0.1","0.1","DRY / QUIET","45.45","54.55","52.15","32.22","31.39","9.87","251.76","254.41","237.82","92100","887190","1090","Supertrend bullish | RSI 52.1 > 50 | Volume 0.1x | Lolos anti-crash ADX | RISEN SIDEWAYS","Full Grid (1-2-3-4)","100000000","286","254","246","234","0.1","0.2","0.3","0.4","349","787","1219","1709","4064","99949200","50800","245.94","245.94","214","394","500","500","25.17","12.99","74.83","103.3","2.97","7.95"
"IPCM","2026-05-25","2026-05-25","559","FULL","326","1.875","HOLD","-","passive","FALSE","","V-SHAPE","2026-05-20","","5d","5","UPTREND","NEUTRAL","BEARISH","BULLISH","STRUCTURE + DISCOUNT","SIDEWAYS","78.67","TRUE","FALSE","FALSE","LEADING","LEADING (Passive)","0.55","0.55","DRY / QUIET","60","40","49.56","19.6","16.02","16.8","325.61","328.54","321.32","574500","1052000","1090","Supertrend bullish | RSI 49.6 lemah | Volume 0.55x | Lolos anti-crash ADX | RISEN SIDEWAYS","Full Grid (1-2-3-4)","100000000","324","320","320","318","0.1","0.2","0.3","0.4","308","625","937","1257","3127","99935800","64200","319.59","319.59","314","344","348","348","3.09","1.75","7.41","8.89","2.4","5.08"
"JSMR","2026-05-25","2026-05-25","559","FULL","3000","1.694915254237288","AVOID","-","passive","FALSE","","EARLY SWEEP","2026-05-20","","5d","5","DOWNTREND","BEARISH","BEARISH","BEARISH","STRUCTURE + DISCOUNT","NORMAL DOWNTREND","54.96","TRUE","FALSE","FALSE","LEADING","LEADING (Passive)","1.23","1.23","EXPANSION","57.14","42.86","42.97","27.05","14.6","23.47","3038.81","3153.58","3475.92","4025100","3283245","1090","Supertrend bearish | RSI 43.0 lemah | Volume valid 1.23x | Lolos anti-crash ADX | RISEN NORMAL DOWNTREND","Full Grid (1-2-3-4)","100000000","3450","3390","3380","3360","0.1","0.2","0.3","0.4","28","58","88","119","293","99050000","950000","3380.55","3380.8","3320","3650","4020","4020","3.77","1.79","16.52","18.92","4.38","10.56"
"MPIX","2026-05-25","2026-05-25","535","FULL","87","4.819277108433735","AVOID","-","passive","FALSE","","V-SHAPE","2026-05-20","","5d","5","DOWNTREND","BULLISH","BULLISH","BULLISH","STRUCTURE + DISCOUNT","SIDEWAYS","77","TRUE","FALSE","FALSE","LEADING","LEADING (Passive)","0.42","0.42","DRY / QUIET","57.14","42.86","52.69","38.07","28.73","10.61","85.02","84.79","79.32","9662500","23026705","1090","Supertrend bearish | RSI 52.7 > 50 | Volume 0.42x | Lolos anti-crash ADX | RISEN SIDEWAYS","Full Grid (1-2-3-4)","100000000","89","82","80","78","0.1","0.2","0.3","0.4","1123","2439","3750","5128","12440","99992900","7100","80.38","80.38","74","112","134","134","16.85","7.94","50.56","66.71","3","8.4"
"PTPW","2026-05-25","2026-05-25","559","FULL","935","0.5376344086021506","AVOID","-","passive","FALSE","","EARLY SWEEP","2026-05-20","","5d","5","DOWNTREND","BEARISH","BEARISH","BEARISH","STRUCTURE + DISCOUNT","NORMAL UPTREND","22.63","TRUE","TRUE","FALSE","LEADING","LEADING (Passive)","0.13","0.13","DRY / QUIET","50","50","40.44","15.9","28.12","30.67","947.1","958.81","959.95","13100","104230","1090","Supertrend bearish | RSI 40.4 lemah | Volume 0.13x | Lolos anti-crash ADX | RISEN NORMAL UPTREND","Full Grid (1-2-3-4)","100000000","1000","985","980","970","0.1","0.2","0.3","0.4","100","203","306","412","1021","99947500","52500","978.92","978.91","965","1055","1160","1160","3.5","1.42","16","18.5","4.57","13.01"
"KEJU","2026-05-25","2026-05-25","559","FULL","565","0.8928571428571428","HOLD","-","passive","FALSE","","SMART SNIPER + V-SHAPE","2026-05-19","Structure + Discount","6d","6","UPTREND","BULLISH","BULLISH","BEARISH","STRUCTURE + DISCOUNT","SIDEWAYS","79.43","TRUE","FALSE","FALSE","LEADING","LEADING (Passive)","0.7","0.7","DRY / QUIET","75","25","55.15","15.86","11.18","14.52","554.45","558.05","636.15","239600","340815","1088","Supertrend bullish | RSI 55.1 > 50 | Volume 0.7x | Lolos anti-crash ADX | RISEN SIDEWAYS","Full Grid (1-2-3-4)","100000000","555","545","540","535","0.1","0.2","0.3","0.4","180","366","555","747","1848","99871500","128500","540.43","540.43","525","600","605","605","5.41","2.86","9.01","11.95","1.67","4.18"
"SQMI","2026-05-25","2026-05-25","559","FULL","47","9.30232558139535","AVOID","-","passive","FALSE","","EARLY SWEEP","2026-05-19","","6d","6","DOWNTREND","BEARISH","BEARISH","BEARISH","STRUCTURE + DISCOUNT","SIDEWAYS","14.44","TRUE","FALSE","FALSE","LEADING","LEADING (Passive)","1.31","1.31","EXPANSION","100","0","43.92","34.36","20.77","37.19","48.81","51.97","47.97","5621900","4277060","1088","Supertrend bearish | RSI 43.9 lemah | Volume valid 1.31x | Crash filter aktif | RISEN SIDEWAYS","Full Grid (1-2-3-4)","100000000","48","44","43","42","0.1","0.2","0.3","0.4","2083","4545","6976","9523","23127","99989800","10200","43.24","43.24","40","60","72","72","16.67","7.48","50","66.53","3","8.89"
"BBCA","2026-05-25","2026-05-25","559","FULL","6100","3.389830508474576","AVOID","-","passive","FALSE","","EARLY SWEEP","2026-05-18","","7d","7","DOWNTREND","BEARISH","BEARISH","BEARISH","STRUCTURE + DISCOUNT","NORMAL DOWNTREND","46.35","TRUE","FALSE","FALSE","LEADING","LEADING (Passive)","1.28","1.28","EXPANSION","70","30","46.27","19.76","25.13","23.29","6120.89","6438.65","7481.64","263179200","205467905","1086","Supertrend bearish | RSI 46.3 lemah | Volume valid 1.28x | Lolos anti-crash ADX | RISEN NORMAL DOWNTREND","Full Grid (1-2-3-4)","100000000","7200","6800","6700","6550","0.1","0.2","0.3","0.4","13","29","44","61","147","98515000","1485000","6701.7","6704.86","6325","8700","8750","8750","12.15","5.62","21.53","30.56","1.77","5.44"
"BNGA","2026-05-25","2026-05-25","559","FULL","1635","-0.60790273556231","AVOID","-","passive","FALSE","","EARLY SWEEP","2026-05-18","","7d","7","DOWNTREND","BEARISH","BEARISH","BEARISH","STRUCTURE + DISCOUNT","NORMAL DOWNTREND","43.27","TRUE","FALSE","FALSE","LEADING","LEADING (Passive)","1.45","1.45","EXPANSION","37.5","62.5","33.76","32.68","11.52","30.93","1698.07","1745.86","1764.85","10824900","7445030","1086","Supertrend bearish | RSI 33.8 lemah | Volume valid 1.45x | Crash filter aktif | RISEN NORMAL DOWNTREND","Full Grid (1-2-3-4)","100000000","1855","1790","1770","1750","0.1","0.2","0.3","0.4","53","111","169","228","561","99513500","486500","1773.86","1773.98","1715","2070","2280","2280","7.55","3.32","22.91","28.53","3.04","8.6"
"BTON","2026-05-25","2026-05-25","559","FULL","378","1.06951871657754","AVOID","-","passive","FALSE","","EARLY SWEEP","2026-05-18","","7d","7","DOWNTREND","NEUTRAL","BEARISH","BEARISH","DEMAND STRUCTURE","SIDEWAYS","25","TRUE","FALSE","FALSE","LEADING","LEADING (Passive)","0.62","0.62","DRY / QUIET","77.78","22.22","49.44","26.8","12.38","17.81","378.17","380.11","386.14","6000","9695","1086","Supertrend bearish | RSI 49.4 lemah | Volume 0.62x | Lolos anti-crash ADX | RISEN SIDEWAYS","Full Grid (1-2-3-4)","100000000","390","374","368","364","0.1","0.2","0.3","0.4","256","534","815","1098","2703","99914800","85200","369.64","369.65","354","444","498","498","9.23","4.23","27.69","34.72","3","8.2"
"CANI","2026-05-25","2026-05-25","559","FULL","148","9.62962962962963","AVOID","-","passive","FALSE","","EARLY SWEEP","2026-05-18","","7d","7","DOWNTREND","BEARISH","BEARISH","BULLISH","DOWNTREND DISCOUNT","SIDEWAYS","67.17","TRUE","TRUE","FALSE","LEADING","LEADING (Passive)","0.57","0.57","DRY / QUIET","50","50","49.02","13.81","26.81","36.6","149.23","155.07","125.29","278100","486935","1086","Supertrend bearish | RSI 49.0 lemah | Volume 0.57x | Lolos anti-crash ADX | RISEN SIDEWAYS","Full Grid (1-2-3-4)","100000000","57","50","48","45","0.1","0.2","0.3","0.4","1754","4000","6250","8888","20892","99993800","6200","47.86","47.86","42","80","102","102","26.32","12.25","78.95","113.11","3","9.23"
"MYOR","2026-05-25","2026-05-25","559","FULL","1890","1.6129032258064515","HOLD","-","passive","FALSE","","EARLY SWEEP","2026-05-18","","7d","7","UPTREND","BULLISH","BULLISH","BEARISH","UPTREND DISCOUNT","SIDEWAYS","71.93","TRUE","FALSE","FALSE","LEADING","LEADING (Passive)","0.54","0.54","DRY / QUIET","66.67","33.33","56.99","18.38","25.11","18.62","1826.99","1881.61","2061.9","6516000","12116910","1086","Supertrend bullish | RSI 57.0 > 50 | Volume 0.54x | Lolos anti-crash ADX | RISEN SIDEWAYS","Full Grid (1-2-3-4)","100000000","2510","2460","2450","2430","0.1","0.2","0.3","0.4","39","81","122","164","406","99457000","543000","2449.68","2449.78","2390","2690","2960","2960","4.78","2.44","17.93","20.83","3.75","8.55"
"PGAS","2026-05-25","2026-05-25","559","FULL","1875","3.021978021978022","AVOID","-","passive","FALSE","","EARLY SWEEP","2026-05-18","","7d","7","DOWNTREND","BULLISH","BEARISH","BULLISH","STRUCTURE + DISCOUNT","SIDEWAYS","77.65","TRUE","FALSE","FALSE","LEADING","LEADING (Passive)","1.82","1.82","EXPANSION","68.75","31.25","49.48","23.14","19.19","23.45","1867.73","1915.93","1871.09","47139300","25963410","1086","Supertrend bearish | RSI 49.5 lemah | Volume valid 1.82x | Lolos anti-crash ADX | RISEN SIDEWAYS","Full Grid (1-2-3-4)","100000000","2040","1965","1945","1920","0.1","0.2","0.3","0.4","49","101","154","208","512","99731500","268500","1947.88","1947.89","1865","2300","2310","2310","8.58","4.25","13.24","18.59","1.54","4.37"
"PNBS","2026-05-25","2026-05-25","559","FULL","50","0","AVOID","-","passive","FALSE","","EARLY SWEEP","2026-05-18","","7d","7","DOWNTREND","BEARISH","BEARISH","BEARISH","DOWNTREND DISCOUNT","SIDEWAYS","74.18","TRUE","FALSE","FALSE","LEADING","LEADING (Passive)","0.04","0.04","DRY / QUIET","50","50","44.82","51.39","14.51","3.7","50.56","51.04","52.18","1609800","37990470","1086","Supertrend bearish | RSI 44.8 lemah | Volume 0.04x | Lolos anti-crash ADX | RISEN SIDEWAYS","Full Grid (1-2-3-4)","100000000","53","52","51","51","0.1","0.2","0.3","0.4","1886","3846","5882","7843","19457","99992500","7500","51.39","51.39","50","58","64","64","5.66","2.71","20.75","24.53","3.67","9.06"
"ZONE","2026-05-25","2026-05-25","559","FULL","350","0","AVOID","-","passive","FALSE","","V-SHAPE","2026-05-18","","7d","7","DOWNTREND","BEARISH","BEARISH","BEARISH","STRUCTURE + DISCOUNT","NORMAL DOWNTREND","52.5","TRUE","FALSE","FALSE","LEADING","LEADING (Passive)","0.33","0.33","DRY / QUIET","33.33","66.67","46.63","45.67","35.2","8.16","360.8","383.73","526.97","300600","912485","1086","Supertrend bearish | RSI 46.6 lemah | Volume 0.33x | Lolos anti-crash ADX | RISEN NORMAL DOWNTREND","Full Grid (1-2-3-4)","100000000","352","344","340","338","0.1","0.2","0.3","0.4","284","581","882","1183","2930","99956600","43400","341.15","341.15","326","505","540","540","7.39","4.44","53.41","58.29","7.23","13.13"
"BANK","2026-05-25","2026-05-25","559","FULL","284","-6.578947368421052","AVOID","-","passive","FALSE","","SMART GAMMA","2025-12-04","","172d","172","DOWNTREND","BEARISH","BEARISH","BEARISH","DOWNTREND DISCOUNT","CRASH / SELL-OFF","0","FALSE","FALSE","TRUE","LAGGING","LAGGARD (Passive)","17.95","17.95","VOLUME SURGE","37.5","62.5","24.03","32.64","12.43","42.88","461.3","522.8","690.91","254570400","14183160","1076","Supertrend bearish | RSI 24.0 lemah | Volume valid 17.95x | Crash filter aktif | RISEN CRASH / SELL-OFF","Full Grid (1-2-3-4)","100000000","970","895","875","850","0.1","0.2","0.3","0.4","103","223","342","470","1138","99824500","175500","877.19","877.19","815","1205","1435","1435","15.98","7.09","47.94","63.59","3","8.97"
"CPIN","2026-05-25","2026-05-25","559","FULL","4400","1.1494252873563218","HOLD","-","passive","FALSE","","V-SHAPE","2026-05-13","","12d","12","UPTREND","BULLISH","BULLISH","BEARISH","UPTREND PREMIUM","NORMAL DOWNTREND","0","FALSE","FALSE","FALSE","LEADING","LEADING (Passive)","0.85","0.85","NORMAL","71.43","28.57","59.36","16.05","29.43","18.15","4193.82","4202.88","4422.53","4607500","5405295","1076","Supertrend bullish | RSI 59.4 > 50 | Volume 0.85x | Lolos anti-crash ADX | RISEN NORMAL DOWNTREND","Full Grid (1-2-3-4)","100000000","4160","4060","4040","4000","0.1","0.2","0.3","0.4","24","49","74","100","247","99774000","226000","4039.43","4039.47","3930","4540","4640","4640","5.53","2.71","11.54","14.87","2.09","5.49"
"KINO","2026-05-25","2026-05-25","559","FULL","1130","1.8018018018018018","HOLD","-","passive","FALSE","","SMART SNIPER","2026-05-13","Structure + Discount","12d","12","UPTREND","BULLISH","BEARISH","BEARISH","STRUCTURE + DISCOUNT","SIDEWAYS","100","TRUE","FALSE","FALSE","LEADING","LEADING (Passive)","0.96","0.96","NORMAL","50","50","50.27","10.45","14.73","12.6","1124.51","1149.06","1196.28","30200","31600","1076","Supertrend bullish | RSI 50.3 > 50 | Volume 0.96x | Lolos anti-crash ADX | RISEN SIDEWAYS","Full Grid (1-2-3-4)","100000000","1155","1125","1115","1105","0.1","0.2","0.3","0.4","86","177","269","361","893","99729500","270500","1116.79","1116.81","1080","1270","1395","1395","6.49","3.29","20.78","24.91","3.2","7.56"
"MRAT","2026-05-25","2026-05-25","559","FULL","440","5.769230769230769","HOLD","-","passive","FALSE","","SMART GAMMA","2026-05-13","","12d","12","UPTREND","BULLISH","BULLISH","BULLISH","STRUCTURE + DISCOUNT","SIDEWAYS","89.08","TRUE","FALSE","FALSE","LEADING","LEADING (Passive)","1.12","1.12","NORMAL","100","0","56.91","18.22","20.65","19.87","428.13","429.52","404.49","404000","361560","1076","Supertrend bullish | RSI 56.9 > 50 | Volume 1.12x | Lolos anti-crash ADX | RISEN SIDEWAYS","Full Grid (1-2-3-4)","100000000","440","418","412","404","0.1","0.2","0.3","0.4","227","478","728","990","2423","99958000","42000","412.54","412.54","392","510","585","585","10.91","4.98","32.95","41.81","3.02","8.4"
"RIGS","2026-05-25","2026-05-25","559","FULL","685","-0.7246376811594203","AVOID","-","passive","FALSE","","V-SHAPE","2026-05-13","","12d","12","DOWNTREND","NEUTRAL","BEARISH","BEARISH","STRUCTURE + DISCOUNT","SIDEWAYS","57.35","TRUE","FALSE","FALSE","LEADING","LEADING (Passive)","0.49","0.49","DRY / QUIET","75","25","49.39","22.76","9.81","15.93","684.47","696.02","732.71","36700","75235","1076","Supertrend bearish | RSI 49.4 lemah | Volume 0.49x | Lolos anti-crash ADX | RISEN SIDEWAYS","Full Grid (1-2-3-4)","100000000","685","665","655","650","0.1","0.2","0.3","0.4","145","300","458","615","1518","99856500","143500","657.82","657.84","635","760","835","835","7.3","3.47","21.9","26.94","3","7.77"
"TOTO","2026-05-25","2026-05-25","559","FULL","254","4.098360655737705","AVOID","-","passive","FALSE","","EARLY SWEEP","2026-05-13","","12d","12","DOWNTREND","BEARISH","BEARISH","BEARISH","DOWNTREND DISCOUNT","NORMAL DOWNTREND","27.26","TRUE","FALSE","FALSE","LEADING","LEADING (Passive)","0.3","0.3","DRY / QUIET","83.33","16.67","42.44","34.11","14.04","22.13","258.07","264.85","262.77","467100","1576215","1076","Supertrend bearish | RSI 42.4 lemah | Volume 0.3x | Crash filter aktif | RISEN NORMAL DOWNTREND","Full Grid (1-2-3-4)","100000000","282","258","252","242","0.1","0.2","0.3","0.4","354","775","1190","1652","3971","99944200","55800","251.69","251.69","230","360","438","438","18.44","8.62","55.32","74.03","3","8.59"
"VRNA","2026-05-25","2026-05-25","559","FULL","81","2.5316455696202533","HOLD","-","passive","FALSE","","SMART SNIPER + V-SHAPE","2026-05-13","Demand Structure","12d","12","UPTREND","BULLISH","BULLISH","BEARISH","STRUCTURE + DISCOUNT","SIDEWAYS","74.88","TRUE","FALSE","FALSE","LEADING","LEADING (Passive)","0.67","0.67","DRY / QUIET","100","0","54.31","30.59","17.27","11.91","79.71","79.8","82.24","521500","776545","1076","Supertrend bullish | RSI 54.3 > 50 | Volume 0.67x | Lolos anti-crash ADX | RISEN SIDEWAYS","Full Grid (1-2-3-4)","100000000","83","77","76","74","0.1","0.2","0.3","0.4","1204","2597","3947","5405","13153","99984300","15700","76.02","76.02","70","103","122","122","15.66","7.91","46.99","60.49","3","7.64"
"INPP","2026-05-25","2026-05-25","559","FULL","780","0","HOLD","-","passive","FALSE","","G ACC","2026-05-12","","13d","13","UPTREND","BEARISH","BEARISH","NEUTRAL","DEMAND STRUCTURE","SIDEWAYS","85.8","TRUE","FALSE","FALSE","LEADING","LEADING (Passive)","0.08","0.08","DRY / QUIET","50","50","44.51","69.65","6.45","45.09","787.48","784.92","781.35","1000","12205","1074","Supertrend bullish | RSI 44.5 lemah | Volume 0.08x | Crash filter aktif | RISEN SIDEWAYS","Full Grid (1-2-3-4)","100000000","800","770","760","750","0.1","0.2","0.3","0.4","125","259","394","533","1311","99862000","138000","761.72","761.72","730","905","1010","1010","8.75","4.16","26.25","32.59","3","7.83"
"MAIN","2026-05-25","2026-05-25","559","FULL","830","-0.5988023952095809","AVOID","-","passive","FALSE","","EARLY SWEEP","2026-05-12","","13d","13","DOWNTREND","BEARISH","BEARISH","BULLISH","STRUCTURE + DISCOUNT","NORMAL UPTREND","37.42","TRUE","TRUE","FALSE","LEADING","LEADING (Passive)","0.32","0.32","DRY / QUIET","25","75","37.03","33.46","11.11","26.23","878.19","891.54","823.83","1550900","4837585","1074","Supertrend bearish | RSI 37.0 lemah | Volume 0.32x | Crash filter aktif | RISEN NORMAL UPTREND","Full Grid (1-2-3-4)","100000000","1010","840","800","745","0.1","0.2","0.3","0.4","99","238","375","536","1248","99923000","77000","800.67","800.63","660","1535","2060","2060","34.65","17.57","103.96","157.29","3","8.95"
"GJTL","2026-05-25","2026-05-25","559","FULL","1200","1.2658227848101267","HOLD","-","passive","FALSE","","G ACC","2026-05-11","","14d","14","UPTREND","BULLISH","BULLISH","BULLISH","DEMAND STRUCTURE","NORMAL UPTREND","56.81","TRUE","TRUE","FALSE","LEADING","LEADING (Passive)","0.69","0.69","DRY / QUIET","60","40","54.31","24.56","20.61","18.36","1185.57","1155.26","1100.93","4658100","6788100","1072","Supertrend bullish | RSI 54.3 > 50 | Volume 0.69x | Lolos anti-crash ADX | RISEN NORMAL UPTREND","Full Grid (1-2-3-4)","100000000","1240","1120","1090","1050","0.1","0.2","0.3","0.4","80","178","275","380","913","99731000","269000","1092.34","1092.42","995","1610","1975","1975","19.76","8.91","59.27","80.8","3","9.07"
"INCO","2026-05-25","2026-05-25","559","FULL","5475","-1.3513513513513513","AVOID","-","passive","FALSE","","V-SHAPE","2026-05-11","","14d","14","DOWNTREND","BEARISH","BEARISH","BULLISH","DOWNTREND","SIDEWAYS","17.5","TRUE","FALSE","FALSE","LEADING","LEADING (Passive)","0.84","0.84","NORMAL","11.11","88.89","44.42","31.26","17.79","30.81","5792.75","6013.55","5271.82","24726100","29546610","1072","Supertrend bearish | RSI 44.4 lemah | Volume 0.84x | Crash filter aktif | RISEN SIDEWAYS","Full Grid (1-2-3-4)","100000000","6025","5550","5425","5250","0.1","0.2","0.3","0.4","16","36","55","76","183","99357500","642500","5429.37","5431.14","4970","7600","9200","9200","17.51","8.46","52.7","69.45","3.01","8.21"
"MICE","2026-05-25","2026-05-25","559","FULL","510","5.371900826446281","AVOID","-","passive","FALSE","","EARLY SWEEP","2026-05-11","","14d","14","DOWNTREND","BULLISH","BEARISH","BEARISH","STRUCTURE + DISCOUNT","SIDEWAYS","68.23","TRUE","FALSE","FALSE","LEADING","LEADING (Passive)","0.59","0.59","DRY / QUIET","100","0","52.13","46.65","30.16","13.35","503.99","512.11","525.91","23200","39450","1072","Supertrend bearish | RSI 52.1 > 50 | Volume 0.59x | Lolos anti-crash ADX | RISEN SIDEWAYS","Full Grid (1-2-3-4)","100000000","494","472","466","460","0.1","0.2","0.3","0.4","202","423","643","869","2137","99882200","117800","467.39","467.4","446","565","640","640","9.72","4.58","29.55","36.93","3.04","8.07"
"SAGE","2026-05-25","2026-05-25","559","FULL","34","9.67741935483871","HOLD","-","passive","FALSE","","EARLY SWEEP","2026-05-11","","14d","14","UPTREND","BULLISH","BULLISH","BULLISH","STRUCTURE + DISCOUNT","SIDEWAYS","31.63","TRUE","FALSE","FALSE","LEADING","LEADING (Passive)","1.52","1.52","EXPANSION","100","0","61.47","16.36","44.19","23.68","30.72","31.63","30.95","6090400","3998885","1072","Supertrend bullish | RSI 61.5 > 50 | Volume valid 1.52x | Lolos anti-crash ADX | RISEN SIDEWAYS","Full Grid (1-2-3-4)","100000000","34","32","31","30","0.1","0.2","0.3","0.4","2941","6250","9677","13333","32201","99997100","2900","31.05","31.05","29","42","52","52","14.71","6.61","52.94","67.45","3.6","10.2"
"TRST","2026-05-25","2026-05-25","559","FULL","470","4.444444444444445","AVOID","-","passive","FALSE","","V-SHAPE","2026-05-11","","14d","14","DOWNTREND","BULLISH","BULLISH","BEARISH","DEMAND STRUCTURE","SIDEWAYS","52.7","TRUE","FALSE","FALSE","LEADING","LEADING (Passive)","0.09","0.09","DRY / QUIET","73.33","26.67","51.43","16.99","17.04","17.18","465.25","467.56","475.5","9400","110355","1072","Supertrend bearish | RSI 51.4 > 50 | Volume 0.09x | Lolos anti-crash ADX | RISEN SIDEWAYS","Full Grid (1-2-3-4)","100000000","486","444","434","420","0.1","0.2","0.3","0.4","205","450","691","952","2298","99916400","83600","434.8","434.81","398","620","750","750","18.11","8.46","54.32","72.49","3","8.57"
"BDMN","2026-05-25","2026-05-25","559","FULL","4880","7.72626931567329","HOLD","-","passive","FALSE","","BETA BREAKOUT","2026-05-08","","17d","17","UPTREND","BULLISH","BULLISH","BULLISH","UPTREND PREMIUM","NORMAL UPTREND","32.74","TRUE","TRUE","FALSE","LEADING","LEADING (Passive)","0.53","0.53","DRY / QUIET","96.97","3.03","67.98","47.07","41.52","13.66","4187.8","3598.45","2876.53","11983400","22792585","1066","Supertrend bullish | RSI 68.0 > 50 | Volume 0.53x | Lolos anti-crash ADX | RISEN NORMAL UPTREND","Full Grid (1-2-3-4)","100000000","4510","3480","3240","2890","0.1","0.2","0.3","0.4","22","57","92","138","309","99448000","552000","3218.38","3219.11","2390","7700","10875","10875","47.01","25.74","141.13","237.9","3","9.24"
"CASA","2026-05-25","2026-05-25","559","FULL","1350","0","HOLD","-","passive","FALSE","","V-SHAPE","2026-04-28","","27d","27","UPTREND","BULLISH","NEUTRAL","BULLISH","DEMAND STRUCTURE","SIDEWAYS","0","TRUE","FALSE","TRUE","LEADING","LEADING (Passive)","16.96","16.96","VOLUME SURGE","100","0","52.27","22.44","24.49","19.42","1342.76","1349.35","1261.35","46161800","2721120","1066","Supertrend bullish | RSI 52.3 > 50 | Volume valid 16.96x | Lolos anti-crash ADX | RISEN SIDEWAYS","Full Grid (1-2-3-4)","100000000","1350","1255","1230","1195","0.1","0.2","0.3","0.4","74","159","243","334","810","99746500","253500","1231.44","1231.43","1140","1665","1980","1980","15.56","7.43","46.67","60.79","3","8.19"
"IFII","2026-05-25","2026-05-25","559","FULL","224","-0.8849557522123894","AVOID","-","passive","FALSE","","V-SHAPE","2026-05-08","","17d","17","DOWNTREND","NEUTRAL","BEARISH","BEARISH","STRUCTURE + DISCOUNT","SIDEWAYS","49.09","TRUE","FALSE","FALSE","LEADING","LEADING (Passive)","1.22","1.22","EXPANSION","50","50","49.55","27.77","24.09","9.92","223.97","226.65","229.96","246200","201750","1066","Supertrend bearish | RSI 49.5 lemah | Volume valid 1.22x | Lolos anti-crash ADX | RISEN SIDEWAYS","Full Grid (1-2-3-4)","100000000","226","218","216","214","0.1","0.2","0.3","0.4","442","917","1388","1869","4616","99957200","42800","216.55","216.55","208","254","280","280","7.96","3.95","23.89","29.3","3","7.43"
"BBYB","2026-05-25","2026-05-25","559","FULL","276","3.7593984962406015","AVOID","-","passive","FALSE","","V-SHAPE","2026-05-07","","18d","18","DOWNTREND","BEARISH","BEARISH","BEARISH","STRUCTURE + DISCOUNT","SIDEWAYS","32.09","TRUE","FALSE","FALSE","LEADING","LEADING (Passive)","0.74","0.74","DRY / QUIET","62.5","37.5","40.39","19.09","17.11","28.08","293.54","314.83","339.72","15073300","20422675","1064","Supertrend bearish | RSI 40.4 lemah | Volume 0.74x | Lolos anti-crash ADX | RISEN SIDEWAYS","Full Grid (1-2-3-4)","100000000","322","310","306","302","0.1","0.2","0.3","0.4","310","645","980","1324","3259","99949800","50200","306.69","306.69","292","368","412","412","9.32","4.79","27.95","34.34","3","7.17"
"EXCL","2026-05-25","2026-05-25","559","FULL","2880","4.7272727272727275","AVOID","-","passive","FALSE","","SMART GAMMA","2026-05-07","","18d","18","DOWNTREND","BEARISH","BEARISH","BEARISH","STRUCTURE + DISCOUNT","SIDEWAYS","29.15","TRUE","FALSE","FALSE","LEADING","LEADING (Passive)","1.4","1.4","EXPANSION","69.23","30.77","45.23","20.34","18.07","28.14","2969.89","3033.86","2962.04","12293400","8804075","1064","Supertrend bearish | RSI 45.2 lemah | Volume valid 1.4x | Lolos anti-crash ADX | RISEN SIDEWAYS","Full Grid (1-2-3-4)","100000000","3230","3080","3040","2990","0.1","0.2","0.3","0.4","30","64","98","133","325","98961000","1039000","3044.95","3045.45","2890","3740","4250","4250","10.53","5.09","31.58","39.58","3","7.78"
"MAPA","2026-05-25","2026-05-25","559","FULL","615","6.0344827586206895","AVOID","-","passive","FALSE","","V-SHAPE","2026-05-07","","18d","18","DOWNTREND","BEARISH","BEARISH","BEARISH","STRUCTURE + DISCOUNT","SIDEWAYS","58.92","TRUE","FALSE","FALSE","LEADING","LEADING (Passive)","0.62","0.62","DRY / QUIET","87.5","12.5","47.72","12.98","21.98","22.19","619.5","635.62","671.22","15221800","24515340","1064","Supertrend bearish | RSI 47.7 lemah | Volume 0.62x | Lolos anti-crash ADX | RISEN SIDEWAYS","Full Grid (1-2-3-4)","100000000","625","615","610","605","0.1","0.2","0.3","0.4","160","325","491","661","1637","99929000","71000","610.44","610.44","595","670","690","690","4.8","2.53","10.4","13.03","2.17","5.15"
"PCAR","2026-05-25","2026-05-25","559","FULL","36","2.857142857142857","AVOID","-","passive","FALSE","","EARLY SWEEP","2026-05-07","","18d","18","DOWNTREND","BEARISH","BEARISH","BEARISH","STRUCTURE + DISCOUNT","SIDEWAYS","82.19","TRUE","FALSE","FALSE","LEADING","LEADING (Passive)","0.1","0.1","DRY / QUIET","50","50","44.78","14.33","27.15","25.13","36.81","38.23","39.94","383300","3995310","1064","Supertrend bearish | RSI 44.8 lemah | Volume 0.1x | Lolos anti-crash ADX | RISEN SIDEWAYS","Full Grid (1-2-3-4)","100000000","46","41","40","38","0.1","0.2","0.3","0.4","2173","4878","7500","10526","25077","99994400","5600","39.87","39.88","36","61","76","76","21.74","9.72","65.22","90.6","3","9.32"
"PWON","2026-05-25","2026-05-25","559","FULL","296","1.36986301369863","AVOID","-","passive","FALSE","","EARLY SWEEP","2026-05-07","","18d","18","DOWNTREND","BEARISH","BEARISH","BEARISH","STRUCTURE + DISCOUNT","NORMAL DOWNTREND","25","TRUE","FALSE","FALSE","LEADING","LEADING (Passive)","0.45","0.45","DRY / QUIET","50","50","29.86","32.98","12.07","27.39","314.27","329.19","355.01","20850700","46353145","1064","Supertrend bearish | RSI 29.9 lemah | Volume 0.45x | Crash filter aktif | RISEN NORMAL DOWNTREND","Full Grid (1-2-3-4)","100000000","352","348","348","346","0.1","0.2","0.3","0.4","284","574","862","1156","2876","99967200","32800","347.59","347.59","342","372","380","380","2.84","1.61","7.95","9.32","2.8","5.8"
"SCCO","2026-05-25","2026-05-25","559","FULL","2400","1.694915254237288","HOLD","-","passive","FALSE","","SMART SNIPER","2026-05-07","Structure + Discount","18d","18","UPTREND","BULLISH","BULLISH","BULLISH","STRUCTURE + DISCOUNT","SIDEWAYS","79.13","TRUE","FALSE","FALSE","LEADING","LEADING (Passive)","0.14","0.14","DRY / QUIET","100","0","52.42","16.89","11.36","16.61","2388.76","2378.19","2377.13","7900","55830","1064","Supertrend bullish | RSI 52.4 > 50 | Volume 0.14x | Lolos anti-crash ADX | RISEN SIDEWAYS","Full Grid (1-2-3-4)","100000000","2460","2330","2300","2260","0.1","0.2","0.3","0.4","40","85","130","176","431","99321000","679000","2304.43","2304.61","2190","2870","3270","3270","10.98","4.97","32.93","41.9","3","8.44"
"UNTD","2026-05-25","2026-05-25","535","FULL","76","4.10958904109589","AVOID","-","passive","FALSE","","EARLY SWEEP","2026-05-07","","18d","18","DOWNTREND","BEARISH","BEARISH","BEARISH","DOWNTREND DISCOUNT","NORMAL DOWNTREND","36.73","TRUE","FALSE","FALSE","LEADING","LEADING (Passive)","0.89","0.89","NORMAL","75","25","39.37","19.82","15.26","23.07","81.06","83.82","88.42","13996300","15799925","1064","Supertrend bearish | RSI 39.4 lemah | Volume 0.89x | Lolos anti-crash ADX | RISEN NORMAL DOWNTREND","Full Grid (1-2-3-4)","100000000","123","99","93","84","0.1","0.2","0.3","0.4","813","2020","3225","4761","10819","99982800","17200","92.41","92.41","72","200","276","276","41.46","22.09","124.39","198.66","3","8.99"
"BAJA","2026-05-25","2026-05-25","559","FULL","145","3.571428571428571","AVOID","-","passive","FALSE","","V-SHAPE","2026-05-06","","19d","19","DOWNTREND","BEARISH","BEARISH","BEARISH","STRUCTURE + DISCOUNT","NORMAL DOWNTREND","26.05","TRUE","FALSE","FALSE","LEADING","LEADING (Passive)","0.06","0.06","DRY / QUIET","83.33","16.67","43.75","22.61","16.9","20.98","150.88","153.31","147.75","264700","4706695","1062","Supertrend bearish | RSI 43.8 lemah | Volume 0.06x | Lolos anti-crash ADX | RISEN NORMAL DOWNTREND","Full Grid (1-2-3-4)","100000000","162","158","156","155","0.1","0.2","0.3","0.4","617","1265","1923","2580","6385","99971200","28800","156.57","156.57","151","179","197","197","6.79","3.56","21.6","25.82","3.18","7.26"
"BJBR","2026-05-25","2026-05-25","559","FULL","775","1.3071895424836601","AVOID","-","passive","FALSE","","G ACC","2026-05-06","","19d","19","DOWNTREND","BEARISH","BEARISH","BEARISH","STRUCTURE + DISCOUNT","NORMAL DOWNTREND","25","TRUE","FALSE","FALSE","LEADING","LEADING (Passive)","0.51","0.51","DRY / QUIET","50","50","34.96","39.92","17.36","33.76","808.65","820.97","823.82","5547800","10833125","1062","Supertrend bearish | RSI 35.0 lemah | Volume 0.51x | Crash filter aktif | RISEN NORMAL DOWNTREND","Full Grid (1-2-3-4)","100000000","885","835","825","805","0.1","0.2","0.3","0.4","112","239","363","496","1210","99744000","256000","824.33","824.37","780","1045","1200","1200","11.86","5.38","35.59","45.57","3","8.47"
"CAMP","2026-05-25","2026-05-25","559","FULL","189","6.779661016949152","AVOID","-","passive","FALSE","","V-SHAPE","2026-05-06","","19d","19","DOWNTREND","BEARISH","BEARISH","BEARISH","STRUCTURE + DISCOUNT","NORMAL DOWNTREND","25","TRUE","FALSE","FALSE","LEADING","LEADING (Passive)","0.34","0.34","DRY / QUIET","57.14","42.86","40.43","23.87","23.75","31.18","195.28","200.52","210.79","131200","381925","1062","Supertrend bearish | RSI 40.4 lemah | Volume 0.34x | Lolos anti-crash ADX | RISEN NORMAL DOWNTREND","Full Grid (1-2-3-4)","100000000","200","195","194","192","0.1","0.2","0.3","0.4","500","1025","1546","2083","5154","99973500","26500","193.97","193.97","189","216","238","238","5.5","2.56","19","22.7","3.45","8.85"
"DMAS","2026-05-25","2026-05-25","559","FULL","156","3.3112582781456954","HOLD","-","passive","FALSE","","SMART GAMMA","2026-05-06","","19d","19","UPTREND","BULLISH","BULLISH","BULLISH","UPTREND PREMIUM","NORMAL UPTREND","25","TRUE","TRUE","FALSE","LEADING","LEADING (Passive)","1.21","1.21","EXPANSION","66.67","33.33","69.81","56.03","32.89","7.45","147.57","142.02","138.5","183170100","150839470","1062","Supertrend bullish | RSI 69.8 > 50 | Volume valid 1.21x | Lolos anti-crash ADX | RISEN NORMAL UPTREND","Full Grid (1-2-3-4)","100000000","151","142","139","136","0.1","0.2","0.3","0.4","662","1408","2158","2941","7169","99983600","16400","139.47","139.47","131","181","212","212","13.25","6.07","40.4","52.01","3.05","8.57"
"ENAK","2026-05-25","2026-05-25","559","FULL","290","-11.585365853658537","AVOID","-","passive","FALSE","","V-SHAPE","2026-05-21","","4d","4","DOWNTREND","BEARISH","BEARISH","BEARISH","STRUCTURE + DISCOUNT","NORMAL DOWNTREND","5.74","TRUE","FALSE","FALSE","IMPROVING","IMPROVING (Passive)","2.2","2.2","VOLUME SURGE","0","100","37.03","28.43","27.97","14.2","331.84","375.57","535.7","1261400","574110","1062","Supertrend bearish | RSI 37.0 lemah | Volume valid 2.2x | Lolos anti-crash ADX | RISEN NORMAL DOWNTREND","Full Grid (1-2-3-4)","100000000","322","286","278","266","0.1","0.2","0.3","0.4","310","699","1079","1503","3591","99949400","50600","278.33","278.34","242","442","486","486","24.84","13.05","50.93","74.61","2.05","5.72"
"GOOD","2026-05-25","2026-05-25","559","FULL","332","0","AVOID","-","passive","FALSE","","V-SHAPE","2026-05-06","","19d","19","DOWNTREND","BEARISH","BEARISH","BEARISH","STRUCTURE + DISCOUNT","NORMAL DOWNTREND","50.59","TRUE","FALSE","FALSE","LEADING","LEADING (Passive)","0.75","0.75","DRY / QUIET","57.89","42.11","32.97","26.72","7.92","20.9","340.74","345.39","358.18","139200","186470","1062","Supertrend bearish | RSI 33.0 lemah | Volume 0.75x | Lolos anti-crash ADX | RISEN NORMAL DOWNTREND","Full Grid (1-2-3-4)","100000000","350","342","338","336","0.1","0.2","0.3","0.4","285","584","887","1190","2946","99912400","87600","339.15","339.15","330","380","418","418","5.71","2.7","19.43","23.25","3.4","8.62"
"MLPT","2026-05-25","2026-05-25","559","FULL","19850","3.3854166666666665","AVOID","-","passive","FALSE","","V-SHAPE","2026-05-06","","19d","19","DOWNTREND","BEARISH","BEARISH","BEARISH","STRUCTURE + DISCOUNT","NORMAL DOWNTREND","55.12","TRUE","FALSE","FALSE","LEADING","LEADING (Passive)","0.59","0.59","DRY / QUIET","85","15","44.74","18.32","25.73","21.36","20979.21","24563.61","45013.77","34000","57155","1062","Supertrend bearish | RSI 44.7 lemah | Volume 0.59x | Lolos anti-crash ADX | RISEN NORMAL DOWNTREND","Full Grid (1-2-3-4)","100000000","24500","21750","21100","20175","0.1","0.2","0.3","0.4","4","9","14","19","46","97247500","2752500","21140.76","21132.02","18475","34975","37000","37000","24.59","12.61","51.02","75.02","2.07","5.95"
"AGII","2026-05-25","2026-05-25","559","FULL","2860","3.6231884057971016","AVOID","-","passive","FALSE","","V-SHAPE","2026-05-05","","20d","20","DOWNTREND","BEARISH","BEARISH","BULLISH","DEMAND STRUCTURE","NORMAL UPTREND","77.06","TRUE","TRUE","FALSE","LEADING","LEADING (Passive)","0.46","0.46","DRY / QUIET","66.67","33.33","44.47","30.61","14.27","22.56","2965.81","2953.12","2203.09","385600","831595","1060","Supertrend bearish | RSI 44.5 lemah | Volume 0.46x | Crash filter aktif | RISEN NORMAL UPTREND","Full Grid (1-2-3-4)","100000000","3180","2970","2910","2840","0.1","0.2","0.3","0.4","31","67","103","140","341","99490000","510000","2917.6","2917.8","2710","3890","4590","4590","14.78","7.12","44.34","57.32","3","8.06"
"BNLI","2026-05-25","2026-05-25","559","FULL","3140","1.2903225806451613","AVOID","-","passive","FALSE","","V-SHAPE","2026-05-05","","20d","20","DOWNTREND","BEARISH","BEARISH","BEARISH","STRUCTURE + DISCOUNT","NORMAL DOWNTREND","55.81","TRUE","FALSE","FALSE","LEADING","LEADING (Passive)","0.89","0.89","NORMAL","70","30","47.89","20.13","16.3","25.04","3185.38","3338.74","3660.55","79300","88780","1060","Supertrend bearish | RSI 47.9 lemah | Volume 0.89x | Lolos anti-crash ADX | RISEN NORMAL DOWNTREND","Full Grid (1-2-3-4)","100000000","3400","3140","3070","2980","0.1","0.2","0.3","0.4","29","63","97","134","323","99353000","647000","3075.94","3076.41","2830","4260","5100","5100","16.76","8","50","65.8","2.98","8.23"
"INDO","2026-05-25","2026-05-25","559","FULL","157","0.641025641025641","AVOID","-","passive","FALSE","","EARLY SWEEP","2026-05-05","","20d","20","DOWNTREND","BEARISH","BEARISH","BEARISH","STRUCTURE + DISCOUNT","SIDEWAYS","93.87","TRUE","FALSE","FALSE","LEADING","LEADING (Passive)","0.74","0.74","DRY / QUIET","28.57","71.43","44.32","17.99","17.47","21.76","158.67","180.59","221.91","38021500","51400105","1060","Supertrend bearish | RSI 44.3 lemah | Volume 0.74x | Lolos anti-crash ADX | RISEN SIDEWAYS","Full Grid (1-2-3-4)","100000000","500","418","398","370","0.1","0.2","0.3","0.4","200","478","753","1081","2512","99946800","53200","397.88","397.88","330","755","1010","1010","34","17.06","102","153.85","3","9.02"
"LPIN","2026-05-25","2026-05-25","559","FULL","402","2.5510204081632653","AVOID","-","passive","FALSE","","G ACC","2026-05-05","","20d","20","DOWNTREND","BEARISH","BEARISH","BEARISH","STRUCTURE + DISCOUNT","NORMAL DOWNTREND","25","TRUE","FALSE","FALSE","LEADING","LEADING (Passive)","0.19","0.19","DRY / QUIET","100","0","34.98","36.66","13.21","41.87","429.18","440.84","435.35","185200","988770","1060","Supertrend bearish | RSI 35.0 lemah | Volume 0.19x | Crash filter aktif | RISEN NORMAL DOWNTREND","Full Grid (1-2-3-4)","100000000","486","460","454","446","0.1","0.2","0.3","0.4","205","434","660","896","2195","99852600","147400","454.91","454.92","432","565","650","650","11.11","5.04","33.74","42.89","3.04","8.52"
"MTEL","2026-05-25","2026-05-25","559","FULL","510","0.9900990099009901","AVOID","-","passive","FALSE","","V-SHAPE","2026-05-05","","20d","20","DOWNTREND","BEARISH","BEARISH","BEARISH","STRUCTURE + DISCOUNT","NORMAL DOWNTREND","78.68","TRUE","FALSE","FALSE","LEADING","LEADING (Passive)","0.74","0.74","DRY / QUIET","100","0","44.65","22.15","11.7","17.02","512.26","522.9","560.52","6279300","8437400","1060","Supertrend bearish | RSI 44.6 lemah | Volume 0.74x | Lolos anti-crash ADX | RISEN NORMAL DOWNTREND","Full Grid (1-2-3-4)","100000000","510","505","505","500","0.1","0.2","0.3","0.4","196","396","594","800","1986","99991000","9000","503.48","503.48","498","545","550","550","2.35","1.09","7.84","9.24","3.33","8.49"
"RBMS","2026-05-25","2026-05-25","559","FULL","75","7.142857142857142","HOLD","-","passive","FALSE","","SMART GAMMA","2026-05-05","","20d","20","UPTREND","BULLISH","BULLISH","BULLISH","UPTREND PREMIUM","NORMAL UPTREND","15.46","TRUE","TRUE","FALSE","LEADING","LEADING (Passive)","1.6","1.6","EXPANSION","100","0","59.53","30.39","32.88","30.57","68.44","61.56","47.44","16885500","10577405","1060","Supertrend bullish | RSI 59.5 > 50 | Volume valid 1.6x | Lolos anti-crash ADX | RISEN NORMAL UPTREND","Full Grid (1-2-3-4)","100000000","77","59","55","49","0.1","0.2","0.3","0.4","1298","3389","5454","8163","18304","99985400","14600","54.62","54.63","40","133","188","188","48.05","26.77","144.16","244.17","3","9.12"
"TIFA","2026-05-25","2026-05-25","559","FULL","324","0","AVOID","-","passive","FALSE","","V-SHAPE","2026-05-05","","20d","20","DOWNTREND","BEARISH","BEARISH","BEARISH","STRUCTURE + DISCOUNT","SIDEWAYS","52.72","TRUE","FALSE","FALSE","LEADING","LEADING (Passive)","0.29","0.29","DRY / QUIET","70","30","44.26","33.12","28.27","15.6","333.03","348.91","427.43","31800","108320","1060","Supertrend bearish | RSI 44.3 lemah | Volume 0.29x | Lolos anti-crash ADX | RISEN SIDEWAYS","Full Grid (1-2-3-4)","100000000","358","344","340","336","0.1","0.2","0.3","0.4","279","581","882","1190","2932","99946600","53400","340.88","340.88","326","420","454","454","8.94","4.37","26.82","33.18","3","7.6"
"AMAG","2026-05-25","2026-05-25","559","FULL","392","-1.0101010101010102","AVOID","-","passive","FALSE","","V-SHAPE","2026-05-04","","21d","21","DOWNTREND","BEARISH","BEARISH","BEARISH","STRUCTURE + DISCOUNT","NORMAL DOWNTREND","32","TRUE","FALSE","FALSE","LEADING","LEADING (Passive)","0.08","0.08","DRY / QUIET","50","50","32.94","35.99","8.65","29.57","412.86","420.54","400.21","19200","233025","1058","Supertrend bearish | RSI 32.9 lemah | Volume 0.08x | Crash filter aktif | RISEN NORMAL DOWNTREND","Full Grid (1-2-3-4)","100000000","444","432","430","426","0.1","0.2","0.3","0.4","225","462","697","938","2322","99878200","121800","430.14","430.14","418","484","510","510","5.86","2.82","14.86","18.57","2.54","6.58"
"AMAN","2026-05-25","2026-05-25","559","FULL","256","2.4","AVOID","-","passive","FALSE","","V-SHAPE","2026-05-04","","21d","21","DOWNTREND","BEARISH","BEARISH","BULLISH","DEMAND STRUCTURE","SIDEWAYS","88.65","TRUE","FALSE","FALSE","LEADING","LEADING (Passive)","0.46","0.46","DRY / QUIET","50","50","41.39","16.16","15.46","21.06","268.27","274.98","222.94","1092500","2384610","1058","Supertrend bearish | RSI 41.4 lemah | Volume 0.46x | Lolos anti-crash ADX | RISEN SIDEWAYS","Full Grid (1-2-3-4)","100000000","266","254","250","246","0.1","0.2","0.3","0.4","375","787","1200","1626","3988","99964400","35600","250.66","250.67","236","312","318","318","11.28","5.85","19.55","26.86","1.73","4.59"
"BISI","2026-05-25","2026-05-25","559","FULL","740","2.7777777777777777","AVOID","-","passive","FALSE","","V-SHAPE","2026-05-04","","21d","21","DOWNTREND","BEARISH","BEARISH","BEARISH","STRUCTURE + DISCOUNT","NORMAL DOWNTREND","40.22","TRUE","FALSE","FALSE","LEADING","LEADING (Passive)","0.46","0.46","DRY / QUIET","50","50","38.98","24.53","16.81","26.83","760.49","796.59","884.2","316300","688050","1058","Supertrend bearish | RSI 39.0 lemah | Volume 0.46x | Lolos anti-crash ADX | RISEN NORMAL DOWNTREND","Full Grid (1-2-3-4)","100000000","760","755","750","750","0.1","0.2","0.3","0.4","131","264","400","533","1328","99863000","137000","751.98","751.99","740","855","905","905","2.63","1.59","19.08","20.35","7.25","12.77"
"JPFA","2026-05-25","2026-05-25","559","FULL","2630","2.3346303501945527","HOLD","-","passive","FALSE","","BETA BREAKOUT","2026-05-04","","21d","21","UPTREND","BULLISH","BULLISH","BULLISH","DEMAND STRUCTURE","SIDEWAYS","47.62","TRUE","FALSE","FALSE","LEADING","LEADING (Passive)","1.13","1.13","NORMAL","73.33","26.67","54.86","14.5","23.84","17.72","2560.96","2540","2356.75","18937500","16736150","1058","Supertrend bullish | RSI 54.9 > 50 | Volume 1.13x | Lolos anti-crash ADX | RISEN SIDEWAYS","Full Grid (1-2-3-4)","100000000","2630","2490","2450","2400","0.1","0.2","0.3","0.4","38","80","122","166","406","99644000","356000","2454.29","2454.23","2320","3100","3560","3560","11.79","5.47","35.36","45.05","3","8.23"
"AWAN","2026-05-25","2026-05-25","559","FULL","142","2.158273381294964","AVOID","-","passive","FALSE","","SMART SNIPER","2026-04-30","Structure + Discount","25d","25","DOWNTREND","BEARISH","BEARISH","BEARISH","STRUCTURE + DISCOUNT","SIDEWAYS","23.41","TRUE","FALSE","FALSE","LEADING","LEADING (Passive)","0.44","0.44","DRY / QUIET","81.82","18.18","41.72","17.56","13.2","22.43","146.73","154.73","200.64","399400","898465","1050","Supertrend bearish | RSI 41.7 lemah | Volume 0.44x | Lolos anti-crash ADX | RISEN SIDEWAYS","Full Grid (1-2-3-4)","100000000","164","151","148","144","0.1","0.2","0.3","0.4","609","1324","2027","2777","6737","99968400","31600","148.39","148.39","136","206","258","258","17.07","8.35","57.32","73.87","3.36","8.85"
"BUAH","2026-05-25","2026-05-25","559","FULL","535","0","HOLD","-","passive","FALSE","","SMART SNIPER","2026-04-30","Structure + Discount","25d","25","UPTREND","BULLISH","BEARISH","BEARISH","STRUCTURE + DISCOUNT","NORMAL UPTREND","63.38","TRUE","TRUE","FALSE","LEADING","LEADING (Passive)","0.65","0.65","DRY / QUIET","100","0","56.41","14.68","12.29","14.91","529.29","536.43","822.57","192400","295505","1050","Supertrend bullish | RSI 56.4 > 50 | Volume 0.65x | Lolos anti-crash ADX | RISEN NORMAL UPTREND","Full Grid (1-2-3-4)","100000000","525","510","510","505","0.1","0.2","0.3","0.4","190","392","588","792","1962","99951000","49000","509.43","509.44","494","570","1440","1440","5.9","3.03","174.29","182.67","29.52","60.29"
"RELF","2026-05-25","2026-05-25","559","FULL","37","8.823529411764707","AVOID","-","passive","FALSE","","SMART SNIPER","2026-04-30","Discount Only","25d","25","DOWNTREND","BEARISH","BEARISH","BEARISH","STRUCTURE + DISCOUNT","NORMAL DOWNTREND","32.43","TRUE","FALSE","FALSE","LEADING","LEADING (Passive)","0.51","0.51","DRY / QUIET","100","0","43.76","18.27","18.1","21.65","38.42","39.71","39","2749400","5442720","1050","Supertrend bearish | RSI 43.8 lemah | Volume 0.51x | Lolos anti-crash ADX | RISEN NORMAL DOWNTREND","Full Grid (1-2-3-4)","100000000","42","37","36","34","0.1","0.2","0.3","0.4","2380","5405","8333","11764","27882","99990900","9100","35.86","35.86","31","59","75","75","26.19","13.56","78.57","109.13","3","8.05"
"SMMA","2026-05-25","2026-05-25","559","FULL","18125","-0.2751031636863824","HOLD","-","passive","FALSE","","SMART GAMMA","2026-04-30","","25d","25","UPTREND","BULLISH","BULLISH","BULLISH","UPTREND PREMIUM","NORMAL UPTREND","25","TRUE","TRUE","FALSE","LEADING","LEADING (Passive)","0.42","0.42","DRY / QUIET","96.88","3.13","72.09","21.6","21.2","18.76","16553.62","15493.16","14609.73","6400","15100","1050","Supertrend bullish | RSI 72.1 > 50 | Volume 0.42x | Lolos anti-crash ADX | RISEN NORMAL UPTREND","Full Grid (1-2-3-4)","100000000","15600","14650","14400","14075","0.1","0.2","0.3","0.4","6","13","20","28","67","96615000","3385000","14420.15","14426.96","13575","18650","21675","21675","12.98","5.86","38.94","50.31","3","8.58"
"CLPI","2026-05-25","2026-05-25","559","FULL","1585","1.929260450160772","AVOID","-","passive","FALSE","","G ACC","2026-04-29","","26d","26","DOWNTREND","BEARISH","BEARISH","BULLISH","DEMAND STRUCTURE","SIDEWAYS","22.71","TRUE","FALSE","FALSE","LEADING","LEADING (Passive)","0.56","0.56","DRY / QUIET","70","30","46.98","25.54","14.63","25.63","1596.28","1588.77","1464.28","80100","143270","1048","Supertrend bearish | RSI 47.0 lemah | Volume 0.56x | Lolos anti-crash ADX | RISEN SIDEWAYS","Full Grid (1-2-3-4)","100000000","1680","1595","1575","1545","0.1","0.2","0.3","0.4","59","125","190","258","632","99635500","364500","1576.51","1576.56","1505","1945","2210","2210","10.42","4.54","31.55","40.18","3.03","8.86"
"MAPB","2026-05-25","2026-05-25","559","FULL","1515","1.3377926421404682","AVOID","-","passive","FALSE","","EARLY SWEEP","2026-04-29","","26d","26","DOWNTREND","NEUTRAL","BEARISH","BEARISH","DEMAND STRUCTURE","SIDEWAYS","76.73","TRUE","FALSE","FALSE","LEADING","LEADING (Passive)","0.78","0.78","DRY / QUIET","95.83","4.17","49.99","13.76","33.35","41.47","1512.64","1524.36","1552.09","600","770","1048","Supertrend bearish | RSI 50.0 lemah | Volume 0.78x | Lolos anti-crash ADX | RISEN SIDEWAYS","Full Grid (1-2-3-4)","100000000","1635","1525","1495","1460","0.1","0.2","0.3","0.4","61","131","200","273","665","99709000","291000","1499.38","1499.36","1400","1990","2340","2340","14.37","6.63","43.12","56.06","3","8.46"
"MREI","2026-05-25","2026-05-25","559","FULL","985","1.0256410256410255","AVOID","-","passive","FALSE","","EARLY SWEEP","2026-04-29","","26d","26","DOWNTREND","BEARISH","BEARISH","BEARISH","STRUCTURE + DISCOUNT","SIDEWAYS","89.05","TRUE","FALSE","FALSE","LEADING","LEADING (Passive)","0.18","0.18","DRY / QUIET","0","100","40.92","27.26","11.1","18.06","1011.83","1032.8","1021.7","15900","86035","1048","Supertrend bearish | RSI 40.9 lemah | Volume 0.18x | Lolos anti-crash ADX | RISEN SIDEWAYS","Full Grid (1-2-3-4)","100000000","980","930","920","900","0.1","0.2","0.3","0.4","102","215","326","444","1087","99943000","57000","919.44","919.43","870","1145","1310","1310","11.22","5.38","33.67","42.48","3","7.9"
"TCPI","2026-05-25","2026-05-25","559","FULL","11500","1.545253863134658","AVOID","-","passive","FALSE","","V-SHAPE","2026-04-29","","26d","26","DOWNTREND","BEARISH","BEARISH","BULLISH","DEMAND STRUCTURE","NORMAL UPTREND","42.57","TRUE","TRUE","FALSE","LEADING","LEADING (Passive)","0.99","0.99","NORMAL","87.5","12.5","47.43","31.71","15.89","39.22","11600.88","11552.94","9565.12","4769000","4824945","1048","Supertrend bearish | RSI 47.4 lemah | Volume 0.99x | Crash filter aktif | RISEN NORMAL UPTREND","Full Grid (1-2-3-4)","100000000","11450","11225","11150","11075","0.1","0.2","0.3","0.4","8","17","26","36","87","97102500","2897500","11161.21","11163.93","10850","12350","12575","12575","5.24","2.79","9.83","12.67","1.87","4.54"
"ULTJ","2026-05-25","2026-05-25","559","FULL","1600","-2.1406727828746175","AVOID","-","passive","FALSE","","SMART GAMMA","2026-04-29","","26d","26","DOWNTREND","NEUTRAL","BULLISH","BULLISH","DEMAND STRUCTURE","NORMAL UPTREND","56.66","TRUE","TRUE","FALSE","LEADING","LEADING (Passive)","0.59","0.59","DRY / QUIET","50","50","50.68","12","19.26","17.26","1598.09","1577.04","1507.57","2923000","4984185","1048","Supertrend bearish | RSI 50.7 > 50 | Volume 0.59x | Lolos anti-crash ADX | RISEN NORMAL UPTREND","Full Grid (1-2-3-4)","100000000","1695","1580","1555","1515","0.1","0.2","0.3","0.4","58","126","192","264","640","99591000","409000","1556.11","1556.34","1455","2060","2420","2420","14.16","6.5","42.77","55.52","3.02","8.54"
"UNVR","2026-05-25","2026-05-25","559","FULL","1770","0.28328611898017","HOLD","-","passive","FALSE","","V-SHAPE","2026-04-29","","26d","26","UPTREND","BULLISH","BEARISH","BEARISH","UPTREND DISCOUNT","NORMAL DOWNTREND","57.18","TRUE","FALSE","FALSE","LEADING","LEADING (Passive)","0.32","0.32","DRY / QUIET","37.5","62.5","49.6","13.49","24.86","22.15","1760.93","1852.12","2020.34","9593400","30328810","1048","Supertrend bullish | RSI 49.6 lemah | Volume 0.32x | Lolos anti-crash ADX | RISEN NORMAL DOWNTREND","Full Grid (1-2-3-4)","100000000","1575","1530","1520","1505","0.1","0.2","0.3","0.4","63","130","197","265","655","99639000","361000","1521.21","1521.24","1470","1735","1910","1910","6.67","3.37","21.27","25.56","3.19","7.59"
"ARTO","2026-05-25","2026-05-25","559","FULL","1150","1.7699115044247788","AVOID","-","passive","FALSE","","V-SHAPE","2026-04-28","","27d","27","DOWNTREND","BEARISH","BEARISH","BEARISH","STRUCTURE + DISCOUNT","NORMAL DOWNTREND","43.61","TRUE","FALSE","FALSE","LEADING","LEADING (Passive)","0.32","0.32","DRY / QUIET","66.67","33.33","35.89","14.93","21.69","27.42","1229.56","1347.9","1713.17","1924900","5987300","1046","Supertrend bearish | RSI 35.9 lemah | Volume 0.32x | Lolos anti-crash ADX | RISEN NORMAL DOWNTREND","Full Grid (1-2-3-4)","100000000","1320","1300","1295","1290","0.1","0.2","0.3","0.4","75","153","231","310","769","99694500","305500","1296.42","1296.44","1270","1475","1530","1530","3.79","2.04","15.91","18.02","4.2","8.84"
"ATIC","2026-05-25","2026-05-25","559","FULL","505","3.483606557377049","AVOID","-","passive","FALSE","","EARLY SWEEP","2026-04-28","","27d","27","DOWNTREND","BEARISH","BEARISH","BEARISH","STRUCTURE + DISCOUNT","SIDEWAYS","60.01","TRUE","FALSE","FALSE","LEADING","LEADING (Passive)","0.22","0.22","DRY / QUIET","100","0","45.25","13.45","18.89","18.5","516.26","537.72","539.61","33100","148515","1046","Supertrend bearish | RSI 45.3 lemah | Volume 0.22x | Lolos anti-crash ADX | RISEN SIDEWAYS","Full Grid (1-2-3-4)","100000000","750","670","650","620","0.1","0.2","0.3","0.4","133","298","461","645","1537","99896000","104000","649.94","649.97","575","1015","1275","1275","23.33","11.53","70","96.17","3","8.34"
"BMRI","2026-05-25","2026-05-25","559","FULL","4220","2.4271844660194173","AVOID","-","passive","FALSE","","EARLY SWEEP","2026-04-28","","27d","27","DOWNTREND","BEARISH","BEARISH","BEARISH","STRUCTURE + DISCOUNT","NORMAL DOWNTREND","25","TRUE","FALSE","FALSE","LEADING","LEADING (Passive)","1","1","NORMAL","52.94","47.06","40.45","20.21","25.16","31.52","4351.78","4542.76","4812.06","235113500","235873230","1046","Supertrend bearish | RSI 40.5 lemah | Volume 1x | Lolos anti-crash ADX | RISEN NORMAL DOWNTREND","Full Grid (1-2-3-4)","100000000","4970","4800","4760","4700","0.1","0.2","0.3","0.4","20","41","63","85","209","99558000","442000","4763.54","4763.74","4600","5525","6075","6075","7.44","3.43","22.23","27.53","2.99","8.02"
"DAYA","2026-05-25","2026-05-25","559","FULL","1075","0","HOLD","-","passive","FALSE","","SMART SNIPER","2026-04-28","Discount Only","27d","27","UPTREND","BULLISH","BULLISH","BEARISH","STRUCTURE + DISCOUNT","SIDEWAYS","96.63","TRUE","FALSE","FALSE","LEADING","LEADING (Passive)","0.03","0.03","DRY / QUIET","100","0","56.15","26.05","7.5","25.37","1064.58","1068.93","1090.44","700","20040","1046","Supertrend bullish | RSI 56.1 > 50 | Volume 0.03x | Lolos anti-crash ADX | RISEN SIDEWAYS","Full Grid (1-2-3-4)","100000000","1075","955","925","880","0.1","0.2","0.3","0.4","93","209","324","454","1080","99879000","121000","924.81","924.8","825","1450","1825","1825","23.26","10.79","69.77","97.34","3","9.02"
"GHON","2026-05-25","2026-05-25","559","FULL","1805","2.849002849002849","AVOID","-","passive","FALSE","","G ACC","2026-04-28","","27d","27","DOWNTREND","BULLISH","BULLISH","BULLISH","DEMAND STRUCTURE","SIDEWAYS","62.85","TRUE","FALSE","FALSE","LEADING","LEADING (Passive)","0.08","0.08","DRY / QUIET","100","0","52.26","24.03","15.11","26.53","1794.5","1790.76","1734.32","1000","13305","1046","Supertrend bearish | RSI 52.3 > 50 | Volume 0.08x | Lolos anti-crash ADX | RISEN SIDEWAYS","Full Grid (1-2-3-4)","100000000","1800","1755","1740","1725","0.1","0.2","0.3","0.4","55","113","172","231","571","99507000","493000","1742.68","1742.73","1695","1960","2160","2160","5.83","2.74","20","23.95","3.43","8.75"
"ADMF","2026-05-25","2026-05-25","559","FULL","8450","0.8955223880597015","AVOID","-","passive","FALSE","","V-SHAPE","2026-04-27","","28d","28","DOWNTREND","BEARISH","BEARISH","BEARISH","DEMAND STRUCTURE","NORMAL DOWNTREND","44.97","TRUE","FALSE","FALSE","LEADING","LEADING (Passive)","0.08","0.08","DRY / QUIET","75","25","45.94","18.29","19.91","21.24","8545.59","8559.35","8755.6","15600","205275","1044","Supertrend bearish | RSI 45.9 lemah | Volume 0.08x | Lolos anti-crash ADX | RISEN NORMAL DOWNTREND","Full Grid (1-2-3-4)","100000000","8525","8375","8350","8300","0.1","0.2","0.3","0.4","11","23","35","48","117","97705000","2295000","8350.85","8352.01","8175","9050","9950","9950","4.11","2.11","16.72","19.15","4.07","9.09"
"AEGS","2026-05-25","2026-05-25","559","FULL","47","2.1739130434782608","AVOID","-","passive","FALSE","","SMART SNIPER","2026-04-27","Structure + Discount","28d","28","DOWNTREND","BEARISH","BEARISH","BEARISH","STRUCTURE + DISCOUNT","SIDEWAYS","58.57","TRUE","FALSE","FALSE","LEADING","LEADING (Passive)","0.68","0.68","DRY / QUIET","50","50","42.01","26.08","15.9","27.25","49.47","52.44","55.17","2979000","4353785","1044","Supertrend bearish | RSI 42.0 lemah | Volume 0.68x | Lolos anti-crash ADX | RISEN SIDEWAYS","Full Grid (1-2-3-4)","100000000","55","48","46","43","0.1","0.2","0.3","0.4","1818","4166","6521","9302","21807","99991000","9000","45.85","45.85","39","79","103","103","29.09","14.95","87.27","124.63","3","8.34"
"BELL","2026-05-25","2026-05-25","559","FULL","116","0.8695652173913043","AVOID","-","passive","FALSE","","EARLY SWEEP","2026-05-22","","3d","3","DOWNTREND","BEARISH","BEARISH","BULLISH","STRUCTURE + DISCOUNT","NORMAL DOWNTREND","65","TRUE","FALSE","FALSE","IMPROVING","IMPROVING (Passive)","0.26","0.26","DRY / QUIET","62.5","37.5","35.27","11.4","22.27","27.5","133.75","143.2","115.44","9124000","34466035","1044","Supertrend bearish | RSI 35.3 lemah | Volume 0.26x | Lolos anti-crash ADX | RISEN NORMAL DOWNTREND","Full Grid (1-2-3-4)","100000000","179","149","141","131","0.1","0.2","0.3","0.4","558","1342","2127","3053","7080","99969000","31000","141.2","141.2","115","276","372","372","35.75","18.55","107.82","163.46","3.02","8.81"
"IBFN","2026-05-25","2026-05-25","559","FULL","68","9.67741935483871","AVOID","-","passive","FALSE","","V-SHAPE","2026-05-22","","3d","3","DOWNTREND","BEARISH","BEARISH","BEARISH","DOWNTREND DISCOUNT","NORMAL UPTREND","30.71","TRUE","TRUE","FALSE","IMPROVING","IMPROVING (Passive)","0.8","0.8","NORMAL","50","50","42.82","25.73","20.93","45.15","75.04","84.03","79.62","647100","808290","1044","Supertrend bearish | RSI 42.8 lemah | Volume 0.8x | Lolos anti-crash ADX | RISEN NORMAL UPTREND","Full Grid (1-2-3-4)","100000000","62","57","56","54","0.1","0.2","0.3","0.4","1612","3508","5357","7407","17884","99987000","13000","55.91","55.91","51","79","90","90","17.74","8.78","45.16","60.98","2.55","6.95"
"INDR","2026-05-25","2026-05-25","559","FULL","2200","-1.345291479820628","AVOID","-","passive","FALSE","","EARLY SWEEP","2026-05-22","","3d","3","DOWNTREND","BEARISH","BEARISH","BEARISH","STRUCTURE + DISCOUNT","NORMAL DOWNTREND","18.44","TRUE","FALSE","FALSE","IMPROVING","IMPROVING (Passive)","0.24","0.24","DRY / QUIET","76.92","23.08","36.48","26.36","11.09","25.19","2431.99","2632.53","2786.84","20300","85940","1044","Supertrend bearish | RSI 36.5 lemah | Volume 0.24x | Lolos anti-crash ADX | RISEN NORMAL DOWNTREND","Full Grid (1-2-3-4)","100000000","3040","2970","2950","2930","0.1","0.2","0.3","0.4","32","67","101","136","336","99270000","730000","2954.46","2954.66","2870","3300","3630","3630","5.59","2.86","19.41","22.86","3.47","8"
"IPCC","2026-05-25","2026-05-25","559","FULL","1225","0.823045267489712","AVOID","-","passive","FALSE","","V-SHAPE","2026-04-27","","28d","28","DOWNTREND","BEARISH","BEARISH","BULLISH","DEMAND STRUCTURE","NORMAL DOWNTREND","34.65","TRUE","FALSE","FALSE","LEADING","LEADING (Passive)","0.51","0.51","DRY / QUIET","66.67","33.33","38.29","37.17","9.37","32.05","1264.71","1279.74","1210.98","725500","1426585","1044","Supertrend bearish | RSI 38.3 lemah | Volume 0.51x | Crash filter aktif | RISEN NORMAL DOWNTREND","Full Grid (1-2-3-4)","100000000","1335","1295","1280","1270","0.1","0.2","0.3","0.4","74","154","234","314","776","99652000","348000","1284.18","1284.22","1245","1470","1615","1615","6.74","3.05","20.97","25.76","3.11","8.44"
"NCKL","2026-05-25","2026-05-25","559","FULL","875","2.3391812865497075","AVOID","-","passive","FALSE","","V-SHAPE","2026-05-22","","3d","3","DOWNTREND","BEARISH","BEARISH","BEARISH","STRUCTURE + DISCOUNT","NORMAL DOWNTREND","29.24","TRUE","FALSE","FALSE","IMPROVING","IMPROVING (Passive)","1.29","1.29","EXPANSION","81.82","18.18","34.93","27.95","13.92","31.34","991.97","1094.6","1103.58","93305600","72531035","1044","Supertrend bearish | RSI 34.9 lemah | Volume valid 1.29x | Lolos anti-crash ADX | RISEN NORMAL DOWNTREND","Full Grid (1-2-3-4)","100000000","855","815","805","790","0.1","0.2","0.3","0.4","116","245","372","506","1239","99805500","194500","805.53","805.57","760","1000","1140","1140","11.11","5.65","33.33","41.52","3","7.35"
"PART","2026-05-25","2026-05-25","449","FULL","100","-1.9607843137254901","AVOID","-","passive","FALSE","","EARLY SWEEP","2026-05-22","","3d","3","DOWNTREND","BEARISH","BEARISH","BEARISH","STRUCTURE + DISCOUNT","NORMAL DOWNTREND","38.47","TRUE","FALSE","FALSE","IMPROVING","IMPROVING (Passive)","0.72","0.72","DRY / QUIET","25","75","39.91","16.32","19.3","25.98","110.09","118.38","121.16","12490500","17405955","1044","Supertrend bearish | RSI 39.9 lemah | Volume 0.72x | Lolos anti-crash ADX | RISEN NORMAL DOWNTREND","Full Grid (1-2-3-4)","100000000","180","139","129","116","0.1","0.2","0.3","0.4","555","1438","2325","3448","7766","99967500","32500","128.72","128.73","96","306","432","432","46.67","25.42","140","235.6","3","9.27"
"PSAB","2026-05-25","2026-05-25","559","FULL","446","4.694835680751173","AVOID","-","passive","FALSE","","V-SHAPE","2026-05-22","","3d","3","DOWNTREND","BEARISH","BEARISH","BEARISH","STRUCTURE + DISCOUNT","NORMAL DOWNTREND","12.8","TRUE","FALSE","FALSE","IMPROVING","IMPROVING (Passive)","1.41","1.41","EXPANSION","45.71","54.29","42.47","21.36","24.69","30.82","481.57","508.85","505.34","108797900","77430225","1044","Supertrend bearish | RSI 42.5 lemah | Volume valid 1.41x | Lolos anti-crash ADX | RISEN NORMAL DOWNTREND","Full Grid (1-2-3-4)","100000000","426","394","386","374","0.1","0.2","0.3","0.4","234","507","777","1069","2587","99917000","83000","386.23","386.24","352","535","650","650","17.37","8.86","52.58","68.29","3.03","7.71"
"RDTX","2026-05-25","2026-05-25","559","FULL","15400","0","AVOID","-","passive","FALSE","","BETA BREAKOUT","2026-04-27","","28d","28","DOWNTREND","BEARISH","BEARISH","BULLISH","DEMAND STRUCTURE","NORMAL DOWNTREND","27.17","TRUE","FALSE","FALSE","LEADING","LEADING (Passive)","0.2","0.2","DRY / QUIET","50","50","45.33","14.03","32.1","41.52","15709.93","15828.93","14514.12","200","1010","1044","Supertrend bearish | RSI 45.3 lemah | Volume 0.2x | Lolos anti-crash ADX | RISEN NORMAL DOWNTREND","Full Grid (1-2-3-4)","100000000","16575","14300","13750","12975","0.1","0.2","0.3","0.4","6","13","21","30","70","96335000","3665000","13762.14","13761.61","11925","23550","30525","30525","28.05","13.35","84.16","121.8","3","9.12"
"SINI","2026-05-25","2026-05-25","559","FULL","10225","9.946236559139784","AVOID","-","passive","FALSE","","V-SHAPE","2026-05-22","","3d","3","DOWNTREND","BEARISH","BEARISH","BEARISH","DOWNTREND","NORMAL UPTREND","25.07","TRUE","TRUE","FALSE","IMPROVING","IMPROVING (Passive)","0.27","0.27","DRY / QUIET","50","50","38.64","25.33","25.66","47.56","11933.01","12711.16","10283","311100","1134430","1044","Supertrend bearish | RSI 38.6 lemah | Volume 0.27x | Lolos anti-crash ADX | RISEN NORMAL UPTREND","Full Grid (1-2-3-4)","100000000","9300","8775","8650","8475","0.1","0.2","0.3","0.4","10","22","34","47","113","97847500","2152500","8659.07","8663.68","8075","11150","12975","12975","13.17","6.75","39.52","49.84","3","7.39"
"SONA","2026-05-25","2026-05-25","559","FULL","2220","-1.7699115044247788","AVOID","-","passive","FALSE","","EARLY SWEEP","2026-04-27","","28d","28","DOWNTREND","BEARISH","BEARISH","BEARISH","DOWNTREND DISCOUNT","SIDEWAYS","25","TRUE","FALSE","FALSE","LEADING","LEADING (Passive)","0.03","0.03","DRY / QUIET","27.27","72.73","49.24","34.78","30.89","13.23","2236.3","2242.57","2665.28","4100","160935","1044","Supertrend bearish | RSI 49.2 lemah | Volume 0.03x | Lolos anti-crash ADX | RISEN SIDEWAYS","Full Grid (1-2-3-4)","100000000","4720","3940","3760","3490","0.1","0.2","0.3","0.4","21","50","79","114","264","99102000","898000","3753.86","3754.48","3110","7125","9550","9550","34.11","17.15","102.33","154.4","3","9"
"ALKA","2026-05-25","2026-05-25","559","FULL","494","8.333333333333332","AVOID","-","passive","FALSE","","V-SHAPE","2026-05-21","","4d","4","DOWNTREND","BEARISH","BEARISH","BEARISH","STRUCTURE + DISCOUNT","NORMAL DOWNTREND","43.8","TRUE","FALSE","FALSE","IMPROVING","IMPROVING (Passive)","0.94","0.94","NORMAL","49.5","50.5","41.24","10.69","24.81","19.66","569.15","605.43","500.55","574400","610425","1042","Supertrend bearish | RSI 41.2 lemah | Volume 0.94x | Lolos anti-crash ADX | RISEN NORMAL DOWNTREND","Full Grid (1-2-3-4)","100000000","486","460","452","444","0.1","0.2","0.3","0.4","205","434","663","900","2202","99854600","145400","453.47","453.48","416","590","695","695","14.4","8.26","43","53.26","2.99","6.45"
"BEEF","2026-05-25","2026-05-25","559","FULL","169","11.920529801324504","AVOID","-","passive","FALSE","","V-SHAPE","2026-05-20","","5d","5","DOWNTREND","BEARISH","BEARISH","BEARISH","STRUCTURE + DISCOUNT","NORMAL DOWNTREND","29.71","TRUE","FALSE","FALSE","IMPROVING","IMPROVING (Passive)","0.84","0.84","NORMAL","100","0","37.15","23.53","12.58","24.4","189.03","232.17","318.93","24344500","29126795","1040","Supertrend bearish | RSI 37.1 lemah | Volume 0.84x | Lolos anti-crash ADX | RISEN NORMAL DOWNTREND","Full Grid (1-2-3-4)","100000000","169","160","158","155","0.1","0.2","0.3","0.4","591","1250","1898","2580","6319","99966300","33700","158.2","158.2","147","202","212","212","13.02","7.08","25.44","34.01","1.95","4.8"
"CNKO","2026-05-25","2026-05-25","559","FULL","45","2.272727272727273","AVOID","-","passive","FALSE","","EARLY SWEEP","2026-05-20","","5d","5","DOWNTREND","BEARISH","BEARISH","BEARISH","STRUCTURE + DISCOUNT","NORMAL DOWNTREND","25","TRUE","FALSE","FALSE","IMPROVING","IMPROVING (Passive)","0.47","0.47","DRY / QUIET","0","100","37.98","23.21","23.71","36.55","50.27","55.32","59.37","9774400","20735545","1040","Supertrend bearish | RSI 38.0 lemah | Volume 0.47x | Lolos anti-crash ADX | RISEN NORMAL DOWNTREND","Full Grid (1-2-3-4)","100000000","67","62","60","58","0.1","0.2","0.3","0.4","1492","3225","5000","6896","16613","99988200","11800","60.19","60.19","55","85","103","103","17.91","8.62","53.73","71.13","3","8.25"
"FAPA","2026-05-25","2026-05-25","559","FULL","7175","0.34965034965034963","HOLD","-","passive","FALSE","","SMART GAMMA","2026-04-24","","31d","31","UPTREND","BULLISH","BULLISH","BULLISH","UPTREND PREMIUM","NORMAL UPTREND","34.93","TRUE","TRUE","FALSE","LEADING","LEADING (Passive)","0.16","0.16","DRY / QUIET","100","0","67.65","56.74","32.94","16.24","7061.22","6851.87","6320.63","2200","13910","1038","Supertrend bullish | RSI 67.7 > 50 | Volume 0.16x | Lolos anti-crash ADX | RISEN NORMAL UPTREND","Full Grid (1-2-3-4)","100000000","7025","6575","6450","6300","0.1","0.2","0.3","0.4","14","30","46","63","153","98920000","1080000","6465.36","6465.93","6100","8425","9800","9800","13.17","5.65","39.5","51.58","3","9.13"
"JTPE","2026-05-25","2026-05-25","559","FULL","620","1.639344262295082","AVOID","-","passive","FALSE","","SMART GAMMA","2026-04-24","","31d","31","DOWNTREND","NEUTRAL","BULLISH","BULLISH","DEMAND STRUCTURE","SIDEWAYS","56.16","TRUE","FALSE","FALSE","LEADING","LEADING (Passive)","0.36","0.36","DRY / QUIET","66.67","33.33","50.08","11.91","17.91","16.42","620.78","610.57","497.16","885600","2435495","1038","Supertrend bearish | RSI 50.1 > 50 | Volume 0.36x | Lolos anti-crash ADX | RISEN SIDEWAYS","Full Grid (1-2-3-4)","100000000","680","610","595","570","0.1","0.2","0.3","0.4","147","327","504","701","1679","99888000","112000","594.93","594.93","535","900","1115","1115","21.32","10.07","63.97","87.42","3","8.68"
"PPGL","2026-05-25","2026-05-25","559","FULL","214","9.743589743589745","AVOID","-","passive","FALSE","","SMART GAMMA","2026-04-14","","41d","41","DOWNTREND","BULLISH","BULLISH","BULLISH","DOWNTREND PREMIUM","SIDEWAYS","35","TRUE","FALSE","TRUE","LEADING","LEADING (Passive)","4.42","4.42","VOLUME SURGE","50","50","51.72","14.53","21.86","17.26","208.61","211.65","182.16","6848300","1548870","1038","Supertrend bearish | RSI 51.7 > 50 | Volume valid 4.42x | Lolos anti-crash ADX | RISEN SIDEWAYS","Full Grid (1-2-3-4)","100000000","228","204","197","189","0.1","0.2","0.3","0.4","438","980","1522","2116","5056","99954200","45800","197.69","197.7","175","308","388","388","23.25","11.48","70.18","96.26","3.02","8.39"
"RISE","2026-05-25","2026-05-25","559","FULL","1405","4.850746268656716","AVOID","-","passive","FALSE","","EARLY SWEEP","2026-05-19","","6d","6","DOWNTREND","BEARISH","BEARISH","BEARISH","STRUCTURE + DISCOUNT","NORMAL DOWNTREND","98.01","TRUE","FALSE","FALSE","IMPROVING","IMPROVING (Passive)","0.63","0.63","DRY / QUIET","52.17","47.83","30.7","20.13","17.72","25.25","1610.47","2264.02","3814.1","607500","961170","1038","Supertrend bearish | RSI 30.7 lemah | Volume 0.63x | Lolos anti-crash ADX | RISEN NORMAL DOWNTREND","Full Grid (1-2-3-4)","100000000","5950","5450","5350","5175","0.1","0.2","0.3","0.4","16","36","56","77","185","98947500","1052500","5348.51","5351.22","4790","10500","13525","13525","19.5","10.44","127.31","152.87","6.53","14.64"
"HGII","2026-05-25","2026-05-25","321","FULL","131","2.34375","AVOID","-","passive","FALSE","","V-SHAPE","2026-04-23","","32d","32","DOWNTREND","BEARISH","BEARISH","BEARISH","STRUCTURE + DISCOUNT","NORMAL DOWNTREND","54.76","TRUE","FALSE","FALSE","LEADING","LEADING (Passive)","0.1","0.1","DRY / QUIET","50","50","38.68","17.09","15.69","19.05","135.35","139.55","152.61","265500","2543705","1036","Supertrend bearish | RSI 38.7 lemah | Volume 0.1x | Lolos anti-crash ADX | RISEN NORMAL DOWNTREND","Full Grid (1-2-3-4)","100000000","147","139","136","134","0.1","0.2","0.3","0.4","680","1438","2205","2985","7308","99971200","28800","136.8","136.8","129","174","202","202","12.24","5.7","37.41","47.66","3.06","8.36"
"ADCP","2026-05-25","2026-05-25","559","FULL","50","0","AVOID","-","passive","FALSE","","V-SHAPE","2026-04-22","","33d","33","DOWNTREND","BEARISH","BEARISH","BEARISH","STRUCTURE + DISCOUNT","SIDEWAYS","65","TRUE","FALSE","FALSE","LEADING","LEADING (Passive)","0","0","DRY / QUIET","50","50","43.91","52.85","30.18","8.34","50.49","51.41","53.22","137400","115223460","1034","Supertrend bearish | RSI 43.9 lemah | Volume 0x | Lolos anti-crash ADX | RISEN SIDEWAYS","Full Grid (1-2-3-4)","100000000","53","52","51","51","0.1","0.2","0.3","0.4","1886","3846","5882","7843","19457","99992500","7500","51.39","51.39","50","58","64","64","5.66","2.71","20.75","24.53","3.67","9.06"
"ATLA","2026-05-25","2026-05-25","498","FULL","50","0","AVOID","-","passive","FALSE","","EARLY SWEEP","2026-04-22","","33d","33","DOWNTREND","BEARISH","BEARISH","BEARISH","DOWNTREND DISCOUNT","SIDEWAYS","85.98","TRUE","FALSE","FALSE","LEADING","LEADING (Passive)","0.01","0.01","DRY / QUIET","50","50","40.75","28.64","21.01","12.35","51.33","52.6","57.23","2202900","229767710","1034","Supertrend bearish | RSI 40.8 lemah | Volume 0.01x | Lolos anti-crash ADX | RISEN SIDEWAYS","Full Grid (1-2-3-4)","100000000","53","52","51","51","0.1","0.2","0.3","0.4","1886","3846","5882","7843","19457","99992500","7500","51.39","51.39","50","58","61","61","5.66","2.71","15.09","18.7","2.67","6.9"
"BTPN","2026-05-25","2026-05-25","559","FULL","2400","0.8403361344537815","HOLD","-","passive","FALSE","","V-SHAPE","2026-04-22","","33d","33","UPTREND","BULLISH","BULLISH","BULLISH","UPTREND PREMIUM","NORMAL UPTREND","16.88","TRUE","TRUE","FALSE","LEADING","LEADING (Passive)","1.61","1.61","EXPANSION","16.67","83.33","67.72","33.01","29.46","8.27","2192.29","2120.08","2112.73","408200","253170","1034","Supertrend bullish | RSI 67.7 > 50 | Volume valid 1.61x | Lolos anti-crash ADX | RISEN NORMAL UPTREND","Full Grid (1-2-3-4)","100000000","2130","2020","1990","1950","0.1","0.2","0.3","0.4","46","99","150","205","500","99621000","379000","1992.42","1992.67","1880","2510","2880","2880","11.74","5.64","35.21","44.55","3","7.9"
"DILD","2026-05-25","2026-05-25","559","FULL","122","1.6666666666666667","AVOID","-","passive","FALSE","","SMART SNIPER","2026-04-22","Discount Only","33d","33","DOWNTREND","BEARISH","BEARISH","BEARISH","STRUCTURE + DISCOUNT","NORMAL DOWNTREND","63.18","TRUE","FALSE","FALSE","LEADING","LEADING (Passive)","0.57","0.57","DRY / QUIET","66.67","33.33","40.12","15.76","15.28","21.5","125.2","128.35","135.56","12269100","21423905","1034","Supertrend bearish | RSI 40.1 lemah | Volume 0.57x | Lolos anti-crash ADX | RISEN NORMAL DOWNTREND","Full Grid (1-2-3-4)","100000000","137","130","128","125","0.1","0.2","0.3","0.4","729","1538","2343","3200","7810","99971700","28300","128","128.01","121","161","185","185","11.68","5.47","35.04","44.53","3","8.14"
"JECC","2026-05-25","2026-05-25","559","FULL","615","-9.558823529411764","AVOID","-","passive","FALSE","","BETA BREAKOUT + V-SHAPE","2025-11-13","","193d","193","DOWNTREND","BEARISH","BEARISH","BEARISH","DOWNTREND DISCOUNT","CRASH / SELL-OFF","0","FALSE","FALSE","TRUE","LAGGING","LAGGARD (Passive)","2.95","2.95","VOLUME SURGE","0","100","14.02","29.8","15.16","56.95","823.98","895.05","992.23","141800","48050","1034","Supertrend bearish | RSI 14.0 lemah | Volume valid 2.95x | Lolos anti-crash ADX | RISEN CRASH / SELL-OFF","Full Grid (1-2-3-4)","100000000","1375","1230","1195","1145","0.1","0.2","0.3","0.4","72","162","251","349","834","99781000","219000","1196.41","1196.57","1060","1850","2320","2320","22.91","11.4","68.73","93.91","3","8.24"
"MAXI","2026-05-25","2026-05-25","559","FULL","50","0","AVOID","-","passive","FALSE","","SMART SNIPER","2026-04-22","Structure + Discount","33d","33","DOWNTREND","BEARISH","BEARISH","BEARISH","STRUCTURE + DISCOUNT","SIDEWAYS","25","TRUE","FALSE","FALSE","LEADING","LEADING (Passive)","0","0","DRY / QUIET","50","50","45.72","28.25","30.33","20.19","50.82","51.16","52.16","275100","326990955","1034","Supertrend bearish | RSI 45.7 lemah | Volume 0x | Lolos anti-crash ADX | RISEN SIDEWAYS","Full Grid (1-2-3-4)","100000000","53","52","51","51","0.1","0.2","0.3","0.4","1886","3846","5882","7843","19457","99992500","7500","51.39","51.39","50","58","64","64","5.66","2.71","20.75","24.53","3.67","9.06"
"MCOR","2026-05-25","2026-05-25","559","FULL","69","2.9850746268656714","AVOID","-","passive","FALSE","","SMART SNIPER","2026-04-22","Structure + Discount","33d","33","DOWNTREND","BEARISH","BEARISH","BEARISH","STRUCTURE + DISCOUNT","SIDEWAYS","72.76","TRUE","FALSE","FALSE","LEADING","LEADING (Passive)","1.01","1.01","NORMAL","66.67","33.33","47.48","11.84","14.65","14.28","69.29","70.49","72.17","4849000","4796105","1034","Supertrend bearish | RSI 47.5 lemah | Volume 1.01x | Lolos anti-crash ADX | RISEN SIDEWAYS","Full Grid (1-2-3-4)","100000000","73","70","69","68","0.1","0.2","0.3","0.4","1369","2857","4347","5882","14455","99984600","15400","69.17","69.17","67","82","91","91","8.22","3.14","24.66","31.56","3","10.06"
"PNIN","2026-05-25","2026-05-25","559","FULL","780","1.9607843137254901","AVOID","-","passive","FALSE","","BETA BREAKOUT","2026-04-22","","33d","33","DOWNTREND","NEUTRAL","BEARISH","BEARISH","DEMAND STRUCTURE","SIDEWAYS","54.64","TRUE","FALSE","FALSE","LEADING","LEADING (Passive)","0.2","0.2","DRY / QUIET","100","0","49.27","15.84","15.81","18.55","781.49","783.28","821.27","118600","603745","1034","Supertrend bearish | RSI 49.3 lemah | Volume 0.2x | Lolos anti-crash ADX | RISEN SIDEWAYS","Full Grid (1-2-3-4)","100000000","815","760","745","725","0.1","0.2","0.3","0.4","122","263","402","551","1338","99827500","172500","746.09","746.12","695","995","1175","1175","14.72","6.85","44.17","57.49","3","8.39"
"BBLD","2026-05-25","2026-05-25","559","FULL","620","0","AVOID","-","passive","FALSE","","V-SHAPE","2026-04-21","","34d","34","DOWNTREND","BEARISH","BEARISH","BEARISH","STRUCTURE + DISCOUNT","NORMAL DOWNTREND","66.63","TRUE","FALSE","FALSE","LEADING","LEADING (Passive)","0.02","0.02","DRY / QUIET","0","100","33.29","14.17","20.23","15.62","657.63","713.52","797.69","900","51165","1032","Supertrend bearish | RSI 33.3 lemah | Volume 0.02x | Lolos anti-crash ADX | RISEN NORMAL DOWNTREND","Full Grid (1-2-3-4)","100000000","705","680","670","660","0.1","0.2","0.3","0.4","141","294","447","606","1488","99877500","122500","671.22","671.24","640","805","900","900","9.22","4.65","27.66","34.08","3","7.33"
"BHAT","2026-05-25","2026-05-25","559","FULL","950","-12.844036697247708","AVOID","-","passive","FALSE","","SMART GAMMA","2025-11-12","","194d","194","DOWNTREND","BEARISH","BEARISH","BEARISH","DOWNTREND DISCOUNT","CRASH / SELL-OFF","0","FALSE","FALSE","TRUE","LAGGING","LAGGARD (Passive)","2.35","2.35","VOLUME SURGE","25","75","5.31","36.55","6.34","85.61","1287.4","1344.75","1186.31","3600","1535","1032","Supertrend bearish | RSI 5.3 lemah | Volume valid 2.35x | Crash filter aktif | RISEN CRASH / SELL-OFF","Full Grid (1-2-3-4)","100000000","1070","965","940","905","0.1","0.2","0.3","0.4","93","207","319","441","1060","99823000","177000","941.73","941.75","855","1395","1715","1715","20.09","9.21","60.28","82.11","3","8.92"
"DUTI","2026-05-25","2026-05-25","559","FULL","4340","5.853658536585367","AVOID","-","passive","FALSE","","V-SHAPE","2026-04-21","","34d","34","DOWNTREND","BULLISH","BULLISH","BULLISH","DOWNTREND","NORMAL UPTREND","0","FALSE","TRUE","FALSE","LEADING","LEADING (Passive)","1.78","1.78","EXPANSION","0","100","56.31","12.53","33.34","32.44","4183.62","4172.35","4111.3","4300","2415","1032","Supertrend bearish | RSI 56.3 > 50 | Volume valid 1.78x | Lolos anti-crash ADX | RISEN NORMAL UPTREND","Full Grid (1-2-3-4)","100000000","4220","4070","4030","3980","0.1","0.2","0.3","0.4","23","49","74","100","246","99271000","729000","4035.41","4035.82","3880","4730","5250","5250","8.06","3.85","24.41","30.1","3.03","7.82"
"GOTO","2026-05-25","2026-05-25","559","FULL","50","0","AVOID","-","passive","FALSE","","SMART SNIPER","2026-04-21","Structure + Discount","34d","34","DOWNTREND","BEARISH","BEARISH","BEARISH","STRUCTURE + DISCOUNT","SIDEWAYS","65","TRUE","FALSE","FALSE","LEADING","LEADING (Passive)","0.05","0.05","DRY / QUIET","50","50","38.4","11.8","19.43","21.41","50.96","53.05","59.08","217192000","4155688410","1032","Supertrend bearish | RSI 38.4 lemah | Volume 0.05x | Lolos anti-crash ADX | RISEN SIDEWAYS","Full Grid (1-2-3-4)","100000000","56","53","52","51","0.1","0.2","0.3","0.4","1785","3773","5769","7843","19170","99991000","9000","52.16","52.16","50","65","74","74","10.71","4.14","32.14","41.87","3","10.11"
"KMDS","2026-05-25","2026-05-25","559","FULL","560","3.7037037037037033","AVOID","-","passive","FALSE","","V-SHAPE","2026-04-21","","34d","34","DOWNTREND","BEARISH","BEARISH","BEARISH","STRUCTURE + DISCOUNT","NORMAL DOWNTREND","45.1","TRUE","FALSE","FALSE","LEADING","LEADING (Passive)","0.24","0.24","DRY / QUIET","100","0","47.36","33.86","11.72","18.58","562.63","582.44","616.61","56400","235420","1032","Supertrend bearish | RSI 47.4 lemah | Volume 0.24x | Crash filter aktif | RISEN NORMAL DOWNTREND","Full Grid (1-2-3-4)","100000000","595","570","560","550","0.1","0.2","0.3","0.4","168","350","535","727","1780","99891000","109000","561.19","561.19","535","685","775","775","10.08","4.67","30.25","38.1","3","8.17"
"KING","2026-05-25","2026-05-25","559","FULL","565","0","HOLD","-","passive","FALSE","","G ACC","2026-04-20","","35d","35","UPTREND","BULLISH","BULLISH","BULLISH","UPTREND PREMIUM","NORMAL UPTREND","25","TRUE","TRUE","FALSE","LEADING","LEADING (Passive)","0","0","NO VOLUME","50","50","87.99","52.03","48.05","8.25","459.08","380.55","268.75","0","4776295","1030","Supertrend bullish | RSI 88.0 > 50 | Volume 0x | Lolos anti-crash ADX | RISEN NORMAL UPTREND","Full Grid (1-2-3-4)","100000000","360","288","270","246","0.1","0.2","0.3","0.4","277","694","1111","1626","3708","99955800","44200","269.57","269.59","210","585","810","810","41.67","22.1","125","200.48","3","9.07"
"PANS","2026-05-25","2026-05-25","559","FULL","1725","0.8771929824561403","AVOID","-","passive","FALSE","","BETA BREAKOUT","2026-04-20","","35d","35","DOWNTREND","BEARISH","BULLISH","BULLISH","DEMAND STRUCTURE","SIDEWAYS","55.08","TRUE","FALSE","FALSE","LEADING","LEADING (Passive)","0.42","0.42","DRY / QUIET","75","25","48.91","15.49","15.87","19.62","1729.46","1708.36","1596.6","63700","151885","1030","Supertrend bearish | RSI 48.9 lemah | Volume 0.42x | Lolos anti-crash ADX | RISEN SIDEWAYS","Full Grid (1-2-3-4)","100000000","1755","1605","1565","1515","0.1","0.2","0.3","0.4","56","124","191","264","635","99617500","382500","1568.78","1569.09","1445","2220","2690","2690","17.66","7.89","53.28","71.47","3.02","9.06"
"PZZA","2026-05-25","2026-05-25","559","FULL","190","0.5291005291005291","AVOID","-","passive","FALSE","","SMART SNIPER","2026-04-20","Structure + Discount","35d","35","DOWNTREND","BEARISH","BEARISH","BEARISH","STRUCTURE + DISCOUNT","SIDEWAYS","44.81","TRUE","FALSE","FALSE","LEADING","LEADING (Passive)","0.72","0.72","DRY / QUIET","25","75","35.78","26.19","11.83","21.84","197.11","202.22","207.94","1236300","1717515","1030","Supertrend bearish | RSI 35.8 lemah | Volume 0.72x | Lolos anti-crash ADX | RISEN SIDEWAYS","Full Grid (1-2-3-4)","100000000","226","204","199","191","0.1","0.2","0.3","0.4","442","980","1507","2094","5023","99965900","34100","199.02","199.02","180","296","364","364","20.35","9.56","61.06","82.9","3","8.68"
"HOPE","2026-05-25","2026-05-25","559","FULL","134","3.076923076923077","AVOID","-","passive","FALSE","","EARLY SWEEP","2026-05-13","","12d","12","DOWNTREND","BEARISH","BEARISH","BEARISH","STRUCTURE + DISCOUNT","NORMAL DOWNTREND","81.96","TRUE","FALSE","FALSE","IMPROVING","IMPROVING (Passive)","0.21","0.21","DRY / QUIET","80","20","34.81","14.82","19.28","29.5","164.38","196.84","180.91","12608200","60431660","1026","Supertrend bearish | RSI 34.8 lemah | Volume 0.21x | Lolos anti-crash ADX | RISEN NORMAL DOWNTREND","Full Grid (1-2-3-4)","100000000","314","248","232","208","0.1","0.2","0.3","0.4","318","806","1293","1923","4340","99970000","30000","230.35","230.36","175","525","730","730","44.27","24.03","132.48","216.92","2.99","9.03"
"DKFT","2026-05-25","2026-05-25","559","FULL","730","0","AVOID","-","passive","FALSE","","SMART GAMMA","2026-04-17","","38d","38","DOWNTREND","BEARISH","BEARISH","BULLISH","STRUCTURE + DISCOUNT","SIDEWAYS","25.31","TRUE","FALSE","FALSE","LEADING","LEADING (Passive)","0.25","0.25","DRY / QUIET","71.43","28.57","45.47","30.16","14.69","26.01","748.75","762.87","706.52","3833500","15601000","1024","Supertrend bearish | RSI 45.5 lemah | Volume 0.25x | Crash filter aktif | RISEN SIDEWAYS","Full Grid (1-2-3-4)","100000000","820","740","720","690","0.1","0.2","0.3","0.4","121","270","416","579","1386","99805000","195000","720.09","720.15","650","1075","1330","1330","20.73","9.73","62.2","84.7","3","8.7"
"IPAC","2026-05-25","2026-05-25","559","FULL","142","5.970149253731343","AVOID","-","passive","FALSE","","SMART SNIPER","2026-04-17","Discount Only","38d","38","DOWNTREND","BEARISH","BEARISH","BEARISH","STRUCTURE + DISCOUNT","NORMAL DOWNTREND","71.5","TRUE","FALSE","FALSE","LEADING","LEADING (Passive)","0.19","0.19","DRY / QUIET","100","0","40.69","26.73","18.37","14.39","149.32","156.72","170.64","40800","218780","1024","Supertrend bearish | RSI 40.7 lemah | Volume 0.19x | Lolos anti-crash ADX | RISEN NORMAL DOWNTREND","Full Grid (1-2-3-4)","100000000","180","159","153","146","0.1","0.2","0.3","0.4","555","1257","1960","2739","6511","99953700","46300","153.52","153.52","134","250","318","318","25.56","12.71","76.67","107.15","3","8.43"
"LPPF","2026-05-25","2026-05-25","559","FULL","1600","0.3134796238244514","AVOID","-","passive","FALSE","","SMART GAMMA","2026-04-17","","38d","38","DOWNTREND","BEARISH","BEARISH","BEARISH","STRUCTURE + DISCOUNT","NORMAL DOWNTREND","68.79","TRUE","FALSE","FALSE","LEADING","LEADING (Passive)","0.24","0.24","DRY / QUIET","50","50","32.03","34.35","14.08","32.7","1666.85","1741.22","1746.53","1060800","4499125","1024","Supertrend bearish | RSI 32.0 lemah | Volume 0.24x | Crash filter aktif | RISEN NORMAL DOWNTREND","Full Grid (1-2-3-4)","100000000","1950","1875","1855","1830","0.1","0.2","0.3","0.4","51","106","161","218","536","99579500","420500","1857.83","1857.86","1790","2190","2430","2430","8.21","3.65","24.62","30.8","3","8.44"
"MTLA","2026-05-25","2026-05-25","559","FULL","510","0","AVOID","-","passive","FALSE","","V-SHAPE","2026-04-17","","38d","38","DOWNTREND","BEARISH","BEARISH","BEARISH","STRUCTURE + DISCOUNT","SIDEWAYS","87.43","TRUE","FALSE","FALSE","LEADING","LEADING (Passive)","0.25","0.25","DRY / QUIET","100","0","40.64","22.57","9.51","23.76","521.35","538.58","514.58","10100","41070","1024","Supertrend bearish | RSI 40.6 lemah | Volume 0.25x | Lolos anti-crash ADX | RISEN SIDEWAYS","Full Grid (1-2-3-4)","100000000","590","565","555","545","0.1","0.2","0.3","0.4","169","353","540","733","1795","99834000","166000","556.18","556.19","525","690","785","785","11.02","5.61","33.05","41.14","3","7.34"
"AUTO","2026-05-25","2026-05-25","559","FULL","2530","-1.171875","AVOID","-","passive","FALSE","","BETA BREAKOUT","2026-04-16","","39d","39","DOWNTREND","BEARISH","BEARISH","BEARISH","STRUCTURE + DISCOUNT","NORMAL DOWNTREND","53.63","TRUE","FALSE","FALSE","LEADING","LEADING (Passive)","0.92","0.92","NORMAL","12.5","87.5","39.67","21.83","14.32","22.17","2603.65","2631.28","2539.42","2357900","2553425","1022","Supertrend bearish | RSI 39.7 lemah | Volume 0.92x | Lolos anti-crash ADX | RISEN NORMAL DOWNTREND","Full Grid (1-2-3-4)","100000000","2730","2620","2590","2550","0.1","0.2","0.3","0.4","36","76","115","156","383","99305000","695000","2592.82","2592.97","2490","3090","3450","3450","8.79","3.97","26.37","33.06","3","8.34"
"CFIN","2026-05-25","2026-05-25","559","FULL","340","1.1904761904761905","AVOID","-","passive","FALSE","","BETA BREAKOUT","2026-04-16","","39d","39","DOWNTREND","BEARISH","BULLISH","BULLISH","DEMAND STRUCTURE","NORMAL UPTREND","54.91","TRUE","TRUE","FALSE","LEADING","LEADING (Passive)","0.86","0.86","NORMAL","80","20","49.83","21.42","15.18","14.43","340.69","337.54","331.17","1753300","2049240","1022","Supertrend bearish | RSI 49.8 lemah | Volume 0.86x | Lolos anti-crash ADX | RISEN NORMAL UPTREND","Full Grid (1-2-3-4)","100000000","344","322","316","310","0.1","0.2","0.3","0.4","290","621","949","1290","3150","99950600","49400","317.3","317.31","298","414","482","482","13.37","6.08","40.12","51.91","3","8.53"
"OLIV","2026-05-25","2026-05-25","559","FULL","54","-1.8181818181818181","AVOID","-","passive","FALSE","","SMART SNIPER","2026-04-16","Structure + Discount","39d","39","DOWNTREND","BEARISH","BEARISH","BEARISH","STRUCTURE + DISCOUNT","SIDEWAYS","57.74","TRUE","FALSE","FALSE","LEADING","LEADING (Passive)","0.2","0.2","DRY / QUIET","57.14","42.86","44.96","16.95","16.46","17.27","55.68","57.36","61.49","1046700","5125315","1022","Supertrend bearish | RSI 45.0 lemah | Volume 0.2x | Lolos anti-crash ADX | RISEN SIDEWAYS","Full Grid (1-2-3-4)","100000000","61","54","52","49","0.1","0.2","0.3","0.4","1639","3703","5769","8163","19274","99991600","8400","51.88","51.88","45","85","109","109","26.23","13.26","78.69","110.1","3","8.3"
"PBSA","2026-05-25","2026-05-25","559","FULL","850","0","AVOID","-","passive","FALSE","","V-SHAPE","2026-05-11","","14d","14","DOWNTREND","BEARISH","BEARISH","BEARISH","STRUCTURE + DISCOUNT","NORMAL DOWNTREND","34.06","TRUE","FALSE","FALSE","IMPROVING","IMPROVING (Passive)","0.27","0.27","DRY / QUIET","85.71","14.29","40.79","35.62","12.89","26.1","937.18","1093.27","1108.33","1010000","3715095","1022","Supertrend bearish | RSI 40.8 lemah | Volume 0.27x | Crash filter aktif | RISEN NORMAL DOWNTREND","Full Grid (1-2-3-4)","100000000","945","880","865","845","0.1","0.2","0.3","0.4","105","227","346","473","1151","99796000","204000","867.04","867.09","800","1165","1380","1380","15.34","7.73","46.03","59.16","3","7.65"
"SRAJ","2026-05-25","2026-05-25","559","FULL","13925","-0.5357142857142857","HOLD","-","passive","FALSE","","V-SHAPE","2026-04-16","","39d","39","UPTREND","BEARISH","BEARISH","BULLISH","UPTREND","NORMAL DOWNTREND","25","TRUE","FALSE","FALSE","LEADING","LEADING (Passive)","0.25","0.25","DRY / QUIET","100","0","44.91","30.68","26.68","43.6","14154.27","14645.8","12711.39","3800","15235","1022","Supertrend bullish | RSI 44.9 lemah | Volume 0.25x | Crash filter aktif | RISEN NORMAL DOWNTREND","Full Grid (1-2-3-4)","100000000","15100","14100","13875","13525","0.1","0.2","0.3","0.4","6","14","21","29","70","97160000","2840000","13880","13888.23","13000","18250","21400","21400","13.91","6.34","41.72","54.18","3","8.55"
"TMAS","2026-05-25","2026-05-25","559","FULL","118","0","AVOID","-","passive","FALSE","","SMART SNIPER","2026-04-16","Structure + Discount","39d","39","DOWNTREND","BEARISH","BEARISH","BEARISH","STRUCTURE + DISCOUNT","NORMAL DOWNTREND","77.22","TRUE","FALSE","FALSE","LEADING","LEADING (Passive)","0.35","0.35","DRY / QUIET","50","50","35.14","19.69","12.68","23.46","122.78","126.81","133.35","1787300","5159910","1022","Supertrend bearish | RSI 35.1 lemah | Volume 0.35x | Lolos anti-crash ADX | RISEN NORMAL DOWNTREND","Full Grid (1-2-3-4)","100000000","138","130","127","125","0.1","0.2","0.3","0.4","724","1538","2362","3200","7824","99982600","17400","127.79","127.79","120","165","192","192","13.04","6.1","39.13","50.25","3","8.24"
"BHIT","2026-05-25","2026-05-25","559","FULL","30","7.142857142857142","HOLD","-","passive","FALSE","","SMART SNIPER","2026-04-15","Structure + Discount","40d","40","UPTREND","BEARISH","BEARISH","BEARISH","STRUCTURE + DISCOUNT","NORMAL DOWNTREND","33.05","TRUE","FALSE","FALSE","LEADING","LEADING (Passive)","0.8","0.8","DRY / QUIET","100","0","41.7","29.63","24.15","50.35","31.36","33.38","34.9","8995300","11258480","1020","Supertrend bullish | RSI 41.7 lemah | Volume 0.8x | Lolos anti-crash ADX | RISEN NORMAL DOWNTREND","Full Grid (1-2-3-4)","100000000","37","35","34","33","0.1","0.2","0.3","0.4","2702","5714","8823","12121","29360","99993900","6100","34.06","34.06","32","45","52","52","13.51","6.04","40.54","52.68","3","8.72"
"BIKE","2026-05-25","2026-05-25","559","FULL","510","0","AVOID","-","passive","FALSE","","EARLY SWEEP","2026-04-15","","40d","40","DOWNTREND","NEUTRAL","BULLISH","BEARISH","DOWNTREND DISCOUNT","SIDEWAYS","100","TRUE","FALSE","FALSE","LEADING","LEADING (Passive)","0","0","NO VOLUME","50","50","50.73","26.56","31.84","19.76","510.33","508.36","607.58","0","354680","1020","Supertrend bearish | RSI 50.7 > 50 | Volume 0x | Lolos anti-crash ADX | RISEN SIDEWAYS","Full Grid (1-2-3-4)","100000000","995","890","865","830","0.1","0.2","0.3","0.4","100","224","346","481","1151","99738000","262000","866.53","866.57","775","1325","1655","1655","22.11","10.56","66.33","90.99","3","8.61"
"EKAD","2026-05-25","2026-05-25","559","FULL","169","-1.1695906432748537","AVOID","-","passive","FALSE","","V-SHAPE","2026-04-15","","40d","40","DOWNTREND","BEARISH","BEARISH","BEARISH","STRUCTURE + DISCOUNT","NORMAL DOWNTREND","38.91","TRUE","FALSE","FALSE","LEADING","LEADING (Passive)","0.92","0.92","NORMAL","20","80","34.39","31.22","10.74","27.27","175.01","178.69","185.55","235500","257220","1020","Supertrend bearish | RSI 34.4 lemah | Volume 0.92x | Crash filter aktif | RISEN NORMAL DOWNTREND","Full Grid (1-2-3-4)","100000000","180","179","178","178","0.1","0.2","0.3","0.4","555","1117","1685","2247","5604","99973900","26100","178.4","178.4","176","187","191","191","2.22","1.34","6.11","7.06","2.75","5.26"
"ELIT","2026-05-25","2026-05-25","559","FULL","188","1.6216216216216217","AVOID","-","passive","FALSE","","SMART SNIPER","2026-04-15","Discount Only","40d","40","DOWNTREND","BEARISH","BEARISH","BEARISH","STRUCTURE + DISCOUNT","NORMAL DOWNTREND","65","TRUE","FALSE","FALSE","LEADING","LEADING (Passive)","0.36","0.36","DRY / QUIET","57.14","42.86","38.22","14.57","15.83","24.66","197.5","208.05","205.86","2042800","5711210","1020","Supertrend bearish | RSI 38.2 lemah | Volume 0.36x | Lolos anti-crash ADX | RISEN NORMAL DOWNTREND","Full Grid (1-2-3-4)","100000000","228","204","198","190","0.1","0.2","0.3","0.4","438","980","1515","2105","5038","99970400","29600","198.43","198.44","177","304","382","382","22.37","10.8","67.54","92.51","3.02","8.56"
"JMAS","2026-05-25","2026-05-25","559","FULL","288","5.88235294117647","HOLD","-","passive","FALSE","","SMART GAMMA","2026-04-15","","40d","40","UPTREND","BULLISH","BULLISH","BULLISH","UPTREND PREMIUM","NORMAL UPTREND","22.38","TRUE","TRUE","FALSE","LEADING","LEADING (Passive)","1.37","1.37","EXPANSION","66.67","33.33","65.08","23.32","31.34","16.91","255.51","242.65","203.23","4632600","3391765","1020","Supertrend bullish | RSI 65.1 > 50 | Volume valid 1.37x | Lolos anti-crash ADX | RISEN NORMAL UPTREND","Full Grid (1-2-3-4)","100000000","270","226","214","200","0.1","0.2","0.3","0.4","370","884","1401","2000","4655","99949800","50200","214.71","214.72","178","408","545","545","34.07","17.1","101.85","153.82","2.99","9"
"MAYA","2026-05-25","2026-05-25","559","FULL","190","1.0638297872340425","AVOID","-","passive","FALSE","","SMART SNIPER","2026-04-15","Structure + Discount","40d","40","DOWNTREND","BEARISH","BEARISH","BEARISH","STRUCTURE + DISCOUNT","SIDEWAYS","66.44","TRUE","FALSE","FALSE","LEADING","LEADING (Passive)","0.66","0.66","DRY / QUIET","60","40","41.85","17.06","17.34","23.57","193.7","199.41","216.43","1020600","1535470","1020","Supertrend bearish | RSI 41.9 lemah | Volume 0.66x | Lolos anti-crash ADX | RISEN SIDEWAYS","Full Grid (1-2-3-4)","100000000","220","200","195","189","0.1","0.2","0.3","0.4","454","1000","1538","2116","5108","99971400","28600","195.72","195.72","178","284","346","346","19.09","9.05","57.27","76.79","3","8.48"
"SAFE","2026-05-25","2026-05-25","559","FULL","328","1.2345679012345678","AVOID","-","passive","FALSE","","V-SHAPE","2026-04-15","","40d","40","DOWNTREND","BEARISH","BEARISH","BULLISH","DEMAND STRUCTURE","NORMAL DOWNTREND","44.72","TRUE","FALSE","FALSE","LEADING","LEADING (Passive)","0.54","0.54","DRY / QUIET","100","0","37.36","18.52","13.99","22.2","344.94","358.92","321.72","293500","545475","1020","Supertrend bearish | RSI 37.4 lemah | Volume 0.54x | Lolos anti-crash ADX | RISEN NORMAL DOWNTREND","Full Grid (1-2-3-4)","100000000","382","368","364","358","0.1","0.2","0.3","0.4","261","543","824","1117","2745","99934800","65200","364.06","364.07","348","434","484","484","8.9","4.41","26.7","32.94","3","7.47"
"TARA","2026-05-25","2026-05-25","559","FULL","32","6.666666666666667","HOLD","-","passive","FALSE","","V-SHAPE","2026-04-15","","40d","40","UPTREND","BULLISH","BULLISH","BULLISH","STRUCTURE + DISCOUNT","NORMAL UPTREND","76.46","TRUE","TRUE","FALSE","LEADING","LEADING (Passive)","0.66","0.66","DRY / QUIET","100","0","53.33","9.85","35.85","33.94","30.89","31.79","29.2","770900","1172060","1020","Supertrend bullish | RSI 53.3 > 50 | Volume 0.66x | Lolos anti-crash ADX | RISEN NORMAL UPTREND","Full Grid (1-2-3-4)","100000000","30","29","28","28","0.1","0.2","0.3","0.4","3333","6896","10714","14285","35228","99994600","5400","28.38","28.38","27","40","50","50","10","4.88","66.67","76.15","6.67","15.61"
"TCID","2026-05-25","2026-05-25","559","FULL","2890","4.332129963898916","AVOID","-","passive","FALSE","","SMART SNIPER","2026-04-15","Structure + Discount","40d","40","DOWNTREND","BULLISH","BULLISH","BULLISH","STRUCTURE + DISCOUNT","SIDEWAYS","100","TRUE","FALSE","FALSE","LEADING","LEADING (Passive)","0.14","0.14","DRY / QUIET","88.89","11.11","52.99","15.21","16.97","19.05","2856.44","2869.09","2833.56","16400","117215","1020","Supertrend bearish | RSI 53.0 > 50 | Volume 0.14x | Lolos anti-crash ADX | RISEN SIDEWAYS","Full Grid (1-2-3-4)","100000000","2970","2740","2680","2600","0.1","0.2","0.3","0.4","33","72","111","153","369","99057000","943000","2684.47","2684.93","2480","3710","4440","4440","16.5","7.62","49.49","65.4","3","8.59"
"TPMA","2026-05-25","2026-05-25","559","FULL","505","1.8145161290322582","AVOID","-","passive","FALSE","","V-SHAPE","2026-04-15","","40d","40","DOWNTREND","BEARISH","BEARISH","BEARISH","STRUCTURE + DISCOUNT","NORMAL DOWNTREND","17.5","TRUE","FALSE","FALSE","LEADING","LEADING (Passive)","0.6","0.6","DRY / QUIET","58.33","41.67","27.24","48.22","7.15","30.38","538.38","562.86","585.07","5842000","9712605","1020","Supertrend bearish | RSI 27.2 lemah | Volume 0.6x | Crash filter aktif | RISEN NORMAL DOWNTREND","Full Grid (1-2-3-4)","100000000","595","590","590","585","0.1","0.2","0.3","0.4","168","338","508","683","1697","99865500","134500","588.48","588.48","580","620","680","680","2.52","1.44","14.29","15.55","5.67","10.79"
"BBKP","2026-05-25","2026-05-25","559","FULL","57","1.7857142857142856","AVOID","-","passive","FALSE","","SMART SNIPER","2026-04-14","Discount Only","41d","41","DOWNTREND","BEARISH","BEARISH","BEARISH","STRUCTURE + DISCOUNT","NORMAL DOWNTREND","39.96","TRUE","FALSE","FALSE","LEADING","LEADING (Passive)","0.52","0.52","DRY / QUIET","50","50","38.5","27.06","9.53","21.4","59.5","62.86","67.51","45413200","86969865","1018","Supertrend bearish | RSI 38.5 lemah | Volume 0.52x | Lolos anti-crash ADX | RISEN NORMAL DOWNTREND","Full Grid (1-2-3-4)","100000000","66","62","61","60","0.1","0.2","0.3","0.4","1515","3225","4918","6666","16324","99989800","10200","61.25","61.25","57","80","93","93","13.64","6.94","40.91","51.83","3","7.46"
"GMFI","2026-05-25","2026-05-25","559","FULL","55","5.769230769230769","AVOID","-","passive","FALSE","","SMART SNIPER","2026-04-14","Discount Only","41d","41","DOWNTREND","BEARISH","BEARISH","BEARISH","STRUCTURE + DISCOUNT","NORMAL DOWNTREND","32.54","TRUE","FALSE","FALSE","LEADING","LEADING (Passive)","0.94","0.94","NORMAL","60","40","40.19","21.28","18.34","24.14","57.94","61.96","69.61","57569800","61046005","1018","Supertrend bearish | RSI 40.2 lemah | Volume 0.94x | Lolos anti-crash ADX | RISEN NORMAL DOWNTREND","Full Grid (1-2-3-4)","100000000","70","62","59","57","0.1","0.2","0.3","0.4","1428","3225","5084","7017","16754","99983500","16500","59.68","59.68","52","97","124","124","25.71","12.86","77.14","107.78","3","8.38"
"SRTG","2026-05-25","2026-05-25","559","FULL","1625","-1.21580547112462","AVOID","-","passive","FALSE","","SMART GAMMA","2026-04-14","","41d","41","DOWNTREND","BEARISH","BEARISH","BEARISH","STRUCTURE + DISCOUNT","SIDEWAYS","39.5","TRUE","FALSE","FALSE","LEADING","LEADING (Passive)","0.45","0.45","DRY / QUIET","27.27","72.73","39.88","23.74","13.82","24.72","1694.71","1715.91","1725.11","3763100","8329015","1018","Supertrend bearish | RSI 39.9 lemah | Volume 0.45x | Lolos anti-crash ADX | RISEN SIDEWAYS","Full Grid (1-2-3-4)","100000000","1790","1640","1600","1550","0.1","0.2","0.3","0.4","55","121","187","258","621","99599000","401000","1603.85","1604.15","1470","2270","2750","2750","17.88","8.35","53.63","71.46","3","8.56"
"ASBI","2026-05-25","2026-05-25","559","FULL","406","-1.932367149758454","AVOID","-","passive","FALSE","","SMART SNIPER","2026-04-13","Structure + Discount","42d","42","DOWNTREND","BEARISH","BEARISH","BEARISH","STRUCTURE + DISCOUNT","SIDEWAYS","47.93","TRUE","FALSE","FALSE","LEADING","LEADING (Passive)","0.11","0.11","DRY / QUIET","60","40","46.71","11.23","16.28","16.72","409.77","415.85","446.33","6700","61270","1016","Supertrend bearish | RSI 46.7 lemah | Volume 0.11x | Lolos anti-crash ADX | RISEN SIDEWAYS","Full Grid (1-2-3-4)","100000000","432","406","400","392","0.1","0.2","0.3","0.4","231","492","750","1020","2493","99938400","61600","400.88","400.88","378","515","595","595","12.5","5.71","37.73","48.42","3.02","8.49"
"PDES","2026-05-25","2026-05-25","559","FULL","510","0","AVOID","-","passive","FALSE","","EARLY SWEEP","2026-04-13","","42d","42","DOWNTREND","NEUTRAL","BEARISH","BEARISH","STRUCTURE + DISCOUNT","SIDEWAYS","94.69","TRUE","FALSE","FALSE","LEADING","LEADING (Passive)","0.04","0.04","DRY / QUIET","100","0","49.18","20.49","12.21","17.19","510.01","518.99","511.81","2800","79685","1016","Supertrend bearish | RSI 49.2 lemah | Volume 0.04x | Lolos anti-crash ADX | RISEN SIDEWAYS","Full Grid (1-2-3-4)","100000000","630","610","605","600","0.1","0.2","0.3","0.4","158","327","495","666","1646","99808500","191500","606.37","606.38","585","700","770","770","7.14","3.52","22.22","26.99","3.11","7.66"
"PNGO","2026-05-25","2026-05-25","559","FULL","3480","1.1627906976744187","AVOID","-","passive","FALSE","","BETA BREAKOUT","2026-04-13","","42d","42","DOWNTREND","BEARISH","BULLISH","BULLISH","STRUCTURE + DISCOUNT","NORMAL UPTREND","25","TRUE","TRUE","FALSE","LEADING","LEADING (Passive)","0.08","0.08","DRY / QUIET","60","40","49.83","22.63","20.1","16.66","3495.6","3415.42","3000.76","8200","99585","1016","Supertrend bearish | RSI 49.8 lemah | Volume 0.08x | Lolos anti-crash ADX | RISEN NORMAL UPTREND","Full Grid (1-2-3-4)","100000000","3410","3210","3160","3100","0.1","0.2","0.3","0.4","29","62","94","129","314","99485000","515000","3168.31","3168.57","2980","4060","4700","4700","12.61","5.94","37.83","48.34","3","8.13"
"SATU","2026-05-25","2026-05-25","559","FULL","256","0.7874015748031495","AVOID","-","passive","FALSE","","BETA BREAKOUT","2026-04-13","","42d","42","DOWNTREND","BEARISH","BEARISH","BULLISH","DEMAND STRUCTURE","NORMAL DOWNTREND","25","TRUE","FALSE","FALSE","LEADING","LEADING (Passive)","0.7","0.7","DRY / QUIET","100","0","40.25","24.13","9.18","29.26","259.95","260.75","250.73","796200","1130785","1016","Supertrend bearish | RSI 40.3 lemah | Volume 0.7x | Lolos anti-crash ADX | RISEN NORMAL DOWNTREND","Full Grid (1-2-3-4)","100000000","270","262","260","258","0.1","0.2","0.3","0.4","370","763","1153","1550","3836","99948600","51400","260.55","260.55","254","294","324","324","5.93","2.52","20","24.35","3.37","9.68"
"JRPT","2026-05-25","2026-05-25","559","FULL","1090","1.3953488372093024","AVOID","-","passive","FALSE","","SMART GAMMA","2026-04-10","","45d","45","DOWNTREND","NEUTRAL","NEUTRAL","BULLISH","DEMAND STRUCTURE","SIDEWAYS","73.49","TRUE","FALSE","FALSE","LEADING","LEADING (Passive)","0.05","0.05","DRY / QUIET","100","0","48.41","32.05","10.78","21.47","1090.8","1092.14","990.16","10300","202645","1010","Supertrend bearish | RSI 48.4 lemah | Volume 0.05x | Crash filter aktif | RISEN SIDEWAYS","Full Grid (1-2-3-4)","100000000","1110","1095","1090","1085","0.1","0.2","0.3","0.4","90","182","275","368","915","99822000","178000","1090.95","1090.95","1075","1165","1280","1280","3.15","1.46","15.32","17.33","4.86","11.85"
"PANI","2026-05-25","2026-05-25","559","FULL","7875","0.9615384615384616","AVOID","-","passive","FALSE","","SMART SNIPER","2026-04-10","Structure + Discount","45d","45","DOWNTREND","BEARISH","BEARISH","BEARISH","DOWNTREND DISCOUNT","NORMAL DOWNTREND","41.54","TRUE","FALSE","FALSE","LEADING","LEADING (Passive)","0.81","0.81","NORMAL","38.46","61.54","42.24","19.2","18.07","24.31","8241.39","8665.72","10752.64","4494000","5555495","1010","Supertrend bearish | RSI 42.2 lemah | Volume 0.81x | Lolos anti-crash ADX | RISEN NORMAL DOWNTREND","Full Grid (1-2-3-4)","100000000","8650","8075","7925","7725","0.1","0.2","0.3","0.4","11","24","37","51","123","97615000","2385000","7936.18","7938.82","7375","10575","12475","12475","14.74","7.07","44.22","57.19","3","8.09"
"ADMR","2026-05-25","2026-05-25","559","FULL","1550","4.72972972972973","AVOID","-","passive","FALSE","","V-SHAPE","2026-05-04","","21d","21","DOWNTREND","BEARISH","BEARISH","BEARISH","DEMAND STRUCTURE","NORMAL DOWNTREND","17.5","TRUE","FALSE","FALSE","IMPROVING","IMPROVING (Passive)","0.8","0.8","DRY / QUIET","48.15","51.85","38.07","24.41","17.01","35.58","1699.72","1791.92","1600.85","38980100","49004530","1008","Supertrend bearish | RSI 38.1 lemah | Volume 0.8x | Lolos anti-crash ADX | RISEN NORMAL DOWNTREND","Full Grid (1-2-3-4)","100000000","1910","1845","1830","1810","0.1","0.2","0.3","0.4","52","108","163","220","543","99507000","493000","1832.54","1832.56","1765","2130","2350","2350","7.59","3.69","23.04","28.24","3.03","7.66"
"BRAM","2026-05-25","2026-05-25","559","FULL","4560","-1.935483870967742","HOLD","-","passive","FALSE","","BETA BREAKOUT","2026-05-19","","6d","6","UPTREND","BEARISH","BEARISH","BEARISH","DEMAND STRUCTURE","NORMAL UPTREND","35","TRUE","TRUE","TRUE","LAGGING","LAGGARD (Passive)","8.11","8.11","VOLUME SURGE","28.87","71.13","47.84","22.15","32.73","8.34","4610.05","4579.15","4853.06","49000","6045","1008","Supertrend bullish | RSI 47.8 lemah | Volume valid 8.11x | Lolos anti-crash ADX | RISEN NORMAL UPTREND","Full Grid (1-2-3-4)","100000000","4800","4620","4570","4510","0.1","0.2","0.3","0.4","20","43","65","88","216","98859000","1141000","4576.81","4577.48","4400","5400","6000","6000","8.33","3.86","25","31.1","3","8.05"
"MEJA","2026-05-25","2026-05-25","534","FULL","96","0","AVOID","-","passive","FALSE","","SMART SNIPER","2026-04-09","Discount Only","46d","46","DOWNTREND","BEARISH","BEARISH","BEARISH","STRUCTURE + DISCOUNT","SIDEWAYS","51.22","TRUE","FALSE","FALSE","LEADING","LEADING (Passive)","0.44","0.44","DRY / QUIET","40","60","43.72","12.96","17.69","25.87","102.86","106.66","124.66","11601700","26375470","1008","Supertrend bearish | RSI 43.7 lemah | Volume 0.44x | Lolos anti-crash ADX | RISEN SIDEWAYS","Full Grid (1-2-3-4)","100000000","101","90","87","83","0.1","0.2","0.3","0.4","990","2222","3448","4819","11479","99992300","7700","87.11","87.11","76","139","176","176","24.75","12.75","74.26","102.05","3","8"
"BELI","2026-05-25","2026-05-25","559","FULL","332","-0.5988023952095809","AVOID","-","passive","FALSE","","V-SHAPE","2026-04-08","","47d","47","DOWNTREND","BEARISH","BEARISH","BEARISH","DOWNTREND DISCOUNT","NORMAL DOWNTREND","46.13","TRUE","FALSE","FALSE","LEADING","LEADING (Passive)","0.72","0.72","DRY / QUIET","10","90","20.16","16.83","19.29","21.22","360.08","386.56","414.36","600300","837420","1006","Supertrend bearish | RSI 20.2 lemah | Volume 0.72x | Lolos anti-crash ADX | RISEN NORMAL DOWNTREND","Full Grid (1-2-3-4)","100000000","444","418","410","402","0.1","0.2","0.3","0.4","225","478","731","995","2429","99940400","59600","411.45","411.45","386","530","620","620","13.06","6.18","39.64","50.69","3.03","8.2"
"KARW","2026-05-25","2026-05-25","559","FULL","280","0","AVOID","-","passive","FALSE","","SMART SNIPER","2026-05-18","Structure + Discount","7d","7","DOWNTREND","BEARISH","BEARISH","BEARISH","DOWNTREND DISCOUNT","NORMAL DOWNTREND","59.89","TRUE","FALSE","TRUE","WEAKENING","WEAKENING (Passive)","2.59","2.59","VOLUME SURGE","100","0","40.87","11.13","24.47","35.16","294.15","307.43","541.23","206200","79515","1006","Supertrend bearish | RSI 40.9 lemah | Volume valid 2.59x | Lolos anti-crash ADX | RISEN NORMAL DOWNTREND","Full Grid (1-2-3-4)","100000000","318","302","298","292","0.1","0.2","0.3","0.4","314","662","1006","1369","3351","99931200","68800","298.21","298.21","284","370","416","416","10.69","4.77","30.82","39.5","2.88","8.29"
"WIFI","2026-05-25","2026-05-25","559","FULL","2040","-3.7735849056603774","AVOID","-","passive","FALSE","","SMART SNIPER","2026-04-08","Discount Only","47d","47","DOWNTREND","BEARISH","BEARISH","BEARISH","STRUCTURE + DISCOUNT","NORMAL DOWNTREND","18.16","TRUE","FALSE","FALSE","LEADING","LEADING (Passive)","0.9","0.9","NORMAL","11.11","88.89","38.61","20.02","11.57","29.25","2206.28","2313.76","2499.77","18740900","20729440","1006","Supertrend bearish | RSI 38.6 lemah | Volume 0.9x | Lolos anti-crash ADX | RISEN NORMAL DOWNTREND","Full Grid (1-2-3-4)","100000000","2310","2110","2060","1990","0.1","0.2","0.3","0.4","43","94","145","201","483","99636000","364000","2062.86","2063.08","1875","2960","3620","3620","18.83","9.11","56.71","75.48","3.01","8.29"
"WOMF","2026-05-25","2026-05-25","559","FULL","288","0","AVOID","-","passive","FALSE","","EARLY SWEEP","2026-05-18","","7d","7","DOWNTREND","BEARISH","BEARISH","BEARISH","DOWNTREND DISCOUNT","NORMAL DOWNTREND","47.03","TRUE","FALSE","TRUE","LAGGING","LAGGARD (Passive)","2.31","2.31","VOLUME SURGE","85.71","14.29","34.98","19.26","8.39","21.38","296.15","302.2","321.49","186300","80600","1006","Supertrend bearish | RSI 35.0 lemah | Volume valid 2.31x | Lolos anti-crash ADX | RISEN NORMAL DOWNTREND","Full Grid (1-2-3-4)","100000000","358","350","346","344","0.1","0.2","0.3","0.4","279","571","867","1162","2879","99944200","55800","347.15","347.15","338","388","426","426","5.59","2.64","18.99","22.71","3.4","8.62"
"PMJS","2026-05-25","2026-05-25","559","FULL","121","8.035714285714286","AVOID","-","passive","FALSE","","BETA BREAKOUT","2026-04-07","","48d","48","DOWNTREND","BEARISH","BEARISH","BEARISH","STRUCTURE + DISCOUNT","SIDEWAYS","40.52","TRUE","FALSE","TRUE","LEADING","LEADING (Passive)","1.84","1.84","EXPANSION","42.86","57.14","45.26","22.26","26.45","20.32","124.65","125.51","121.55","3940100","2139355","1004","Supertrend bearish | RSI 45.3 lemah | Volume valid 1.84x | Lolos anti-crash ADX | RISEN SIDEWAYS","Full Grid (1-2-3-4)","100000000","151","129","124","116","0.1","0.2","0.3","0.4","662","1550","2419","3448","8079","99983600","16400","123.76","123.76","106","218","286","286","29.8","14.35","89.4","131.1","3","9.14"
"SIDO","2026-05-25","2026-05-25","559","FULL","404","-0.9803921568627451","AVOID","-","passive","FALSE","","SMART SNIPER","2026-04-29","Structure + Discount","26d","26","DOWNTREND","BEARISH","BEARISH","BEARISH","STRUCTURE + DISCOUNT","NORMAL DOWNTREND","17.5","TRUE","FALSE","FALSE","IMPROVING","IMPROVING (Passive)","0.97","0.97","NORMAL","57.14","42.86","24.72","49.36","4.86","44.01","451.5","482.45","521.88","28571500","29501030","998","Supertrend bearish | RSI 24.7 lemah | Volume 0.97x | Crash filter aktif | RISEN NORMAL DOWNTREND","Full Grid (1-2-3-4)","100000000","515","505","505","500","0.1","0.2","0.3","0.4","194","396","594","800","1984","99986000","14000","503.96","503.96","494","545","550","550","4.08","1.98","6.8","9.14","1.67","4.62"
"SOHO","2026-05-25","2026-05-25","559","FULL","1585","-0.6269592476489028","AVOID","-","passive","FALSE","","V-SHAPE","2026-04-29","","26d","26","DOWNTREND","BEARISH","BEARISH","BEARISH","STRUCTURE + DISCOUNT","SIDEWAYS","65","TRUE","FALSE","FALSE","IMPROVING","IMPROVING (Passive)","0.13","0.13","DRY / QUIET","75","25","32.49","12.33","24.72","19.15","1754.43","1904.21","1679.61","25000","197350","998","Supertrend bearish | RSI 32.5 lemah | Volume 0.13x | Lolos anti-crash ADX | RISEN SIDEWAYS","Full Grid (1-2-3-4)","100000000","1935","1845","1820","1790","0.1","0.2","0.3","0.4","51","108","164","223","546","99559500","440500","1823.43","1823.55","1720","2260","2530","2530","11.11","5.67","30.75","38.75","2.77","6.83"
"TIRA","2026-05-25","2026-05-25","559","FULL","625","2.459016393442623","AVOID","-","passive","FALSE","","V-SHAPE","2026-04-29","","26d","26","DOWNTREND","BEARISH","BEARISH","BEARISH","STRUCTURE + DISCOUNT","NORMAL DOWNTREND","27.6","TRUE","FALSE","FALSE","IMPROVING","IMPROVING (Passive)","1.15","1.15","NORMAL","36.84","63.16","26.55","36.46","10.71","29.19","744.42","878.14","1170.98","921700","800810","998","Supertrend bearish | RSI 26.6 lemah | Volume 1.15x | Crash filter aktif | RISEN NORMAL DOWNTREND","Full Grid (1-2-3-4)","100000000","875","845","835","825","0.1","0.2","0.3","0.4","114","236","359","484","1193","99823500","176500","836.74","836.75","800","990","1130","1130","8.57","4.39","29.14","35.05","3.4","7.98"
"ADHI","2026-05-25","2026-05-25","559","FULL","180","0","AVOID","-","passive","FALSE","","EARLY SWEEP","2026-05-22","","3d","3","DOWNTREND","BEARISH","BEARISH","BEARISH","STRUCTURE + DISCOUNT","SIDEWAYS","25","TRUE","FALSE","FALSE","WEAKENING","WEAKENING (Passive)","0.12","0.12","DRY / QUIET","0","100","40.02","22.09","26.03","27.51","190.45","199.71","230.4","2039800","17520955","994","Supertrend bearish | RSI 40.0 lemah | Volume 0.12x | Lolos anti-crash ADX | RISEN SIDEWAYS","Full Grid (1-2-3-4)","100000000","242","240","240","238","0.1","0.2","0.3","0.4","413","833","1250","1680","4176","99970600","29400","239.39","239.39","236","252","278","278","2.48","1.42","14.88","16.13","6","11.38"
"ANTM","2026-05-25","2026-05-25","559","FULL","3070","-0.6472491909385114","AVOID","-","passive","FALSE","","V-SHAPE","2026-05-22","","3d","3","DOWNTREND","BEARISH","BEARISH","BEARISH","STRUCTURE + DISCOUNT","SIDEWAYS","17.5","TRUE","FALSE","FALSE","LAGGING","LAGGARD (Passive)","0.94","0.94","NORMAL","53.33","46.67","32.84","31.05","8.99","30.1","3475.87","3665.97","3410.11","151195300","161066345","994","Supertrend bearish | RSI 32.8 lemah | Volume 0.94x | Crash filter aktif | RISEN SIDEWAYS","Full Grid (1-2-3-4)","100000000","3090","3000","2980","2950","0.1","0.2","0.3","0.4","32","66","100","135","333","99313000","687000","2982.37","2982.46","2870","3420","3760","3760","7.12","3.77","21.68","26.07","3.05","6.92"
"ARCI","2026-05-25","2026-05-25","559","FULL","1230","1.6528925619834711","AVOID","-","passive","FALSE","","SMART GAMMA","2026-04-27","","28d","28","DOWNTREND","BEARISH","BEARISH","BEARISH","STRUCTURE + DISCOUNT","NORMAL DOWNTREND","21.02","TRUE","FALSE","FALSE","IMPROVING","IMPROVING (Passive)","0.9","0.9","NORMAL","63.16","36.84","36.56","27.38","13.09","34.66","1383.86","1492.74","1322.41","51246300","56692530","994","Supertrend bearish | RSI 36.6 lemah | Volume 0.9x | Lolos anti-crash ADX | RISEN NORMAL DOWNTREND","Full Grid (1-2-3-4)","100000000","1680","1500","1460","1395","0.1","0.2","0.3","0.4","59","133","205","286","683","99689000","311000","1459.58","1459.69","1305","2240","2810","2810","22.32","10.59","67.26","92.52","3.01","8.74"
"BNBR","2026-05-25","2026-05-25","559","FULL","131","-7.746478873239436","AVOID","-","passive","FALSE","","EARLY SWEEP","2026-05-22","","3d","3","DOWNTREND","BEARISH","BEARISH","BULLISH","DEMAND STRUCTURE","NORMAL UPTREND","18.51","TRUE","TRUE","FALSE","LAGGING","LAGGARD (Passive)","0.66","0.66","DRY / QUIET","0","100","37.05","26.81","14.41","27.52","167.24","164.19","115.63","947698300","1429792785","994","Supertrend bearish | RSI 37.0 lemah | Volume 0.66x | Lolos anti-crash ADX | RISEN NORMAL UPTREND","Full Grid (1-2-3-4)","100000000","175","163","160","155","0.1","0.2","0.3","0.4","571","1226","1875","2580","6252","99966300","33700","159.89","159.9","146","232","236","236","16.57","8.69","34.86","47.6","2.1","5.48"
"BRMS","2026-05-25","2026-05-25","559","FULL","605","-3.968253968253968","AVOID","-","passive","FALSE","","V-SHAPE","2026-05-22","","3d","3","DOWNTREND","BEARISH","BEARISH","BEARISH","STRUCTURE + DISCOUNT","NORMAL DOWNTREND","17.5","TRUE","FALSE","FALSE","LAGGING","LAGGARD (Passive)","0.91","0.91","NORMAL","33.33","66.67","32.93","25.29","9.42","33.16","731.43","804.55","810.76","246922500","270676100","994","Supertrend bearish | RSI 32.9 lemah | Volume 0.91x | Lolos anti-crash ADX | RISEN NORMAL DOWNTREND","Full Grid (1-2-3-4)","100000000","630","565","550","530","0.1","0.2","0.3","0.4","158","353","545","754","1810","99835500","164500","551.58","551.61","486","845","1060","1060","22.86","11.89","68.25","92.18","2.99","7.75"
"BUMI","2026-05-25","2026-05-25","559","FULL","171","-7.567567567567568","AVOID","-","passive","FALSE","","V-SHAPE","2026-05-22","","3d","3","DOWNTREND","BEARISH","BEARISH","BEARISH","STRUCTURE + DISCOUNT","NORMAL DOWNTREND","30.83","TRUE","FALSE","FALSE","LAGGING","LAGGARD (Passive)","1.14","1.14","NORMAL","0","100","32.44","22.62","13.06","30.59","206.68","227.41","219.83","4461704000","3924765630","994","Supertrend bearish | RSI 32.4 lemah | Volume 1.14x | Lolos anti-crash ADX | RISEN NORMAL DOWNTREND","Full Grid (1-2-3-4)","100000000","185","171","168","163","0.1","0.2","0.3","0.4","540","1169","1785","2453","5947","99951800","48200","168.07","168.07","154","244","250","250","16.76","8.37","35.14","48.75","2.1","5.82"
"DEWA","2026-05-25","2026-05-25","559","FULL","350","-7.4074074074074066","AVOID","-","passive","FALSE","","V-SHAPE","2026-05-22","","3d","3","DOWNTREND","BEARISH","BEARISH","BEARISH","STRUCTURE + DISCOUNT","NORMAL DOWNTREND","17.5","TRUE","FALSE","FALSE","LAGGING","LAGGARD (Passive)","0.98","0.98","NORMAL","0","100","32.07","27.63","11.76","32.14","444.88","479.44","428.02","649999200","661223730","994","Supertrend bearish | RSI 32.1 lemah | Volume 0.98x | Lolos anti-crash ADX | RISEN NORMAL DOWNTREND","Full Grid (1-2-3-4)","100000000","378","350","342","332","0.1","0.2","0.3","0.4","264","571","877","1204","2916","99930400","69600","342.7","342.7","312","478","575","575","17.46","8.96","52.12","67.79","2.98","7.57"
"DEWI","2026-05-25","2026-05-25","559","FULL","121","-0.819672131147541","AVOID","-","passive","FALSE","","V-SHAPE","2026-05-22","","3d","3","DOWNTREND","BEARISH","BEARISH","BEARISH","STRUCTURE + DISCOUNT","SIDEWAYS","66.34","TRUE","FALSE","FALSE","LAGGING","LAGGARD (Passive)","1.33","1.33","EXPANSION","25","75","42.76","13.82","15.57","21.37","124.84","127.28","125.38","71671100","53690610","994","Supertrend bearish | RSI 42.8 lemah | Volume valid 1.33x | Lolos anti-crash ADX | RISEN SIDEWAYS","Full Grid (1-2-3-4)","100000000","122","118","117","116","0.1","0.2","0.3","0.4","819","1694","2564","3448","8525","99976600","23400","117.27","117.28","113","136","150","150","7.38","3.64","22.95","27.9","3.11","7.66"
"DOOH","2026-05-25","2026-05-25","559","FULL","140","0","AVOID","-","passive","FALSE","","EARLY SWEEP","2026-05-22","","3d","3","DOWNTREND","BEARISH","BEARISH","BEARISH","STRUCTURE + DISCOUNT","NORMAL DOWNTREND","26.62","TRUE","FALSE","FALSE","LAGGING","LAGGARD (Passive)","0.29","0.29","DRY / QUIET","23.08","76.92","42.26","25.94","15.45","23.28","153.65","161.04","168.42","18771600","64462390","994","Supertrend bearish | RSI 42.3 lemah | Volume 0.29x | Lolos anti-crash ADX | RISEN NORMAL DOWNTREND","Full Grid (1-2-3-4)","100000000","157","136","131","124","0.1","0.2","0.3","0.4","636","1470","2290","3225","7621","99966200","33800","131.17","131.17","112","224","292","292","28.66","14.62","85.99","122.61","3","8.39"
"FOLK","2026-05-25","2026-05-25","559","FULL","230","-1.7094017094017095","AVOID","-","passive","FALSE","","V-SHAPE","2026-05-22","","3d","3","DOWNTREND","BEARISH","BEARISH","BEARISH","STRUCTURE + DISCOUNT","NORMAL DOWNTREND","65","TRUE","FALSE","FALSE","LAGGING","LAGGARD (Passive)","0.52","0.52","DRY / QUIET","72.22","27.78","27.14","24.85","10.71","33.26","303.03","366.22","352.98","1691100","3221755","994","Supertrend bearish | RSI 27.1 lemah | Volume 0.52x | Lolos anti-crash ADX | RISEN NORMAL DOWNTREND","Full Grid (1-2-3-4)","100000000","234","212","206","198","0.1","0.2","0.3","0.4","427","943","1456","2020","4846","99973000","27000","206.3","206.3","181","314","348","348","22.65","12.26","48.72","68.69","2.15","5.6"
"GRPM","2026-05-25","2026-05-25","559","FULL","280","-1.4084507042253522","AVOID","-","passive","FALSE","","V-SHAPE","2026-05-22","","3d","3","DOWNTREND","BEARISH","BEARISH","BULLISH","DEMAND STRUCTURE","NORMAL DOWNTREND","48.74","TRUE","FALSE","FALSE","LAGGING","LAGGARD (Passive)","0.39","0.39","DRY / QUIET","0","100","42.13","12.67","18.46","24.61","300.19","299.68","198.31","752700","1948485","994","Supertrend bearish | RSI 42.1 lemah | Volume 0.39x | Lolos anti-crash ADX | RISEN NORMAL DOWNTREND","Full Grid (1-2-3-4)","100000000","284","262","256","250","0.1","0.2","0.3","0.4","352","763","1171","1600","3886","99965000","35000","257.24","257.24","234","360","370","370","17.61","9.04","30.28","43.83","1.72","4.85"
"HUMI","2026-05-25","2026-05-25","559","FULL","156","4","AVOID","-","passive","FALSE","","EARLY SWEEP","2026-05-22","","3d","3","DOWNTREND","BEARISH","BEARISH","BEARISH","STRUCTURE + DISCOUNT","NORMAL DOWNTREND","68.4","TRUE","FALSE","FALSE","LAGGING","LAGGARD (Passive)","0.64","0.64","DRY / QUIET","66.67","33.33","39.89","19.43","16.56","27.13","175.47","190.63","175.79","57073700","89576470","994","Supertrend bearish | RSI 39.9 lemah | Volume 0.64x | Lolos anti-crash ADX | RISEN NORMAL DOWNTREND","Full Grid (1-2-3-4)","100000000","218","187","179","168","0.1","0.2","0.3","0.4","458","1069","1675","2380","5582","99941200","58800","179.04","179.05","151","318","420","420","30.73","15.66","92.66","134.58","3.01","8.59"
"INKP","2026-05-25","2026-05-25","559","FULL","7850","-3.0864197530864197","AVOID","-","passive","FALSE","","EARLY SWEEP","2026-05-22","","3d","3","DOWNTREND","BEARISH","BEARISH","BEARISH","STRUCTURE + DISCOUNT","NORMAL DOWNTREND","33.66","TRUE","FALSE","FALSE","LAGGING","LAGGARD (Passive)","0.82","0.82","NORMAL","22.73","77.27","25.7","28.78","8.09","29.03","8884.93","9282.24","8659.46","7615500","9257730","994","Supertrend bearish | RSI 25.7 lemah | Volume 0.82x | Lolos anti-crash ADX | RISEN NORMAL DOWNTREND","Full Grid (1-2-3-4)","100000000","9750","9650","9600","9575","0.1","0.2","0.3","0.4","10","20","31","41","102","98067500","1932500","9614.46","9614.71","9450","10200","11225","11225","3.08","1.71","15.13","16.75","4.92","9.79"
"INTA","2026-05-25","2026-05-25","559","FULL","71","0","AVOID","-","passive","FALSE","","V-SHAPE","2026-05-22","","3d","3","DOWNTREND","BEARISH","BEARISH","BEARISH","STRUCTURE + DISCOUNT","SIDEWAYS","65.17","TRUE","FALSE","FALSE","LAGGING","LAGGARD (Passive)","0.71","0.71","DRY / QUIET","0","100","44.06","17.94","19.47","39.44","74.83","80.33","72.15","566000","795670","994","Supertrend bearish | RSI 44.1 lemah | Volume 0.71x | Lolos anti-crash ADX | RISEN SIDEWAYS","Full Grid (1-2-3-4)","100000000","71","65","64","62","0.1","0.2","0.3","0.4","1408","3076","4687","6451","15622","99983800","16200","64","64","58","91","110","110","18.31","9.38","54.93","71.87","3","7.66"
"IPOL","2026-05-25","2026-05-25","559","FULL","116","-2.5210084033613445","AVOID","-","passive","FALSE","","EARLY SWEEP","2026-05-22","","3d","3","DOWNTREND","BEARISH","BEARISH","BEARISH","STRUCTURE + DISCOUNT","SIDEWAYS","25","TRUE","FALSE","FALSE","WEAKENING","WEAKENING (Passive)","0.08","0.08","DRY / QUIET","0","100","42.77","48.1","28.06","10.44","121.6","122.05","125.54","1070500","13193610","994","Supertrend bearish | RSI 42.8 lemah | Volume 0.08x | Lolos anti-crash ADX | RISEN SIDEWAYS","Full Grid (1-2-3-4)","100000000","139","121","117","111","0.1","0.2","0.3","0.4","719","1652","2564","3603","8538","99975400","24600","117.09","117.1","101","196","254","254","27.34","13.74","82.73","116.92","3.03","8.51"
"LAPD","2026-05-25","2026-05-25","559","FULL","72","-2.7027027027027026","AVOID","-","passive","FALSE","","EARLY SWEEP","2026-05-22","","3d","3","DOWNTREND","BEARISH","BEARISH","BEARISH","STRUCTURE + DISCOUNT","SIDEWAYS","34.91","TRUE","FALSE","FALSE","LAGGING","LAGGARD (Passive)","0.09","0.09","DRY / QUIET","25","75","41.55","20.43","17.5","17.21","80.97","89.62","112.17","13139900","143725490","994","Supertrend bearish | RSI 41.5 lemah | Volume 0.09x | Lolos anti-crash ADX | RISEN SIDEWAYS","Full Grid (1-2-3-4)","100000000","102","86","82","77","0.1","0.2","0.3","0.4","980","2325","3658","5194","12157","99980400","19600","82.24","82.24","68","153","163","163","33.33","17.32","59.8","98.2","1.79","5.67"
"MARK","2026-05-25","2026-05-25","559","FULL","820","1.2345679012345678","AVOID","-","passive","FALSE","","V-SHAPE","2026-05-22","","3d","3","DOWNTREND","NEUTRAL","BULLISH","BULLISH","DEMAND STRUCTURE","NORMAL UPTREND","32.83","TRUE","TRUE","FALSE","LAGGING","LAGGARD (Passive)","1.35","1.35","EXPANSION","50","50","50.56","17.47","18.61","20.94","820.19","811.32","787.76","21157300","15670575","994","Supertrend bearish | RSI 50.6 > 50 | Volume valid 1.35x | Lolos anti-crash ADX | RISEN NORMAL UPTREND","Full Grid (1-2-3-4)","100000000","810","785","780","770","0.1","0.2","0.3","0.4","123","254","384","519","1280","99817000","183000","779.82","779.83","755","895","985","985","6.79","3.18","21.6","26.31","3.18","8.27"
"OBAT","2026-05-25","2026-05-25","319","FULL","280","-0.7092198581560284","AVOID","-","passive","FALSE","","EARLY SWEEP","2026-05-22","","3d","3","DOWNTREND","BEARISH","BEARISH","BEARISH","STRUCTURE + DISCOUNT","NORMAL DOWNTREND","25","TRUE","FALSE","FALSE","LAGGING","LAGGARD (Passive)","0.09","0.09","DRY / QUIET","87.5","12.5","32.65","22.57","13.05","25.54","308.38","330.19","389.31","212400","2382045","994","Supertrend bearish | RSI 32.6 lemah | Volume 0.09x | Lolos anti-crash ADX | RISEN NORMAL DOWNTREND","Full Grid (1-2-3-4)","100000000","410","366","354","340","0.1","0.2","0.3","0.4","243","546","847","1176","2812","99914400","85600","355.31","355.33","316","550","555","555","22.93","11.06","35.37","56.2","1.54","5.08"
"PANR","2026-05-25","2026-05-25","559","FULL","496","-0.4016064257028112","AVOID","-","passive","FALSE","","EARLY SWEEP","2026-05-22","","3d","3","DOWNTREND","BEARISH","BEARISH","BEARISH","STRUCTURE + DISCOUNT","SIDEWAYS","38.52","TRUE","FALSE","FALSE","WEAKENING","WEAKENING (Passive)","0.9","0.9","NORMAL","60","40","37.48","24.5","12.69","22.43","521.91","537.06","622.16","260700","290595","994","Supertrend bearish | RSI 37.5 lemah | Volume 0.9x | Lolos anti-crash ADX | RISEN SIDEWAYS","Full Grid (1-2-3-4)","100000000","545","520","510","505","0.1","0.2","0.3","0.4","183","384","588","792","1947","99925500","74500","513.23","513.24","488","630","730","730","10.46","4.92","33.94","42.24","3.25","8.59"
"POLA","2026-05-25","2026-05-25","559","FULL","61","-4.6875","AVOID","-","passive","FALSE","","EARLY SWEEP","2026-05-22","","3d","3","DOWNTREND","BEARISH","BEARISH","BEARISH","STRUCTURE + DISCOUNT","NORMAL DOWNTREND","25","TRUE","FALSE","FALSE","LAGGING","LAGGARD (Passive)","0.27","0.27","DRY / QUIET","16.67","83.33","34.24","19.4","14.15","26.25","74.55","78.94","62.42","5969400","22247700","994","Supertrend bearish | RSI 34.2 lemah | Volume 0.27x | Lolos anti-crash ADX | RISEN NORMAL DOWNTREND","Full Grid (1-2-3-4)","100000000","81","68","65","61","0.1","0.2","0.3","0.4","1234","2941","4615","6557","15347","99989400","10600","65.15","65.15","53","123","165","165","34.57","18.65","103.7","153.25","3","8.22"
"RAJA","2026-05-25","2026-05-25","559","FULL","3250","-4.970760233918129","AVOID","-","passive","FALSE","","V-SHAPE","2026-05-22","","3d","3","DOWNTREND","BEARISH","BEARISH","BEARISH","STRUCTURE + DISCOUNT","NORMAL DOWNTREND","17.5","TRUE","FALSE","FALSE","LAGGING","LAGGARD (Passive)","0.68","0.68","DRY / QUIET","0","100","35.4","20.39","14.45","32.8","3952.62","4196.67","4202.87","19568700","28891925","994","Supertrend bearish | RSI 35.4 lemah | Volume 0.68x | Lolos anti-crash ADX | RISEN NORMAL DOWNTREND","Full Grid (1-2-3-4)","100000000","3420","3120","3040","2940","0.1","0.2","0.3","0.4","29","64","98","136","327","99662000","338000","3047.77","3048.03","2730","4460","5500","5500","20.18","10.43","60.82","80.46","3.01","7.72"
"SOCI","2026-05-25","2026-05-25","559","FULL","378","-2.5773195876288657","AVOID","-","passive","FALSE","","EARLY SWEEP","2026-05-22","","3d","3","DOWNTREND","BEARISH","BEARISH","BEARISH","STRUCTURE + DISCOUNT","NORMAL DOWNTREND","65","TRUE","FALSE","FALSE","LAGGING","LAGGARD (Passive)","0.67","0.67","DRY / QUIET","21.43","78.57","35.44","17.42","14.74","28.42","446.31","478.26","399.31","12035200","17911100","994","Supertrend bearish | RSI 35.4 lemah | Volume 0.67x | Lolos anti-crash ADX | RISEN NORMAL DOWNTREND","Full Grid (1-2-3-4)","100000000","492","440","426","408","0.1","0.2","0.3","0.4","203","454","704","980","2341","99938000","62000","426.9","426.91","374","670","845","845","23.98","12.39","71.75","97.94","2.99","7.9"
"TBLA","2026-05-25","2026-05-25","559","FULL","650","2.3622047244094486","AVOID","-","passive","FALSE","","V-SHAPE","2026-05-22","","3d","3","DOWNTREND","BEARISH","BEARISH","BEARISH","STRUCTURE + DISCOUNT","NORMAL DOWNTREND","20.74","TRUE","FALSE","FALSE","LAGGING","LAGGARD (Passive)","0.63","0.63","DRY / QUIET","100","0","35.9","30.07","12.42","31.74","686.91","693.54","696.78","2327300","3718275","994","Supertrend bearish | RSI 35.9 lemah | Volume 0.63x | Crash filter aktif | RISEN NORMAL DOWNTREND","Full Grid (1-2-3-4)","100000000","635","620","615","605","0.1","0.2","0.3","0.4","157","322","487","661","1627","99874500","125500","613.86","613.86","595","695","765","765","6.3","3.07","20.47","24.62","3.25","8.02"
"TRIS","2026-05-25","2026-05-25","559","FULL","171","0.5882352941176471","AVOID","-","passive","FALSE","","V-SHAPE","2026-05-22","","3d","3","DOWNTREND","BEARISH","BEARISH","BEARISH","STRUCTURE + DISCOUNT","SIDEWAYS","63.53","TRUE","FALSE","FALSE","LAGGING","LAGGARD (Passive)","0.33","0.33","DRY / QUIET","30.77","69.23","38.42","17.47","17.25","18.47","178.21","181.62","184.93","365300","1091765","994","Supertrend bearish | RSI 38.4 lemah | Volume 0.33x | Lolos anti-crash ADX | RISEN SIDEWAYS","Full Grid (1-2-3-4)","100000000","170","166","165","164","0.1","0.2","0.3","0.4","588","1204","1818","2439","6049","99979000","21000","165.28","165.28","160","185","204","204","5.88","3.2","20","23.43","3.4","7.33"
"ZATA","2026-05-25","2026-05-25","559","FULL","73","0","AVOID","-","passive","FALSE","","EARLY SWEEP","2026-05-22","","3d","3","DOWNTREND","BEARISH","BEARISH","BEARISH","STRUCTURE + DISCOUNT","SIDEWAYS","36.65","TRUE","FALSE","FALSE","LAGGING","LAGGARD (Passive)","0.35","0.35","DRY / QUIET","40","60","37.34","20.7","18.66","30.06","83.54","90.38","74.04","75991800","214135250","994","Supertrend bearish | RSI 37.3 lemah | Volume 0.35x | Lolos anti-crash ADX | RISEN SIDEWAYS","Full Grid (1-2-3-4)","100000000","79","76","75","73","0.1","0.2","0.3","0.4","1265","2631","4000","5479","13375","99985800","14200","74.76","74.76","70","94","110","110","11.39","6.36","39.24","47.15","3.44","7.41"
"BAUT","2026-05-25","2026-05-25","559","FULL","29","3.571428571428571","AVOID","-","passive","FALSE","","SMART SNIPER","2026-04-01","Discount Only","54d","54","DOWNTREND","BEARISH","BEARISH","BEARISH","STRUCTURE + DISCOUNT","NORMAL DOWNTREND","37.9","TRUE","FALSE","FALSE","LEADING","LEADING (Passive)","1.06","1.06","NORMAL","100","0","40.51","35.09","12.6","39.35","30.52","33.56","35.5","4265300","4026405","992","Supertrend bearish | RSI 40.5 lemah | Volume 1.06x | Crash filter aktif | RISEN NORMAL DOWNTREND","Full Grid (1-2-3-4)","100000000","38","33","31","29","0.1","0.2","0.3","0.4","2631","6060","9677","13793","32161","99994200","5800","31.09","31.09","27","55","71","71","28.95","13.16","86.84","128.36","3","9.75"
"BOBA","2026-05-25","2026-05-25","559","FULL","258","-4.444444444444445","HOLD","-","passive","FALSE","","BETA BREAKOUT","2026-05-21","","4d","4","UPTREND","BEARISH","BULLISH","BULLISH","UPTREND PREMIUM","NORMAL UPTREND","55.7","TRUE","TRUE","FALSE","WEAKENING","WEAKENING (Passive)","0.17","0.17","DRY / QUIET","20","80","50.83","32.33","28.43","20.32","260.86","230.86","196.82","1373000","7991385","992","Supertrend bullish | RSI 50.8 > 50 | Volume 0.17x | Lolos anti-crash ADX | RISEN NORMAL UPTREND","Full Grid (1-2-3-4)","100000000","316","238","218","193","0.1","0.2","0.3","0.4","316","840","1376","2072","4604","99964000","36000","217.12","217.13","152","560","810","810","51.9","29.99","156.33","273.06","3.01","9.1"
"CASS","2026-05-25","2026-05-25","559","FULL","1760","-0.28328611898017","AVOID","-","passive","FALSE","","V-SHAPE","2026-04-01","","54d","54","DOWNTREND","BEARISH","BEARISH","BEARISH","STRUCTURE + DISCOUNT","SIDEWAYS","37.88","TRUE","FALSE","FALSE","LEADING","LEADING (Passive)","0.29","0.29","DRY / QUIET","35.29","64.71","41.35","26.77","24.1","14.16","1813.93","1919.82","2164.9","117300","401635","992","Supertrend bearish | RSI 41.4 lemah | Volume 0.29x | Lolos anti-crash ADX | RISEN SIDEWAYS","Full Grid (1-2-3-4)","100000000","1845","1815","1805","1795","0.1","0.2","0.3","0.4","54","110","166","222","552","99740000","260000","1806.88","1806.88","1755","1980","1985","1985","4.88","2.87","7.59","9.86","1.56","3.43"
"CMNT","2026-05-25","2026-05-25","559","FULL","815","1.875","HOLD","-","passive","FALSE","","BETA BREAKOUT","2026-04-01","","54d","54","UPTREND","BULLISH","BULLISH","BULLISH","DEMAND STRUCTURE","SIDEWAYS","70.77","TRUE","FALSE","FALSE","LEADING","LEADING (Passive)","1.4","1.4","EXPANSION","75","25","57.26","20.11","14.57","16.33","796.12","786.57","800.33","17115300","12196985","992","Supertrend bullish | RSI 57.3 > 50 | Volume valid 1.4x | Lolos anti-crash ADX | RISEN SIDEWAYS","Full Grid (1-2-3-4)","100000000","765","680","660","630","0.1","0.2","0.3","0.4","130","294","454","634","1512","99843000","157000","660.34","660.37","590","1030","1290","1290","22.88","10.65","68.63","95.35","3","8.95"
"DLTA","2026-05-25","2026-05-25","559","FULL","1955","1.03359173126615","AVOID","-","passive","FALSE","","SMART SNIPER","2026-04-01","Structure + Discount","54d","54","DOWNTREND","BEARISH","BEARISH","BEARISH","STRUCTURE + DISCOUNT","SIDEWAYS","39","TRUE","FALSE","FALSE","LEADING","LEADING (Passive)","0.31","0.31","DRY / QUIET","50","50","44.07","24.13","24.7","24.15","1972.2","1978.04","2033.68","19400","63020","992","Supertrend bearish | RSI 44.1 lemah | Volume 0.31x | Lolos anti-crash ADX | RISEN SIDEWAYS","Full Grid (1-2-3-4)","100000000","1975","1945","1935","1925","0.1","0.2","0.3","0.4","50","102","155","207","514","99554000","446000","1936.85","1936.89","1905","2080","2290","2290","3.54","1.64","15.95","18.23","4.5","11.09"
"GOLD","2026-05-25","2026-05-25","559","FULL","266","3.90625","AVOID","-","passive","FALSE","","EARLY SWEEP","2026-05-21","","4d","4","DOWNTREND","BEARISH","BEARISH","BEARISH","DOWNTREND DISCOUNT","NORMAL DOWNTREND","25","TRUE","FALSE","FALSE","LAGGING","LAGGARD (Passive)","0.15","0.15","DRY / QUIET","72.73","27.27","42.36","30.25","17.33","12.35","277.75","285.52","292","26600","183380","992","Supertrend bearish | RSI 42.4 lemah | Volume 0.15x | Lolos anti-crash ADX | RISEN NORMAL DOWNTREND","Full Grid (1-2-3-4)","100000000","288","282","280","278","0.1","0.2","0.3","0.4","347","709","1071","1438","3565","99951800","48200","280.37","280.37","272","312","344","344","5.56","2.99","19.44","22.7","3.5","7.6"
"KOBX","2026-05-25","2026-05-25","559","FULL","166","-0.5988023952095809","AVOID","-","passive","FALSE","","V-SHAPE","2026-05-21","","4d","4","DOWNTREND","BEARISH","BEARISH","BEARISH","STRUCTURE + DISCOUNT","NORMAL UPTREND","43.95","TRUE","TRUE","FALSE","WEAKENING","WEAKENING (Passive)","0.08","0.08","DRY / QUIET","62.5","37.5","46.45","45.71","36.4","14.59","174.53","171.34","167.81","2788500","37072545","992","Supertrend bearish | RSI 46.5 lemah | Volume 0.08x | Lolos anti-crash ADX | RISEN NORMAL UPTREND","Full Grid (1-2-3-4)","100000000","176","163","160","156","0.1","0.2","0.3","0.4","568","1226","1875","2564","6233","99979000","21000","160.4","160.4","146","222","266","266","17.05","8.98","51.14","65.83","3","7.33"
"STTP","2026-05-25","2026-05-25","559","FULL","9650","1.5789473684210527","AVOID","-","passive","FALSE","","EARLY SWEEP","2026-05-21","","4d","4","DOWNTREND","BEARISH","BEARISH","BEARISH","STRUCTURE + DISCOUNT","SIDEWAYS","17.5","TRUE","FALSE","FALSE","LAGGING","LAGGARD (Passive)","0.83","0.83","NORMAL","0","100","47.18","25.37","38.97","16.33","9810.08","9870.28","10167.6","800","965","992","Supertrend bearish | RSI 47.2 lemah | Volume 0.83x | Lolos anti-crash ADX | RISEN SIDEWAYS","Full Grid (1-2-3-4)","100000000","11225","10400","10200","9900","0.1","0.2","0.3","0.4","8","19","29","40","96","97920000","2080000","10200","10208.74","9500","13825","16400","16400","15.37","6.86","46.1","60.78","3","8.86"
"VOKS","2026-05-25","2026-05-25","559","FULL","210","-0.9433962264150944","AVOID","-","passive","FALSE","","V-SHAPE","2026-05-21","","4d","4","DOWNTREND","BEARISH","BEARISH","BEARISH","STRUCTURE + DISCOUNT","SIDEWAYS","52.5","TRUE","FALSE","FALSE","LAGGING","LAGGARD (Passive)","0.43","0.43","DRY / QUIET","50","50","44.38","40.71","29.6","8.3","217.92","220.88","232.73","187000","436870","992","Supertrend bearish | RSI 44.4 lemah | Volume 0.43x | Lolos anti-crash ADX | RISEN SIDEWAYS","Full Grid (1-2-3-4)","100000000","220","212","210","208","0.1","0.2","0.3","0.4","454","943","1428","1923","4748","99966000","34000","210.54","210.54","200","250","280","280","9.09","5.01","27.27","32.99","3","6.59"
"ACES","2026-05-25","2026-05-25","559","FULL","350","0.5747126436781609","AVOID","-","passive","FALSE","","EARLY SWEEP","2026-05-20","","5d","5","DOWNTREND","BEARISH","BEARISH","BEARISH","STRUCTURE + DISCOUNT","NORMAL DOWNTREND","30.49","TRUE","FALSE","FALSE","LAGGING","LAGGARD (Passive)","0.62","0.62","DRY / QUIET","60","40","40.37","20.97","13.49","23.19","364.84","374.5","431.47","23592100","38219385","990","Supertrend bearish | RSI 40.4 lemah | Volume 0.62x | Lolos anti-crash ADX | RISEN NORMAL DOWNTREND","Full Grid (1-2-3-4)","100000000","404","398","396","394","0.1","0.2","0.3","0.4","247","502","757","1015","2521","99926600","73400","396.38","396.38","390","426","440","440","3.47","1.61","8.91","11.01","2.57","6.84"
"ARKA","2026-05-25","2026-05-25","559","FULL","30","3.4482758620689653","AVOID","-","passive","FALSE","","V-SHAPE","2026-05-20","","5d","5","DOWNTREND","BEARISH","BEARISH","BEARISH","STRUCTURE + DISCOUNT","SIDEWAYS","53.29","TRUE","FALSE","FALSE","LAGGING","LAGGARD (Passive)","1.69","1.69","EXPANSION","50","50","43.69","32.49","9.75","26.89","31.02","32.07","31.69","4595700","2714735","990","Supertrend bearish | RSI 43.7 lemah | Volume valid 1.69x | Crash filter aktif | RISEN SIDEWAYS","Full Grid (1-2-3-4)","100000000","32","31","31","30","0.1","0.2","0.3","0.4","3125","6451","9677","13333","32586","99995800","4200","30.69","30.69","30","35","39","39","6.25","2.24","21.88","27.09","3.5","12.11"
"BIPI","2026-05-25","2026-05-25","559","FULL","179","-2.717391304347826","AVOID","-","passive","FALSE","","EARLY SWEEP","2026-05-20","","5d","5","DOWNTREND","BEARISH","BEARISH","BULLISH","STRUCTURE + DISCOUNT","NORMAL UPTREND","23.29","TRUE","TRUE","FALSE","LAGGING","LAGGARD (Passive)","0.7","0.7","DRY / QUIET","30","70","36.57","21.22","14.52","31.36","217.57","223.12","166.87","804403900","1152368880","990","Supertrend bearish | RSI 36.6 lemah | Volume 0.7x | Lolos anti-crash ADX | RISEN NORMAL UPTREND","Full Grid (1-2-3-4)","100000000","220","206","204","199","0.1","0.2","0.3","0.4","454","970","1470","2010","4904","99957000","43000","203.83","203.83","189","266","314","314","14.09","7.27","42.73","54.05","3.03","7.43"
"CSMI","2026-05-25","2026-05-25","559","FULL","92","1.098901098901099","AVOID","-","passive","FALSE","","V-SHAPE","2026-05-20","","5d","5","DOWNTREND","BEARISH","BEARISH","BEARISH","STRUCTURE + DISCOUNT","SIDEWAYS","56.16","TRUE","FALSE","FALSE","WEAKENING","WEAKENING (Passive)","0.29","0.29","DRY / QUIET","37.5","62.5","45.12","33.62","29.44","16.18","98.67","107.07","468.66","8106600","28041975","990","Supertrend bearish | RSI 45.1 lemah | Volume 0.29x | Lolos anti-crash ADX | RISEN SIDEWAYS","Full Grid (1-2-3-4)","100000000","97","94","93","91","0.1","0.2","0.3","0.4","1030","2127","3225","4395","10777","99971800","28200","92.76","92.76","87","112","119","119","10.31","6.21","22.68","28.28","2.2","4.55"
"CTRA","2026-05-25","2026-05-25","559","FULL","655","0","AVOID","-","passive","FALSE","","EARLY SWEEP","2026-05-20","","5d","5","DOWNTREND","BEARISH","BEARISH","BEARISH","STRUCTURE + DISCOUNT","NORMAL DOWNTREND","57.62","TRUE","FALSE","FALSE","LAGGING","LAGGARD (Passive)","0.53","0.53","DRY / QUIET","0","100","38.03","18.25","12.77","20.11","685.61","714.51","824.13","5676500","10702520","990","Supertrend bearish | RSI 38.0 lemah | Volume 0.53x | Lolos anti-crash ADX | RISEN NORMAL DOWNTREND","Full Grid (1-2-3-4)","100000000","940","895","880","865","0.1","0.2","0.3","0.4","106","223","340","462","1131","99805500","194500","882.45","882.47","840","1090","1240","1240","10.64","4.81","31.91","40.52","3","8.42"
"DWGL","2026-05-25","2026-05-25","559","FULL","254","-2.307692307692308","HOLD","-","passive","FALSE","","SMART SNIPER + V-SHAPE","2026-05-20","Structure + Discount","5d","5","UPTREND","BEARISH","BEARISH","BEARISH","STRUCTURE + DISCOUNT","SIDEWAYS","52.5","TRUE","FALSE","FALSE","WEAKENING","WEAKENING (Passive)","0.57","0.57","DRY / QUIET","0","100","41.83","15.35","17.06","17.97","271.89","272.52","297.55","642700","1131550","990","Supertrend bullish | RSI 41.8 lemah | Volume 0.57x | Lolos anti-crash ADX | RISEN SIDEWAYS","Full Grid (1-2-3-4)","100000000","292","268","262","254","0.1","0.2","0.3","0.4","342","746","1145","1574","3807","99957800","42200","262.56","262.57","240","370","448","448","17.81","8.59","53.42","70.63","3","8.22"
"FUJI","2026-05-25","2026-05-25","559","FULL","280","2.18978102189781","AVOID","-","passive","FALSE","","V-SHAPE","2026-05-20","","5d","5","DOWNTREND","BEARISH","BEARISH","BEARISH","DOWNTREND DISCOUNT","SIDEWAYS","81.39","TRUE","FALSE","FALSE","LAGGING","LAGGARD (Passive)","1.97","1.97","EXPANSION","41.67","58.33","32.51","14.5","18.45","21.93","317.42","366.43","477.57","22824400","11562040","990","Supertrend bearish | RSI 32.5 lemah | Volume valid 1.97x | Lolos anti-crash ADX | RISEN SIDEWAYS","Full Grid (1-2-3-4)","100000000","296","288","284","282","0.1","0.2","0.3","0.4","337","694","1056","1418","3505","99940400","59600","285.14","285.14","272","350","358","358","8.11","4.61","20.95","25.55","2.58","5.55"
"HOKI","2026-05-25","2026-05-25","559","FULL","61","1.6666666666666667","AVOID","-","passive","FALSE","","V-SHAPE","2026-05-20","","5d","5","DOWNTREND","BEARISH","BEARISH","BEARISH","STRUCTURE + DISCOUNT","NORMAL DOWNTREND","29.31","TRUE","FALSE","FALSE","LAGGING","LAGGARD (Passive)","0.66","0.66","DRY / QUIET","66.67","33.33","34.66","20.66","10.17","21.33","64.42","66.96","76.8","13003700","19737175","990","Supertrend bearish | RSI 34.7 lemah | Volume 0.66x | Lolos anti-crash ADX | RISEN NORMAL DOWNTREND","Full Grid (1-2-3-4)","100000000","63","62","61","61","0.1","0.2","0.3","0.4","1587","3225","4918","6557","16287","99990600","9400","61.39","61.39","59","71","73","73","6.35","3.9","15.87","18.91","2.5","4.85"
"IDPR","2026-05-25","2026-05-25","559","FULL","294","-1.342281879194631","AVOID","-","passive","FALSE","","EARLY SWEEP","2026-05-20","","5d","5","DOWNTREND","BEARISH","BEARISH","BULLISH","STRUCTURE + DISCOUNT","NORMAL DOWNTREND","65.23","TRUE","FALSE","FALSE","LAGGING","LAGGARD (Passive)","0.27","0.27","DRY / QUIET","0","100","35.17","21.93","12.55","25.22","300.64","300.29","286.88","16400","59695","990","Supertrend bearish | RSI 35.2 lemah | Volume 0.27x | Lolos anti-crash ADX | RISEN NORMAL DOWNTREND","Full Grid (1-2-3-4)","100000000","302","284","278","272","0.1","0.2","0.3","0.4","331","704","1079","1470","3584","99970000","30000","278.93","278.93","262","362","422","422","13.25","6.07","39.74","51.29","3","8.45"
"KIOS","2026-05-25","2026-05-25","559","FULL","89","2.2988505747126435","AVOID","-","passive","FALSE","","V-SHAPE","2026-05-20","","5d","5","DOWNTREND","BEARISH","BEARISH","BEARISH","STRUCTURE + DISCOUNT","SIDEWAYS","64.47","TRUE","FALSE","FALSE","LAGGING","LAGGARD (Passive)","0.29","0.29","DRY / QUIET","66.67","33.33","37.45","12.78","19.06","25.26","100.75","110.7","111.44","4363200","15219555","990","Supertrend bearish | RSI 37.5 lemah | Volume 0.29x | Lolos anti-crash ADX | RISEN SIDEWAYS","Full Grid (1-2-3-4)","100000000","99","93","92","90","0.1","0.2","0.3","0.4","1010","2150","3260","4444","10864","99982000","18000","92.03","92.03","85","120","141","141","14.14","7.64","42.42","53.21","3","6.97"
"MEDC","2026-05-25","2026-05-25","559","FULL","1270","-5.223880597014925","AVOID","-","passive","FALSE","","EARLY SWEEP","2026-05-20","","5d","5","DOWNTREND","BEARISH","BEARISH","BEARISH","STRUCTURE + DISCOUNT","NORMAL DOWNTREND","20.06","TRUE","FALSE","FALSE","LAGGING","LAGGARD (Passive)","0.98","0.98","NORMAL","31.58","68.42","30.16","27.31","7.53","33.61","1555.14","1612.45","1484.48","82959500","84557450","990","Supertrend bearish | RSI 30.2 lemah | Volume 0.98x | Lolos anti-crash ADX | RISEN NORMAL DOWNTREND","Full Grid (1-2-3-4)","100000000","1800","1640","1600","1545","0.1","0.2","0.3","0.4","55","121","187","258","621","99525000","475000","1602.66","1602.8","1460","2310","2820","2820","18.89","8.9","56.67","75.96","3","8.53"
"RANC","2026-05-25","2026-05-25","559","FULL","525","1.9417475728155338","AVOID","-","passive","FALSE","","EARLY SWEEP","2026-05-20","","5d","5","DOWNTREND","BEARISH","BEARISH","BEARISH","STRUCTURE + DISCOUNT","SIDEWAYS","84.95","TRUE","FALSE","FALSE","LAGGING","LAGGARD (Passive)","1.17","1.17","NORMAL","33.33","66.67","43.13","12.18","19.57","16.69","549.06","588.4","656.47","93700","80155","990","Supertrend bearish | RSI 43.1 lemah | Volume 1.17x | Lolos anti-crash ADX | RISEN SIDEWAYS","Full Grid (1-2-3-4)","100000000","705","665","655","640","0.1","0.2","0.3","0.4","141","300","458","625","1524","99889500","110500","655.44","655.48","615","875","1220","1220","12.77","6.17","73.05","86.13","5.72","13.96"
"STRK","2026-05-25","2026-05-25","559","FULL","90","3.4482758620689653","AVOID","-","passive","FALSE","","EARLY SWEEP","2026-05-20","","5d","5","DOWNTREND","BEARISH","BEARISH","BEARISH","STRUCTURE + DISCOUNT","NORMAL DOWNTREND","52.81","TRUE","FALSE","FALSE","LAGGING","LAGGARD (Passive)","0.3","0.3","DRY / QUIET","21.43","78.57","34.97","23.12","20.26","22.27","103.13","115.92","137.63","921700","3078725","990","Supertrend bearish | RSI 35.0 lemah | Volume 0.3x | Lolos anti-crash ADX | RISEN NORMAL DOWNTREND","Full Grid (1-2-3-4)","100000000","118","104","101","96","0.1","0.2","0.3","0.4","847","1923","2970","4166","9906","99984400","15600","100.93","100.93","88","163","208","208","25.42","12.81","76.27","106.08","3","8.28"
"SURE","2026-05-25","2026-05-25","559","FULL","2540","0.7936507936507936","HOLD","-","passive","FALSE","","BETA BREAKOUT + V-SHAPE","2026-05-20","","5d","5","UPTREND","BEARISH","BEARISH","BEARISH","STRUCTURE + DISCOUNT","SIDEWAYS","43.92","TRUE","FALSE","FALSE","LAGGING","LAGGARD (Passive)","0.22","0.22","DRY / QUIET","80","20","46.13","14.98","23.46","19.09","2637.22","2677.81","2690.57","3200","14555","990","Supertrend bullish | RSI 46.1 lemah | Volume 0.22x | Lolos anti-crash ADX | RISEN SIDEWAYS","Full Grid (1-2-3-4)","100000000","2960","2650","2570","2460","0.1","0.2","0.3","0.4","33","75","116","162","386","99307000","693000","2572.72","2573.42","2290","3970","4970","4970","22.64","10.99","67.91","93.18","3","8.48"
"AGAR","2026-05-25","2026-05-25","559","FULL","230","0.8771929824561403","AVOID","-","passive","FALSE","","V-SHAPE","2026-05-19","","6d","6","DOWNTREND","BEARISH","BEARISH","BEARISH","STRUCTURE + DISCOUNT","NORMAL DOWNTREND","52.5","TRUE","FALSE","FALSE","LAGGING","LAGGARD (Passive)","0.14","0.14","DRY / QUIET","40","60","44.1","38.66","25.59","9.14","238.54","240.39","244.76","33000","239905","988","Supertrend bearish | RSI 44.1 lemah | Volume 0.14x | Lolos anti-crash ADX | RISEN NORMAL DOWNTREND","Full Grid (1-2-3-4)","100000000","240","232","228","226","0.1","0.2","0.3","0.4","416","862","1315","1769","4362","99943800","56200","229.12","229.12","216","276","312","312","10","5.73","30","36.17","3","6.31"
"ASPR","2026-05-25","2026-05-25","212","IPO / SHORT","246","-14.583333333333334","AVOID","-","passive","FALSE","","BETA BREAKOUT","2026-05-19","","6d","6","DOWNTREND","BEARISH","BEARISH","BULLISH","DOWNTREND DISCOUNT","NORMAL UPTREND","17.5","TRUE","TRUE","FALSE","LAGGING","LAGGARD (Passive)","0.04","0.04","DRY / QUIET","50","50","43.15","43.08","42.92","28.58","331.58","275.54","179.91","16002700","380717325","988","Supertrend bearish | RSI 43.1 lemah | Volume 0.04x | Lolos anti-crash ADX | RISEN NORMAL UPTREND","Full Grid (1-2-3-4)","100000000","464","322","288","240","0.1","0.2","0.3","0.4","215","621","1041","1666","3543","99937000","63000","282.07","282.09","170","905","1345","1345","63.36","39.73","189.87","376.83","3","9.48"
"BOLA","2026-05-25","2026-05-25","559","FULL","161","1.89873417721519","AVOID","-","passive","FALSE","","V-SHAPE","2026-05-19","","6d","6","DOWNTREND","BEARISH","BEARISH","BEARISH","STRUCTURE + DISCOUNT","NORMAL DOWNTREND","65.34","TRUE","FALSE","FALSE","LAGGING","LAGGARD (Passive)","0.12","0.12","DRY / QUIET","100","0","41.1","23.7","12.09","22.32","166.71","168.33","163.39","153900","1269295","988","Supertrend bearish | RSI 41.1 lemah | Volume 0.12x | Lolos anti-crash ADX | RISEN NORMAL DOWNTREND","Full Grid (1-2-3-4)","100000000","167","163","162","161","0.1","0.2","0.3","0.4","598","1226","1851","2484","6159","99949000","51000","162.28","162.28","158","181","199","199","5.39","2.64","19.16","22.63","3.56","8.58"
"CINT","2026-05-25","2026-05-25","559","FULL","171","-0.5813953488372093","AVOID","-","passive","FALSE","","V-SHAPE","2026-05-19","","6d","6","DOWNTREND","BEARISH","BEARISH","BEARISH","STRUCTURE + DISCOUNT","NORMAL DOWNTREND","17.5","TRUE","FALSE","FALSE","LAGGING","LAGGARD (Passive)","0.14","0.14","DRY / QUIET","57.14","42.86","31.88","17.93","19.27","26.47","193.66","199.68","191.56","188600","1329275","988","Supertrend bearish | RSI 31.9 lemah | Volume 0.14x | Lolos anti-crash ADX | RISEN NORMAL DOWNTREND","Full Grid (1-2-3-4)","100000000","200","190","187","183","0.1","0.2","0.3","0.4","500","1052","1604","2185","5341","99968300","31700","187.17","187.17","177","234","270","270","11.5","5.43","35","44.25","3.04","8.14"
"CYBR","2026-05-25","2026-05-25","559","FULL","600","0","AVOID","-","passive","FALSE","","V-SHAPE","2026-05-19","","6d","6","DOWNTREND","BEARISH","BEARISH","BEARISH","STRUCTURE + DISCOUNT","NORMAL DOWNTREND","30.28","TRUE","FALSE","FALSE","LAGGING","LAGGARD (Passive)","1.37","1.37","EXPANSION","75","25","18.41","36.45","9.63","47.52","968.23","1179.85","1238.84","25965300","19013070","988","Supertrend bearish | RSI 18.4 lemah | Volume valid 1.37x | Crash filter aktif | RISEN NORMAL DOWNTREND","Full Grid (1-2-3-4)","100000000","645","620","610","600","0.1","0.2","0.3","0.4","155","322","491","666","1634","99872500","127500","611.21","611.21","570","760","870","870","11.63","6.74","34.88","42.34","3","6.28"
"GEMS","2026-05-25","2026-05-25","559","FULL","7750","2.31023102310231","AVOID","-","passive","FALSE","","BETA BREAKOUT","2026-03-30","","56d","56","DOWNTREND","BEARISH","BEARISH","BEARISH","STRUCTURE + DISCOUNT","NORMAL DOWNTREND","32.11","TRUE","FALSE","FALSE","LEADING","LEADING (Passive)","0.37","0.37","DRY / QUIET","87.5","12.5","42.89","41.21","15.45","26.76","7837.83","8030.87","8475.64","57700","156700","988","Supertrend bearish | RSI 42.9 lemah | Volume 0.37x | Crash filter aktif | RISEN NORMAL DOWNTREND","Full Grid (1-2-3-4)","100000000","8700","7850","7650","7375","0.1","0.2","0.3","0.4","11","25","39","54","129","98855000","1145000","7663.18","7667.25","6950","11325","13950","13950","20.11","9.31","60.34","82.04","3","8.82"
"LUCK","2026-05-25","2026-05-25","559","FULL","110","3.7735849056603774","AVOID","-","passive","FALSE","","V-SHAPE","2026-05-19","","6d","6","DOWNTREND","BEARISH","NEUTRAL","BULLISH","STRUCTURE + DISCOUNT","SIDEWAYS","52.7","TRUE","FALSE","FALSE","WEAKENING","WEAKENING (Passive)","0.15","0.15","DRY / QUIET","44.44","55.56","49.77","28.84","22.51","14.16","110.63","110.2","105.09","3297600","21463495","988","Supertrend bearish | RSI 49.8 lemah | Volume 0.15x | Lolos anti-crash ADX | RISEN SIDEWAYS","Full Grid (1-2-3-4)","100000000","118","112","111","109","0.1","0.2","0.3","0.4","847","1785","2702","3669","9003","99970900","29100","111.04","111.04","104","139","160","160","11.86","6.34","35.59","44.09","3","6.95"
"MBAP","2026-05-25","2026-05-25","559","FULL","1555","-4.012345679012346","AVOID","-","passive","FALSE","","BETA BREAKOUT","2026-03-30","","56d","56","DOWNTREND","BEARISH","BEARISH","BEARISH","STRUCTURE + DISCOUNT","NORMAL DOWNTREND","42.76","TRUE","FALSE","FALSE","LEADING","LEADING (Passive)","1.3","1.3","EXPANSION","31.25","68.75","35.8","16.72","23.47","16.55","1634.08","1675.76","1745.5","137500","105815","988","Supertrend bearish | RSI 35.8 lemah | Volume valid 1.3x | Lolos anti-crash ADX | RISEN NORMAL DOWNTREND","Full Grid (1-2-3-4)","100000000","1870","1690","1650","1585","0.1","0.2","0.3","0.4","53","118","181","252","604","99660000","340000","1650","1650.16","1495","2430","3000","3000","20.05","9.39","60.43","81.82","3.01","8.71"
"PGLI","2026-05-25","2026-05-25","559","FULL","180","1.694915254237288","AVOID","-","passive","FALSE","","EARLY SWEEP","2026-05-19","","6d","6","DOWNTREND","BEARISH","BEARISH","BEARISH","DOWNTREND DISCOUNT","NORMAL DOWNTREND","54.43","TRUE","FALSE","FALSE","LAGGING","LAGGARD (Passive)","0.41","0.41","DRY / QUIET","41.18","58.82","33.6","38.29","23.39","16.6","213.19","219.69","230.84","725400","1775225","988","Supertrend bearish | RSI 33.6 lemah | Volume 0.41x | Lolos anti-crash ADX | RISEN NORMAL DOWNTREND","Full Grid (1-2-3-4)","100000000","264","228","218","206","0.1","0.2","0.3","0.4","378","877","1376","1941","4572","99956200","43800","218.63","218.63","188","378","492","492","28.79","14.01","86.36","125.04","3","8.93"
"RELI","2026-05-25","2026-05-25","559","FULL","500","2.880658436213992","AVOID","-","passive","FALSE","","SMART SNIPER + V-SHAPE","2026-05-19","Structure + Discount","6d","6","DOWNTREND","BEARISH","BEARISH","BEARISH","STRUCTURE + DISCOUNT","SIDEWAYS","17.5","TRUE","FALSE","FALSE","WEAKENING","WEAKENING (Passive)","0.43","0.43","DRY / QUIET","100","0","49.53","25.74","27.98","23.08","502.56","505.61","537.02","47800","110810","988","Supertrend bearish | RSI 49.5 lemah | Volume 0.43x | Lolos anti-crash ADX | RISEN SIDEWAYS","Full Grid (1-2-3-4)","100000000","600","540","525","505","0.1","0.2","0.3","0.4","166","370","571","792","1899","99913500","86500","526.14","526.16","476","785","970","970","20.67","9.53","61.67","84.36","2.98","8.85"
"HOMI","2026-05-25","2026-05-25","559","FULL","198","-2.941176470588235","AVOID","-","passive","FALSE","","EARLY SWEEP","2026-05-18","","7d","7","DOWNTREND","BEARISH","BEARISH","BEARISH","DOWNTREND DISCOUNT","NORMAL DOWNTREND","95.22","TRUE","FALSE","FALSE","LAGGING","LAGGARD (Passive)","1.37","1.37","EXPANSION","50","50","29.67","13.72","12.03","20.9","223.02","258.95","329.23","4380800","3194100","986","Supertrend bearish | RSI 29.7 lemah | Volume valid 1.37x | Lolos anti-crash ADX | RISEN NORMAL DOWNTREND","Full Grid (1-2-3-4)","100000000","230","220","216","212","0.1","0.2","0.3","0.4","434","909","1388","1886","4617","99944000","56000","216.47","216.47","204","270","308","308","11.3","5.76","33.91","42.28","3","7.34"
"ITMG","2026-05-25","2026-05-25","559","FULL","22525","-2.8047464940668827","AVOID","-","passive","FALSE","","EARLY SWEEP","2026-05-18","","7d","7","DOWNTREND","BEARISH","BEARISH","BEARISH","STRUCTURE + DISCOUNT","SIDEWAYS","22.22","TRUE","FALSE","FALSE","LAGGING","LAGGARD (Passive)","0.48","0.48","DRY / QUIET","3.7","96.3","35.25","28.62","12.78","30.9","24611.63","25164.26","24117.05","1065200","2230170","986","Supertrend bearish | RSI 35.3 lemah | Volume 0.48x | Lolos anti-crash ADX | RISEN SIDEWAYS","Full Grid (1-2-3-4)","100000000","26975","23950","23225","22200","0.1","0.2","0.3","0.4","3","8","12","18","41","95082500","4917500","23190.85","23259.6","20775","36275","45575","45575","22.98","10.42","68.95","96.52","3","9.27"
"PURA","2026-05-25","2026-05-25","559","FULL","37","2.7777777777777777","AVOID","-","passive","FALSE","","SMART GAMMA","2026-05-18","","7d","7","DOWNTREND","BULLISH","BULLISH","BULLISH","DEMAND STRUCTURE","NORMAL UPTREND","17.5","TRUE","TRUE","FALSE","WEAKENING","WEAKENING (Passive)","0.85","0.85","NORMAL","50","50","55.51","16.75","37.56","33.73","34.86","33.81","31.14","17609900","20788325","986","Supertrend bearish | RSI 55.5 > 50 | Volume 0.85x | Lolos anti-crash ADX | RISEN NORMAL UPTREND","Full Grid (1-2-3-4)","100000000","37","34","33","32","0.1","0.2","0.3","0.4","2702","5882","9090","12500","30174","99993200","6800","33.14","33.14","31","46","50","50","16.22","6.45","35.14","50.88","2.17","7.88"
"SCMA","2026-05-25","2026-05-25","559","FULL","230","4.545454545454546","AVOID","-","passive","FALSE","","EARLY SWEEP","2026-05-18","","7d","7","DOWNTREND","BEARISH","BEARISH","BEARISH","STRUCTURE + DISCOUNT","NORMAL DOWNTREND","66.92","TRUE","FALSE","FALSE","LAGGING","LAGGARD (Passive)","0.65","0.65","DRY / QUIET","80","20","37.87","25.61","15.36","26.65","247.04","262.34","279.23","29139900","44644200","986","Supertrend bearish | RSI 37.9 lemah | Volume 0.65x | Lolos anti-crash ADX | RISEN NORMAL DOWNTREND","Full Grid (1-2-3-4)","100000000","308","262","252","236","0.1","0.2","0.3","0.4","324","763","1190","1694","3971","99936200","63800","251.67","251.67","212","452","595","595","31.17","15.76","93.18","136.43","2.99","8.66"
"SGER","2026-05-25","2026-05-25","559","FULL","298","0.6756756756756757","AVOID","-","passive","FALSE","","EARLY SWEEP","2026-05-18","","7d","7","DOWNTREND","BEARISH","BEARISH","BEARISH","DOWNTREND DISCOUNT","NORMAL DOWNTREND","29.64","TRUE","FALSE","FALSE","LAGGING","LAGGARD (Passive)","0.24","0.24","DRY / QUIET","37.5","62.5","32.31","25.31","12.6","32.15","352.14","388.79","427.23","831200","3492870","986","Supertrend bearish | RSI 32.3 lemah | Volume 0.24x | Lolos anti-crash ADX | RISEN NORMAL DOWNTREND","Full Grid (1-2-3-4)","100000000","434","396","388","374","0.1","0.2","0.3","0.4","230","505","773","1069","2577","99953000","47000","387.87","387.87","354","555","675","675","18.43","8.73","55.53","74.03","3.01","8.48"
"TLKM","2026-05-25","2026-05-25","559","FULL","2930","0.3424657534246575","AVOID","-","passive","FALSE","","SMART SNIPER","2026-05-18","Structure + Discount","7d","7","DOWNTREND","BEARISH","BEARISH","BEARISH","STRUCTURE + DISCOUNT","SIDEWAYS","49.02","TRUE","FALSE","FALSE","LAGGING","LAGGARD (Passive)","0.73","0.73","DRY / QUIET","66.67","33.33","44.06","22.66","19.18","28.15","2983.22","3070.39","3175.77","88999600","121522405","986","Supertrend bearish | RSI 44.1 lemah | Volume 0.73x | Lolos anti-crash ADX | RISEN SIDEWAYS","Full Grid (1-2-3-4)","100000000","3080","2920","2880","2820","0.1","0.2","0.3","0.4","32","68","104","141","345","99426000","574000","2881.91","2882.08","2730","3610","4130","4130","11.36","5.27","34.09","43.31","3","8.22"
"UDNG","2026-05-25","2026-05-25","559","FULL","1110","-9.75609756097561","AVOID","-","passive","FALSE","","EARLY SWEEP","2026-05-18","","7d","7","DOWNTREND","BEARISH","BEARISH","BEARISH","DOWNTREND DISCOUNT","SIDEWAYS","49.06","TRUE","FALSE","FALSE","WEAKENING","WEAKENING (Passive)","0.99","0.99","NORMAL","0","100","45.91","20.87","28.97","24.14","1187.22","1429.56","2003.75","2248800","2276285","986","Supertrend bearish | RSI 45.9 lemah | Volume 0.99x | Lolos anti-crash ADX | RISEN SIDEWAYS","Full Grid (1-2-3-4)","100000000","3560","3240","3160","3060","0.1","0.2","0.3","0.4","28","61","94","130","313","99216000","784000","3169.84","3169.83","2820","4670","5775","5775","20.79","11.04","62.22","82.19","2.99","7.45"
"TFCO","2026-05-25","2026-05-25","559","FULL","600","0","AVOID","-","passive","FALSE","","EARLY SWEEP","2026-04-21","","34d","34","DOWNTREND","BEARISH","BEARISH","BEARISH","DOWNTREND DISCOUNT","NORMAL DOWNTREND","54.82","TRUE","FALSE","FALSE","IMPROVING","IMPROVING (Passive)","0.94","0.94","NORMAL","50","50","34.99","31.97","26.19","56.56","664.27","717.14","667.63","1100","1175","982","Supertrend bearish | RSI 35.0 lemah | Volume 0.94x | Crash filter aktif | RISEN NORMAL DOWNTREND","","","","","","","","","","","","","","","","","","","","","","","","","","","","",""
"UNSP","2026-05-25","2026-05-25","559","FULL","272","9.67741935483871","AVOID","-","passive","FALSE","","SMART GAMMA","2026-04-20","","35d","35","DOWNTREND","BEARISH","BEARISH","BEARISH","STRUCTURE + DISCOUNT","NORMAL UPTREND","17.39","TRUE","TRUE","FALSE","IMPROVING","IMPROVING (Passive)","1.18","1.18","NORMAL","100","0","37.76","27.56","20.08","48.53","316.81","332.17","275.99","2813500","2385705","980","Supertrend bearish | RSI 37.8 lemah | Volume 1.18x | Lolos anti-crash ADX | RISEN NORMAL UPTREND","Full Grid (1-2-3-4)","100000000","410","326","304","276","0.1","0.2","0.3","0.4","243","613","986","1449","3291","99913600","86400","303.6","303.63","236","670","930","930","42.44","22.27","126.83","206.33","2.99","9.27"
"VIVA","2026-05-25","2026-05-25","559","FULL","39","8.333333333333332","AVOID","-","passive","FALSE","","SMART GAMMA","2026-04-20","","35d","35","DOWNTREND","BEARISH","BEARISH","BULLISH","DOWNTREND DISCOUNT","SIDEWAYS","25","TRUE","FALSE","FALSE","IMPROVING","IMPROVING (Passive)","0.2","0.2","DRY / QUIET","50","50","44.66","20.83","29.17","40.55","42.09","42.15","36.12","10902700","54662185","980","Supertrend bearish | RSI 44.7 lemah | Volume 0.2x | Lolos anti-crash ADX | RISEN SIDEWAYS","Full Grid (1-2-3-4)","100000000","44","38","36","34","0.1","0.2","0.3","0.4","2272","5263","8333","11764","27632","99992600","7400","36.19","36.19","31","64","84","84","29.55","14.33","90.91","132.13","3.08","9.22"
"DSSA","2026-05-25","2026-05-25","559","FULL","480","-11.926605504587156","AVOID","-","passive","FALSE","","BETA BREAKOUT","2025-10-16","","221d","221","DOWNTREND","BEARISH","BEARISH","BEARISH","DOWNTREND DISCOUNT","CRASH / SELL-OFF","0","FALSE","FALSE","TRUE","LAGGING","LAGGARD (Passive)","3.01","3.01","VOLUME SURGE","11.76","88.24","13.1","76.94","6.67","62.71","5201.76","25177.36","63238.3","569398200","188955375","978","Supertrend bearish | RSI 13.1 lemah | Volume valid 3.01x | Crash filter aktif | RISEN CRASH / SELL-OFF","Full Grid (1-2-3-4)","100000000","115000","108500","106975","104775","0.1","0.2","0.3","0.4","0","1","2","3","6","63677500","36322500","106129.17","107123.94","101125","135825","156625","156625","12.07","4.72","36.2","47.58","3","10.09"
"IGAR","2026-05-25","2026-05-25","559","FULL","450","0","AVOID","-","passive","FALSE","","EARLY SWEEP","2026-03-25","","61d","61","DOWNTREND","BEARISH","BEARISH","BEARISH","STRUCTURE + DISCOUNT","NORMAL DOWNTREND","31.71","TRUE","FALSE","FALSE","LEADING","LEADING (Passive)","0.07","0.07","DRY / QUIET","57.14","42.86","35.22","42.84","10.31","26.84","462.44","475.6","505.84","7800","111060","978","Supertrend bearish | RSI 35.2 lemah | Volume 0.07x | Crash filter aktif | RISEN NORMAL DOWNTREND","Full Grid (1-2-3-4)","100000000","735","615","585","545","0.1","0.2","0.3","0.4","136","325","512","733","1706","99884000","116000","585.49","585.47","490","1105","1470","1470","33.33","16.31","100","151.07","3","9.26"
"NETV","2026-05-25","2026-05-25","559","FULL","72","5.88235294117647","AVOID","-","passive","FALSE","","SMART SNIPER","2026-05-04","Structure + Discount","21d","21","DOWNTREND","BEARISH","BEARISH","BEARISH","STRUCTURE + DISCOUNT","NORMAL DOWNTREND","43.12","TRUE","FALSE","FALSE","LAGGING","LAGGARD (Passive)","2.16","2.16","VOLUME SURGE","36.36","63.64","38.96","18.02","20.19","22.9","81.5","90.94","114.18","186434700","86227690","978","Supertrend bearish | RSI 39.0 lemah | Volume valid 2.16x | Lolos anti-crash ADX | RISEN NORMAL DOWNTREND","Full Grid (1-2-3-4)","100000000","106","97","95","92","0.1","0.2","0.3","0.4","943","2061","3157","4347","10508","99971400","28600","95.14","95.14","86","136","166","166","18.87","9.61","56.6","74.48","3","7.75"
"PTBA","2026-05-25","2026-05-25","559","FULL","2800","2.941176470588235","AVOID","-","passive","FALSE","","G ACC","2026-03-25","","61d","61","DOWNTREND","BEARISH","BEARISH","BULLISH","DEMAND STRUCTURE","NORMAL DOWNTREND","38.36","TRUE","FALSE","FALSE","LEADING","LEADING (Passive)","1.52","1.52","EXPANSION","62.5","37.5","46.89","24.66","12.56","22.61","2835.89","2831.7","2648.85","27203100","17904335","978","Supertrend bearish | RSI 46.9 lemah | Volume valid 1.52x | Lolos anti-crash ADX | RISEN NORMAL DOWNTREND","Full Grid (1-2-3-4)","100000000","3160","2690","2580","2420","0.1","0.2","0.3","0.4","31","74","116","165","386","99560000","440000","2579.27","2580.22","2200","4600","6050","6050","30.38","14.7","91.46","134.56","3.01","9.15"
"TMPO","2026-05-25","2026-05-25","559","FULL","108","0","AVOID","-","passive","FALSE","","V-SHAPE","2026-05-04","","21d","21","DOWNTREND","BEARISH","BEARISH","BEARISH","STRUCTURE + DISCOUNT","NORMAL DOWNTREND","5.09","TRUE","FALSE","FALSE","LAGGING","LAGGARD (Passive)","2.28","2.28","VOLUME SURGE","57.14","42.86","29.38","23.96","23.83","20.35","121.27","128.4","144.47","13644700","5986870","978","Supertrend bearish | RSI 29.4 lemah | Volume valid 2.28x | Lolos anti-crash ADX | RISEN NORMAL DOWNTREND","Full Grid (1-2-3-4)","100000000","132","122","119","115","0.1","0.2","0.3","0.4","757","1639","2521","3478","8395","99985100","14900","119.1","119.1","109","167","202","202","17.42","8.48","53.03","69.6","3.04","8.21"
"ARTA","2026-05-25","2026-05-25","559","FULL","2000","-0.4975124378109453","AVOID","-","passive","FALSE","","EARLY SWEEP","2026-05-13","","12d","12","DOWNTREND","BEARISH","BEARISH","BEARISH","STRUCTURE + DISCOUNT","NORMAL DOWNTREND","57.5","TRUE","FALSE","FALSE","LAGGING","LAGGARD (Passive)","0.15","0.15","DRY / QUIET","0","100","26.97","30.47","29.08","17.78","2426.27","2622.59","2779.56","1100","7290","976","Supertrend bearish | RSI 27.0 lemah | Volume 0.15x | Lolos anti-crash ADX | RISEN NORMAL DOWNTREND","Full Grid (1-2-3-4)","100000000","3450","2950","2830","2660","0.1","0.2","0.3","0.4","28","67","106","150","351","99323000","677000","2829.72","2831.54","2370","5075","6700","6700","31.3","16.25","94.2","136.77","3.01","8.42"
"ASLI","2026-05-25","2026-05-25","556","FULL","236","-2.479338842975207","AVOID","-","passive","FALSE","","V-SHAPE","2026-05-13","","12d","12","DOWNTREND","BEARISH","BEARISH","BEARISH","STRUCTURE + DISCOUNT","NORMAL DOWNTREND","39.64","TRUE","FALSE","FALSE","LAGGING","LAGGARD (Passive)","0.21","0.21","DRY / QUIET","42.86","57.14","28.92","24.11","13.89","29.22","304.39","336.98","299.75","2039300","9512545","976","Supertrend bearish | RSI 28.9 lemah | Volume 0.21x | Lolos anti-crash ADX | RISEN NORMAL DOWNTREND","Full Grid (1-2-3-4)","100000000","312","300","296","292","0.1","0.2","0.3","0.4","320","666","1013","1369","3368","99923600","76400","296.69","296.69","280","360","478","478","10.26","5.62","53.21","61.11","5.19","10.87"
"ECII","2026-05-25","2026-05-25","559","FULL","160","-2.4390243902439024","AVOID","-","passive","FALSE","","EARLY SWEEP","2026-05-13","","12d","12","DOWNTREND","BEARISH","BEARISH","BEARISH","DOWNTREND DISCOUNT","NORMAL DOWNTREND","90.5","TRUE","FALSE","FALSE","WEAKENING","WEAKENING (Passive)","0.7","0.7","DRY / QUIET","37.5","62.5","30.15","15.85","18.21","24.07","174.72","185.63","198","562300","805435","976","Supertrend bearish | RSI 30.1 lemah | Volume 0.7x | Lolos anti-crash ADX | RISEN NORMAL DOWNTREND","Full Grid (1-2-3-4)","100000000","188","176","173","169","0.1","0.2","0.3","0.4","531","1136","1734","2366","5767","99960000","40000","173.33","173.33","161","228","270","270","14.36","7.11","43.62","55.77","3.04","7.84"
"FAST","2026-05-25","2026-05-25","559","FULL","236","2.608695652173913","AVOID","-","passive","FALSE","","EARLY SWEEP","2026-05-13","","12d","12","DOWNTREND","BEARISH","BEARISH","BEARISH","STRUCTURE + DISCOUNT","NORMAL DOWNTREND","57.65","TRUE","FALSE","FALSE","LAGGING","LAGGARD (Passive)","0.46","0.46","DRY / QUIET","33.33","66.67","26.71","32.31","11.99","32.78","277.01","320.17","408.46","776300","1673200","976","Supertrend bearish | RSI 26.7 lemah | Volume 0.46x | Crash filter aktif | RISEN NORMAL DOWNTREND","Full Grid (1-2-3-4)","100000000","288","282","280","278","0.1","0.2","0.3","0.4","347","709","1071","1438","3565","99951800","48200","280.37","280.37","272","350","362","362","5.56","2.99","25.69","29.12","4.63","9.75"
"FIRE","2026-05-25","2026-05-25","559","FULL","105","-2.7777777777777777","AVOID","-","passive","FALSE","","SMART SNIPER","2026-05-13","Structure + Discount","12d","12","DOWNTREND","BEARISH","BEARISH","BEARISH","STRUCTURE + DISCOUNT","NORMAL DOWNTREND","25","TRUE","FALSE","FALSE","LAGGING","LAGGARD (Passive)","0.13","0.13","DRY / QUIET","0","100","33.66","14.71","20.05","23.91","130.21","141.38","132.43","7585000","57850085","976","Supertrend bearish | RSI 33.7 lemah | Volume 0.13x | Lolos anti-crash ADX | RISEN NORMAL DOWNTREND","Full Grid (1-2-3-4)","100000000","152","141","138","135","0.1","0.2","0.3","0.4","657","1418","2173","2962","7210","99954600","45400","138.63","138.63","127","190","228","228","16.45","8.39","50","64.46","3.04","7.68"
"FUTR","2026-05-25","2026-05-25","559","FULL","184","0.546448087431694","AVOID","-","passive","FALSE","","EARLY SWEEP","2026-05-13","","12d","12","DOWNTREND","BEARISH","BEARISH","BEARISH","STRUCTURE + DISCOUNT","NORMAL DOWNTREND","54.16","TRUE","FALSE","FALSE","LAGGING","LAGGARD (Passive)","0.43","0.43","DRY / QUIET","53.33","46.67","35.35","19.95","11.58","27.35","218.89","260.34","343.51","7397700","17403305","976","Supertrend bearish | RSI 35.4 lemah | Volume 0.43x | Lolos anti-crash ADX | RISEN NORMAL DOWNTREND","Full Grid (1-2-3-4)","100000000","282","240","230","216","0.1","0.2","0.3","0.4","354","833","1304","1851","4342","99948400","51600","230.19","230.2","194","414","545","545","31.21","15.72","93.26","136.76","2.99","8.7"
"MCOL","2026-05-25","2026-05-25","559","FULL","3680","2.5069637883008355","AVOID","-","passive","FALSE","","V-SHAPE","2026-05-13","","12d","12","DOWNTREND","BEARISH","BEARISH","BEARISH","DOWNTREND","SIDEWAYS","46.72","TRUE","TRUE","FALSE","WEAKENING","WEAKENING (Passive)","0.94","0.94","NORMAL","95.83","4.17","35.78","25.59","11.06","25.39","3947.06","3932.23","3984.96","88900","94845","976","Supertrend bearish | RSI 35.8 lemah | Volume 0.94x | Lolos anti-crash ADX | RISEN SIDEWAYS","Full Grid (1-2-3-4)","100000000","4010","3960","3940","3920","0.1","0.2","0.3","0.4","24","50","76","102","252","99352000","648000","3942.54","3942.82","3880","4210","4630","4630","3.24","1.59","15.46","17.44","4.77","10.99"
"NASA","2026-05-25","2026-05-25","559","FULL","35","0","AVOID","-","passive","FALSE","","SMART SNIPER","2026-05-13","Structure + Discount","12d","12","DOWNTREND","BEARISH","BEARISH","BEARISH","DOWNTREND DISCOUNT","NORMAL DOWNTREND","56.15","TRUE","FALSE","FALSE","WEAKENING","WEAKENING (Passive)","1.68","1.68","EXPANSION","100","0","40.38","16.11","23.04","43.77","37.54","38.27","35.38","2192600","1303685","976","Supertrend bearish | RSI 40.4 lemah | Volume valid 1.68x | Lolos anti-crash ADX | RISEN NORMAL DOWNTREND","Full Grid (1-2-3-4)","100000000","39","38","37","37","0.1","0.2","0.3","0.4","2564","5263","8108","10810","26745","99995600","4400","37.39","37.39","36","44","48","48","7.69","3.71","23.08","28.38","3","7.64"
"NEST","2026-05-25","2026-05-25","425","FULL","520","4","HOLD","-","passive","FALSE","","G ACC","2026-05-13","","12d","12","UPTREND","BULLISH","BULLISH","BULLISH","UPTREND PREMIUM","NORMAL UPTREND","25","TRUE","TRUE","FALSE","WEAKENING","WEAKENING (Passive)","0.36","0.36","DRY / QUIET","100","0","60.32","38.27","26.62","13.86","476.79","428.07","373.73","2208200","6178555","976","Supertrend bullish | RSI 60.3 > 50 | Volume 0.36x | Lolos anti-crash ADX | RISEN NORMAL UPTREND","Full Grid (1-2-3-4)","100000000","590","448","414","366","0.1","0.2","0.3","0.4","169","446","724","1092","2431","99892600","107400","410.91","410.94","296","1030","1470","1470","49.83","27.97","149.15","257.74","2.99","9.22"
"PGJO","2026-05-25","2026-05-25","559","FULL","795","9.655172413793103","AVOID","-","passive","FALSE","","SMART GAMMA","2026-05-13","","12d","12","DOWNTREND","NEUTRAL","BULLISH","NEUTRAL","DOWNTREND DISCOUNT","SIDEWAYS","34.96","TRUE","FALSE","FALSE","WEAKENING","WEAKENING (Passive)","0.52","0.52","DRY / QUIET","50","50","50.78","25.9","39.08","30.59","793.67","782.7","796.02","203600","391190","976","Supertrend bearish | RSI 50.8 > 50 | Volume 0.52x | Lolos anti-crash ADX | RISEN SIDEWAYS","Full Grid (1-2-3-4)","100000000","880","705","660","600","0.1","0.2","0.3","0.4","113","283","454","666","1516","99819500","180500","658.44","658.53","515","1430","1975","1975","41.48","21.78","124.43","199.95","3","9.18"
"RMKE","2026-05-25","2026-05-25","559","FULL","2940","1.0309278350515463","AVOID","-","passive","FALSE","","SMART SNIPER","2026-05-13","Structure + Discount","12d","12","DOWNTREND","BEARISH","BEARISH","BEARISH","STRUCTURE + DISCOUNT","SIDEWAYS","31.46","TRUE","FALSE","FALSE","WEAKENING","WEAKENING (Passive)","0.99","0.99","NORMAL","86.11","13.89","41.91","18.8","10.94","25.66","3148.29","3379.07","3147.57","22212900","22480815","976","Supertrend bearish | RSI 41.9 lemah | Volume 0.99x | Lolos anti-crash ADX | RISEN SIDEWAYS","Full Grid (1-2-3-4)","100000000","3300","2970","2890","2780","0.1","0.2","0.3","0.4","30","67","103","143","343","99320000","680000","2895.63","2895.75","2600","4350","5400","5400","21.21","10.21","63.64","86.49","3","8.47"
"SRSN","2026-05-25","2026-05-25","559","FULL","65","0","HOLD","-","passive","FALSE","","V-SHAPE","2026-05-13","","12d","12","UPTREND","BEARISH","BEARISH","BULLISH","DEMAND STRUCTURE","SIDEWAYS","27.15","TRUE","FALSE","FALSE","WEAKENING","WEAKENING (Passive)","0.25","0.25","DRY / QUIET","16.67","83.33","45.33","23.72","24.69","15.6","67.17","65.45","62.1","41923400","167430710","976","Supertrend bullish | RSI 45.3 lemah | Volume 0.25x | Lolos anti-crash ADX | RISEN SIDEWAYS","Full Grid (1-2-3-4)","100000000","72","62","60","56","0.1","0.2","0.3","0.4","1388","3225","5000","7142","16755","99983800","16200","59.67","59.67","51","104","135","135","29.17","14.54","87.5","126.23","3","8.68"
"ABBA","2026-05-25","2026-05-25","559","FULL","31","-6.0606060606060606","AVOID","-","passive","FALSE","","EARLY SWEEP","2026-05-12","","13d","13","DOWNTREND","BEARISH","BEARISH","BEARISH","DOWNTREND DISCOUNT","NORMAL DOWNTREND","0","FALSE","FALSE","FALSE","LAGGING","LAGGARD (Passive)","0.63","0.63","DRY / QUIET","0","100","25.76","25.81","11.5","51.06","39.09","42.03","45.88","409100","651905","974","Supertrend bearish | RSI 25.8 lemah | Volume 0.63x | Lolos anti-crash ADX | RISEN NORMAL DOWNTREND","Full Grid (1-2-3-4)","100000000","45","43","43","42","0.1","0.2","0.3","0.4","2222","4651","6976","9523","23372","99991700","8300","42.78","42.78","41","51","57","57","8.89","4.17","26.67","33.23","3","7.98"
"ADRO","2026-05-25","2026-05-25","559","FULL","2300","-2.127659574468085","AVOID","-","passive","FALSE","","V-SHAPE","2026-05-12","","13d","13","DOWNTREND","BEARISH","BEARISH","BULLISH","DEMAND STRUCTURE","NORMAL DOWNTREND","17.5","TRUE","FALSE","FALSE","LAGGING","LAGGARD (Passive)","0.71","0.71","DRY / QUIET","37.5","62.5","41.72","20.77","17.6","29.47","2416.23","2411.36","2215.55","61072200","85713885","974","Supertrend bearish | RSI 41.7 lemah | Volume 0.71x | Lolos anti-crash ADX | RISEN NORMAL DOWNTREND","Full Grid (1-2-3-4)","100000000","2600","2490","2460","2430","0.1","0.2","0.3","0.4","38","80","121","164","403","99418000","582000","2466.95","2467.05","2360","2960","3320","3320","9.23","4.34","27.69","34.58","3","7.98"
"AMMS","2026-05-25","2026-05-25","559","FULL","368","0.546448087431694","AVOID","-","passive","FALSE","","V-SHAPE","2026-05-12","","13d","13","DOWNTREND","BEARISH","BEARISH","BULLISH","STRUCTURE + DISCOUNT","SIDEWAYS","84.44","TRUE","FALSE","FALSE","LAGGING","LAGGARD (Passive)","0.23","0.23","DRY / QUIET","66.67","33.33","39.34","21.04","10.12","18.71","384.88","399.67","351.83","77200","339545","974","Supertrend bearish | RSI 39.3 lemah | Volume 0.23x | Lolos anti-crash ADX | RISEN SIDEWAYS","Full Grid (1-2-3-4)","100000000","390","370","364","356","0.1","0.2","0.3","0.4","256","540","824","1123","2743","99936400","63600","364.33","364.34","342","462","466","466","12.31","6.13","19.49","27.91","1.58","4.55"
"BAIK","2026-05-25","2026-05-25","532","FULL","525","6.275303643724696","AVOID","-","passive","FALSE","","V-SHAPE","2026-05-12","","13d","13","DOWNTREND","BEARISH","BULLISH","BULLISH","DEMAND STRUCTURE","NORMAL UPTREND","25","TRUE","TRUE","FALSE","LAGGING","LAGGARD (Passive)","0.18","0.18","DRY / QUIET","100","0","47.35","40.04","21.16","32.72","564.64","486.94","287.37","1177600","6462040","974","Supertrend bearish | RSI 47.4 lemah | Volume 0.18x | Crash filter aktif | RISEN NORMAL UPTREND","Full Grid (1-2-3-4)","100000000","640","442","394","328","0.1","0.2","0.3","0.4","156","452","761","1219","2588","99929000","71000","386.12","386.15","234","1250","1860","1860","63.44","39.4","190.63","381.71","3","9.69"
"BATR","2026-05-25","2026-05-25","466","FULL","84","-3.4482758620689653","AVOID","-","passive","FALSE","","V-SHAPE","2026-05-12","","13d","13","DOWNTREND","BEARISH","BEARISH","BEARISH","STRUCTURE + DISCOUNT","NORMAL DOWNTREND","33.88","TRUE","FALSE","FALSE","WEAKENING","WEAKENING (Passive)","0.06","0.06","DRY / QUIET","20","80","37.84","35.09","27.95","18.6","90.95","93.71","97.66","321700","4960530","974","Supertrend bearish | RSI 37.8 lemah | Volume 0.06x | Lolos anti-crash ADX | RISEN NORMAL DOWNTREND","Full Grid (1-2-3-4)","100000000","100","87","84","80","0.1","0.2","0.3","0.4","1000","2298","3571","5000","11869","99989000","11000","84.24","84.24","73","141","181","181","27","13.35","81","114.85","3","8.61"
"BRPT","2026-05-25","2026-05-25","559","FULL","1480","-7.78816199376947","AVOID","-","passive","FALSE","","SMART SNIPER","2026-05-12","Structure + Discount","13d","13","DOWNTREND","BEARISH","BEARISH","BEARISH","STRUCTURE + DISCOUNT","SIDEWAYS","22.05","TRUE","FALSE","FALSE","LAGGING","LAGGARD (Passive)","0.66","0.66","DRY / QUIET","3.33","96.67","36.82","18.74","15.87","27.46","1893.9","1966.28","2245.19","239859100","363752700","974","Supertrend bearish | RSI 36.8 lemah | Volume 0.66x | Lolos anti-crash ADX | RISEN SIDEWAYS","Full Grid (1-2-3-4)","100000000","2280","2050","2000","1920","0.1","0.2","0.3","0.4","43","97","150","208","498","99625000","375000","2000.5","2000.98","1780","3030","3780","3780","21.93","11.02","65.79","88.95","3","8.07"
"BUVA","2026-05-25","2026-05-25","559","FULL","695","-3.4722222222222223","AVOID","-","passive","FALSE","","EARLY SWEEP","2026-05-12","","13d","13","DOWNTREND","BEARISH","BEARISH","BEARISH","STRUCTURE + DISCOUNT","NORMAL DOWNTREND","41.08","TRUE","FALSE","FALSE","LAGGING","LAGGARD (Passive)","0.84","0.84","NORMAL","40","60","28.1","22.37","11.57","32.76","964","1075.73","955.09","183939800","218061300","974","Supertrend bearish | RSI 28.1 lemah | Volume 0.84x | Lolos anti-crash ADX | RISEN NORMAL DOWNTREND","Full Grid (1-2-3-4)","100000000","1130","1015","985","945","0.1","0.2","0.3","0.4","88","197","304","423","1012","99857000","143000","986.73","986.79","855","1545","1650","1650","24.34","13.35","46.02","67.22","1.89","5.04"
"CITY","2026-05-25","2026-05-25","559","FULL","164","0","AVOID","-","passive","FALSE","","V-SHAPE","2026-05-12","","13d","13","DOWNTREND","BEARISH","BEARISH","BEARISH","STRUCTURE + DISCOUNT","SIDEWAYS","55.86","TRUE","FALSE","FALSE","LAGGING","LAGGARD (Passive)","0.24","0.24","DRY / QUIET","4.55","95.45","39.72","25.22","25.06","19.4","188.79","197.7","191.51","936200","3951870","974","Supertrend bearish | RSI 39.7 lemah | Volume 0.24x | Lolos anti-crash ADX | RISEN SIDEWAYS","Full Grid (1-2-3-4)","100000000","210","194","190","184","0.1","0.2","0.3","0.4","476","1030","1578","2173","5257","99943200","56800","190.11","190.11","172","268","324","324","18.1","9.53","54.29","70.42","3","7.39"
"CSRA","2026-05-25","2026-05-25","559","FULL","845","3.048780487804878","AVOID","-","passive","FALSE","","EARLY SWEEP","2026-05-12","","13d","13","DOWNTREND","BEARISH","BEARISH","BEARISH","STRUCTURE + DISCOUNT","NORMAL DOWNTREND","28.02","TRUE","FALSE","FALSE","LAGGING","LAGGARD (Passive)","0.39","0.39","DRY / QUIET","83.33","16.67","36.62","17.34","12.98","25.36","884.77","908.27","875.71","251300","637575","974","Supertrend bearish | RSI 36.6 lemah | Volume 0.39x | Lolos anti-crash ADX | RISEN NORMAL DOWNTREND","Full Grid (1-2-3-4)","100000000","905","855","840","820","0.1","0.2","0.3","0.4","110","233","357","487","1187","99798500","201500","840.76","840.79","790","1080","1250","1250","12.71","6.04","38.12","48.67","3","8.06"
"EMDE","2026-05-25","2026-05-25","559","FULL","66","0","AVOID","-","passive","FALSE","","V-SHAPE","2026-05-12","","13d","13","DOWNTREND","BEARISH","BEARISH","BEARISH","STRUCTURE + DISCOUNT","NORMAL DOWNTREND","42.47","TRUE","FALSE","FALSE","LAGGING","LAGGARD (Passive)","0.24","0.24","DRY / QUIET","50","50","36.07","31.55","23.56","19.99","73.79","78.13","89.93","3276600","13785575","974","Supertrend bearish | RSI 36.1 lemah | Volume 0.24x | Lolos anti-crash ADX | RISEN NORMAL DOWNTREND","Full Grid (1-2-3-4)","100000000","79","76","75","73","0.1","0.2","0.3","0.4","1265","2631","4000","5479","13375","99985800","14200","74.76","74.76","71","91","103","103","10.13","5.02","30.38","37.78","3","7.52"
"IFSH","2026-05-25","2026-05-25","559","FULL","1675","-0.2976190476190476","AVOID","-","passive","FALSE","","G ACC","2026-04-17","","38d","38","DOWNTREND","BEARISH","BEARISH","BULLISH","STRUCTURE + DISCOUNT","NORMAL UPTREND","65","TRUE","TRUE","FALSE","IMPROVING","IMPROVING (Passive)","0.15","0.15","DRY / QUIET","0","100","36.32","14.59","25.02","34.08","2031.42","2175.28","1632.25","20400","131825","974","Supertrend bearish | RSI 36.3 lemah | Volume 0.15x | Lolos anti-crash ADX | RISEN NORMAL UPTREND","Full Grid (1-2-3-4)","100000000","3050","2290","2110","1855","0.1","0.2","0.3","0.4","32","87","142","215","476","99527500","472500","2090.91","2092.33","1460","5425","7825","7825","52.13","30.17","156.56","274.24","3","9.09"
"ITMA","2026-05-25","2026-05-25","559","FULL","1815","0.2762430939226519","AVOID","-","passive","FALSE","","SMART GAMMA","2026-05-12","","13d","13","DOWNTREND","BEARISH","BEARISH","BULLISH","DEMAND STRUCTURE","SIDEWAYS","72.42","TRUE","FALSE","FALSE","LAGGING","LAGGARD (Passive)","0.04","0.04","DRY / QUIET","36.36","63.64","39.17","19.73","16.37","22.81","2000.47","2059.37","1746.24","22500","550720","974","Supertrend bearish | RSI 39.2 lemah | Volume 0.04x | Lolos anti-crash ADX | RISEN SIDEWAYS","Full Grid (1-2-3-4)","100000000","2180","1985","1935","1870","0.1","0.2","0.3","0.4","45","100","155","213","513","99483500","516500","1939.25","1939.6","1755","2820","3460","3460","19.5","9.5","58.72","78.42","3.01","8.25"
"KJEN","2026-05-25","2026-05-25","559","FULL","164","-0.6060606060606061","HOLD","-","passive","FALSE","","SMART SNIPER + V-SHAPE","2026-05-12","Structure + Discount","13d","13","UPTREND","BULLISH","BULLISH","BULLISH","UPTREND DISCOUNT","NORMAL UPTREND","17.5","TRUE","TRUE","FALSE","LAGGING","LAGGARD (Passive)","0.24","0.24","DRY / QUIET","57.14","42.86","58.69","35.58","29.21","8.56","149.33","145.34","159.89","7135100","29316570","974","Supertrend bullish | RSI 58.7 > 50 | Volume 0.24x | Lolos anti-crash ADX | RISEN NORMAL UPTREND","Full Grid (1-2-3-4)","100000000","155","130","123","115","0.1","0.2","0.3","0.4","645","1538","2439","3478","8100","99988200","11800","123.44","123.44","101","236","318","318","34.84","18.18","105.16","157.61","3.02","8.67"
"NZIA","2026-05-25","2026-05-25","559","FULL","116","-0.8547008547008548","AVOID","-","passive","FALSE","","SMART SNIPER + V-SHAPE","2026-05-12","Demand Structure","13d","13","DOWNTREND","BEARISH","BEARISH","BEARISH","STRUCTURE + DISCOUNT","SIDEWAYS","46.76","TRUE","TRUE","FALSE","LAGGING","LAGGARD (Passive)","0.24","0.24","DRY / QUIET","11.11","88.89","34.93","10.41","24.85","27.19","153.45","171.71","149.21","6297000","26326945","974","Supertrend bearish | RSI 34.9 lemah | Volume 0.24x | Lolos anti-crash ADX | RISEN SIDEWAYS","Full Grid (1-2-3-4)","100000000","191","163","156","147","0.1","0.2","0.3","0.4","523","1226","1923","2721","6393","99970600","29400","156.38","156.38","131","316","372","372","31.41","16.23","94.76","137.89","3.02","8.5"
"YOII","2026-05-25","2026-05-25","322","FULL","76","-2.564102564102564","AVOID","-","passive","FALSE","","SMART SNIPER","2026-05-12","Demand Structure","13d","13","DOWNTREND","BEARISH","BEARISH","BEARISH","DOWNTREND DISCOUNT","NORMAL DOWNTREND","0","FALSE","FALSE","FALSE","LAGGING","LAGGARD (Passive)","0.14","0.14","DRY / QUIET","25","75","31.98","16.64","19.57","25.16","90.16","94.85","99.85","5709500","41684610","974","Supertrend bearish | RSI 32.0 lemah | Volume 0.14x | Lolos anti-crash ADX | RISEN NORMAL DOWNTREND","Full Grid (1-2-3-4)","100000000","112","102","100","96","0.1","0.2","0.3","0.4","892","1960","3000","4166","10018","99976000","24000","99.8","99.8","91","144","175","175","18.75","8.81","56.25","75.36","3","8.55"
"BYAN","2026-05-25","2026-05-25","559","FULL","10050","0.5","AVOID","-","passive","FALSE","","V-SHAPE","2026-05-11","","14d","14","DOWNTREND","BEARISH","BEARISH","BEARISH","DOWNTREND DISCOUNT","NORMAL DOWNTREND","12.71","TRUE","FALSE","FALSE","LAGGING","LAGGARD (Passive)","1.65","1.65","EXPANSION","73.08","26.92","32.71","20.86","17.44","34.09","11243.96","12072.8","15163.31","72100","43815","972","Supertrend bearish | RSI 32.7 lemah | Volume valid 1.65x | Lolos anti-crash ADX | RISEN NORMAL DOWNTREND","Full Grid (1-2-3-4)","100000000","11850","11450","11350","11200","0.1","0.2","0.3","0.4","8","17","26","35","86","97655000","2345000","11355.23","11356.92","10925","13250","14325","14325","7.81","3.79","20.89","26.15","2.68","6.9"
"DATA","2026-05-25","2026-05-25","484","FULL","1685","-0.5899705014749262","AVOID","-","passive","FALSE","","EARLY SWEEP","2026-05-11","","14d","14","DOWNTREND","BEARISH","BEARISH","BEARISH","STRUCTURE + DISCOUNT","NORMAL DOWNTREND","74.42","TRUE","FALSE","FALSE","LAGGING","LAGGARD (Passive)","0.33","0.33","DRY / QUIET","45.95","54.05","31.82","20.24","16.03","29.57","1981.21","2476.73","3132.16","1097800","3318605","972","Supertrend bearish | RSI 31.8 lemah | Volume 0.33x | Lolos anti-crash ADX | RISEN NORMAL DOWNTREND","Full Grid (1-2-3-4)","100000000","4570","4220","4140","4020","0.1","0.2","0.3","0.4","21","47","72","99","239","99037000","963000","4143.81","4145.22","3810","5700","6850","6850","16.63","8.06","49.89","65.31","3","8.11"
"DPUM","2026-05-25","2026-05-25","559","FULL","208","2.9702970297029703","HOLD","-","passive","FALSE","","SMART GAMMA","2026-05-11","","14d","14","UPTREND","BULLISH","BULLISH","BULLISH","UPTREND PREMIUM","NORMAL UPTREND","25","TRUE","TRUE","FALSE","LAGGING","LAGGARD (Passive)","0.2","0.2","DRY / QUIET","71.43","28.57","67.97","37.78","29.69","9.99","170.88","162.91","139.96","8847500","43918890","972","Supertrend bullish | RSI 68.0 > 50 | Volume 0.2x | Lolos anti-crash ADX | RISEN NORMAL UPTREND","Full Grid (1-2-3-4)","100000000","202","157","146","130","0.1","0.2","0.3","0.4","495","1273","2054","3076","6898","99961500","38500","144.91","144.91","107","344","488","488","47.03","26.16","141.58","236.75","3.01","9.05"
"GPRA","2026-05-25","2026-05-25","559","FULL","102","3.0303030303030303","AVOID","-","passive","FALSE","","EARLY SWEEP","2026-05-11","","14d","14","DOWNTREND","BEARISH","BEARISH","BEARISH","STRUCTURE + DISCOUNT","NORMAL DOWNTREND","31.35","TRUE","FALSE","FALSE","LAGGING","LAGGARD (Passive)","0.12","0.12","DRY / QUIET","66.67","33.33","40.63","19.23","13.44","17.33","108.18","111.16","119.17","5015100","41586245","972","Supertrend bearish | RSI 40.6 lemah | Volume 0.12x | Lolos anti-crash ADX | RISEN NORMAL DOWNTREND","Full Grid (1-2-3-4)","100000000","115","104","101","98","0.1","0.2","0.3","0.4","869","1923","2970","4081","9843","99983500","16500","101.58","101.58","92","150","184","184","20","9.43","60","81.14","3","8.61"
"HADE","2026-05-25","2026-05-25","559","FULL","15","7.142857142857142","AVOID","-","passive","FALSE","","EARLY SWEEP","2026-05-11","","14d","14","DOWNTREND","BEARISH","BEARISH","BEARISH","STRUCTURE + DISCOUNT","NORMAL DOWNTREND","51.59","TRUE","FALSE","FALSE","LAGGING","LAGGARD (Passive)","0.52","0.52","DRY / QUIET","50","50","28.98","33.58","20.9","52.89","17.37","20","21.58","2241700","4344995","972","Supertrend bearish | RSI 29.0 lemah | Volume 0.52x | Crash filter aktif | RISEN NORMAL DOWNTREND","Full Grid (1-2-3-4)","100000000","26","25","24","24","0.1","0.2","0.3","0.4","3846","8000","12500","16666","41012","99998000","2000","24.38","24.38","23","45","48","48","11.54","5.67","84.62","96.86","7.33","17.08"
"INAI","2026-05-25","2026-05-25","559","FULL","164","-1.7964071856287425","AVOID","-","passive","FALSE","","EARLY SWEEP","2026-05-11","","14d","14","DOWNTREND","BEARISH","BEARISH","BEARISH","STRUCTURE + DISCOUNT","NORMAL DOWNTREND","65","TRUE","FALSE","FALSE","LAGGING","LAGGARD (Passive)","0.09","0.09","DRY / QUIET","75","25","27.86","21.85","11.05","26.92","179.32","185.6","177.01","67200","771605","972","Supertrend bearish | RSI 27.9 lemah | Volume 0.09x | Lolos anti-crash ADX | RISEN NORMAL DOWNTREND","Full Grid (1-2-3-4)","100000000","292","218","202","176","0.1","0.2","0.3","0.4","342","917","1485","2272","5016","99961200","38800","199.28","199.29","140","520","750","750","52.05","29.75","156.85","276.35","3.01","9.29"
"KETR","2026-05-25","2026-05-25","559","FULL","590","-0.8403361344537815","HOLD","-","passive","FALSE","","SMART SNIPER","2026-05-11","Discount Only","14d","14","UPTREND","BULLISH","BULLISH","BULLISH","UPTREND DISCOUNT","SIDEWAYS","49.02","TRUE","FALSE","FALSE","WEAKENING","WEAKENING (Passive)","0.4","0.4","DRY / QUIET","57.14","42.86","55.86","33.68","22.15","13.35","558.24","552.72","553.16","24137200","60666790","972","Supertrend bullish | RSI 55.9 > 50 | Volume 0.4x | Lolos anti-crash ADX | RISEN SIDEWAYS","Full Grid (1-2-3-4)","100000000","630","550","530","500","0.1","0.2","0.3","0.4","158","363","566","800","1887","99917000","83000","529.5","529.55","454","895","1160","1160","27.94","14.26","84.13","119.07","3.01","8.35"
"LABS","2026-05-25","2026-05-25","446","FULL","151","2.027027027027027","AVOID","-","passive","FALSE","","SMART GAMMA","2026-05-11","","14d","14","DOWNTREND","BEARISH","BEARISH","BULLISH","STRUCTURE + DISCOUNT","SIDEWAYS","25","TRUE","TRUE","FALSE","WEAKENING","WEAKENING (Passive)","0.48","0.48","DRY / QUIET","16.67","83.33","45.57","44.04","42.76","13.14","161.65","157.61","146.58","9007000","18579050","972","Supertrend bearish | RSI 45.6 lemah | Volume 0.48x | Lolos anti-crash ADX | RISEN SIDEWAYS","Full Grid (1-2-3-4)","100000000","216","180","172","159","0.1","0.2","0.3","0.4","462","1111","1744","2515","5832","99962500","37500","171.4","171.41","142","328","438","438","34.26","17.15","102.78","155.54","3","9.07"
"LEAD","2026-05-25","2026-05-25","559","FULL","106","2.912621359223301","AVOID","-","passive","FALSE","","SMART GAMMA","2026-04-16","","39d","39","DOWNTREND","BEARISH","BEARISH","BEARISH","STRUCTURE + DISCOUNT","NORMAL DOWNTREND","59.62","TRUE","FALSE","FALSE","IMPROVING","IMPROVING (Passive)","0.43","0.43","DRY / QUIET","66.67","33.33","36.07","23.12","13.1","28.96","122.21","133.49","123.39","10256600","23968030","972","Supertrend bearish | RSI 36.1 lemah | Volume 0.43x | Lolos anti-crash ADX | RISEN NORMAL DOWNTREND","Full Grid (1-2-3-4)","100000000","168","137","129","118","0.1","0.2","0.3","0.4","595","1459","2325","3389","7768","99967000","33000","128.69","128.69","102","268","366","366","39.29","20.74","117.86","184.4","3","8.89"
"PEVE","2026-05-25","2026-05-25","559","FULL","358","7.83132530120482","AVOID","-","passive","FALSE","","V-SHAPE","2026-05-11","","14d","14","DOWNTREND","BEARISH","BEARISH","BEARISH","STRUCTURE + DISCOUNT","NORMAL DOWNTREND","33.64","TRUE","FALSE","FALSE","LAGGING","LAGGARD (Passive)","0.08","0.08","DRY / QUIET","86.36","13.64","40.01","28.36","17.49","25.56","380.37","431.3","457.16","41300","541665","972","Supertrend bearish | RSI 40.0 lemah | Volume 0.08x | Lolos anti-crash ADX | RISEN NORMAL DOWNTREND","Full Grid (1-2-3-4)","100000000","400","380","376","368","0.1","0.2","0.3","0.4","250","526","797","1086","2659","99920000","80000","375.78","375.78","354","500","530","530","11.5","5.8","32.5","41.04","2.83","7.08"
"SKBM","2026-05-25","2026-05-25","559","FULL","575","11.650485436893204","AVOID","-","passive","FALSE","","EARLY SWEEP","2026-05-11","","14d","14","DOWNTREND","BEARISH","BEARISH","BULLISH","STRUCTURE + DISCOUNT","NORMAL DOWNTREND","78.49","TRUE","FALSE","FALSE","LAGGING","LAGGARD (Passive)","0.35","0.35","DRY / QUIET","56.52","43.48","43.02","25.25","28.02","19.79","620.42","644.86","566.33","780300","2254135","972","Supertrend bearish | RSI 43.0 lemah | Volume 0.35x | Lolos anti-crash ADX | RISEN NORMAL DOWNTREND","Full Grid (1-2-3-4)","100000000","665","635","630","620","0.1","0.2","0.3","0.4","150","314","476","645","1585","99892000","108000","630.23","630.24","590","780","890","890","11.28","6.38","33.83","41.22","3","6.46"
"SMRA","2026-05-25","2026-05-25","559","FULL","292","0.6896551724137931","AVOID","-","passive","FALSE","","EARLY SWEEP","2026-05-11","","14d","14","DOWNTREND","BEARISH","BEARISH","BEARISH","STRUCTURE + DISCOUNT","NORMAL DOWNTREND","25","TRUE","FALSE","FALSE","WEAKENING","WEAKENING (Passive)","0.46","0.46","DRY / QUIET","25","75","34.45","24.65","15.54","33.12","311.44","327.82","377.16","13183200","28474265","972","Supertrend bearish | RSI 34.5 lemah | Volume 0.46x | Lolos anti-crash ADX | RISEN NORMAL DOWNTREND","Full Grid (1-2-3-4)","100000000","404","392","388","384","0.1","0.2","0.3","0.4","247","510","773","1041","2571","99937600","62400","388.71","388.71","376","446","490","490","6.93","3.27","21.29","26.06","3.07","7.97"
"SSMS","2026-05-25","2026-05-25","559","FULL","775","-11.428571428571429","AVOID","-","passive","FALSE","","SMART SNIPER","2026-05-11","Discount Only","14d","14","DOWNTREND","BEARISH","BEARISH","BEARISH","DOWNTREND DISCOUNT","NORMAL DOWNTREND","0","FALSE","FALSE","FALSE","LAGGING","LAGGARD (Passive)","1.9","1.9","EXPANSION","5.26","94.74","16.89","36","6.18","50.18","1172.49","1307.62","1448.88","14425600","7586640","972","Supertrend bearish | RSI 16.9 lemah | Volume valid 1.9x | Crash filter aktif | RISEN NORMAL DOWNTREND","Full Grid (1-2-3-4)","100000000","1430","1355","1335","1310","0.1","0.2","0.3","0.4","69","147","224","305","745","99644500","355500","1337.51","1337.62","1265","1680","1925","1925","11.54","5.42","34.62","43.92","3","8.1"
"STAA","2026-05-25","2026-05-25","559","FULL","1005","-1.951219512195122","AVOID","-","passive","FALSE","","EARLY SWEEP","2026-05-11","","14d","14","DOWNTREND","BEARISH","BEARISH","BEARISH","STRUCTURE + DISCOUNT","NORMAL DOWNTREND","19.77","TRUE","FALSE","FALSE","LAGGING","LAGGARD (Passive)","0.81","0.81","NORMAL","28.57","71.43","26.19","21.69","12.31","38.66","1173.49","1216.34","1192.92","3994100","4913925","972","Supertrend bearish | RSI 26.2 lemah | Volume 0.81x | Lolos anti-crash ADX | RISEN NORMAL DOWNTREND","Full Grid (1-2-3-4)","100000000","1220","1180","1170","1155","0.1","0.2","0.3","0.4","81","169","256","346","852","99739000","261000","1170.65","1170.7","1130","1410","1500","1500","7.38","3.47","22.95","28.13","3.11","8.1"
"TAMA","2026-05-25","2026-05-25","559","FULL","214","9.743589743589745","AVOID","-","passive","FALSE","","SMART GAMMA","2026-05-11","","14d","14","DOWNTREND","BULLISH","BULLISH","BULLISH","DOWNTREND PREMIUM","NORMAL UPTREND","25","TRUE","TRUE","FALSE","WEAKENING","WEAKENING (Passive)","0.81","0.81","NORMAL","100","0","57.94","40.91","41.2","26.43","197.1","164.55","91.2","3018900","3717395","972","Supertrend bearish | RSI 57.9 > 50 | Volume 0.81x | Lolos anti-crash ADX | RISEN NORMAL UPTREND","Full Grid (1-2-3-4)","100000000","236","178","164","145","0.1","0.2","0.3","0.4","423","1123","1829","2758","6133","99958800","41200","162.99","162.99","117","414","595","595","50.42","28.21","152.12","265.06","3.02","9.39"
"TLDN","2026-05-25","2026-05-25","559","FULL","550","3.7735849056603774","AVOID","-","passive","FALSE","","EARLY SWEEP","2026-05-11","","14d","14","DOWNTREND","BEARISH","BEARISH","BEARISH","STRUCTURE + DISCOUNT","NORMAL DOWNTREND","25","TRUE","FALSE","FALSE","LAGGING","LAGGARD (Passive)","0.45","0.45","DRY / QUIET","100","0","31.94","38.88","9.49","30.87","596.7","623.09","644.78","558700","1246180","972","Supertrend bearish | RSI 31.9 lemah | Volume 0.45x | Crash filter aktif | RISEN NORMAL DOWNTREND","Full Grid (1-2-3-4)","100000000","670","650","645","640","0.1","0.2","0.3","0.4","149","307","465","625","1546","99930500","69500","646.38","646.39","625","740","815","815","6.72","3.31","21.64","26.09","3.22","7.89"
"VTNY","2026-05-25","2026-05-25","559","FULL","62","6.896551724137931","AVOID","-","passive","FALSE","","V-SHAPE","2026-05-11","","14d","14","DOWNTREND","BEARISH","BEARISH","BEARISH","STRUCTURE + DISCOUNT","NORMAL DOWNTREND","22.31","TRUE","FALSE","FALSE","LAGGING","LAGGARD (Passive)","1.12","1.12","NORMAL","57.14","42.86","40.13","17.37","18.7","24.64","66.62","70.73","91.05","20372800","18109510","972","Supertrend bearish | RSI 40.1 lemah | Volume 1.12x | Lolos anti-crash ADX | RISEN NORMAL DOWNTREND","Full Grid (1-2-3-4)","100000000","73","65","63","60","0.1","0.2","0.3","0.4","1369","3076","4761","6666","15872","99978000","22000","62.99","62.99","56","99","124","124","23.29","11.1","69.86","96.86","3","8.73"
"ELPI","2026-05-25","2026-05-25","559","FULL","1505","0.33333333333333337","AVOID","-","passive","FALSE","","V-SHAPE","2026-04-15","","40d","40","DOWNTREND","BEARISH","BEARISH","BULLISH","DOWNTREND PREMIUM","NORMAL UPTREND","43.18","TRUE","TRUE","FALSE","IMPROVING","IMPROVING (Passive)","0.14","0.14","DRY / QUIET","62.5","37.5","44.56","16.79","24.94","31.64","1653.62","1665.49","1154.81","409200","2892660","970","Supertrend bearish | RSI 44.6 lemah | Volume 0.14x | Lolos anti-crash ADX | RISEN NORMAL UPTREND","Full Grid (1-2-3-4)","100000000","1965","1515","1410","1260","0.1","0.2","0.3","0.4","50","132","212","317","711","99657000","343000","1401.65","1402.27","1025","3380","4790","4790","47.84","26.87","143.77","241.74","3.01","9"
"UANG","2026-05-25","2026-05-25","559","FULL","2660","10.833333333333334","AVOID","-","passive","FALSE","","BETA BREAKOUT","2026-04-14","","41d","41","DOWNTREND","BEARISH","BEARISH","BEARISH","STRUCTURE + DISCOUNT","NORMAL DOWNTREND","35.83","TRUE","FALSE","FALSE","IMPROVING","IMPROVING (Passive)","1.15","1.15","NORMAL","67.92","32.08","37.4","25.38","18.85","35.05","3159.92","3549.57","3279.2","617200","534915","968","Supertrend bearish | RSI 37.4 lemah | Volume 1.15x | Lolos anti-crash ADX | RISEN NORMAL DOWNTREND","Full Grid (1-2-3-4)","100000000","4600","3800","3610","3340","0.1","0.2","0.3","0.4","21","52","83","119","275","99129000","871000","3604.69","3607.07","2920","7125","9650","9650","36.52","18.99","109.78","167.71","3.01","8.83"
"ASPI","2026-05-25","2026-05-25","559","FULL","386","4.891304347826087","AVOID","-","passive","FALSE","","SMART SNIPER","2026-05-08","Structure + Discount","17d","17","DOWNTREND","BEARISH","BEARISH","BEARISH","STRUCTURE + DISCOUNT","SIDEWAYS","39.31","TRUE","FALSE","FALSE","LAGGING","LAGGARD (Passive)","0.36","0.36","DRY / QUIET","61.11","38.89","44.83","23.08","22.38","21.03","420.1","418.84","463.1","401000","1123330","966","Supertrend bearish | RSI 44.8 lemah | Volume 0.36x | Lolos anti-crash ADX | RISEN SIDEWAYS","Full Grid (1-2-3-4)","100000000","466","412","400","382","0.1","0.2","0.3","0.4","214","485","750","1047","2496","99949800","50200","400.44","400.46","348","645","820","820","25.32","13.1","75.97","104.77","3","8"
"BJTM","2026-05-25","2026-05-25","559","FULL","525","1.9417475728155338","AVOID","-","passive","FALSE","","BETA BREAKOUT","2026-05-08","","17d","17","DOWNTREND","BEARISH","BEARISH","BEARISH","DOWNTREND DISCOUNT","NORMAL DOWNTREND","25","TRUE","FALSE","FALSE","WEAKENING","WEAKENING (Passive)","0.6","0.6","DRY / QUIET","100","0","32.69","26.79","11.6","34.1","559.5","567.74","553.14","10631900","17772320","966","Supertrend bearish | RSI 32.7 lemah | Volume 0.6x | Lolos anti-crash ADX | RISEN NORMAL DOWNTREND","Full Grid (1-2-3-4)","100000000","605","575","570","560","0.1","0.2","0.3","0.4","165","347","526","714","1752","99901000","99000","570.21","570.22","545","695","785","785","9.92","4.42","29.75","37.67","3","8.52"
"IRRA","2026-05-25","2026-05-25","559","FULL","380","0.5291005291005291","AVOID","-","passive","FALSE","","SMART GAMMA","2026-05-08","","17d","17","DOWNTREND","BEARISH","BEARISH","BEARISH","STRUCTURE + DISCOUNT","SIDEWAYS","25","TRUE","FALSE","FALSE","WEAKENING","WEAKENING (Passive)","0.1","0.1","DRY / QUIET","27.27","72.73","43.56","30.93","35.67","17.61","399.66","401.5","417.15","1044200","10041430","966","Supertrend bearish | RSI 43.6 lemah | Volume 0.1x | Lolos anti-crash ADX | RISEN SIDEWAYS","Full Grid (1-2-3-4)","100000000","510","444","428","406","0.1","0.2","0.3","0.4","196","450","700","985","2331","99927000","73000","428.69","428.69","374","715","920","920","26.67","12.76","80.39","114.61","3.01","8.98"
"KAEF","2026-05-25","2026-05-25","559","FULL","505","4.771784232365145","AVOID","-","passive","FALSE","","BETA BREAKOUT","2026-05-08","","17d","17","DOWNTREND","BEARISH","BEARISH","BEARISH","STRUCTURE + DISCOUNT","SIDEWAYS","25","TRUE","FALSE","FALSE","WEAKENING","WEAKENING (Passive)","0.3","0.3","DRY / QUIET","26.83","73.17","47.1","39.42","31.65","16.64","531.01","517.56","534.99","3601900","12063715","966","Supertrend bearish | RSI 47.1 lemah | Volume 0.3x | Lolos anti-crash ADX | RISEN SIDEWAYS","Full Grid (1-2-3-4)","100000000","635","545","520","492","0.1","0.2","0.3","0.4","157","366","576","813","1912","99868100","131900","522.32","522.36","446","920","1200","1200","29.76","14.61","88.98","129.74","2.99","8.88"
"MAPI","2026-05-25","2026-05-25","559","FULL","1495","-0.6644518272425249","HOLD","-","passive","FALSE","","SMART GAMMA","2026-05-08","","17d","17","UPTREND","BULLISH","BULLISH","BULLISH","UPTREND PREMIUM","NORMAL UPTREND","62.05","TRUE","TRUE","FALSE","LAGGING","LAGGARD (Passive)","0.72","0.72","DRY / QUIET","0","100","64.44","31.05","35.93","12.9","1401.86","1327.01","1276.24","30718900","42725485","966","Supertrend bullish | RSI 64.4 > 50 | Volume 0.72x | Lolos anti-crash ADX | RISEN NORMAL UPTREND","Full Grid (1-2-3-4)","100000000","1455","1335","1305","1265","0.1","0.2","0.3","0.4","68","149","229","316","762","99644000","356000","1307.66","1307.82","1200","1840","2220","2220","17.53","8.23","52.58","69.77","3","8.47"
"MEDS","2026-05-25","2026-05-25","559","FULL","97","6.593406593406594","AVOID","-","passive","FALSE","","SMART GAMMA","2026-05-08","","17d","17","DOWNTREND","BULLISH","BULLISH","BULLISH","DOWNTREND","NORMAL UPTREND","25","TRUE","TRUE","FALSE","WEAKENING","WEAKENING (Passive)","0.8","0.8","NORMAL","42.86","57.14","53.67","49.72","35.9","13.9","93.03","83.37","72.05","236668700","294124270","966","Supertrend bearish | RSI 53.7 > 50 | Volume 0.8x | Lolos anti-crash ADX | RISEN NORMAL UPTREND","Full Grid (1-2-3-4)","100000000","117","85","77","67","0.1","0.2","0.3","0.4","854","2352","3896","5970","13072","99982000","18000","76.49","76.49","51","216","316","316","56.41","33.32","170.09","313.15","3.02","9.4"
"MPOW","2026-05-25","2026-05-25","559","FULL","120","5.263157894736842","AVOID","-","passive","FALSE","","SMART GAMMA","2026-05-08","","17d","17","DOWNTREND","BULLISH","BULLISH","BULLISH","STRUCTURE + DISCOUNT","NORMAL DOWNTREND","25","TRUE","FALSE","FALSE","WEAKENING","WEAKENING (Passive)","0.23","0.23","DRY / QUIET","100","0","51.33","44.74","29.4","10.9","119.23","113.86","111.89","19540200","85004170","966","Supertrend bearish | RSI 51.3 > 50 | Volume 0.23x | Lolos anti-crash ADX | RISEN NORMAL DOWNTREND","Full Grid (1-2-3-4)","100000000","148","118","110","100","0.1","0.2","0.3","0.4","675","1694","2727","4000","9096","99976200","23800","109.91","109.92","85","242","338","338","42.57","22.67","128.38","207.52","3.02","9.16"
"PEHA","2026-05-25","2026-05-25","559","FULL","288","0","AVOID","-","passive","FALSE","","SMART GAMMA","2026-05-08","","17d","17","DOWNTREND","BEARISH","BEARISH","BEARISH","STRUCTURE + DISCOUNT","NORMAL DOWNTREND","25","TRUE","FALSE","FALSE","WEAKENING","WEAKENING (Passive)","0.27","0.27","DRY / QUIET","44.44","55.56","45.27","21.42","25.88","20.71","303.08","301.51","309.72","869700","3209975","966","Supertrend bearish | RSI 45.3 lemah | Volume 0.27x | Lolos anti-crash ADX | RISEN NORMAL DOWNTREND","Full Grid (1-2-3-4)","100000000","372","330","318","304","0.1","0.2","0.3","0.4","268","606","943","1315","3132","99931000","69000","319.06","319.07","282","505","640","640","24.19","11.62","72.04","100.59","2.98","8.66"
"SAME","2026-05-25","2026-05-25","559","FULL","314","1.2903225806451613","AVOID","-","passive","FALSE","","SMART SNIPER + V-SHAPE","2026-05-08","Demand Structure","17d","17","DOWNTREND","BEARISH","BEARISH","BEARISH","STRUCTURE + DISCOUNT","NORMAL DOWNTREND","31.19","TRUE","FALSE","FALSE","WEAKENING","WEAKENING (Passive)","0.23","0.23","DRY / QUIET","50","50","38.97","20.4","14.52","26.94","330.87","335.78","330.01","250400","1078705","966","Supertrend bearish | RSI 39.0 lemah | Volume 0.23x | Lolos anti-crash ADX | RISEN NORMAL DOWNTREND","Full Grid (1-2-3-4)","100000000","348","336","334","330","0.1","0.2","0.3","0.4","287","595","898","1212","2992","99968800","31200","334.12","334.12","322","388","426","426","7.47","3.63","22.41","27.5","3","7.58"
"CBDK","2026-05-25","2026-05-25","319","FULL","4020","0.5","AVOID","-","passive","FALSE","","SMART SNIPER","2026-05-07","Structure + Discount","18d","18","DOWNTREND","BEARISH","BEARISH","BEARISH","STRUCTURE + DISCOUNT","NORMAL DOWNTREND","54.41","TRUE","FALSE","FALSE","LAGGING","LAGGARD (Passive)","0.65","0.65","DRY / QUIET","64.29","35.71","29.58","23.32","13.81","32.06","4433.37","4846.99","5864.9","2312100","3555600","964","Supertrend bearish | RSI 29.6 lemah | Volume 0.65x | Lolos anti-crash ADX | RISEN NORMAL DOWNTREND","Full Grid (1-2-3-4)","100000000","4950","4730","4670","4600","0.1","0.2","0.3","0.4","20","42","64","86","212","99214000","786000","4679.91","4679.86","4460","5675","6425","6425","9.9","4.7","29.8","37.29","3.01","7.94"
"DEPO","2026-05-25","2026-05-25","559","FULL","250","-5.303030303030303","AVOID","-","passive","FALSE","","G ACC","2026-05-07","","18d","18","DOWNTREND","BEARISH","BEARISH","BEARISH","STRUCTURE + DISCOUNT","NORMAL UPTREND","60","TRUE","TRUE","FALSE","WEAKENING","WEAKENING (Passive)","0.63","0.63","DRY / QUIET","13.33","86.67","46.68","50.91","31.82","11.17","266.19","258.37","252.33","959200","1531830","964","Supertrend bearish | RSI 46.7 lemah | Volume 0.63x | Lolos anti-crash ADX | RISEN NORMAL UPTREND","Full Grid (1-2-3-4)","100000000","320","262","248","228","0.1","0.2","0.3","0.4","312","763","1209","1754","4038","99949000","51000","247.52","247.53","197","505","690","690","38.44","20.41","115.63","178.76","3.01","8.76"
"ESIP","2026-05-25","2026-05-25","559","FULL","137","1.4814814814814816","AVOID","-","passive","FALSE","","G ACC","2026-05-07","","18d","18","DOWNTREND","BEARISH","BULLISH","BULLISH","DEMAND STRUCTURE","NORMAL UPTREND","25","TRUE","TRUE","FALSE","WEAKENING","WEAKENING (Passive)","0.14","0.14","DRY / QUIET","23.08","76.92","48.97","31.61","22.74","22.07","145.27","123.41","89.25","88553500","615016160","964","Supertrend bearish | RSI 49.0 lemah | Volume 0.14x | Lolos anti-crash ADX | RISEN NORMAL UPTREND","Full Grid (1-2-3-4)","100000000","220","154","138","115","0.1","0.2","0.3","0.4","454","1298","2173","3478","7403","99961600","38400","135.03","135.04","82","428","635","635","62.73","39.27","188.64","370.27","3.01","9.43"
"GTBO","2026-05-25","2026-05-25","559","FULL","191","0","AVOID","-","passive","FALSE","","V-SHAPE","2026-05-07","","18d","18","DOWNTREND","BEARISH","BEARISH","BEARISH","STRUCTURE + DISCOUNT","NORMAL DOWNTREND","66.66","TRUE","FALSE","FALSE","LAGGING","LAGGARD (Passive)","0.21","0.21","DRY / QUIET","8.33","91.67","33.93","45.46","31.25","10.77","208.15","218.75","224.2","69400","328175","964","Supertrend bearish | RSI 33.9 lemah | Volume 0.21x | Lolos anti-crash ADX | RISEN NORMAL DOWNTREND","Full Grid (1-2-3-4)","100000000","220","212","208","206","0.1","0.2","0.3","0.4","454","943","1442","1941","4780","99957800","42200","209.12","209.12","198","254","286","286","10","5.32","30","36.77","3","6.92"
"KLAS","2026-05-25","2026-05-25","559","FULL","72","2.857142857142857","AVOID","-","passive","FALSE","","SMART SNIPER","2026-05-07","Structure + Discount","18d","18","DOWNTREND","BEARISH","BEARISH","BEARISH","STRUCTURE + DISCOUNT","NORMAL DOWNTREND","25","TRUE","FALSE","FALSE","LAGGING","LAGGARD (Passive)","0.15","0.15","DRY / QUIET","25","75","37.76","18.45","19.38","27.44","79.75","83.92","105.82","8318800","55077980","964","Supertrend bearish | RSI 37.8 lemah | Volume 0.15x | Lolos anti-crash ADX | RISEN NORMAL DOWNTREND","Full Grid (1-2-3-4)","100000000","97","87","85","81","0.1","0.2","0.3","0.4","1030","2298","3529","4938","11795","99977900","22100","84.76","84.76","76","129","160","160","21.65","10.34","64.95","88.76","3","8.59"
"LIFE","2026-05-25","2026-05-25","559","FULL","6250","7.758620689655173","AVOID","-","passive","FALSE","","V-SHAPE","2026-05-07","","18d","18","DOWNTREND","BEARISH","BEARISH","BEARISH","STRUCTURE + DISCOUNT","NORMAL DOWNTREND","25","TRUE","FALSE","FALSE","LAGGING","LAGGARD (Passive)","0.52","0.52","DRY / QUIET","100","0","36.38","20.73","26.98","31.62","6872.01","7154.87","7967.54","2900","5600","964","Supertrend bearish | RSI 36.4 lemah | Volume 0.52x | Lolos anti-crash ADX | RISEN NORMAL DOWNTREND","Full Grid (1-2-3-4)","100000000","7400","7250","7200","7150","0.1","0.2","0.3","0.4","13","27","41","55","136","98040000","1960000","7208.82","7209.26","7025","7975","8775","8775","5.07","2.55","18.58","21.73","3.67","8.52"
"LRNA","2026-05-25","2026-05-25","559","FULL","185","0.5434782608695652","AVOID","-","passive","FALSE","","V-SHAPE","2026-05-07","","18d","18","DOWNTREND","BEARISH","BEARISH","BEARISH","STRUCTURE + DISCOUNT","NORMAL DOWNTREND","65","TRUE","FALSE","FALSE","WEAKENING","WEAKENING (Passive)","0.28","0.28","DRY / QUIET","50","50","37.33","36.76","23.44","17.15","196.8","203.7","200.23","312000","1134485","964","Supertrend bearish | RSI 37.3 lemah | Volume 0.28x | Lolos anti-crash ADX | RISEN NORMAL DOWNTREND","Full Grid (1-2-3-4)","100000000","206","200","199","197","0.1","0.2","0.3","0.4","485","1000","1507","2030","5022","99971300","28700","199.07","199.07","192","228","250","250","6.8","3.55","21.36","25.59","3.14","7.21"
"MDLA","2026-05-25","2026-05-25","263","FULL","206","0","AVOID","-","passive","FALSE","","SMART SNIPER","2026-05-07","Demand Structure","18d","18","DOWNTREND","BEARISH","BEARISH","BEARISH","STRUCTURE + DISCOUNT","SIDEWAYS","17.5","TRUE","FALSE","FALSE","WEAKENING","WEAKENING (Passive)","0.25","0.25","DRY / QUIET","75","25","39.34","22.77","16.72","21.37","217.15","220.51","226.22","1686100","6634830","964","Supertrend bearish | RSI 39.3 lemah | Volume 0.25x | Lolos anti-crash ADX | RISEN SIDEWAYS","Full Grid (1-2-3-4)","100000000","240","224","218","214","0.1","0.2","0.3","0.4","416","892","1376","1869","4553","99958200","41800","219.54","219.55","204","294","348","348","15","7.08","45","58.51","3","8.26"
"MGNA","2026-05-25","2026-05-25","559","FULL","88","0","AVOID","-","passive","FALSE","","V-SHAPE","2026-05-07","","18d","18","DOWNTREND","BEARISH","BEARISH","BEARISH","DOWNTREND DISCOUNT","NORMAL DOWNTREND","17.5","TRUE","FALSE","FALSE","LAGGING","LAGGARD (Passive)","0.7","0.7","DRY / QUIET","68.75","31.25","11.18","41.89","2.97","27.75","141","164.76","138.99","1228600","1748825","964","Supertrend bearish | RSI 11.2 lemah | Volume 0.7x | Crash filter aktif | RISEN NORMAL DOWNTREND","Full Grid (1-2-3-4)","100000000","170","166","164","163","0.1","0.2","0.3","0.4","588","1204","1829","2453","6074","99961900","38100","164.57","164.57","159","187","198","198","6.47","3.39","16.47","20.31","2.55","6"
"MORA","2026-05-25","2026-05-25","559","FULL","6675","-0.3731343283582089","AVOID","-","passive","FALSE","","SMART SNIPER","2026-05-07","Discount Only","18d","18","DOWNTREND","BULLISH","BULLISH","BULLISH","DOWNTREND","SIDEWAYS","25","TRUE","FALSE","FALSE","WEAKENING","WEAKENING (Passive)","0.31","0.31","DRY / QUIET","35.29","64.71","54.04","31.48","37.66","15.47","6260.29","6170.88","5330.85","588900","1894235","964","Supertrend bearish | RSI 54.0 > 50 | Volume 0.31x | Lolos anti-crash ADX | RISEN SIDEWAYS","Full Grid (1-2-3-4)","100000000","6250","5375","5175","4870","0.1","0.2","0.3","0.4","16","37","57","82","192","99319000","681000","5172.86","5172.88","4380","9050","14500","14500","29.92","15.33","132","180.31","4.41","11.76"
"NATO","2026-05-25","2026-05-25","559","FULL","590","0","AVOID","-","passive","FALSE","","BETA BREAKOUT","2026-05-07","","18d","18","DOWNTREND","BEARISH","BEARISH","BULLISH","DEMAND STRUCTURE","SIDEWAYS","47.81","TRUE","FALSE","FALSE","WEAKENING","WEAKENING (Passive)","0.58","0.58","DRY / QUIET","33.33","66.67","44.77","33.93","21.02","11.86","616.86","618.81","455.88","647500","1110935","964","Supertrend bearish | RSI 44.8 lemah | Volume 0.58x | Lolos anti-crash ADX | RISEN SIDEWAYS","Full Grid (1-2-3-4)","100000000","775","675","650","615","0.1","0.2","0.3","0.4","129","296","461","650","1536","99917500","82500","650.5","650.5","560","1100","1420","1420","27.74","13.91","83.23","118.29","3","8.5"
"RSGK","2026-05-25","2026-05-25","559","FULL","880","-3.296703296703297","AVOID","-","passive","FALSE","","V-SHAPE","2026-05-07","","18d","18","DOWNTREND","BEARISH","BEARISH","BEARISH","DOWNTREND DISCOUNT","NORMAL DOWNTREND","25","TRUE","FALSE","FALSE","LAGGING","LAGGARD (Passive)","1.03","1.03","NORMAL","0","100","33.27","20.58","27.06","29","1107.48","1138.94","1062","19600","19110","964","Supertrend bearish | RSI 33.3 lemah | Volume 1.03x | Lolos anti-crash ADX | RISEN NORMAL DOWNTREND","Full Grid (1-2-3-4)","100000000","1265","1110","1070","1015","0.1","0.2","0.3","0.4","79","180","280","394","933","99924500","75500","1071","1071.01","940","1755","2240","2240","25.69","12.23","77.08","109.15","3","8.92"
"SMBR","2026-05-25","2026-05-25","559","FULL","171","3.6363636363636362","AVOID","-","passive","FALSE","","V-SHAPE","2026-05-07","","18d","18","DOWNTREND","BEARISH","BEARISH","BEARISH","STRUCTURE + DISCOUNT","NORMAL DOWNTREND","42.26","TRUE","FALSE","FALSE","LAGGING","LAGGARD (Passive)","0.51","0.51","DRY / QUIET","75","25","28.91","43.74","10.32","35.16","194.28","215.72","249.7","3222100","6377065","964","Supertrend bearish | RSI 28.9 lemah | Volume 0.51x | Crash filter aktif | RISEN NORMAL DOWNTREND","Full Grid (1-2-3-4)","100000000","202","200","200","199","0.1","0.2","0.3","0.4","495","1000","1500","2010","5005","99998000","2000","199.8","199.8","196","212","234","234","2.97","1.9","15.84","17.12","5.33","9.01"
"SOSS","2026-05-25","2026-05-25","559","FULL","815","1.2422360248447204","AVOID","-","passive","FALSE","","SMART SNIPER + V-SHAPE","2026-05-07","Structure + Discount","18d","18","DOWNTREND","BEARISH","BEARISH","NEUTRAL","STRUCTURE + DISCOUNT","SIDEWAYS","91.7","TRUE","FALSE","FALSE","LAGGING","LAGGARD (Passive)","0.04","0.04","DRY / QUIET","50","50","44.02","14.56","25.29","36.66","849.12","858.4","814.44","400","11265","964","Supertrend bearish | RSI 44.0 lemah | Volume 0.04x | Lolos anti-crash ADX | RISEN SIDEWAYS","Full Grid (1-2-3-4)","100000000","920","855","835","815","0.1","0.2","0.3","0.4","108","233","359","490","1190","99769000","231000","838.39","838.44","775","1140","1180","1180","15.76","7.56","28.26","40.75","1.79","5.39"
"ASHA","2026-05-25","2026-05-25","559","FULL","66","4.761904761904762","AVOID","-","passive","FALSE","","BETA BREAKOUT","2026-05-06","","19d","19","DOWNTREND","BEARISH","BEARISH","BULLISH","STRUCTURE + DISCOUNT","SIDEWAYS","34.37","TRUE","FALSE","FALSE","LAGGING","LAGGARD (Passive)","0.17","0.17","DRY / QUIET","66.67","33.33","41.39","19.21","22.3","22.37","72","73.81","63.89","21491400","129648570","962","Supertrend bearish | RSI 41.4 lemah | Volume 0.17x | Lolos anti-crash ADX | RISEN SIDEWAYS","Full Grid (1-2-3-4)","100000000","88","75","71","67","0.1","0.2","0.3","0.4","1136","2666","4225","5970","13997","99988300","11700","71.44","71.44","60","130","172","172","31.82","16.01","95.45","140.78","3","8.79"
"CMRY","2026-05-25","2026-05-25","559","FULL","4480","-0.8849557522123894","AVOID","-","passive","FALSE","","SMART SNIPER","2026-05-06","Discount Only","19d","19","DOWNTREND","BEARISH","BEARISH","BEARISH","STRUCTURE + DISCOUNT","SIDEWAYS","46.3","TRUE","FALSE","FALSE","WEAKENING","WEAKENING (Passive)","0.5","0.5","DRY / QUIET","41.18","58.82","43.5","16.26","14.05","25.18","4609.82","4687.31","4954.81","1873200","3727165","962","Supertrend bearish | RSI 43.5 lemah | Volume 0.5x | Lolos anti-crash ADX | RISEN SIDEWAYS","Full Grid (1-2-3-4)","100000000","4870","4540","4460","4340","0.1","0.2","0.3","0.4","20","44","67","92","223","99526000","474000","4463.05","4463.94","4160","5925","7000","7000","14.58","6.79","43.74","56.84","3","8.37"
"DEFI","2026-05-25","2026-05-25","559","FULL","151","6.338028169014084","AVOID","-","passive","FALSE","","V-SHAPE","2026-05-06","","19d","19","DOWNTREND","BEARISH","BEARISH","BEARISH","STRUCTURE + DISCOUNT","NORMAL DOWNTREND","38.99","TRUE","FALSE","FALSE","LAGGING","LAGGARD (Passive)","0.27","0.27","DRY / QUIET","38.1","61.9","48.29","25.25","26.74","22.33","160.47","153.44","372.66","55544200","204739625","962","Supertrend bearish | RSI 48.3 lemah | Volume 0.27x | Lolos anti-crash ADX | RISEN NORMAL DOWNTREND","Full Grid (1-2-3-4)","100000000","200","171","164","154","0.1","0.2","0.3","0.4","500","1169","1829","2597","6095","99979300","20700","164.03","164.03","136","296","500","500","32","17.09","150","204.81","4.69","11.98"
"DIGI","2026-05-25","2026-05-25","559","FULL","33","10","AVOID","-","passive","FALSE","","G ACC","2026-05-06","","19d","19","DOWNTREND","BEARISH","BEARISH","NEUTRAL","DOWNTREND DISCOUNT","SIDEWAYS","25","TRUE","FALSE","FALSE","LAGGING","LAGGARD (Passive)","0.13","0.13","DRY / QUIET","50","50","44.87","17.54","26.51","38.65","35.5","35.32","33.06","485000","3624945","962","Supertrend bearish | RSI 44.9 lemah | Volume 0.13x | Lolos anti-crash ADX | RISEN SIDEWAYS","Full Grid (1-2-3-4)","100000000","45","37","34","32","0.1","0.2","0.3","0.4","2222","5405","8823","12500","28950","99995700","4300","34.54","34.54","27","72","99","99","40","21.83","120","186.62","3","8.55"
"HALO","2026-05-25","2026-05-25","559","FULL","73","1.3888888888888888","AVOID","-","passive","FALSE","","SMART SNIPER","2026-05-06","Discount Only","19d","19","DOWNTREND","BEARISH","BEARISH","BEARISH","STRUCTURE + DISCOUNT","SIDEWAYS","34.06","TRUE","FALSE","FALSE","WEAKENING","WEAKENING (Passive)","0.15","0.15","DRY / QUIET","37.5","62.5","45.99","30.09","23.02","16.96","77.3","77.61","82.66","17996400","123357535","962","Supertrend bearish | RSI 46.0 lemah | Volume 0.15x | Lolos anti-crash ADX | RISEN SIDEWAYS","Full Grid (1-2-3-4)","100000000","91","78","74","70","0.1","0.2","0.3","0.4","1098","2564","4054","5714","13430","99988600","11400","74.45","74.45","63","133","175","175","30.77","15.38","92.31","135.05","3","8.78"
"HRME","2026-05-25","2026-05-25","559","FULL","42","7.6923076923076925","AVOID","-","passive","FALSE","","SMART GAMMA","2026-05-06","","19d","19","DOWNTREND","BEARISH","BEARISH","BEARISH","DOWNTREND DISCOUNT","NORMAL DOWNTREND","25","TRUE","FALSE","FALSE","LAGGING","LAGGARD (Passive)","0.31","0.31","DRY / QUIET","50","50","39.29","21.31","29.67","44.79","48.74","48.55","44.49","1605500","5215545","962","Supertrend bearish | RSI 39.3 lemah | Volume 0.31x | Lolos anti-crash ADX | RISEN NORMAL DOWNTREND","Full Grid (1-2-3-4)","100000000","60","51","48","45","0.1","0.2","0.3","0.4","1666","3921","6250","8888","20725","99989100","10900","48.25","48.25","41","89","117","117","31.67","15.02","95","142.51","3","9.49"
"IKAN","2026-05-25","2026-05-25","559","FULL","79","-1.25","AVOID","-","passive","FALSE","","SMART GAMMA","2026-05-06","","19d","19","DOWNTREND","BEARISH","BEARISH","BEARISH","STRUCTURE + DISCOUNT","NORMAL DOWNTREND","33.2","TRUE","FALSE","FALSE","LAGGING","LAGGARD (Passive)","0.4","0.4","DRY / QUIET","0","100","31.33","15.79","22.86","22.6","91.82","96.54","102.04","4590700","11345260","962","Supertrend bearish | RSI 31.3 lemah | Volume 0.4x | Lolos anti-crash ADX | RISEN NORMAL DOWNTREND","Full Grid (1-2-3-4)","100000000","106","92","89","84","0.1","0.2","0.3","0.4","943","2173","3370","4761","11247","99972800","27200","88.89","88.89","77","150","193","193","27.36","13.37","82.08","117.13","3","8.76"
"JIHD","2026-05-25","2026-05-25","559","FULL","460","3.6036036036036037","AVOID","-","passive","FALSE","","EARLY SWEEP","2026-03-17","","69d","69","DOWNTREND","BEARISH","BEARISH","BEARISH","STRUCTURE + DISCOUNT","NORMAL DOWNTREND","67.71","TRUE","FALSE","FALSE","LEADING","LEADING (Passive)","0.23","0.23","DRY / QUIET","100","0","37.03","28.23","10.68","27.53","484.02","513.28","591.02","88400","386275","962","Supertrend bearish | RSI 37.0 lemah | Volume 0.23x | Lolos anti-crash ADX | RISEN NORMAL DOWNTREND","Full Grid (1-2-3-4)","100000000","675","570","540","505","0.1","0.2","0.3","0.4","148","350","555","792","1845","99906000","94000","541.5","541.52","452","1010","1345","1345","33.04","16.53","99.26","148.39","3","8.98"
"KKES","2026-05-25","2026-05-25","559","FULL","40","8.108108108108109","AVOID","-","passive","FALSE","","BETA BREAKOUT","2026-05-06","","19d","19","DOWNTREND","BEARISH","BULLISH","BULLISH","DOWNTREND PREMIUM","NORMAL UPTREND","25","TRUE","TRUE","FALSE","WEAKENING","WEAKENING (Passive)","0.07","0.07","DRY / QUIET","50","50","49.98","27.11","34.52","37.12","40.79","37.99","33.93","674300","9193880","962","Supertrend bearish | RSI 50.0 lemah | Volume 0.07x | Lolos anti-crash ADX | RISEN NORMAL UPTREND","Full Grid (1-2-3-4)","100000000","41","36","35","33","0.1","0.2","0.3","0.4","2439","5555","8571","12121","28686","99995700","4300","34.86","34.86","31","56","71","71","24.39","11.07","73.17","103.68","3","9.37"
"LFLO","2026-05-25","2026-05-25","559","FULL","500","5.485232067510549","AVOID","-","passive","FALSE","","V-SHAPE","2026-05-06","","19d","19","DOWNTREND","BEARISH","BEARISH","BULLISH","STRUCTURE + DISCOUNT","SIDEWAYS","30.76","TRUE","FALSE","FALSE","LAGGING","LAGGARD (Passive)","0.09","0.09","DRY / QUIET","100","0","41.24","25.44","14.57","28.83","544.32","558.59","498.15","11400","131460","962","Supertrend bearish | RSI 41.2 lemah | Volume 0.09x | Lolos anti-crash ADX | RISEN SIDEWAYS","Full Grid (1-2-3-4)","100000000","540","515","510","505","0.1","0.2","0.3","0.4","185","388","588","792","1953","99956000","44000","511.81","511.81","486","620","650","650","10","5.04","20.37","27","2.04","5.35"
"NIKL","2026-05-25","2026-05-25","559","FULL","268","6.349206349206349","AVOID","-","passive","FALSE","","SMART GAMMA","2026-05-06","","19d","19","DOWNTREND","BEARISH","BEARISH","BEARISH","STRUCTURE + DISCOUNT","NORMAL DOWNTREND","25","TRUE","FALSE","FALSE","LAGGING","LAGGARD (Passive)","0.48","0.48","DRY / QUIET","60","40","41.85","23.16","29.91","29.97","308.37","317.46","319.97","28373100","59427200","962","Supertrend bearish | RSI 41.9 lemah | Volume 0.48x | Lolos anti-crash ADX | RISEN NORMAL DOWNTREND","Full Grid (1-2-3-4)","100000000","448","362","340","312","0.1","0.2","0.3","0.4","223","552","882","1282","2939","99959200","40800","340.11","340.12","268","720","990","990","40.18","21.2","120.98","191.08","3.01","9.01"
"OMRE","2026-05-25","2026-05-25","559","FULL","760","-2.564102564102564","AVOID","-","passive","FALSE","","SMART GAMMA","2026-05-06","","19d","19","DOWNTREND","BEARISH","BEARISH","BULLISH","DOWNTREND PREMIUM","NORMAL DOWNTREND","0","FALSE","FALSE","FALSE","LAGGING","LAGGARD (Passive)","0.58","0.58","DRY / QUIET","50","50","39.75","12.23","25.41","42.05","851.25","817.94","640.67","5600","9615","962","Supertrend bearish | RSI 39.8 lemah | Volume 0.58x | Lolos anti-crash ADX | RISEN NORMAL DOWNTREND","Full Grid (1-2-3-4)","100000000","940","710","655","580","0.1","0.2","0.3","0.4","106","281","458","689","1534","99876000","124000","651.08","651.15","466","1650","2360","2360","50.43","28.43","151.06","262.47","3","9.23"
"PGEO","2026-05-25","2026-05-25","559","FULL","925","0","AVOID","-","passive","FALSE","","V-SHAPE","2026-05-06","","19d","19","DOWNTREND","BEARISH","BEARISH","BEARISH","STRUCTURE + DISCOUNT","NORMAL DOWNTREND","25","TRUE","FALSE","FALSE","WEAKENING","WEAKENING (Passive)","0.69","0.69","DRY / QUIET","40","60","34.68","18.38","13.66","29.19","992.11","1026.96","1140.23","17598600","25589635","962","Supertrend bearish | RSI 34.7 lemah | Volume 0.69x | Lolos anti-crash ADX | RISEN NORMAL DOWNTREND","Full Grid (1-2-3-4)","100000000","1055","1020","1010","1000","0.1","0.2","0.3","0.4","94","196","297","400","987","99906000","94000","1012.22","1012.25","980","1170","1285","1285","7.11","3.18","21.8","26.95","3.07","8.47"
"PYFA","2026-05-25","2026-05-25","559","FULL","240","-0.8264462809917356","AVOID","-","passive","FALSE","","SMART SNIPER","2026-05-06","Structure + Discount","19d","19","DOWNTREND","BEARISH","BEARISH","BEARISH","STRUCTURE + DISCOUNT","NORMAL DOWNTREND","25","TRUE","FALSE","FALSE","LAGGING","LAGGARD (Passive)","0.19","0.19","DRY / QUIET","33.33","66.67","33.75","19.9","17.32","32.14","307.23","336.25","394.4","14424500","76373175","962","Supertrend bearish | RSI 33.8 lemah | Volume 0.19x | Lolos anti-crash ADX | RISEN NORMAL DOWNTREND","Full Grid (1-2-3-4)","100000000","380","336","326","310","0.1","0.2","0.3","0.4","263","595","920","1290","3068","99968000","32000","325.84","325.84","286","520","660","660","24.74","12.23","73.68","102.55","2.98","8.39"
"RCCC","2026-05-25","2026-05-25","559","FULL","101","-3.8095238095238098","AVOID","-","passive","FALSE","","V-SHAPE","2026-05-06","","19d","19","DOWNTREND","BEARISH","BEARISH","BEARISH","STRUCTURE + DISCOUNT","SIDEWAYS","95.43","TRUE","FALSE","FALSE","WEAKENING","WEAKENING (Passive)","1.14","1.14","NORMAL","33.33","66.67","38.38","15.16","11.48","17.41","108.45","115.56","152","19173900","16871360","962","Supertrend bearish | RSI 38.4 lemah | Volume 1.14x | Lolos anti-crash ADX | RISEN SIDEWAYS","Full Grid (1-2-3-4)","100000000","112","104","102","99","0.1","0.2","0.3","0.4","892","1923","2941","4040","9796","99983800","16200","102.07","102.07","94","139","166","166","16.07","7.9","48.21","62.64","3","7.93"
"RICY","2026-05-25","2026-05-25","559","FULL","78","-1.2658227848101267","AVOID","-","passive","FALSE","","BETA BREAKOUT","2026-05-06","","19d","19","DOWNTREND","BEARISH","BEARISH","BEARISH","STRUCTURE + DISCOUNT","NORMAL DOWNTREND","25","TRUE","FALSE","FALSE","LAGGING","LAGGARD (Passive)","0.16","0.16","DRY / QUIET","33.33","66.67","37.46","37.98","35.94","14.29","93.68","93.47","81.53","1933400","12100705","962","Supertrend bearish | RSI 37.5 lemah | Volume 0.16x | Lolos anti-crash ADX | RISEN NORMAL DOWNTREND","Full Grid (1-2-3-4)","100000000","126","100","94","85","0.1","0.2","0.3","0.4","793","2000","3191","4705","10689","99979700","20300","93.54","93.54","72","208","288","288","42.86","23.02","128.57","207.91","3","9.03"
"ABDA","2026-05-25","2026-05-25","559","FULL","3220","-3.880597014925373","AVOID","-","passive","FALSE","","SMART GAMMA","2026-05-05","","20d","20","DOWNTREND","BEARISH","BULLISH","BULLISH","DOWNTREND","NORMAL UPTREND","25","TRUE","TRUE","FALSE","WEAKENING","WEAKENING (Passive)","0.25","0.25","DRY / QUIET","100","0","50.11","22.7","23.07","27.76","3288.45","3053.47","3062.31","5700","22730","960","Supertrend bearish | RSI 50.1 > 50 | Volume 0.25x | Lolos anti-crash ADX | RISEN NORMAL UPTREND","Full Grid (1-2-3-4)","100000000","3810","3080","2900","2650","0.1","0.2","0.3","0.4","26","64","103","150","343","99238000","762000","2893.24","2893.74","2310","6050","8300","8300","39.37","20.16","117.85","186.88","2.99","9.27"
"CDIA","2026-05-25","2026-05-25","211","IPO / SHORT","735","-2","AVOID","-","passive","FALSE","","SMART SNIPER","2026-05-05","Structure + Discount","20d","20","DOWNTREND","BEARISH","BEARISH","BEARISH","STRUCTURE + DISCOUNT","NORMAL DOWNTREND","25","TRUE","FALSE","FALSE","LAGGING","LAGGARD (Passive)","0.97","0.97","NORMAL","13.04","86.96","34.15","21.86","18.57","33.29","938.64","1016.1","1157.63","112188100","115170700","960","Supertrend bearish | RSI 34.1 lemah | Volume 0.97x | Lolos anti-crash ADX | RISEN NORMAL DOWNTREND","Full Grid (1-2-3-4)","100000000","1190","1075","1050","1010","0.1","0.2","0.3","0.4","84","186","285","396","951","99912000","88000","1050.6","1050.6","940","1565","1595","1595","21.01","10.53","34.03","51.82","1.62","4.92"
"COIN","2026-05-25","2026-05-25","211","IPO / SHORT","835","0","AVOID","-","passive","FALSE","","EARLY SWEEP","2026-05-05","","20d","20","DOWNTREND","BEARISH","BEARISH","BEARISH","STRUCTURE + DISCOUNT","NORMAL DOWNTREND","56.34","TRUE","FALSE","FALSE","LAGGING","LAGGARD (Passive)","0.42","0.42","DRY / QUIET","30","70","28.72","31.09","13.62","35.03","1045.57","1296.4","1775.79","3014600","7258545","960","Supertrend bearish | RSI 28.7 lemah | Volume 0.42x | Crash filter aktif | RISEN NORMAL DOWNTREND","Full Grid (1-2-3-4)","100000000","3130","2620","2490","2320","0.1","0.2","0.3","0.4","31","76","120","172","399","99399000","601000","2491.2","2492.64","2040","4770","6400","6400","34.82","18.11","104.47","156.9","3","8.66"
"ENZO","2026-05-25","2026-05-25","559","FULL","74","0","AVOID","-","passive","FALSE","","BETA BREAKOUT","2026-05-05","","20d","20","DOWNTREND","BEARISH","BEARISH","BULLISH","DEMAND STRUCTURE","NORMAL UPTREND","25","TRUE","TRUE","FALSE","LAGGING","LAGGARD (Passive)","0.12","0.12","DRY / QUIET","40","60","44.56","26.62","21.77","21.67","81.47","78.17","63.13","16314800","137389015","960","Supertrend bearish | RSI 44.6 lemah | Volume 0.12x | Lolos anti-crash ADX | RISEN NORMAL UPTREND","Full Grid (1-2-3-4)","100000000","97","76","70","63","0.1","0.2","0.3","0.4","1030","2631","4285","6349","14295","99980300","19700","69.94","69.94","52","165","232","232","46.39","25.65","139.18","231.71","3","9.03"
"GTSI","2026-05-25","2026-05-25","559","FULL","167","-2.3391812865497075","AVOID","-","passive","FALSE","","EARLY SWEEP","2026-05-05","","20d","20","DOWNTREND","BEARISH","BEARISH","BEARISH","STRUCTURE + DISCOUNT","NORMAL DOWNTREND","69.9","TRUE","FALSE","FALSE","LAGGING","LAGGARD (Passive)","0.83","0.83","NORMAL","27.78","72.22","31.36","28.71","12.41","28.39","204.28","228.03","200.42","27835500","33492640","960","Supertrend bearish | RSI 31.4 lemah | Volume 0.83x | Lolos anti-crash ADX | RISEN NORMAL DOWNTREND","Full Grid (1-2-3-4)","100000000","218","198","193","186","0.1","0.2","0.3","0.4","458","1010","1554","2150","5172","99964600","35400","193.28","193.28","171","288","294","294","21.56","11.53","34.86","52.11","1.62","4.52"
"IOTF","2026-05-25","2026-05-25","559","FULL","58","3.571428571428571","AVOID","-","passive","FALSE","","SMART SNIPER","2026-05-05","Structure + Discount","20d","20","DOWNTREND","BEARISH","BEARISH","BEARISH","STRUCTURE + DISCOUNT","NORMAL DOWNTREND","46.74","TRUE","FALSE","FALSE","LAGGING","LAGGARD (Passive)","0.57","0.57","DRY / QUIET","50","50","41.63","12.07","21.02","22.68","61.12","64.43","84.1","9123700","16032990","960","Supertrend bearish | RSI 41.6 lemah | Volume 0.57x | Lolos anti-crash ADX | RISEN NORMAL DOWNTREND","Full Grid (1-2-3-4)","100000000","67","64","63","62","0.1","0.2","0.3","0.4","1492","3125","4761","6451","15829","99986900","13100","63.17","63.17","60","78","86","86","10.45","5.01","28.36","36.15","2.71","7.21"
"JARR","2026-05-25","2026-05-25","559","FULL","1655","4.088050314465408","AVOID","-","passive","FALSE","","EARLY SWEEP","2026-05-05","","20d","20","DOWNTREND","BEARISH","BEARISH","BEARISH","STRUCTURE + DISCOUNT","NORMAL DOWNTREND","25.79","TRUE","FALSE","FALSE","LAGGING","LAGGARD (Passive)","0.76","0.76","DRY / QUIET","27.5","72.5","33.81","24.04","19.04","34.64","1965.71","2154.53","2277.45","1241200","1634465","960","Supertrend bearish | RSI 33.8 lemah | Volume 0.76x | Lolos anti-crash ADX | RISEN NORMAL DOWNTREND","Full Grid (1-2-3-4)","100000000","3670","3270","3170","3030","0.1","0.2","0.3","0.4","27","61","94","132","314","99650000","350000","3173.57","3173.99","2800","9600","10550","10550","23.71","11.77","187.47","232.43","7.91","19.75"
"KLIN","2026-05-25","2026-05-25","559","FULL","109","-0.9090909090909091","AVOID","-","passive","FALSE","","EARLY SWEEP","2026-05-05","","20d","20","DOWNTREND","BEARISH","BEARISH","BEARISH","STRUCTURE + DISCOUNT","NORMAL DOWNTREND","20.06","TRUE","FALSE","FALSE","LAGGING","LAGGARD (Passive)","0.73","0.73","DRY / QUIET","36.36","63.64","24.9","23.82","10.36","28.24","134.18","146.19","157.09","80500","109950","960","Supertrend bearish | RSI 24.9 lemah | Volume 0.73x | Lolos anti-crash ADX | RISEN NORMAL DOWNTREND","Full Grid (1-2-3-4)","100000000","168","150","145","139","0.1","0.2","0.3","0.4","595","1333","2068","2877","6873","99967300","32700","145.45","145.45","128","228","288","288","23.81","12","71.43","98.01","3","8.17"
"KONI","2026-05-25","2026-05-25","559","FULL","2610","7.4074074074074066","HOLD","-","passive","FALSE","","SMART GAMMA","2026-05-05","","20d","20","UPTREND","BEARISH","BULLISH","BULLISH","DEMAND STRUCTURE","NORMAL UPTREND","60","TRUE","TRUE","FALSE","WEAKENING","WEAKENING (Passive)","0.25","0.25","DRY / QUIET","53.33","46.67","51.01","27.22","21.74","18.06","2619.56","2351.21","2072.03","42900","172585","960","Supertrend bullish | RSI 51.0 > 50 | Volume 0.25x | Lolos anti-crash ADX | RISEN NORMAL UPTREND","Full Grid (1-2-3-4)","100000000","2980","2430","2300","2120","0.1","0.2","0.3","0.4","33","82","130","188","433","99516000","484000","2298.29","2298.98","1820","4720","6450","6450","38.93","20.81","116.44","180.64","2.99","8.68"
"MKAP","2026-05-25","2026-05-25","534","FULL","1085","0","AVOID","-","passive","FALSE","","G ACC","2026-03-06","","80d","80","DOWNTREND","BULLISH","BULLISH","BULLISH","DEMAND STRUCTURE","SIDEWAYS","75","TRUE","FALSE","TRUE","LEADING","LEADING (Passive)","2.6","2.6","VOLUME SURGE","100","0","60.16","45.84","23.88","15.42","1078.72","1023.33","704.78","366600","140950","960","Supertrend bearish | RSI 60.2 > 50 | Volume valid 2.6x | Lolos anti-crash ADX | RISEN SIDEWAYS","Full Grid (1-2-3-4)","100000000","1005","840","800","740","0.1","0.2","0.3","0.4","99","238","375","540","1252","99901500","98500","797.94","798","665","1515","2030","2030","33.83","16.66","101.99","154.41","3.01","9.27"
"PIPA","2026-05-25","2026-05-25","559","FULL","125","4.166666666666666","AVOID","-","passive","FALSE","","V-SHAPE","2026-05-05","","20d","20","DOWNTREND","BEARISH","BEARISH","BEARISH","STRUCTURE + DISCOUNT","SIDEWAYS","38.41","TRUE","FALSE","FALSE","WEAKENING","WEAKENING (Passive)","0.68","0.68","DRY / QUIET","6.25","93.75","44.71","37.21","23.61","15.02","133.93","144.3","172.68","68027900","100652315","960","Supertrend bearish | RSI 44.7 lemah | Volume 0.68x | Lolos anti-crash ADX | RISEN SIDEWAYS","Full Grid (1-2-3-4)","100000000","161","147","143","138","0.1","0.2","0.3","0.4","621","1360","2097","2898","6976","99969600","30400","143.31","143.31","129","210","258","258","19.88","9.98","60.25","80.04","3.03","8.02"
"PSGO","2026-05-25","2026-05-25","559","FULL","195","-0.5102040816326531","AVOID","-","passive","FALSE","","EARLY SWEEP","2026-03-16","","70d","70","DOWNTREND","BEARISH","BEARISH","BEARISH","STRUCTURE + DISCOUNT","NORMAL DOWNTREND","45.52","TRUE","FALSE","FALSE","LEADING","LEADING (Passive)","0.7","0.7","DRY / QUIET","71.43","28.57","41.46","20.14","7.12","20.74","198.62","200.97","202.15","506300","725330","960","Supertrend bearish | RSI 41.5 lemah | Volume 0.7x | Lolos anti-crash ADX | RISEN NORMAL DOWNTREND","Full Grid (1-2-3-4)","100000000","274","232","222","208","0.1","0.2","0.3","0.4","364","862","1351","1923","4500","99962600","37400","222.14","222.15","187","404","535","535","31.75","15.82","95.26","140.84","3","8.9"
"PTRO","2026-05-25","2026-05-25","559","FULL","3580","-4.533333333333333","AVOID","-","passive","FALSE","","V-SHAPE","2026-05-05","","20d","20","DOWNTREND","BEARISH","BEARISH","BEARISH","STRUCTURE + DISCOUNT","NORMAL DOWNTREND","25","TRUE","FALSE","FALSE","LAGGING","LAGGARD (Passive)","0.51","0.51","DRY / QUIET","3.23","96.77","32.83","25.31","13.59","34.19","4770.23","5422.44","6574.72","51441000","100607905","960","Supertrend bearish | RSI 32.8 lemah | Volume 0.51x | Lolos anti-crash ADX | RISEN NORMAL DOWNTREND","Full Grid (1-2-3-4)","100000000","5900","5350","5225","5050","0.1","0.2","0.3","0.4","16","37","57","79","189","98912500","1087500","5233.47","5236.79","4700","7700","9500","9500","20.34","10.19","61.02","81.52","3","8"
"RATU","2026-05-25","2026-05-25","322","FULL","4260","-2.73972602739726","AVOID","-","passive","FALSE","","EARLY SWEEP","2026-05-05","","20d","20","DOWNTREND","BEARISH","BEARISH","BEARISH","STRUCTURE + DISCOUNT","NORMAL DOWNTREND","23.27","TRUE","FALSE","FALSE","LAGGING","LAGGARD (Passive)","0.59","0.59","DRY / QUIET","12.5","87.5","33.35","27.18","11.6","32.76","5364.43","5869.85","6692.32","6684400","11425815","960","Supertrend bearish | RSI 33.4 lemah | Volume 0.59x | Lolos anti-crash ADX | RISEN NORMAL DOWNTREND","Full Grid (1-2-3-4)","100000000","7075","5700","5350","4890","0.1","0.2","0.3","0.4","14","35","56","81","186","99424000","576000","5345.38","5344.84","4190","11400","15725","15725","40.78","21.61","122.26","194.18","3","8.98"
"ARII","2026-05-25","2026-05-25","559","FULL","274","2.2388059701492535","AVOID","-","passive","FALSE","","V-SHAPE","2026-05-04","","21d","21","DOWNTREND","BEARISH","BEARISH","BEARISH","STRUCTURE + DISCOUNT","SIDEWAYS","47.5","TRUE","FALSE","FALSE","LAGGING","LAGGARD (Passive)","0.43","0.43","DRY / QUIET","50","50","43.99","15.3","14.64","21.58","283.21","284.82","282.81","266500","619435","958","Supertrend bearish | RSI 44.0 lemah | Volume 0.43x | Lolos anti-crash ADX | RISEN SIDEWAYS","Full Grid (1-2-3-4)","100000000","292","276","272","266","0.1","0.2","0.3","0.4","342","724","1102","1503","3671","99923000","77000","272.2","272.2","256","346","400","400","12.33","5.95","36.99","46.95","3","7.89"
"BCIP","2026-05-25","2026-05-25","559","FULL","63","0","AVOID","-","passive","FALSE","","V-SHAPE","2026-05-04","","21d","21","DOWNTREND","BEARISH","BEARISH","BEARISH","STRUCTURE + DISCOUNT","NORMAL DOWNTREND","25","TRUE","FALSE","FALSE","LAGGING","LAGGARD (Passive)","0.26","0.26","DRY / QUIET","25","75","37.48","24.16","23.86","22.36","70.88","72.89","80.42","32843200","125730015","958","Supertrend bearish | RSI 37.5 lemah | Volume 0.26x | Lolos anti-crash ADX | RISEN NORMAL DOWNTREND","Full Grid (1-2-3-4)","100000000","89","78","75","71","0.1","0.2","0.3","0.4","1123","2564","4000","5633","13320","99988200","11800","75.07","75.07","65","125","161","161","26.97","13.41","80.9","114.48","3","8.54"
"BINO","2026-05-25","2026-05-25","559","FULL","103","0","AVOID","-","passive","FALSE","","V-SHAPE","2026-05-04","","21d","21","DOWNTREND","BEARISH","BEARISH","BEARISH","STRUCTURE + DISCOUNT","NORMAL DOWNTREND","28.32","TRUE","FALSE","FALSE","LAGGING","LAGGARD (Passive)","0.51","0.51","DRY / QUIET","33.33","66.67","19.9","35.8","8.36","27.31","115.08","120.28","127.44","665900","1313500","958","Supertrend bearish | RSI 19.9 lemah | Volume 0.51x | Crash filter aktif | RISEN NORMAL DOWNTREND","Full Grid (1-2-3-4)","100000000","126","122","121","120","0.1","0.2","0.3","0.4","793","1639","2479","3333","8244","99979500","20500","121.28","121.28","117","140","154","154","7.14","3.53","22.22","26.98","3.11","7.65"
"BOLT","2026-05-25","2026-05-25","559","FULL","785","-0.6329113924050633","AVOID","-","passive","FALSE","","EARLY SWEEP","2026-05-04","","21d","21","DOWNTREND","BEARISH","BEARISH","BEARISH","STRUCTURE + DISCOUNT","NORMAL DOWNTREND","25","TRUE","FALSE","FALSE","LAGGING","LAGGARD (Passive)","0.15","0.15","DRY / QUIET","0","100","30.93","29.16","18.25","42.62","860.25","904.04","1007.03","9200","62585","958","Supertrend bearish | RSI 30.9 lemah | Volume 0.15x | Lolos anti-crash ADX | RISEN NORMAL DOWNTREND","Full Grid (1-2-3-4)","100000000","1035","1020","1015","1005","0.1","0.2","0.3","0.4","96","196","295","398","985","99869500","130500","1013.9","1013.92","1000","1090","1200","1200","3.38","1.37","15.94","18.35","4.71","13.38"
"CRSN","2026-05-25","2026-05-25","559","FULL","106","0","AVOID","-","passive","FALSE","","SMART SNIPER","2026-05-04","Structure + Discount","21d","21","DOWNTREND","BEARISH","BEARISH","BEARISH","STRUCTURE + DISCOUNT","SIDEWAYS","47.3","TRUE","FALSE","FALSE","LAGGING","LAGGARD (Passive)","0.17","0.17","DRY / QUIET","40","60","41.62","16.99","16.02","19.3","110.65","112.96","117.31","185000","1083495","958","Supertrend bearish | RSI 41.6 lemah | Volume 0.17x | Lolos anti-crash ADX | RISEN SIDEWAYS","Full Grid (1-2-3-4)","100000000","121","110","107","103","0.1","0.2","0.3","0.4","826","1818","2803","3883","9330","99979600","20400","107.16","107.16","97","157","193","193","19.83","9.48","59.5","80.11","3","8.45"
"FWCT","2026-05-25","2026-05-25","559","FULL","83","2.4691358024691357","AVOID","-","passive","FALSE","","V-SHAPE","2026-05-04","","21d","21","DOWNTREND","BEARISH","BEARISH","BEARISH","STRUCTURE + DISCOUNT","NORMAL DOWNTREND","25","TRUE","FALSE","FALSE","LAGGING","LAGGARD (Passive)","0.18","0.18","DRY / QUIET","37.5","62.5","38.15","18.31","23.7","20.89","92.74","103.18","128.19","5039500","28637140","958","Supertrend bearish | RSI 38.1 lemah | Volume 0.18x | Lolos anti-crash ADX | RISEN NORMAL DOWNTREND","Full Grid (1-2-3-4)","100000000","120","105","101","96","0.1","0.2","0.3","0.4","833","1904","2970","4166","9873","99978600","21400","101.26","101.27","87","170","220","220","27.5","14.09","83.33","117.25","3.03","8.32"
"GRPH","2026-05-25","2026-05-25","547","FULL","60","-3.225806451612903","HOLD","-","passive","FALSE","","SMART GAMMA","2026-05-04","","21d","21","UPTREND","BEARISH","BEARISH","BEARISH","STRUCTURE + DISCOUNT","SIDEWAYS","47.44","TRUE","FALSE","FALSE","WEAKENING","WEAKENING (Passive)","0.06","0.06","DRY / QUIET","0","100","44.44","42.77","24.11","20.74","62.99","61.26","60.47","2107400","32707645","958","Supertrend bullish | RSI 44.4 lemah | Volume 0.06x | Lolos anti-crash ADX | RISEN SIDEWAYS","Full Grid (1-2-3-4)","100000000","72","61","58","55","0.1","0.2","0.3","0.4","1388","3278","5172","7272","17110","99983000","17000","58.44","58.44","49","107","141","141","31.94","16.15","95.83","141.29","3","8.75"
"HAJJ","2026-05-25","2026-05-25","559","FULL","120","0","AVOID","-","passive","FALSE","","V-SHAPE","2026-05-04","","21d","21","DOWNTREND","BEARISH","BEARISH","BEARISH","DOWNTREND DISCOUNT","SIDEWAYS","45.08","TRUE","FALSE","FALSE","LAGGING","LAGGARD (Passive)","0.84","0.84","NORMAL","50","50","31.26","24.21","10.57","23.82","130.46","132.6","133.89","7017200","8320705","958","Supertrend bearish | RSI 31.3 lemah | Volume 0.84x | Lolos anti-crash ADX | RISEN SIDEWAYS","Full Grid (1-2-3-4)","100000000","140","133","131","129","0.1","0.2","0.3","0.4","714","1503","2290","3100","7607","99974900","25100","131.42","131.43","125","163","185","185","10.71","4.89","32.14","40.76","3","8.34"
"HERO","2026-05-25","2026-05-25","559","FULL","400","0","AVOID","-","passive","FALSE","","SMART GAMMA","2026-05-04","","21d","21","DOWNTREND","BEARISH","BEARISH","BEARISH","STRUCTURE + DISCOUNT","SIDEWAYS","25","TRUE","FALSE","FALSE","LAGGING","LAGGARD (Passive)","0.4","0.4","DRY / QUIET","16.67","83.33","42.45","30.65","31.13","18.46","434.15","431.53","456.09","891900","2219125","958","Supertrend bearish | RSI 42.5 lemah | Volume 0.4x | Lolos anti-crash ADX | RISEN SIDEWAYS","Full Grid (1-2-3-4)","100000000","590","484","458","424","0.1","0.2","0.3","0.4","169","413","655","943","2180","99942400","57600","458.45","458.48","372","915","1245","1245","36.95","18.86","111.02","171.57","3","9.1"
"IBOS","2026-05-25","2026-05-25","559","FULL","86","2.380952380952381","AVOID","-","passive","FALSE","","V-SHAPE","2026-05-04","","21d","21","DOWNTREND","BEARISH","BEARISH","BEARISH","STRUCTURE + DISCOUNT","NORMAL DOWNTREND","31.65","TRUE","FALSE","FALSE","LAGGING","LAGGARD (Passive)","0.48","0.48","DRY / QUIET","53.85","46.15","34.48","19.76","16.34","31.56","101.68","110.74","97.7","6316000","13055480","958","Supertrend bearish | RSI 34.5 lemah | Volume 0.48x | Lolos anti-crash ADX | RISEN NORMAL DOWNTREND","Full Grid (1-2-3-4)","100000000","111","103","100","98","0.1","0.2","0.3","0.4","900","1941","3000","4081","9922","99976100","23900","100.76","100.76","92","140","168","168","17.12","8.7","51.35","66.73","3","7.67"
"INDS","2026-05-25","2026-05-25","559","FULL","300","-2.5974025974025974","AVOID","-","passive","FALSE","","SMART SNIPER","2026-05-04","Discount Only","21d","21","DOWNTREND","BEARISH","BEARISH","BEARISH","STRUCTURE + DISCOUNT","NORMAL DOWNTREND","65","TRUE","FALSE","FALSE","LAGGING","LAGGARD (Passive)","0.09","0.09","DRY / QUIET","0","100","33.95","10.98","24.77","29.81","378.08","491.38","509.19","2945800","31192040","958","Supertrend bearish | RSI 34.0 lemah | Volume 0.09x | Lolos anti-crash ADX | RISEN NORMAL DOWNTREND","Full Grid (1-2-3-4)","100000000","525","434","414","382","0.1","0.2","0.3","0.4","190","460","724","1047","2421","99908000","92000","412.67","412.7","330","2410","2430","2430","37.14","20.03","362.86","488.84","9.77","24.4"
"ISEA","2026-05-25","2026-05-25","448","FULL","72","5.88235294117647","AVOID","-","passive","FALSE","","V-SHAPE","2026-05-04","","21d","21","DOWNTREND","BEARISH","BEARISH","BEARISH","STRUCTURE + DISCOUNT","NORMAL DOWNTREND","18.65","TRUE","FALSE","FALSE","LAGGING","LAGGARD (Passive)","0.15","0.15","DRY / QUIET","83.33","16.67","32.1","16.93","21.8","24.61","82.14","86.09","90.91","922300","6178870","958","Supertrend bearish | RSI 32.1 lemah | Volume 0.15x | Lolos anti-crash ADX | RISEN NORMAL DOWNTREND","Full Grid (1-2-3-4)","100000000","90","83","81","78","0.1","0.2","0.3","0.4","1111","2409","3703","5128","12351","99986400","13600","80.95","80.95","74","114","138","138","17.78","8.59","53.33","70.47","3","8.2"
"LTLS","2026-05-25","2026-05-25","559","FULL","750","2.73972602739726","AVOID","-","passive","FALSE","","BETA BREAKOUT + V-SHAPE","2026-05-04","","21d","21","DOWNTREND","BEARISH","BEARISH","BEARISH","DOWNTREND DISCOUNT","NORMAL DOWNTREND","25","TRUE","FALSE","FALSE","WEAKENING","WEAKENING (Passive)","0.2","0.2","DRY / QUIET","100","0","39.33","21.82","18.2","30.3","788.69","800.8","842.07","43900","219635","958","Supertrend bearish | RSI 39.3 lemah | Volume 0.2x | Lolos anti-crash ADX | RISEN NORMAL DOWNTREND","Full Grid (1-2-3-4)","100000000","840","800","785","775","0.1","0.2","0.3","0.4","119","250","382","516","1267","99973000","27000","789.05","789.05","750","975","1110","1110","10.71","4.95","32.14","40.67","3","8.22"
"MINA","2026-05-25","2026-05-25","559","FULL","298","-3.870967741935484","AVOID","-","passive","FALSE","","SMART GAMMA","2026-05-04","","21d","21","DOWNTREND","BEARISH","BEARISH","BULLISH","STRUCTURE + DISCOUNT","NORMAL DOWNTREND","34.2","TRUE","FALSE","FALSE","LAGGING","LAGGARD (Passive)","0.7","0.7","DRY / QUIET","17.65","82.35","44.46","22.42","13.89","22.31","325.66","327.84","287.44","297446000","422309730","958","Supertrend bearish | RSI 44.5 lemah | Volume 0.7x | Lolos anti-crash ADX | RISEN NORMAL DOWNTREND","Full Grid (1-2-3-4)","100000000","382","302","284","256","0.1","0.2","0.3","0.4","261","662","1056","1562","3541","99940200","59800","282.24","282.26","216","630","880","880","43.46","23.47","130.37","211.79","3","9.02"
"NAIK","2026-05-25","2026-05-25","357","FULL","91","0","AVOID","-","passive","FALSE","","V-SHAPE","2026-05-04","","21d","21","DOWNTREND","BEARISH","BEARISH","BEARISH","STRUCTURE + DISCOUNT","NORMAL DOWNTREND","26.76","TRUE","FALSE","FALSE","WEAKENING","WEAKENING (Passive)","0.16","0.16","DRY / QUIET","25","75","36.99","28.35","20.22","14.84","97.99","101.09","131.51","6918100","43829790","958","Supertrend bearish | RSI 37.0 lemah | Volume 0.16x | Lolos anti-crash ADX | RISEN NORMAL DOWNTREND","Full Grid (1-2-3-4)","100000000","105","97","94","92","0.1","0.2","0.3","0.4","952","2061","3191","4347","10551","99975500","24500","94.75","94.75","87","132","159","159","17.14","8.18","51.43","67.8","3","8.28"
"PADI","2026-05-25","2026-05-25","559","FULL","86","-3.3707865168539324","AVOID","-","passive","FALSE","","V-SHAPE","2026-05-04","","21d","21","DOWNTREND","BEARISH","BEARISH","BEARISH","STRUCTURE + DISCOUNT","SIDEWAYS","42.51","TRUE","FALSE","FALSE","LAGGING","LAGGARD (Passive)","0.3","0.3","DRY / QUIET","25","75","36.86","17.29","15.83","25.84","105.9","112.2","101.66","215447300","713986390","958","Supertrend bearish | RSI 36.9 lemah | Volume 0.3x | Lolos anti-crash ADX | RISEN SIDEWAYS","Full Grid (1-2-3-4)","100000000","123","113","111","107","0.1","0.2","0.3","0.4","813","1769","2702","3738","9022","99978400","21600","110.82","110.82","101","156","189","189","17.89","8.86","53.66","70.55","3","7.96"
"PRDA","2026-05-25","2026-05-25","559","FULL","2550","1.593625498007968","AVOID","-","passive","FALSE","","SMART GAMMA","2026-05-04","","21d","21","DOWNTREND","NEUTRAL","BULLISH","NEUTRAL","DEMAND STRUCTURE","NORMAL UPTREND","27.61","TRUE","TRUE","FALSE","LAGGING","LAGGARD (Passive)","0.13","0.13","DRY / QUIET","50","50","50.84","34.87","37.98","18.98","2546.72","2515.52","2549.07","116100","899740","958","Supertrend bearish | RSI 50.8 > 50 | Volume 0.13x | Lolos anti-crash ADX | RISEN NORMAL UPTREND","Full Grid (1-2-3-4)","100000000","2600","2490","2460","2420","0.1","0.2","0.3","0.4","38","80","121","165","404","99496000","504000","2462.77","2462.91","2360","2960","3320","3320","9.23","4.17","27.69","34.81","3","8.34"
"SHIP","2026-05-25","2026-05-25","559","FULL","1820","-8.542713567839195","AVOID","-","passive","FALSE","","SMART SNIPER","2026-05-04","Structure + Discount","21d","21","DOWNTREND","BEARISH","BEARISH","BEARISH","STRUCTURE + DISCOUNT","NORMAL DOWNTREND","25","TRUE","FALSE","FALSE","LAGGING","LAGGARD (Passive)","0.62","0.62","DRY / QUIET","20","80","24.98","26.77","16.33","27.14","2849.85","3398.19","3832.39","159400","256945","958","Supertrend bearish | RSI 25.0 lemah | Volume 0.62x | Lolos anti-crash ADX | RISEN NORMAL DOWNTREND","Full Grid (1-2-3-4)","100000000","4300","3870","3760","3620","0.1","0.2","0.3","0.4","23","51","79","110","263","99151000","849000","3770","3770.46","3370","5700","7100","7100","21.63","10.61","65.12","88.33","3.01","8.33"
"SMDM","2026-05-25","2026-05-25","559","FULL","530","7.28744939271255","AVOID","-","passive","FALSE","","V-SHAPE","2026-05-04","","21d","21","DOWNTREND","BEARISH","BEARISH","BEARISH","STRUCTURE + DISCOUNT","SIDEWAYS","25","TRUE","FALSE","FALSE","LAGGING","LAGGARD (Passive)","0.06","0.06","DRY / QUIET","68.09","31.91","37.47","25.81","24.24","20.91","584.37","621.08","747.31","14400","230540","958","Supertrend bearish | RSI 37.5 lemah | Volume 0.06x | Lolos anti-crash ADX | RISEN SIDEWAYS","Full Grid (1-2-3-4)","100000000","630","570","555","530","0.1","0.2","0.3","0.4","158","350","540","754","1802","99836000","164000","554.03","554.06","492","835","1045","1045","21.9","11.2","65.87","88.62","3.01","7.92"
"URBN","2026-05-25","2026-05-25","559","FULL","192","-2.5380710659898478","AVOID","-","passive","FALSE","","G ACC","2026-05-04","","21d","21","DOWNTREND","BEARISH","BEARISH","BULLISH","DOWNTREND DISCOUNT","NORMAL UPTREND","0","FALSE","TRUE","FALSE","WEAKENING","WEAKENING (Passive)","0.25","0.25","DRY / QUIET","0","100","45.78","27.5","31.97","27.34","203.29","195.14","174.48","302300","1215510","958","Supertrend bearish | RSI 45.8 lemah | Volume 0.25x | Lolos anti-crash ADX | RISEN NORMAL UPTREND","Full Grid (1-2-3-4)","100000000","252","195","181","162","0.1","0.2","0.3","0.4","396","1025","1657","2469","5547","99956200","43800","180.2","180.21","134","430","605","605","46.83","25.64","140.08","235.74","2.99","9.2"
"UVCR","2026-05-25","2026-05-25","559","FULL","234","2.631578947368421","HOLD","-","passive","FALSE","","G ACC","2026-05-04","","21d","21","UPTREND","BULLISH","BULLISH","BULLISH","UPTREND PREMIUM","NORMAL UPTREND","35.79","TRUE","TRUE","FALSE","WEAKENING","WEAKENING (Passive)","0.89","0.89","NORMAL","50","50","71.53","44.59","26.86","9.74","211.86","186.92","139.62","48163300","53949895","958","Supertrend bullish | RSI 71.5 > 50 | Volume 0.89x | Lolos anti-crash ADX | RISEN NORMAL UPTREND","Full Grid (1-2-3-4)","100000000","226","162","146","125","0.1","0.2","0.3","0.4","442","1234","2054","3200","6930","99968400","31600","144.25","144.26","94","424","620","620","58.41","34.84","174.34","329.8","2.98","9.47"
"WGSH","2026-05-25","2026-05-25","559","FULL","105","9.375","AVOID","-","passive","FALSE","","EARLY SWEEP","2026-03-04","","82d","82","DOWNTREND","BEARISH","BEARISH","BEARISH","STRUCTURE + DISCOUNT","SIDEWAYS","75","TRUE","FALSE","TRUE","LEADING","LEADING (Passive)","2.25","2.25","VOLUME SURGE","100","0","43.32","34.84","19.91","29.09","108.12","145.95","196.37","3920600","1739610","956","Supertrend bearish | RSI 43.3 lemah | Volume valid 2.25x | Crash filter aktif | RISEN SIDEWAYS","Full Grid (1-2-3-4)","100000000","312","260","246","228","0.1","0.2","0.3","0.4","320","769","1219","1754","4062","99956600","43400","246.08","246.08","202","478","640","640","35.26","17.91","105.13","160.08","2.98","8.94"
"MEGA","2026-05-25","2026-05-25","559","FULL","1865","0","AVOID","-","passive","FALSE","","SMART GAMMA","2026-04-07","","48d","48","DOWNTREND","BEARISH","BEARISH","BEARISH","STRUCTURE + DISCOUNT","SIDEWAYS","65","TRUE","FALSE","FALSE","IMPROVING","IMPROVING (Passive)","0.3","0.3","DRY / QUIET","60","40","24.65","39.33","14.75","44.73","2228.96","2802.26","3338.76","60600","204890","954","Supertrend bearish | RSI 24.6 lemah | Volume 0.3x | Crash filter aktif | RISEN SIDEWAYS","Full Grid (1-2-3-4)","100000000","5600","4380","4090","3670","0.1","0.2","0.3","0.4","17","45","73","108","243","98723000","1277000","4062.67","4067.34","3080","9375","13150","13150","45","24.19","134.82","223.68","3","9.25"
"ASMI","2026-05-25","2026-05-25","559","FULL","17","6.25","AVOID","-","passive","FALSE","","V-SHAPE","2026-03-11","","75d","75","DOWNTREND","BEARISH","BEARISH","BEARISH","STRUCTURE + DISCOUNT","NORMAL DOWNTREND","65","TRUE","FALSE","FALSE","LEADING","LEADING (Passive)","0.38","0.38","DRY / QUIET","50","50","41.09","25.64","21.13","37.72","17.88","20.39","24.23","2467300","6503640","950","Supertrend bearish | RSI 41.1 lemah | Volume 0.38x | Lolos anti-crash ADX | RISEN NORMAL DOWNTREND","Full Grid (1-2-3-4)","100000000","20","20","19","19","0.1","0.2","0.3","0.4","5000","10000","15789","21052","51841","99997900","2100","19.29","19.29","19","25","27","27","5","1.5","35","39.97","7","26.65"
"FISH","2026-05-25","2026-05-25","559","FULL","720","5.88235294117647","AVOID","-","passive","FALSE","","EARLY SWEEP","2026-03-11","","75d","75","DOWNTREND","BEARISH","BEARISH","BEARISH","STRUCTURE + DISCOUNT","NORMAL DOWNTREND","39.14","TRUE","FALSE","FALSE","LEADING","LEADING (Passive)","0.27","0.27","DRY / QUIET","100","0","41.59","28.52","24.67","25.29","759.28","818.6","2702.19","36700","134365","950","Supertrend bearish | RSI 41.6 lemah | Volume 0.27x | Lolos anti-crash ADX | RISEN NORMAL DOWNTREND","Full Grid (1-2-3-4)","100000000","970","910","895","875","0.1","0.2","0.3","0.4","103","219","335","457","1114","99890000","110000","896.68","896.69","830","1590","2660","2660","14.43","7.44","174.23","196.65","12.07","26.45"
"HATM","2026-05-25","2026-05-25","559","FULL","288","2.857142857142857","AVOID","-","passive","FALSE","","V-SHAPE","2026-04-30","","25d","25","DOWNTREND","BEARISH","BEARISH","BEARISH","STRUCTURE + DISCOUNT","NORMAL DOWNTREND","30.66","TRUE","FALSE","FALSE","LAGGING","LAGGARD (Passive)","1.53","1.53","EXPANSION","62.5","37.5","39.49","23.51","15.86","28.25","300.84","310.57","312.13","27285900","17839205","950","Supertrend bearish | RSI 39.5 lemah | Volume valid 1.53x | Lolos anti-crash ADX | RISEN NORMAL DOWNTREND","Full Grid (1-2-3-4)","100000000","306","300","298","296","0.1","0.2","0.3","0.4","326","666","1006","1351","3349","99924000","76000","298.37","298.37","292","328","360","360","4.58","2.13","17.65","20.66","3.86","9.68"
"ICON","2026-05-25","2026-05-25","559","FULL","112","-2.608695652173913","AVOID","-","passive","FALSE","","SMART GAMMA","2026-04-30","","25d","25","DOWNTREND","BEARISH","BEARISH","BULLISH","DEMAND STRUCTURE","NORMAL UPTREND","29.95","TRUE","TRUE","FALSE","LAGGING","LAGGARD (Passive)","0.11","0.11","DRY / QUIET","16.67","83.33","44.75","36.3","26.39","21.24","123.15","116.46","85.34","6420600","57362320","950","Supertrend bearish | RSI 44.8 lemah | Volume 0.11x | Lolos anti-crash ADX | RISEN NORMAL UPTREND","Full Grid (1-2-3-4)","100000000","141","121","116","110","0.1","0.2","0.3","0.4","709","1652","2586","3636","8583","99979700","20300","116.49","116.49","98","206","270","270","30.5","15.87","91.49","131.79","3","8.3"
"KOPI","2026-05-25","2026-05-25","559","FULL","187","-10.952380952380953","AVOID","-","passive","FALSE","","SMART SNIPER","2026-04-20","Discount Only","35d","35","DOWNTREND","BEARISH","BEARISH","BEARISH","DOWNTREND DISCOUNT","NORMAL DOWNTREND","0","FALSE","FALSE","FALSE","LAGGING","LAGGARD (Passive)","2.09","2.09","VOLUME SURGE","2.78","97.22","32.99","22.25","27.64","22.64","234.6","248.34","323.98","1968000","941895","950","Supertrend bearish | RSI 33.0 lemah | Volume valid 2.09x | Lolos anti-crash ADX | RISEN NORMAL DOWNTREND","Full Grid (1-2-3-4)","100000000","278","254","248","240","0.1","0.2","0.3","0.4","359","787","1209","1666","4021","99937200","62800","248.54","248.54","226","356","434","434","18.71","9.07","56.12","74.62","3","8.23"
"NAYZ","2026-05-25","2026-05-25","559","FULL","51","4.081632653061225","AVOID","-","passive","FALSE","","V-SHAPE","2026-04-30","","25d","25","DOWNTREND","BEARISH","BEARISH","BEARISH","DOWNTREND DISCOUNT","NORMAL DOWNTREND","29.35","TRUE","FALSE","FALSE","LAGGING","LAGGARD (Passive)","0.2","0.2","DRY / QUIET","75","25","31.79","20.27","14.52","28.03","61.59","66.14","74.34","11411700","55968790","950","Supertrend bearish | RSI 31.8 lemah | Volume 0.2x | Lolos anti-crash ADX | RISEN NORMAL DOWNTREND","Full Grid (1-2-3-4)","100000000","71","65","64","62","0.1","0.2","0.3","0.4","1408","3076","4687","6451","15622","99983800","16200","64","64","58","91","110","110","18.31","9.38","54.93","71.87","3","7.66"
"RUNS","2026-05-25","2026-05-25","559","FULL","83","0","AVOID","-","passive","FALSE","","BETA BREAKOUT","2026-03-11","","75d","75","DOWNTREND","BEARISH","BEARISH","BEARISH","STRUCTURE + DISCOUNT","NORMAL DOWNTREND","88.93","TRUE","FALSE","FALSE","LEADING","LEADING (Passive)","0.2","0.2","DRY / QUIET","80","20","48.02","25.63","18.32","10.08","83.62","86.43","86.76","288800","1426660","950","Supertrend bearish | RSI 48.0 lemah | Volume 0.2x | Lolos anti-crash ADX | RISEN NORMAL DOWNTREND","Full Grid (1-2-3-4)","100000000","101","90","87","84","0.1","0.2","0.3","0.4","990","2222","3448","4761","11421","99987000","13000","87.55","87.55","78","136","170","170","22.77","10.9","68.32","94.18","3","8.64"
"SDMU","2026-05-25","2026-05-25","559","FULL","78","5.405405405405405","AVOID","-","passive","FALSE","","G ACC","2026-04-30","","25d","25","DOWNTREND","BEARISH","BEARISH","BEARISH","STRUCTURE + DISCOUNT","SIDEWAYS","25","TRUE","FALSE","FALSE","LAGGING","LAGGARD (Passive)","0.12","0.12","DRY / QUIET","37.5","62.5","40.72","33.67","25.15","21.89","91.41","93.12","80.47","22321400","188436030","950","Supertrend bearish | RSI 40.7 lemah | Volume 0.12x | Lolos anti-crash ADX | RISEN SIDEWAYS","Full Grid (1-2-3-4)","100000000","126","101","94","86","0.1","0.2","0.3","0.4","793","1980","3191","4651","10615","99983800","16200","94.19","94.19","72","208","288","288","42.86","23.56","128.57","205.76","3","8.73"
"ACST","2026-05-25","2026-05-25","559","FULL","83","1.2195121951219512","AVOID","-","passive","FALSE","","EARLY SWEEP","2026-04-29","","26d","26","DOWNTREND","BEARISH","BEARISH","BEARISH","DOWNTREND DISCOUNT","NORMAL DOWNTREND","52.39","TRUE","FALSE","FALSE","LAGGING","LAGGARD (Passive)","1.64","1.64","EXPANSION","100","0","25.24","36.86","13.97","59.55","91.94","100.54","114.36","1056600","644580","948","Supertrend bearish | RSI 25.2 lemah | Volume valid 1.64x | Crash filter aktif | RISEN NORMAL DOWNTREND","Full Grid (1-2-3-4)","100000000","187","159","152","142","0.1","0.2","0.3","0.4","534","1257","1973","2816","6580","99948900","51100","151.9","151.9","128","276","364","364","31.55","15.73","94.65","139.63","3","8.88"
"ADES","2026-05-25","2026-05-25","559","FULL","21200","2.663438256658596","HOLD","-","passive","FALSE","","SMART GAMMA","2026-04-29","","26d","26","UPTREND","BULLISH","BULLISH","BULLISH","UPTREND PREMIUM","NORMAL UPTREND","25","TRUE","TRUE","FALSE","WEAKENING","WEAKENING (Passive)","0.3","0.3","DRY / QUIET","53.85","46.15","61.8","51.27","30.65","17.91","20319.81","18606.05","15570.15","20500","67895","948","Supertrend bullish | RSI 61.8 > 50 | Volume 0.3x | Lolos anti-crash ADX | RISEN NORMAL UPTREND","Full Grid (1-2-3-4)","100000000","20375","17550","16875","15925","0.1","0.2","0.3","0.4","4","11","17","25","57","95955000","4045000","16834.21","16892.03","14575","29075","37775","37775","28.47","13.42","85.4","124.39","3","9.27"
"BEST","2026-05-25","2026-05-25","559","FULL","103","3","AVOID","-","passive","FALSE","","V-SHAPE","2026-04-29","","26d","26","DOWNTREND","BEARISH","BEARISH","BEARISH","DOWNTREND DISCOUNT","SIDEWAYS","47.91","TRUE","FALSE","FALSE","LAGGING","LAGGARD (Passive)","0.23","0.23","DRY / QUIET","100","0","41.37","15.77","15.95","24.49","106.46","107.93","108.26","3268700","14020860","948","Supertrend bearish | RSI 41.4 lemah | Volume 0.23x | Lolos anti-crash ADX | RISEN SIDEWAYS","Full Grid (1-2-3-4)","100000000","110","108","107","106","0.1","0.2","0.3","0.4","909","1851","2803","3773","9336","99975700","24300","107.09","107.09","104","119","131","131","5.45","2.88","19.09","22.33","3.5","7.75"
"DSNG","2026-05-25","2026-05-25","559","FULL","1240","-3.125","AVOID","-","passive","FALSE","","SMART GAMMA","2026-04-29","","26d","26","DOWNTREND","BEARISH","BEARISH","BEARISH","STRUCTURE + DISCOUNT","NORMAL DOWNTREND","20.12","TRUE","FALSE","FALSE","LAGGING","LAGGARD (Passive)","0.42","0.42","DRY / QUIET","30.77","69.23","26.48","33.84","9.06","35.87","1518.81","1561.35","1466.97","6274900","14771810","948","Supertrend bearish | RSI 26.5 lemah | Volume 0.42x | Crash filter aktif | RISEN NORMAL DOWNTREND","Full Grid (1-2-3-4)","100000000","1850","1570","1500","1405","0.1","0.2","0.3","0.4","54","127","200","284","665","99831000","169000","1501.22","1501.19","1270","2720","3590","3590","31.35","15.4","94.05","139.14","3","9.03"
"INOV","2026-05-25","2026-05-25","559","FULL","129","4.032258064516129","AVOID","-","passive","FALSE","","SMART SNIPER","2026-04-29","Demand Structure","26d","26","DOWNTREND","BEARISH","BEARISH","BEARISH","STRUCTURE + DISCOUNT","SIDEWAYS","31.68","TRUE","FALSE","FALSE","WEAKENING","WEAKENING (Passive)","0.11","0.11","DRY / QUIET","38.89","61.11","44.22","33.43","31.52","16.52","136.86","139.54","130.29","2983800","26026155","948","Supertrend bearish | RSI 44.2 lemah | Volume 0.11x | Lolos anti-crash ADX | RISEN SIDEWAYS","Full Grid (1-2-3-4)","100000000","167","143","137","129","0.1","0.2","0.3","0.4","598","1398","2189","3100","7285","99957300","42700","137.21","137.21","117","242","318","318","29.94","14.73","90.42","131.76","3.02","8.95"
"MOLI","2026-05-25","2026-05-25","559","FULL","220","-4.3478260869565215","AVOID","-","passive","FALSE","","SMART GAMMA","2026-04-29","","26d","26","DOWNTREND","BEARISH","BEARISH","BEARISH","STRUCTURE + DISCOUNT","NORMAL DOWNTREND","25","TRUE","FALSE","FALSE","LAGGING","LAGGARD (Passive)","0.69","0.69","DRY / QUIET","33.33","66.67","33.51","28.32","13.1","22.3","254.96","259.41","261.92","7717700","11120535","948","Supertrend bearish | RSI 33.5 lemah | Volume 0.69x | Lolos anti-crash ADX | RISEN NORMAL DOWNTREND","Full Grid (1-2-3-4)","100000000","284","244","234","222","0.1","0.2","0.3","0.4","352","819","1282","1801","4254","99961400","38600","234.98","234.98","202","408","530","530","28.87","14.04","86.62","125.55","3","8.94"
"NANO","2026-05-25","2026-05-25","559","FULL","27","8","AVOID","-","passive","FALSE","","SMART SNIPER","2026-04-29","Structure + Discount","26d","26","DOWNTREND","BEARISH","BEARISH","BEARISH","DOWNTREND DISCOUNT","NORMAL DOWNTREND","52.03","TRUE","FALSE","FALSE","LAGGING","LAGGARD (Passive)","0.63","0.63","DRY / QUIET","100","0","33.65","15.87","13.69","27.86","32.61","36.19","41.01","22477400","35591535","948","Supertrend bearish | RSI 33.6 lemah | Volume 0.63x | Lolos anti-crash ADX | RISEN NORMAL DOWNTREND","Full Grid (1-2-3-4)","100000000","39","37","37","36","0.1","0.2","0.3","0.4","2564","5405","8108","11111","27188","99997300","2700","36.78","36.78","34","47","54","54","12.82","7.56","38.46","46.82","3","6.19"
"SOLA","2026-05-25","2026-05-25","483","FULL","114","2.7027027027027026","AVOID","-","passive","FALSE","","V-SHAPE","2026-04-29","","26d","26","DOWNTREND","BEARISH","BEARISH","BEARISH","STRUCTURE + DISCOUNT","SIDEWAYS","57.66","TRUE","FALSE","FALSE","WEAKENING","WEAKENING (Passive)","0.15","0.15","DRY / QUIET","50","50","37.83","22.73","21.67","26.84","120.9","123.91","124.49","3728000","25294755","948","Supertrend bearish | RSI 37.8 lemah | Volume 0.15x | Lolos anti-crash ADX | RISEN SIDEWAYS","Full Grid (1-2-3-4)","100000000","125","117","114","112","0.1","0.2","0.3","0.4","800","1709","2631","3571","8711","99983900","16100","114.78","114.78","106","154","182","182","15.2","7.65","45.6","58.57","3","7.66"
"TOOL","2026-05-25","2026-05-25","559","FULL","75","0","AVOID","-","passive","FALSE","","BETA BREAKOUT","2026-04-29","","26d","26","DOWNTREND","BEARISH","BULLISH","BULLISH","STRUCTURE + DISCOUNT","SIDEWAYS","25","TRUE","FALSE","FALSE","WEAKENING","WEAKENING (Passive)","0.08","0.08","DRY / QUIET","25","75","49.94","49.02","27.12","12.61","75.91","72.12","64.8","18489800","245590195","948","Supertrend bearish | RSI 49.9 lemah | Volume 0.08x | Lolos anti-crash ADX | RISEN SIDEWAYS","Full Grid (1-2-3-4)","100000000","94","74","69","63","0.1","0.2","0.3","0.4","1063","2702","4347","6349","14461","99980000","20000","69.14","69.14","53","156","218","218","43.62","23.34","131.91","215.31","3.02","9.22"
"UNIQ","2026-05-25","2026-05-25","559","FULL","106","-0.9345794392523363","AVOID","-","passive","FALSE","","V-SHAPE","2026-04-29","","26d","26","DOWNTREND","BEARISH","BEARISH","BEARISH","STRUCTURE + DISCOUNT","NORMAL DOWNTREND","44.01","TRUE","FALSE","FALSE","LAGGING","LAGGARD (Passive)","0.19","0.19","DRY / QUIET","25","75","20.71","26.21","14.51","30.3","121.08","143.56","271.19","1205800","6436315","948","Supertrend bearish | RSI 20.7 lemah | Volume 0.19x | Lolos anti-crash ADX | RISEN NORMAL DOWNTREND","Full Grid (1-2-3-4)","100000000","134","127","125","123","0.1","0.2","0.3","0.4","746","1574","2400","3252","7972","99985800","14200","125.42","125.42","118","158","170","170","11.94","5.92","26.87","35.54","2.25","6.01"
"BAPI","2026-05-25","2026-05-25","559","FULL","20","0","AVOID","-","passive","FALSE","","V-SHAPE","2026-04-28","","27d","27","DOWNTREND","BEARISH","BEARISH","BEARISH","STRUCTURE + DISCOUNT","NORMAL DOWNTREND","65","TRUE","FALSE","FALSE","LAGGING","LAGGARD (Passive)","1.14","1.14","NORMAL","50","50","26.33","38.43","10.56","60.73","24.04","26.98","26.51","9143700","7992970","946","Supertrend bearish | RSI 26.3 lemah | Volume 1.14x | Crash filter aktif | RISEN NORMAL DOWNTREND","Full Grid (1-2-3-4)","100000000","30","28","27","26","0.1","0.2","0.3","0.4","3333","7142","11111","15384","36970","99994700","5300","27.05","27.05","25","38","45","45","16.67","7.57","50","66.37","3","8.77"
"BKSW","2026-05-25","2026-05-25","559","FULL","54","0","AVOID","-","passive","FALSE","","EARLY SWEEP","2026-04-28","","27d","27","DOWNTREND","BEARISH","BEARISH","BEARISH","DOWNTREND DISCOUNT","NORMAL DOWNTREND","42.28","TRUE","FALSE","FALSE","LAGGING","LAGGARD (Passive)","0.81","0.81","NORMAL","0","100","24.52","23.19","8.16","23.22","56.88","58.44","61.64","1732800","2132855","946","Supertrend bearish | RSI 24.5 lemah | Volume 0.81x | Lolos anti-crash ADX | RISEN NORMAL DOWNTREND","Full Grid (1-2-3-4)","100000000","64","61","60","59","0.1","0.2","0.3","0.4","1562","3278","5000","6779","16619","99988700","11300","60.17","60.17","57","75","85","85","10.94","5.26","32.81","41.28","3","7.85"
"DYAN","2026-05-25","2026-05-25","559","FULL","79","0","AVOID","-","passive","FALSE","","V-SHAPE","2026-04-28","","27d","27","DOWNTREND","BEARISH","BEARISH","BEARISH","STRUCTURE + DISCOUNT","SIDEWAYS","25","TRUE","FALSE","FALSE","WEAKENING","WEAKENING (Passive)","0.24","0.24","DRY / QUIET","60","40","44.96","34.7","28.58","19.82","84.38","84.45","87.07","3940100","16444535","946","Supertrend bearish | RSI 45.0 lemah | Volume 0.24x | Lolos anti-crash ADX | RISEN SIDEWAYS","Full Grid (1-2-3-4)","100000000","84","81","80","79","0.1","0.2","0.3","0.4","1190","2469","3750","5063","12472","99992600","7400","80.17","80.17","77","95","105","105","8.33","3.96","25","30.97","3","7.82"
"ELSA","2026-05-25","2026-05-25","559","FULL","650","-1.5151515151515151","AVOID","-","passive","FALSE","","SMART GAMMA","2026-04-28","","27d","27","DOWNTREND","BEARISH","BEARISH","BULLISH","STRUCTURE + DISCOUNT","NORMAL DOWNTREND","47.93","TRUE","FALSE","FALSE","LAGGING","LAGGARD (Passive)","0.43","0.43","DRY / QUIET","55.56","44.44","36.81","22.89","13.46","28.51","708.6","719.52","624.79","25954600","59955215","946","Supertrend bearish | RSI 36.8 lemah | Volume 0.43x | Lolos anti-crash ADX | RISEN NORMAL DOWNTREND","Full Grid (1-2-3-4)","100000000","830","745","720","690","0.1","0.2","0.3","0.4","120","268","416","579","1383","99829000","171000","721.83","721.86","645","1110","1385","1385","22.29","10.64","66.87","91.87","3","8.63"
"GGRM","2026-05-25","2026-05-25","559","FULL","15650","-0.949367088607595","HOLD","-","passive","FALSE","","BETA BREAKOUT","2026-04-28","","27d","27","UPTREND","BEARISH","BULLISH","BULLISH","UPTREND PREMIUM","NORMAL UPTREND","38.27","TRUE","TRUE","FALSE","WEAKENING","WEAKENING (Passive)","0.36","0.36","DRY / QUIET","20","80","48.2","34.69","27.74","15.23","15930.69","15496.79","14235.45","491900","1384260","946","Supertrend bullish | RSI 48.2 lemah | Volume 0.36x | Lolos anti-crash ADX | RISEN NORMAL UPTREND","Full Grid (1-2-3-4)","100000000","16175","14875","14550","14100","0.1","0.2","0.3","0.4","6","13","20","28","67","97622500","2377500","14570.52","14574.05","13425","20300","24425","24425","17","7.86","51","67.63","3","8.6"
"JATI","2026-05-25","2026-05-25","559","FULL","100","2.0408163265306123","AVOID","-","passive","FALSE","","V-SHAPE","2026-03-09","","77d","77","DOWNTREND","BEARISH","BEARISH","BEARISH","STRUCTURE + DISCOUNT","NORMAL DOWNTREND","82.39","TRUE","FALSE","FALSE","LEADING","LEADING (Passive)","0.33","0.33","DRY / QUIET","100","0","39.83","9.96","19.07","22.34","103.18","107.16","113.91","2329900","7052745","946","Supertrend bearish | RSI 39.8 lemah | Volume 0.33x | Lolos anti-crash ADX | RISEN NORMAL DOWNTREND","Full Grid (1-2-3-4)","100000000","111","101","99","95","0.1","0.2","0.3","0.4","900","1980","3030","4210","10120","99980000","20000","98.79","98.8","89","144","177","177","19.82","9.91","59.46","79.16","3","7.98"
"KOCI","2026-05-25","2026-05-25","559","FULL","101","2.0202020202020203","AVOID","-","passive","FALSE","","SMART SNIPER","2026-04-28","Demand Structure","27d","27","DOWNTREND","BEARISH","BEARISH","BEARISH","STRUCTURE + DISCOUNT","SIDEWAYS","48.93","TRUE","FALSE","FALSE","LAGGING","LAGGARD (Passive)","0.11","0.11","DRY / QUIET","66.67","33.33","38","25.04","24.88","20.38","115.28","124.46","112.58","9702200","92337050","946","Supertrend bearish | RSI 38.0 lemah | Volume 0.11x | Lolos anti-crash ADX | RISEN SIDEWAYS","Full Grid (1-2-3-4)","100000000","151","124","117","108","0.1","0.2","0.3","0.4","662","1612","2564","3703","8541","99976200","23800","117.05","117.06","93","238","254","254","38.41","20.55","68.21","116.99","1.78","5.69"
"LMPI","2026-05-25","2026-05-25","559","FULL","153","0.6578947368421052","AVOID","-","passive","FALSE","","SMART SNIPER","2026-04-28","Demand Structure","27d","27","DOWNTREND","BEARISH","BEARISH","BEARISH","STRUCTURE + DISCOUNT","SIDEWAYS","53.1","TRUE","FALSE","FALSE","WEAKENING","WEAKENING (Passive)","0.14","0.14","DRY / QUIET","66.67","33.33","45.67","34.05","18.61","16.94","158.15","159.13","153.77","355600","2468185","946","Supertrend bearish | RSI 45.7 lemah | Volume 0.14x | Lolos anti-crash ADX | RISEN SIDEWAYS","Full Grid (1-2-3-4)","100000000","202","167","158","146","0.1","0.2","0.3","0.4","495","1197","1898","2739","6329","99966700","33300","157.95","157.95","128","314","324","324","36.63","18.96","60.4","105.13","1.65","5.54"
"MERK","2026-05-25","2026-05-25","559","FULL","4010","-0.7425742574257426","AVOID","-","passive","FALSE","","SMART GAMMA","2026-04-28","","27d","27","DOWNTREND","BULLISH","BULLISH","BULLISH","DEMAND STRUCTURE","NORMAL UPTREND","53.04","TRUE","TRUE","FALSE","WEAKENING","WEAKENING (Passive)","0.68","0.68","DRY / QUIET","26.09","73.91","53.39","34.82","19.7","22.01","3988.51","3747.24","3378.53","93400","136910","946","Supertrend bearish | RSI 53.4 > 50 | Volume 0.68x | Crash filter aktif | RISEN NORMAL UPTREND","Full Grid (1-2-3-4)","100000000","4130","3570","3430","3240","0.1","0.2","0.3","0.4","24","56","87","123","290","99597000","403000","3434.38","3434.59","2980","5850","7575","7575","27.85","13.23","83.41","120.56","3","9.11"
"PADA","2026-05-25","2026-05-25","559","FULL","132","-1.4925373134328357","AVOID","-","passive","FALSE","","SMART GAMMA","2026-04-28","","27d","27","DOWNTREND","BEARISH","BEARISH","BEARISH","STRUCTURE + DISCOUNT","NORMAL DOWNTREND","34.75","TRUE","FALSE","FALSE","LAGGING","LAGGARD (Passive)","0.2","0.2","DRY / QUIET","16.67","83.33","38.49","22.46","16.69","24.74","156.94","165.3","146.47","11626200","58471560","946","Supertrend bearish | RSI 38.5 lemah | Volume 0.2x | Lolos anti-crash ADX | RISEN NORMAL DOWNTREND","Full Grid (1-2-3-4)","100000000","212","164","152","136","0.1","0.2","0.3","0.4","471","1219","1973","2941","6604","99964000","36000","151.37","151.38","110","366","520","520","48.11","27.33","145.28","243.53","3.02","8.91"
"PAMG","2026-05-25","2026-05-25","559","FULL","54","1.8867924528301887","AVOID","-","passive","FALSE","","V-SHAPE","2026-04-28","","27d","27","DOWNTREND","BEARISH","BEARISH","BEARISH","DOWNTREND DISCOUNT","SIDEWAYS","49.09","TRUE","FALSE","FALSE","LAGGING","LAGGARD (Passive)","0.24","0.24","DRY / QUIET","100","0","35.13","17.37","14.97","18.53","58.76","60.32","64.9","2953700","12124115","946","Supertrend bearish | RSI 35.1 lemah | Volume 0.24x | Lolos anti-crash ADX | RISEN SIDEWAYS","Full Grid (1-2-3-4)","100000000","65","58","56","53","0.1","0.2","0.3","0.4","1538","3448","5357","7547","17890","99993700","6300","55.89","55.89","49","89","113","113","24.62","12.33","73.85","102.17","3","8.28"
"PPRE","2026-05-25","2026-05-25","559","FULL","105","-0.9433962264150944","AVOID","-","passive","FALSE","","SMART SNIPER","2026-04-28","Discount Only","27d","27","DOWNTREND","BEARISH","BEARISH","BEARISH","STRUCTURE + DISCOUNT","NORMAL DOWNTREND","58.59","TRUE","FALSE","FALSE","LAGGING","LAGGARD (Passive)","0.27","0.27","DRY / QUIET","9.09","90.91","38.24","15.04","21.5","24.39","121.11","136.56","131.97","52046000","193273260","946","Supertrend bearish | RSI 38.2 lemah | Volume 0.27x | Lolos anti-crash ADX | RISEN NORMAL DOWNTREND","Full Grid (1-2-3-4)","100000000","159","125","117","106","0.1","0.2","0.3","0.4","628","1600","2564","3773","8565","99977800","22200","116.73","116.73","88","266","372","372","44.65","24.61","133.96","218.69","3","8.89"
"PTSP","2026-05-25","2026-05-25","559","FULL","885","-1.6666666666666667","AVOID","-","passive","FALSE","","V-SHAPE","2026-04-28","","27d","27","DOWNTREND","BEARISH","BEARISH","BEARISH","STRUCTURE + DISCOUNT","SIDEWAYS","25","TRUE","FALSE","FALSE","LAGGING","LAGGARD (Passive)","0.13","0.13","DRY / QUIET","12.5","87.5","44.2","42.26","30.44","13.55","911.12","925.1","961.07","16900","129345","946","Supertrend bearish | RSI 44.2 lemah | Volume 0.13x | Lolos anti-crash ADX | RISEN SIDEWAYS","Full Grid (1-2-3-4)","100000000","900","880","875","870","0.1","0.2","0.3","0.4","111","227","342","459","1139","99824000","176000","876.42","876.42","850","975","995","995","5.56","3.01","10.56","13.53","1.9","4.49"
"TAYS","2026-05-25","2026-05-25","559","FULL","51","2","AVOID","-","passive","FALSE","","V-SHAPE","2026-04-28","","27d","27","DOWNTREND","BEARISH","BEARISH","BEARISH","DOWNTREND DISCOUNT","NORMAL DOWNTREND","62.86","TRUE","FALSE","FALSE","LAGGING","LAGGARD (Passive)","0.36","0.36","DRY / QUIET","100","0","26.99","19.49","20.73","26.67","58.91","62.91","68.12","7099300","19495785","946","Supertrend bearish | RSI 27.0 lemah | Volume 0.36x | Lolos anti-crash ADX | RISEN NORMAL DOWNTREND","Full Grid (1-2-3-4)","100000000","65","62","61","60","0.1","0.2","0.3","0.4","1538","3225","4918","6666","16347","99987800","12200","61.17","61.17","58","76","86","86","10.77","5.18","32.31","40.6","3","7.84"
"TRUE","2026-05-25","2026-05-25","559","FULL","105","-2.7777777777777777","AVOID","-","passive","FALSE","","EARLY SWEEP","2026-04-28","","27d","27","DOWNTREND","BEARISH","BEARISH","BEARISH","STRUCTURE + DISCOUNT","NORMAL DOWNTREND","65","TRUE","FALSE","FALSE","LAGGING","LAGGARD (Passive)","0.83","0.83","NORMAL","41.67","58.33","28.24","22.51","13.38","31.83","137.98","164.51","160.36","30868700","37007625","946","Supertrend bearish | RSI 28.2 lemah | Volume 0.83x | Lolos anti-crash ADX | RISEN NORMAL DOWNTREND","Full Grid (1-2-3-4)","100000000","185","152","144","133","0.1","0.2","0.3","0.4","540","1315","2083","3007","6945","99966300","33700","143.94","143.94","114","292","482","482","38.38","20.8","160.54","234.86","4.18","11.29"
"WEGE","2026-05-25","2026-05-25","559","FULL","50","-1.9607843137254901","AVOID","-","passive","FALSE","","V-SHAPE","2026-04-28","","27d","27","DOWNTREND","BEARISH","BEARISH","BEARISH","DOWNTREND DISCOUNT","NORMAL DOWNTREND","44.05","TRUE","FALSE","FALSE","LAGGING","LAGGARD (Passive)","0.58","0.58","DRY / QUIET","0","100","34.5","15.6","15.07","17.47","54.08","56.87","61.86","11867900","20573120","946","Supertrend bearish | RSI 34.5 lemah | Volume 0.58x | Lolos anti-crash ADX | RISEN NORMAL DOWNTREND","Full Grid (1-2-3-4)","100000000","60","57","56","55","0.1","0.2","0.3","0.4","1666","3508","5357","7272","17803","99986800","13200","56.16","56.16","53","71","81","81","11.67","5.63","35","44.22","3","7.85"
"WIIM","2026-05-25","2026-05-25","559","FULL","1755","-1.4044943820224718","AVOID","-","passive","FALSE","","BETA BREAKOUT","2026-04-28","","27d","27","DOWNTREND","BEARISH","BEARISH","BULLISH","DEMAND STRUCTURE","SIDEWAYS","43.51","TRUE","FALSE","FALSE","LAGGING","LAGGARD (Passive)","1.24","1.24","EXPANSION","27.78","72.22","43.17","16.98","17.64","22.1","1828.22","1842.05","1575.25","4728100","3801430","946","Supertrend bearish | RSI 43.2 lemah | Volume valid 1.24x | Lolos anti-crash ADX | RISEN SIDEWAYS","Full Grid (1-2-3-4)","100000000","1840","1740","1715","1685","0.1","0.2","0.3","0.4","54","114","174","237","579","99547500","452500","1719.3","1719.38","1625","2160","2490","2490","11.68","5.48","35.33","44.83","3.02","8.17"
"AALI","2026-05-25","2026-05-25","559","FULL","6525","-1.1363636363636365","AVOID","-","passive","FALSE","","SMART GAMMA","2026-04-27","","28d","28","DOWNTREND","BEARISH","BEARISH","BEARISH","STRUCTURE + DISCOUNT","NORMAL DOWNTREND","17.5","TRUE","FALSE","FALSE","LAGGING","LAGGARD (Passive)","0.54","0.54","DRY / QUIET","50","50","25.93","36.71","7.96","33.65","7472.66","7649.72","7418.82","1640000","3042620","944","Supertrend bearish | RSI 25.9 lemah | Volume 0.54x | Crash filter aktif | RISEN NORMAL DOWNTREND","Full Grid (1-2-3-4)","100000000","8350","7725","7575","7375","0.1","0.2","0.3","0.4","11","25","39","54","129","97865000","2135000","7586.43","7592.6","7050","10300","12250","12250","15.57","7.07","46.71","61.47","3","8.69"
"AKRA","2026-05-25","2026-05-25","559","FULL","1315","-2.5925925925925926","AVOID","-","passive","FALSE","","SMART GAMMA","2026-04-27","","28d","28","DOWNTREND","BEARISH","BEARISH","BEARISH","DEMAND STRUCTURE","NORMAL DOWNTREND","19.2","TRUE","FALSE","FALSE","LAGGING","LAGGARD (Passive)","0.48","0.48","DRY / QUIET","16.67","83.33","34.01","28.58","8.71","24.04","1435.49","1413.28","1318.83","8328800","17203805","944","Supertrend bearish | RSI 34.0 lemah | Volume 0.48x | Lolos anti-crash ADX | RISEN NORMAL DOWNTREND","Full Grid (1-2-3-4)","100000000","1560","1390","1345","1290","0.1","0.2","0.3","0.4","64","143","223","310","740","99844500","155500","1349.25","1349.32","1205","2090","2630","2630","22.76","10.69","68.59","94.92","3.01","8.88"
"BLOG","2026-05-25","2026-05-25","210","IPO / SHORT","352","-1.1235955056179776","AVOID","-","passive","FALSE","","V-SHAPE","2026-04-27","","28d","28","DOWNTREND","BEARISH","BEARISH","BEARISH","DOWNTREND DISCOUNT","NORMAL DOWNTREND","22.03","TRUE","FALSE","FALSE","LAGGING","LAGGARD (Passive)","1.77","1.77","EXPANSION","63.64","36.36","24.86","35.78","5.59","27.22","384.3","392.41","415.04","1880500","1065135","944","Supertrend bearish | RSI 24.9 lemah | Volume valid 1.77x | Crash filter aktif | RISEN NORMAL DOWNTREND","Full Grid (1-2-3-4)","100000000","400","392","390","388","0.1","0.2","0.3","0.4","250","510","769","1030","2559","99947000","53000","390.57","390.57","382","428","470","470","4.5","2.19","17.5","20.34","3.89","9.27"
"BSDE","2026-05-25","2026-05-25","559","FULL","675","-1.4598540145985401","AVOID","-","passive","FALSE","","V-SHAPE","2026-04-27","","28d","28","DOWNTREND","BEARISH","BEARISH","BEARISH","DOWNTREND DISCOUNT","NORMAL DOWNTREND","15.32","TRUE","FALSE","FALSE","LAGGING","LAGGARD (Passive)","1.29","1.29","EXPANSION","16.67","83.33","30.81","32.42","10.22","27.73","739.32","773.21","864.06","15318400","11895435","944","Supertrend bearish | RSI 30.8 lemah | Volume valid 1.29x | Crash filter aktif | RISEN NORMAL DOWNTREND","Full Grid (1-2-3-4)","100000000","795","755","745","730","0.1","0.2","0.3","0.4","125","264","402","547","1338","99749500","250500","745.51","745.54","710","925","1050","1050","10.69","4.76","32.08","40.84","3","8.57"
"CEKA","2026-05-25","2026-05-25","559","FULL","2320","-1.276595744680851","HOLD","-","passive","FALSE","","SMART SNIPER","2026-04-27","Discount Only","28d","28","UPTREND","BEARISH","BEARISH","BEARISH","STRUCTURE + DISCOUNT","SIDEWAYS","89.81","TRUE","FALSE","FALSE","LAGGING","LAGGARD (Passive)","0.03","0.03","DRY / QUIET","12.5","87.5","45.6","37.43","19.38","10.54","2346.56","2340.81","2397.31","1400","49380","944","Supertrend bullish | RSI 45.6 lemah | Volume 0.03x | Lolos anti-crash ADX | RISEN SIDEWAYS","Full Grid (1-2-3-4)","100000000","2370","2280","2250","2220","0.1","0.2","0.3","0.4","42","87","133","180","442","99675000","325000","2255.09","2255.16","2170","2670","2970","2970","8.44","3.77","25.32","31.7","3","8.4"
"JAWA","2026-05-25","2026-05-25","559","FULL","133","5.555555555555555","AVOID","-","passive","FALSE","","V-SHAPE","2026-04-27","","28d","28","DOWNTREND","BEARISH","BEARISH","BEARISH","STRUCTURE + DISCOUNT","NORMAL DOWNTREND","25","TRUE","FALSE","FALSE","LAGGING","LAGGARD (Passive)","0.23","0.23","DRY / QUIET","36.84","63.16","36.21","19.41","17.46","26.06","152.57","158.92","159.18","3297600","14098655","944","Supertrend bearish | RSI 36.2 lemah | Volume 0.23x | Lolos anti-crash ADX | RISEN NORMAL DOWNTREND","Full Grid (1-2-3-4)","100000000","206","176","168","158","0.1","0.2","0.3","0.4","485","1136","1785","2531","5937","99962400","37600","168.37","168.37","143","300","396","396","30.58","15.07","92.23","135.19","3.02","8.97"
"MTDL","2026-05-25","2026-05-25","559","FULL","530","-2.7522935779816518","AVOID","-","passive","FALSE","","SMART SNIPER + V-SHAPE","2026-04-27","Demand Structure","28d","28","DOWNTREND","BEARISH","BEARISH","BEARISH","DOWNTREND DISCOUNT","NORMAL DOWNTREND","0","FALSE","FALSE","FALSE","WEAKENING","WEAKENING (Passive)","0.3","0.3","DRY / QUIET","0","100","32.81","16.47","9.92","16.98","564.03","570.42","579.86","836000","2814305","944","Supertrend bearish | RSI 32.8 lemah | Volume 0.3x | Lolos anti-crash ADX | RISEN NORMAL DOWNTREND","Full Grid (1-2-3-4)","100000000","590","560","555","545","0.1","0.2","0.3","0.4","169","357","540","733","1799","99881500","118500","555.21","555.21","525","690","785","785","11.02","5.44","33.05","41.39","3","7.61"
"PKPK","2026-05-25","2026-05-25","559","FULL","2880","-1.36986301369863","AVOID","-","passive","FALSE","","G ACC","2026-04-27","","28d","28","DOWNTREND","BULLISH","BULLISH","BULLISH","DEMAND STRUCTURE","NORMAL UPTREND","41.88","TRUE","TRUE","FALSE","WEAKENING","WEAKENING (Passive)","0.3","0.3","DRY / QUIET","50","50","52.4","30.6","15.98","20.51","2863.83","2565.8","1684.83","1019200","3415390","944","Supertrend bearish | RSI 52.4 > 50 | Volume 0.3x | Crash filter aktif | RISEN NORMAL UPTREND","Full Grid (1-2-3-4)","100000000","3660","2640","2400","2060","0.1","0.2","0.3","0.4","27","75","125","194","421","99646000","354000","2366.89","2368.24","1570","6800","9925","9925","57.1","33.67","171.17","319.33","3","9.48"
"MSJA","2026-05-25","2026-05-25","553","FULL","420","5","AVOID","-","passive","FALSE","","BETA BREAKOUT","2026-04-01","","54d","54","DOWNTREND","BEARISH","BEARISH","BULLISH","DEMAND STRUCTURE","NORMAL UPTREND","17.26","TRUE","TRUE","FALSE","IMPROVING","IMPROVING (Passive)","1.25","1.25","EXPANSION","84.62","15.38","38.51","22.43","18.42","25.98","459.11","460.82","391.51","18498300","14844285","942","Supertrend bearish | RSI 38.5 lemah | Volume valid 1.25x | Lolos anti-crash ADX | RISEN NORMAL UPTREND","Full Grid (1-2-3-4)","100000000","474","418","404","386","0.1","0.2","0.3","0.4","210","478","742","1036","2466","99900800","99200","405.11","405.14","356","650","830","830","24.89","12.12","75.11","104.88","3.02","8.65"
"BMHS","2026-05-25","2026-05-25","559","FULL","185","3.932584269662921","AVOID","-","passive","FALSE","","V-SHAPE","2026-03-05","","81d","81","DOWNTREND","NEUTRAL","BEARISH","BEARISH","DEMAND STRUCTURE","SIDEWAYS","25","TRUE","FALSE","FALSE","LEADING","LEADING (Passive)","0.25","0.25","DRY / QUIET","92.86","7.14","49.36","23.07","24.49","14.92","185.06","186.68","193.85","1674200","6788520","938","Supertrend bearish | RSI 49.4 lemah | Volume 0.25x | Lolos anti-crash ADX | RISEN SIDEWAYS","Full Grid (1-2-3-4)","100000000","193","188","186","184","0.1","0.2","0.3","0.4","518","1063","1612","2173","5366","99948200","51800","186.26","186.26","180","212","234","234","6.74","3.36","21.24","25.63","3.15","7.62"
"BRNA","2026-05-25","2026-05-25","559","FULL","625","4.166666666666666","AVOID","-","passive","FALSE","","BETA BREAKOUT","2026-04-24","","31d","31","DOWNTREND","BEARISH","BEARISH","BEARISH","STRUCTURE + DISCOUNT","NORMAL DOWNTREND","57.47","TRUE","FALSE","FALSE","LAGGING","LAGGARD (Passive)","0.05","0.05","DRY / QUIET","83.33","16.67","43.68","22.96","18.81","17.15","653.32","667.16","691.87","15900","316995","938","Supertrend bearish | RSI 43.7 lemah | Volume 0.05x | Lolos anti-crash ADX | RISEN NORMAL DOWNTREND","Full Grid (1-2-3-4)","100000000","790","695","675","640","0.1","0.2","0.3","0.4","126","287","444","625","1482","99870500","129500","673.89","673.95","590","1090","1390","1390","25.32","12.45","75.95","106.27","3","8.54"
"CTTH","2026-05-25","2026-05-25","559","FULL","164","-9.89010989010989","AVOID","-","passive","FALSE","","G ACC","2026-04-24","","31d","31","DOWNTREND","BEARISH","BULLISH","BULLISH","DOWNTREND PREMIUM","NORMAL UPTREND","25","TRUE","TRUE","FALSE","WEAKENING","WEAKENING (Passive)","0.01","0.01","DRY / QUIET","50","50","50.42","52.25","33.15","28.64","172.01","140.83","96.27","823000","63948310","938","Supertrend bearish | RSI 50.4 > 50 | Volume 0.01x | Lolos anti-crash ADX | RISEN NORMAL UPTREND","Full Grid (1-2-3-4)","100000000","161","115","104","88","0.1","0.2","0.3","0.4","621","1739","2884","4545","9789","99986200","13800","102.14","102.14","65","306","450","450","59.63","36.36","179.5","340.57","3.01","9.37"
"HEAL","2026-05-25","2026-05-25","559","FULL","980","0.5128205128205128","AVOID","-","passive","FALSE","","EARLY SWEEP","2026-03-05","","81d","81","DOWNTREND","BEARISH","BEARISH","BEARISH","STRUCTURE + DISCOUNT","NORMAL DOWNTREND","65","TRUE","FALSE","FALSE","LEADING","LEADING (Passive)","0.31","0.31","DRY / QUIET","50","50","21.92","32.49","10.28","29.44","1056.07","1148.75","1325.11","3102000","10040025","938","Supertrend bearish | RSI 21.9 lemah | Volume 0.31x | Crash filter aktif | RISEN NORMAL DOWNTREND","Full Grid (1-2-3-4)","100000000","1465","1400","1385","1365","0.1","0.2","0.3","0.4","68","142","216","293","719","99752500","247500","1387.38","1387.42","1325","1675","1885","1885","9.56","4.5","28.67","35.87","3","7.98"
"ISAT","2026-05-25","2026-05-25","559","FULL","2160","5.365853658536586","AVOID","-","passive","FALSE","","EARLY SWEEP","2026-04-24","","31d","31","DOWNTREND","BULLISH","BULLISH","BEARISH","DEMAND STRUCTURE","SIDEWAYS","43.73","TRUE","FALSE","FALSE","WEAKENING","WEAKENING (Passive)","0.44","0.44","DRY / QUIET","75","25","51.59","20.93","24.76","18.47","2142.49","2135.97","2316.35","7037100","15952940","938","Supertrend bearish | RSI 51.6 > 50 | Volume 0.44x | Lolos anti-crash ADX | RISEN SIDEWAYS","Full Grid (1-2-3-4)","100000000","2200","2110","2090","2060","0.1","0.2","0.3","0.4","45","94","143","194","476","99585000","415000","2092.12","2092.24","1995","2510","2820","2820","9.32","4.64","28.18","34.79","3.02","7.49"
"MDLN","2026-05-25","2026-05-25","559","FULL","51","2","AVOID","-","passive","FALSE","","V-SHAPE","2026-03-05","","81d","81","DOWNTREND","BEARISH","BEARISH","BEARISH","STRUCTURE + DISCOUNT","NORMAL DOWNTREND","57.53","TRUE","FALSE","FALSE","LEADING","LEADING (Passive)","0.73","0.73","DRY / QUIET","100","0","39.73","20.69","19.83","17.53","52.8","54.82","57.77","14440700","19680565","938","Supertrend bearish | RSI 39.7 lemah | Volume 0.73x | Lolos anti-crash ADX | RISEN NORMAL DOWNTREND","Full Grid (1-2-3-4)","100000000","57","55","55","54","0.1","0.2","0.3","0.4","1754","3636","5454","7407","18251","99990600","9400","54.79","54.79","52","65","72","72","8.77","5.09","26.32","31.42","3","6.18"
"PSDN","2026-05-25","2026-05-25","559","FULL","137","6.2015503875969","AVOID","-","passive","FALSE","","SMART GAMMA","2026-04-24","","31d","31","DOWNTREND","BEARISH","BEARISH","BULLISH","STRUCTURE + DISCOUNT","NORMAL UPTREND","25","TRUE","TRUE","FALSE","LAGGING","LAGGARD (Passive)","0.19","0.19","DRY / QUIET","26.09","73.91","42.35","27.3","27.43","23.2","156.09","152.29","126.15","14934800","80401530","938","Supertrend bearish | RSI 42.4 lemah | Volume 0.19x | Lolos anti-crash ADX | RISEN NORMAL UPTREND","Full Grid (1-2-3-4)","100000000","199","144","130","112","0.1","0.2","0.3","0.4","502","1388","2307","3571","7768","99963200","36800","128.69","128.69","83","374","545","545","58.29","35.5","173.87","323.51","2.98","9.11"
"SMMT","2026-05-25","2026-05-25","559","FULL","1760","3.5294117647058822","AVOID","-","passive","FALSE","","G ACC","2026-04-24","","31d","31","DOWNTREND","BEARISH","BEARISH","BULLISH","STRUCTURE + DISCOUNT","NORMAL UPTREND","25","TRUE","TRUE","FALSE","LAGGING","LAGGARD (Passive)","0.22","0.22","DRY / QUIET","36.36","63.64","44.22","41.75","31.74","25.98","1940.05","1782.99","1417.52","205400","925395","938","Supertrend bearish | RSI 44.2 lemah | Volume 0.22x | Lolos anti-crash ADX | RISEN NORMAL UPTREND","Full Grid (1-2-3-4)","100000000","2160","1645","1525","1350","0.1","0.2","0.3","0.4","46","121","196","296","659","99690500","309500","1512.75","1513.1","1105","3740","5325","5325","48.84","26.95","146.53","252.01","3","9.35"
"ENRG","2026-05-25","2026-05-25","559","FULL","1390","-6.7114093959731544","AVOID","-","passive","FALSE","","SMART GAMMA","2026-04-23","","32d","32","DOWNTREND","BEARISH","BEARISH","BULLISH","STRUCTURE + DISCOUNT","NORMAL DOWNTREND","25","TRUE","FALSE","FALSE","LAGGING","LAGGARD (Passive)","0.46","0.46","DRY / QUIET","18.18","81.82","40.64","24.26","10.76","28.77","1587.46","1617.72","1252.67","53214100","116200300","936","Supertrend bearish | RSI 40.6 lemah | Volume 0.46x | Lolos anti-crash ADX | RISEN NORMAL DOWNTREND","Full Grid (1-2-3-4)","100000000","2090","1695","1600","1470","0.1","0.2","0.3","0.4","47","117","187","272","623","99558500","441500","1598.05","1598.85","1275","3310","4540","4540","39","20.22","117.22","184.1","3.01","9.11"
"GDYR","2026-05-25","2026-05-25","559","FULL","1075","-2.272727272727273","HOLD","-","passive","FALSE","","V-SHAPE","2026-03-04","","82d","82","UPTREND","BEARISH","BEARISH","BEARISH","STRUCTURE + DISCOUNT","NORMAL DOWNTREND","60","TRUE","FALSE","FALSE","LEADING","LEADING (Passive)","0.16","0.16","DRY / QUIET","28.57","71.43","46.16","13.39","21.61","17.72","1097.2","1101.53","1125.73","23400","146220","936","Supertrend bullish | RSI 46.2 lemah | Volume 0.16x | Lolos anti-crash ADX | RISEN NORMAL DOWNTREND","Full Grid (1-2-3-4)","100000000","1085","1065","1060","1055","0.1","0.2","0.3","0.4","92","187","283","379","941","99880000","120000","1061.42","1061.43","1035","1160","1275","1275","4.61","2.49","17.51","20.12","3.8","8.08"
"HYGN","2026-05-25","2026-05-25","533","FULL","150","0.6711409395973155","HOLD","-","passive","FALSE","","V-SHAPE","2026-04-23","","32d","32","UPTREND","NEUTRAL","BULLISH","BEARISH","STRUCTURE + DISCOUNT","NORMAL UPTREND","54","TRUE","TRUE","FALSE","WEAKENING","WEAKENING (Passive)","0.15","0.15","DRY / QUIET","50","50","50.78","59.31","30.31","10.72","150.04","148.89","151.74","1237700","8528985","936","Supertrend bullish | RSI 50.8 > 50 | Volume 0.15x | Lolos anti-crash ADX | RISEN NORMAL UPTREND","Full Grid (1-2-3-4)","100000000","146","142","140","139","0.1","0.2","0.3","0.4","684","1408","2142","2877","7111","99958300","41700","140.57","140.57","136","161","177","177","6.85","3.25","21.23","25.92","3.1","7.97"
"KBAG","2026-05-25","2026-05-25","559","FULL","36","9.090909090909092","AVOID","-","passive","FALSE","","G ACC","2026-04-23","","32d","32","DOWNTREND","BEARISH","BEARISH","BEARISH","STRUCTURE + DISCOUNT","NORMAL DOWNTREND","25","TRUE","FALSE","FALSE","LAGGING","LAGGARD (Passive)","0.27","0.27","DRY / QUIET","100","0","33","23.57","24.85","41.57","45.53","48.02","45.59","6390900","23935565","936","Supertrend bearish | RSI 33.0 lemah | Volume 0.27x | Lolos anti-crash ADX | RISEN NORMAL DOWNTREND","Full Grid (1-2-3-4)","100000000","55","51","49","48","0.1","0.2","0.3","0.4","1818","3921","6122","8333","20194","99992300","7700","49.52","49.52","46","69","82","82","16.36","7.1","49.09","65.6","3","9.24"
"LOPI","2026-05-25","2026-05-25","559","FULL","97","1.0416666666666665","AVOID","-","passive","FALSE","","SMART GAMMA","2026-04-23","","32d","32","DOWNTREND","BEARISH","BEARISH","BEARISH","DOWNTREND DISCOUNT","SIDEWAYS","48.98","TRUE","FALSE","FALSE","LAGGING","LAGGARD (Passive)","0.15","0.15","DRY / QUIET","36.36","63.64","35.92","16.9","17.66","20.1","111.31","117.36","110.07","728200","4814625","936","Supertrend bearish | RSI 35.9 lemah | Volume 0.15x | Lolos anti-crash ADX | RISEN SIDEWAYS","Full Grid (1-2-3-4)","100000000","126","110","106","101","0.1","0.2","0.3","0.4","793","1818","2830","3960","9401","99983800","16200","106.35","106.36","92","177","228","228","26.98","13.5","80.95","114.38","3","8.47"
"OILS","2026-05-25","2026-05-25","559","FULL","200","0","AVOID","-","passive","FALSE","","V-SHAPE","2026-04-23","","32d","32","DOWNTREND","BEARISH","BEARISH","BEARISH","STRUCTURE + DISCOUNT","NORMAL DOWNTREND","65","TRUE","FALSE","FALSE","LAGGING","LAGGARD (Passive)","0.12","0.12","DRY / QUIET","0","100","24.87","30.34","15.14","29.18","240.16","248.14","213.21","1565400","12836005","936","Supertrend bearish | RSI 24.9 lemah | Volume 0.12x | Crash filter aktif | RISEN NORMAL DOWNTREND","Full Grid (1-2-3-4)","100000000","302","234","218","196","0.1","0.2","0.3","0.4","331","854","1376","2040","4601","99960600","39400","217.26","217.26","162","510","720","720","46.36","25.43","138.41","231.4","2.99","9.1"
"ARKO","2026-05-25","2026-05-25","559","FULL","6100","-3.557312252964427","AVOID","-","passive","FALSE","","G ACC","2026-04-22","","33d","33","DOWNTREND","BEARISH","BEARISH","BULLISH","DEMAND STRUCTURE","NORMAL UPTREND","26.91","TRUE","TRUE","FALSE","LAGGING","LAGGARD (Passive)","0.4","0.4","DRY / QUIET","50","50","37.38","28.13","13.62","27.56","7811.1","7960.35","5715.21","1726100","4343235","934","Supertrend bearish | RSI 37.4 lemah | Volume 0.4x | Lolos anti-crash ADX | RISEN NORMAL UPTREND","Full Grid (1-2-3-4)","100000000","11700","8300","7500","6350","0.1","0.2","0.3","0.4","8","24","40","62","134","98650000","1350000","7361.94","7372.7","4680","22225","32750","32750","60","36.43","179.91","344.86","3","9.47"
"COAL","2026-05-25","2026-05-25","559","FULL","50","0","AVOID","-","passive","FALSE","","SMART SNIPER","2026-04-22","Structure + Discount","33d","33","DOWNTREND","BEARISH","BEARISH","BEARISH","DOWNTREND DISCOUNT","NORMAL DOWNTREND","56.12","TRUE","FALSE","FALSE","LAGGING","LAGGARD (Passive)","0.03","0.03","DRY / QUIET","0","100","36.04","12.03","19.2","21.56","56.15","61.2","63.88","20896300","597652845","934","Supertrend bearish | RSI 36.0 lemah | Volume 0.03x | Lolos anti-crash ADX | RISEN NORMAL DOWNTREND","Full Grid (1-2-3-4)","100000000","71","62","60","57","0.1","0.2","0.3","0.4","1408","3225","5000","7017","16650","99988700","11300","60.05","60.05","52","100","128","128","26.76","13.41","80.28","113.14","3","8.44"
"IDEA","2026-05-25","2026-05-25","559","FULL","62","5.084745762711865","AVOID","-","passive","FALSE","","V-SHAPE","2026-04-22","","33d","33","DOWNTREND","BEARISH","BEARISH","BEARISH","STRUCTURE + DISCOUNT","NORMAL DOWNTREND","68.34","TRUE","FALSE","FALSE","LAGGING","LAGGARD (Passive)","0.22","0.22","DRY / QUIET","100","0","33.47","21.43","14.25","33.35","73.05","85.15","88.54","2605600","11763650","934","Supertrend bearish | RSI 33.5 lemah | Volume 0.22x | Lolos anti-crash ADX | RISEN NORMAL DOWNTREND","Full Grid (1-2-3-4)","100000000","86","74","71","67","0.1","0.2","0.3","0.4","1162","2702","4225","5970","14059","99984500","15500","71.12","71.12","60","125","164","164","30.23","15.63","90.7","130.6","3","8.35"
"KOIN","2026-05-25","2026-05-25","559","FULL","78","-1.2658227848101267","AVOID","-","passive","FALSE","","V-SHAPE","2026-03-03","","83d","83","DOWNTREND","BEARISH","BEARISH","BEARISH","DOWNTREND DISCOUNT","SIDEWAYS","27.8","TRUE","FALSE","TRUE","LEADING","LEADING (Passive)","1.39","1.39","EXPANSION","0","100","45.86","15.53","36.71","43.6","80.45","82.03","79.98","30200","21695","934","Supertrend bearish | RSI 45.9 lemah | Volume valid 1.39x | Lolos anti-crash ADX | RISEN SIDEWAYS","Full Grid (1-2-3-4)","100000000","90","84","83","81","0.1","0.2","0.3","0.4","1111","2380","3614","4938","12043","99985000","15000","83.02","83.02","77","110","129","129","14.44","7.25","43.33","55.38","3","7.63"
"KOTA","2026-05-25","2026-05-25","559","FULL","115","-4.958677685950414","AVOID","-","passive","FALSE","","G ACC","2026-04-22","","33d","33","DOWNTREND","BEARISH","BULLISH","BULLISH","DEMAND STRUCTURE","NORMAL UPTREND","33.32","TRUE","TRUE","FALSE","WEAKENING","WEAKENING (Passive)","0.2","0.2","DRY / QUIET","0","100","47.45","35.55","23.36","23.19","124.55","104.42","63.15","257181000","1314279215","934","Supertrend bearish | RSI 47.5 lemah | Volume 0.2x | Lolos anti-crash ADX | RISEN NORMAL UPTREND","Full Grid (1-2-3-4)","100000000","136","95","85","72","0.1","0.2","0.3","0.4","735","2105","3529","5555","11924","99986000","14000","83.85","83.85","52","262","388","388","61.76","37.99","185.29","362.72","3","9.55"
"WIRG","2026-05-25","2026-05-25","559","FULL","62","0","AVOID","-","passive","FALSE","","SMART SNIPER","2026-04-22","Discount Only","33d","33","DOWNTREND","BEARISH","BEARISH","BEARISH","STRUCTURE + DISCOUNT","NORMAL DOWNTREND","38.15","TRUE","FALSE","FALSE","LAGGING","LAGGARD (Passive)","0.61","0.61","DRY / QUIET","33.33","66.67","24.29","27.79","8.99","34.05","72.6","78.3","95.16","30381200","49808810","934","Supertrend bearish | RSI 24.3 lemah | Volume 0.61x | Lolos anti-crash ADX | RISEN NORMAL DOWNTREND","Full Grid (1-2-3-4)","100000000","86","79","77","74","0.1","0.2","0.3","0.4","1162","2531","3896","5405","12994","99984300","15700","76.95","76.95","70","110","134","134","18.6","9.03","55.81","74.15","3","8.21"
"APIC","2026-05-25","2026-05-25","559","FULL","1195","-11.152416356877323","AVOID","-","passive","FALSE","","BETA BREAKOUT","2026-04-21","","34d","34","DOWNTREND","BEARISH","BEARISH","BEARISH","STRUCTURE + DISCOUNT","SIDEWAYS","17.5","TRUE","TRUE","FALSE","LAGGING","LAGGARD (Passive)","0.08","0.08","DRY / QUIET","0","100","40.61","21.02","21.14","27.66","1538.2","1478.71","1340.33","554600","7061330","932","Supertrend bearish | RSI 40.6 lemah | Volume 0.08x | Lolos anti-crash ADX | RISEN SIDEWAYS","Full Grid (1-2-3-4)","100000000","1500","1275","1220","1145","0.1","0.2","0.3","0.4","66","156","245","349","816","99640500","359500","1221.08","1221.34","1025","2210","2930","2930","31.67","16.06","95.33","139.95","3.01","8.72"
"ARGO","2026-05-25","2026-05-25","559","FULL","825","0","AVOID","-","passive","FALSE","","SMART SNIPER","2026-04-21","Discount Only","34d","34","DOWNTREND","BEARISH","BEARISH","BEARISH","STRUCTURE + DISCOUNT","SIDEWAYS","40.77","TRUE","FALSE","FALSE","LAGGING","LAGGARD (Passive)","0.17","0.17","DRY / QUIET","100","0","34.46","21.36","17.24","31.07","944.29","983.82","1032.7","11200","67020","932","Supertrend bearish | RSI 34.5 lemah | Volume 0.17x | Lolos anti-crash ADX | RISEN SIDEWAYS","Full Grid (1-2-3-4)","100000000","1155","980","935","875","0.1","0.2","0.3","0.4","86","204","320","457","1067","99832500","167500","935.64","935.75","785","1710","2270","2270","32.03","16.1","96.54","142.62","3.01","8.86"
"ASGR","2026-05-25","2026-05-25","559","FULL","1510","0.6666666666666667","AVOID","-","passive","FALSE","","SMART GAMMA","2026-04-21","","34d","34","DOWNTREND","BEARISH","BEARISH","BULLISH","DEMAND STRUCTURE","NORMAL UPTREND","46.91","TRUE","TRUE","FALSE","LAGGING","LAGGARD (Passive)","0.45","0.45","DRY / QUIET","16.67","83.33","39.51","24.97","16.99","33.36","1603.7","1613.3","1388.26","819900","1833045","932","Supertrend bearish | RSI 39.5 lemah | Volume 0.45x | Lolos anti-crash ADX | RISEN NORMAL UPTREND","Full Grid (1-2-3-4)","100000000","1900","1670","1615","1540","0.1","0.2","0.3","0.4","52","119","185","259","615","99516500","483500","1618.15","1618.41","1425","2610","3330","3330","25","11.94","75.26","105.79","3.01","8.86"
"BBSI","2026-05-25","2026-05-25","559","FULL","4550","0.44150110375275936","AVOID","-","passive","FALSE","","SMART GAMMA","2026-03-02","","84d","84","DOWNTREND","BEARISH","BEARISH","BULLISH","DEMAND STRUCTURE","NORMAL DOWNTREND","51.1","TRUE","FALSE","FALSE","LEADING","LEADING (Passive)","1.21","1.21","EXPANSION","67.57","32.43","45.17","56.11","4.67","39.96","4640.51","4598.81","4317.97","4500","3715","932","Supertrend bearish | RSI 45.2 lemah | Volume valid 1.21x | Crash filter aktif | RISEN NORMAL DOWNTREND","Full Grid (1-2-3-4)","100000000","5000","4180","3980","3700","0.1","0.2","0.3","0.4","20","47","75","108","250","99456000","544000","3978.24","3978.8","3310","7525","10075","10075","33.8","16.8","101.5","153.25","3","9.12"
"EMAS","2026-05-25","2026-05-25","159","IPO / SHORT","7425","1.7123287671232876","AVOID","-","passive","FALSE","","BETA BREAKOUT","2026-04-21","","34d","34","DOWNTREND","BEARISH","BEARISH","BULLISH","DEMAND STRUCTURE","NORMAL UPTREND","10.32","TRUE","TRUE","FALSE","LAGGING","LAGGARD (Passive)","1.59","1.59","EXPANSION","46.15","53.85","43.59","32.33","15.94","30.55","7912.7","7994.98","6257.03","30140100","19007130","932","Supertrend bearish | RSI 43.6 lemah | Volume valid 1.59x | Crash filter aktif | RISEN NORMAL UPTREND","Full Grid (1-2-3-4)","100000000","9350","8625","8450","8200","0.1","0.2","0.3","0.4","10","23","35","48","116","98122500","1877500","8458.84","8462.6","7775","11725","14075","14075","16.84","8.08","50.53","66.39","3","8.21"
"HDIT","2026-05-25","2026-05-25","559","FULL","54","3.8461538461538463","AVOID","-","passive","FALSE","","SMART SNIPER","2026-04-21","Structure + Discount","34d","34","DOWNTREND","BEARISH","BEARISH","BEARISH","STRUCTURE + DISCOUNT","NORMAL DOWNTREND","70.18","TRUE","FALSE","FALSE","LAGGING","LAGGARD (Passive)","0.34","0.34","DRY / QUIET","50","50","39","21.38","15.79","18.63","58.74","61.36","57.71","9120100","26863460","932","Supertrend bearish | RSI 39.0 lemah | Volume 0.34x | Lolos anti-crash ADX | RISEN NORMAL DOWNTREND","Full Grid (1-2-3-4)","100000000","66","60","58","56","0.1","0.2","0.3","0.4","1515","3333","5172","7142","17162","99989800","10200","58.26","58.26","52","90","92","92","21.21","10.75","39.39","57.91","1.86","5.39"
"IKAI","2026-05-25","2026-05-25","559","FULL","20","5.263157894736842","AVOID","-","passive","FALSE","","SMART SNIPER","2026-04-21","Structure + Discount","34d","34","DOWNTREND","BEARISH","BEARISH","BEARISH","STRUCTURE + DISCOUNT","NORMAL DOWNTREND","27.84","TRUE","FALSE","FALSE","LAGGING","LAGGARD (Passive)","0.16","0.16","DRY / QUIET","50","50","37.47","20.86","20.76","46.44","22.83","23.05","20.54","5567300","34768355","932","Supertrend bearish | RSI 37.5 lemah | Volume 0.16x | Lolos anti-crash ADX | RISEN NORMAL DOWNTREND","Full Grid (1-2-3-4)","100000000","23","22","21","21","0.1","0.2","0.3","0.4","4347","9090","14285","19047","46769","99993300","6700","21.38","21.38","20","28","32","32","13.04","6.46","39.13","49.67","3","7.69"
"INDY","2026-05-25","2026-05-25","559","FULL","2450","-0.40650406504065045","AVOID","-","passive","FALSE","","V-SHAPE","2026-04-21","","34d","34","DOWNTREND","BEARISH","BEARISH","BEARISH","STRUCTURE + DISCOUNT","NORMAL DOWNTREND","14.32","TRUE","FALSE","FALSE","LAGGING","LAGGARD (Passive)","1.32","1.32","EXPANSION","73.53","26.47","29.89","32.21","10.26","34.73","3047.14","3273.83","2750.9","39037300","29681455","932","Supertrend bearish | RSI 29.9 lemah | Volume valid 1.32x | Crash filter aktif | RISEN NORMAL DOWNTREND","Full Grid (1-2-3-4)","100000000","3740","3400","3310","3200","0.1","0.2","0.3","0.4","26","58","90","125","299","99234000","766000","3318.86","3320.1","3000","4850","5950","5950","19.79","9.61","59.09","79.28","2.99","8.25"
"JSPT","2026-05-25","2026-05-25","559","FULL","1250","2.459016393442623","AVOID","-","passive","FALSE","","SMART SNIPER","2026-04-21","Structure + Discount","34d","34","DOWNTREND","BEARISH","BEARISH","BEARISH","STRUCTURE + DISCOUNT","NORMAL DOWNTREND","100","TRUE","FALSE","FALSE","LAGGING","LAGGARD (Passive)","0.34","0.34","DRY / QUIET","6.06","93.94","32.36","17.52","23.99","23.5","1399.45","1592.32","3005.27","13800","40475","932","Supertrend bearish | RSI 32.4 lemah | Volume 0.34x | Lolos anti-crash ADX | RISEN NORMAL DOWNTREND","Full Grid (1-2-3-4)","100000000","1680","1445","1390","1310","0.1","0.2","0.3","0.4","59","138","215","305","717","99693000","307000","1390.42","1390.62","1180","2430","3180","3180","29.76","15.13","89.29","128.71","3","8.5"
"KICI","2026-05-25","2026-05-25","559","FULL","206","0","AVOID","-","passive","FALSE","","SMART GAMMA","2026-04-21","","34d","34","DOWNTREND","BEARISH","BEARISH","BULLISH","STRUCTURE + DISCOUNT","SIDEWAYS","79.15","TRUE","FALSE","FALSE","LAGGING","LAGGARD (Passive)","0.18","0.18","DRY / QUIET","100","0","46.2","37.17","29.66","17.55","213.87","212.69","195.44","378500","2156140","932","Supertrend bearish | RSI 46.2 lemah | Volume 0.18x | Lolos anti-crash ADX | RISEN SIDEWAYS","Full Grid (1-2-3-4)","100000000","322","242","222","195","0.1","0.2","0.3","0.4","310","826","1351","2051","4538","99957900","42100","220.27","220.28","155","575","825","825","51.86","29.63","156.21","274.54","3.01","9.27"
"LAND","2026-05-25","2026-05-25","559","FULL","68","3.0303030303030303","AVOID","-","passive","FALSE","","SMART GAMMA","2026-04-21","","34d","34","DOWNTREND","BEARISH","BEARISH","BULLISH","DEMAND STRUCTURE","NORMAL UPTREND","25","TRUE","TRUE","FALSE","LAGGING","LAGGARD (Passive)","0.2","0.2","DRY / QUIET","40","60","40.85","23.28","17.39","24.67","79.07","75.4","55.66","22695500","110881685","932","Supertrend bearish | RSI 40.9 lemah | Volume 0.2x | Lolos anti-crash ADX | RISEN NORMAL UPTREND","Full Grid (1-2-3-4)","100000000","97","77","72","66","0.1","0.2","0.3","0.4","1030","2597","4166","6060","13853","99979100","20900","72.17","72.17","56","159","220","220","42.27","22.41","126.8","204.83","3","9.14"
"OBMD","2026-05-25","2026-05-25","559","FULL","210","1.9417475728155338","AVOID","-","passive","FALSE","","V-SHAPE","2026-03-02","","84d","84","DOWNTREND","BEARISH","BEARISH","BEARISH","STRUCTURE + DISCOUNT","NORMAL DOWNTREND","49.31","TRUE","FALSE","FALSE","LEADING","LEADING (Passive)","0.21","0.21","DRY / QUIET","33.33","66.67","35.36","36.34","10","29.39","219.74","234.07","245.51","170800","813055","932","Supertrend bearish | RSI 35.4 lemah | Volume 0.21x | Crash filter aktif | RISEN NORMAL DOWNTREND","Full Grid (1-2-3-4)","100000000","276","268","264","262","0.1","0.2","0.3","0.4","362","746","1136","1526","3770","99955600","44400","265.13","265.13","254","310","342","342","7.97","4.2","23.91","28.99","3","6.9"
"RODA","2026-05-25","2026-05-25","559","FULL","65","1.5625","AVOID","-","passive","FALSE","","SMART GAMMA","2026-04-21","","34d","34","DOWNTREND","BEARISH","BEARISH","BULLISH","STRUCTURE + DISCOUNT","NORMAL UPTREND","44.89","TRUE","TRUE","FALSE","LAGGING","LAGGARD (Passive)","0.04","0.04","DRY / QUIET","50","50","42.59","23.95","21.31","21.58","72.09","68.89","55.91","5002200","128291800","932","Supertrend bearish | RSI 42.6 lemah | Volume 0.04x | Lolos anti-crash ADX | RISEN NORMAL UPTREND","Full Grid (1-2-3-4)","100000000","94","72","67","59","0.1","0.2","0.3","0.4","1063","2777","4477","6779","15096","99978600","21400","66.23","66.23","48","163","232","232","48.94","27.52","146.81","250.3","3","9.09"
"SKRN","2026-05-25","2026-05-25","559","FULL","436","0.4608294930875576","AVOID","-","passive","FALSE","","SMART GAMMA","2026-04-21","","34d","34","DOWNTREND","BEARISH","BEARISH","BEARISH","STRUCTURE + DISCOUNT","SIDEWAYS","25","TRUE","FALSE","FALSE","WEAKENING","WEAKENING (Passive)","0.68","0.68","DRY / QUIET","60","40","36.92","25.59","14.23","28.53","462.66","470.89","490.72","179300","262125","932","Supertrend bearish | RSI 36.9 lemah | Volume 0.68x | Lolos anti-crash ADX | RISEN SIDEWAYS","Full Grid (1-2-3-4)","100000000","550","482","464","442","0.1","0.2","0.3","0.4","181","414","646","904","2145","99841000","159000","465.46","465.49","406","765","980","980","26.18","12.77","78.18","110.54","2.99","8.65"
"SMDR","2026-05-25","2026-05-25","559","FULL","306","0","AVOID","-","passive","FALSE","","SMART GAMMA","2026-03-02","","84d","84","DOWNTREND","BEARISH","BEARISH","BEARISH","STRUCTURE + DISCOUNT","NORMAL DOWNTREND","55.1","TRUE","FALSE","FALSE","LEADING","LEADING (Passive)","0.63","0.63","DRY / QUIET","40","60","35.88","27.84","11.62","31.33","325.88","342.85","342.61","8605600","13554170","932","Supertrend bearish | RSI 35.9 lemah | Volume 0.63x | Lolos anti-crash ADX | RISEN NORMAL DOWNTREND","Full Grid (1-2-3-4)","100000000","428","366","350","328","0.1","0.2","0.3","0.4","233","546","857","1219","2855","99934200","65800","350.03","350.05","298","625","820","820","30.37","14.86","91.59","134.26","3.02","9.03"
"TNCA","2026-05-25","2026-05-25","559","FULL","167","1.2121212121212122","AVOID","-","passive","FALSE","","SMART SNIPER","2026-04-21","Structure + Discount","34d","34","DOWNTREND","BEARISH","BEARISH","BEARISH","STRUCTURE + DISCOUNT","NORMAL DOWNTREND","18.61","TRUE","FALSE","FALSE","LAGGING","LAGGARD (Passive)","0.38","0.38","DRY / QUIET","58.33","41.67","36.26","14.19","22.86","21.57","183.41","189.6","200.85","166400","442840","932","Supertrend bearish | RSI 36.3 lemah | Volume 0.38x | Lolos anti-crash ADX | RISEN NORMAL DOWNTREND","Full Grid (1-2-3-4)","100000000","204","186","182","176","0.1","0.2","0.3","0.4","490","1075","1648","2272","5485","99971800","28200","182.26","182.26","166","262","318","318","18.63","8.92","55.88","74.47","3","8.35"
"TOTL","2026-05-25","2026-05-25","559","FULL","1050","-0.47393364928909953","AVOID","-","passive","FALSE","","G ACC","2026-04-21","","34d","34","DOWNTREND","BEARISH","BEARISH","BULLISH","DEMAND STRUCTURE","SIDEWAYS","25","TRUE","FALSE","FALSE","LAGGING","LAGGARD (Passive)","0.24","0.24","DRY / QUIET","60","40","36.84","32.79","14.52","31.77","1136.68","1120.95","981.91","1142600","4736845","932","Supertrend bearish | RSI 36.8 lemah | Volume 0.24x | Crash filter aktif | RISEN SIDEWAYS","Full Grid (1-2-3-4)","100000000","1220","1105","1080","1040","0.1","0.2","0.3","0.4","81","180","277","384","922","99624000","376000","1080.52","1080.67","985","1575","1925","1925","19.26","8.84","57.79","78.15","3","8.84"
"AKPI","2026-05-25","2026-05-25","559","FULL","520","-1.8867924528301887","HOLD","-","passive","FALSE","","SMART SNIPER","2026-04-20","Demand Structure","35d","35","UPTREND","BEARISH","BEARISH","BEARISH","STRUCTURE + DISCOUNT","SIDEWAYS","48.9","TRUE","FALSE","FALSE","LAGGING","LAGGARD (Passive)","0.88","0.88","NORMAL","0","100","45.96","34.48","25.28","9.85","532.25","530.36","554.46","164600","187690","930","Supertrend bullish | RSI 46.0 lemah | Volume 0.88x | Lolos anti-crash ADX | RISEN SIDEWAYS","Full Grid (1-2-3-4)","100000000","560","515","505","490","0.1","0.2","0.3","0.4","178","388","594","816","1976","99931000","69000","505.72","505.74","464","705","850","850","17.14","8.25","51.79","68.08","3.02","8.25"
"BABY","2026-05-25","2026-05-25","559","FULL","151","4.137931034482759","AVOID","-","passive","FALSE","","SMART SNIPER","2026-04-20","Discount Only","35d","35","DOWNTREND","BEARISH","BEARISH","BEARISH","DOWNTREND DISCOUNT","NORMAL DOWNTREND","44.92","TRUE","FALSE","FALSE","LAGGING","LAGGARD (Passive)","0.1","0.1","DRY / QUIET","100","0","33.92","17.92","30.38","34.48","206.55","231.18","281.82","1175000","12182365","930","Supertrend bearish | RSI 33.9 lemah | Volume 0.1x | Lolos anti-crash ADX | RISEN NORMAL DOWNTREND","Full Grid (1-2-3-4)","100000000","262","222","212","199","0.1","0.2","0.3","0.4","381","900","1415","2010","4706","99959200","40800","212.41","212.42","178","388","515","515","32.06","16.2","96.56","142.46","3.01","8.79"
"BAPA","2026-05-25","2026-05-25","559","FULL","238","0","HOLD","-","passive","FALSE","","G ACC","2026-04-20","","35d","35","UPTREND","BULLISH","BULLISH","BULLISH","UPTREND PREMIUM","NORMAL UPTREND","80.36","TRUE","TRUE","FALSE","WEAKENING","WEAKENING (Passive)","0","0","NO VOLUME","50","50","76.96","64.51","50.96","8.49","217.55","173.95","110.33","0","72348950","930","Supertrend bullish | RSI 77.0 > 50 | Volume 0x | Lolos anti-crash ADX | RISEN NORMAL UPTREND","Full Grid (1-2-3-4)","100000000","199","135","119","98","0.1","0.2","0.3","0.4","502","1481","2521","4081","8585","99977000","23000","116.46","116.46","66","398","600","600","66.83","43.33","201.51","415.22","3.02","9.58"
"BIPP","2026-05-25","2026-05-25","559","FULL","65","4.838709677419355","AVOID","-","passive","FALSE","","SMART GAMMA","2026-04-20","","35d","35","DOWNTREND","BEARISH","BEARISH","BULLISH","STRUCTURE + DISCOUNT","NORMAL UPTREND","25","TRUE","TRUE","FALSE","LAGGING","LAGGARD (Passive)","0.21","0.21","DRY / QUIET","83.33","16.67","41.54","26.24","16.46","24.47","74.7","74.44","62.38","8929300","42402635","930","Supertrend bearish | RSI 41.5 lemah | Volume 0.21x | Lolos anti-crash ADX | RISEN NORMAL UPTREND","Full Grid (1-2-3-4)","100000000","86","69","64","58","0.1","0.2","0.3","0.4","1162","2898","4687","6896","15643","99983000","17000","63.92","63.92","49","142","197","197","43.02","23.34","129.07","208.22","3","8.92"
"INDX","2026-05-25","2026-05-25","559","FULL","85","4.938271604938271","AVOID","-","passive","FALSE","","SMART GAMMA","2026-04-20","","35d","35","DOWNTREND","BEARISH","BEARISH","BEARISH","STRUCTURE + DISCOUNT","NORMAL DOWNTREND","27.14","TRUE","FALSE","FALSE","LAGGING","LAGGARD (Passive)","0.32","0.32","DRY / QUIET","75","25","34.78","14","22.42","25.31","98.54","109.05","127.18","2139900","6749105","930","Supertrend bearish | RSI 34.8 lemah | Volume 0.32x | Lolos anti-crash ADX | RISEN NORMAL DOWNTREND","Full Grid (1-2-3-4)","100000000","142","117","111","103","0.1","0.2","0.3","0.4","704","1709","2702","3883","8998","99979200","20800","111.11","111.11","90","220","298","298","36.62","19","109.86","168.2","3","8.85"
"MDIA","2026-05-25","2026-05-25","559","FULL","110","0","AVOID","-","passive","FALSE","","SMART GAMMA","2026-04-20","","35d","35","DOWNTREND","BEARISH","BULLISH","BULLISH","DEMAND STRUCTURE","NORMAL UPTREND","48.33","TRUE","TRUE","FALSE","WEAKENING","WEAKENING (Passive)","0.13","0.13","DRY / QUIET","33.33","66.67","48.68","32.47","24.88","17.4","116.13","100.19","67.33","71414300","547964200","930","Supertrend bearish | RSI 48.7 lemah | Volume 0.13x | Lolos anti-crash ADX | RISEN NORMAL UPTREND","Full Grid (1-2-3-4)","100000000","120","85","77","65","0.1","0.2","0.3","0.4","833","2352","3896","6153","13234","99981700","18300","75.55","75.55","48","228","336","336","60","36.47","180","344.74","3","9.45"
"PDPP","2026-05-25","2026-05-25","559","FULL","276","1.4705882352941175","AVOID","-","passive","FALSE","","SMART SNIPER","2026-04-20","Structure + Discount","35d","35","DOWNTREND","BEARISH","BEARISH","BEARISH","STRUCTURE + DISCOUNT","NORMAL DOWNTREND","25.09","TRUE","FALSE","FALSE","LAGGING","LAGGARD (Passive)","0.73","0.73","DRY / QUIET","66.67","33.33","38.21","20.94","12.54","22.49","308.35","317.24","373.87","336300","462255","930","Supertrend bearish | RSI 38.2 lemah | Volume 0.73x | Lolos anti-crash ADX | RISEN NORMAL DOWNTREND","Full Grid (1-2-3-4)","100000000","350","322","314","304","0.1","0.2","0.3","0.4","285","621","955","1315","3176","99934200","65800","314.65","314.66","288","444","535","535","17.71","8.47","52.86","70.03","2.98","8.27"
"POLU","2026-05-25","2026-05-25","559","FULL","11175","14.030612244897958","AVOID","-","passive","FALSE","","SMART GAMMA","2026-04-20","","35d","35","DOWNTREND","BEARISH","BEARISH","BEARISH","STRUCTURE + DISCOUNT","NORMAL DOWNTREND","41.34","TRUE","FALSE","FALSE","LAGGING","LAGGARD (Passive)","1.29","1.29","EXPANSION","70.89","29.11","35.02","13.65","21.16","38.56","13601.64","15178.94","15889.4","10000","7725","930","Supertrend bearish | RSI 35.0 lemah | Volume valid 1.29x | Lolos anti-crash ADX | RISEN NORMAL DOWNTREND","Full Grid (1-2-3-4)","100000000","20900","16950","16025","14700","0.1","0.2","0.3","0.4","4","11","18","27","60","95540000","4460000","15923.33","15995.97","12700","33200","45500","45500","39.23","20.24","117.7","185.74","3","9.18"
"VISI","2026-05-25","2026-05-25","524","FULL","745","-1.9736842105263157","HOLD","-","passive","FALSE","","SMART GAMMA","2026-04-20","","35d","35","UPTREND","BEARISH","BULLISH","BULLISH","DEMAND STRUCTURE","NORMAL UPTREND","49.55","TRUE","TRUE","FALSE","WEAKENING","WEAKENING (Passive)","0.42","0.42","DRY / QUIET","45.45","54.55","47.88","36.69","20.75","14.4","771.81","706.79","460.95","352800","848895","930","Supertrend bullish | RSI 47.9 lemah | Volume 0.42x | Lolos anti-crash ADX | RISEN NORMAL UPTREND","Full Grid (1-2-3-4)","100000000","925","710","660","590","0.1","0.2","0.3","0.4","108","281","454","677","1520","99848000","152000","656.89","656.9","482","1590","2250","2250","47.89","26.62","143.24","242.52","2.99","9.11"
"AKKU","2026-05-25","2026-05-25","559","FULL","38","0","AVOID","-","passive","FALSE","","SMART GAMMA","2026-02-27","","87d","87","DOWNTREND","NEUTRAL","NEUTRAL","BULLISH","DEMAND STRUCTURE","SIDEWAYS","0","FALSE","FALSE","FALSE","LEADING","LEADING (Passive)","0","0","NO VOLUME","50","50","49.78","7.66","31.15","26.7","38","37.96","34.22","0","0","926","Supertrend bearish | RSI 49.8 lemah | Volume NaNx | Lolos anti-crash ADX | RISEN SIDEWAYS","Full Grid (1-2-3-4)","100000000","39","35","34","33","0.1","0.2","0.3","0.4","2564","5714","8823","12121","29222","99996100","3900","34.22","34.22","30","53","66","66","23.08","12.33","69.23","92.87","3","7.53"
"MPPA","2026-05-25","2026-05-25","559","FULL","49","8.88888888888889","HOLD","-","passive","FALSE","","EARLY SWEEP","2026-02-27","","87d","87","UPTREND","BEARISH","BEARISH","BEARISH","UPTREND DISCOUNT","SIDEWAYS","41.59","TRUE","FALSE","FALSE","LEADING","LEADING (Passive)","0.93","0.93","NORMAL","100","0","47.99","14.93","27.89","32.79","49.56","50.79","56.38","14688800","15763715","926","Supertrend bullish | RSI 48.0 lemah | Volume 0.93x | Lolos anti-crash ADX | RISEN SIDEWAYS","Full Grid (1-2-3-4)","100000000","58","55","54","53","0.1","0.2","0.3","0.4","1724","3636","5555","7547","18462","99993300","6700","54.16","54.16","51","69","79","79","12.07","5.84","36.21","45.86","3","7.86"
"AKSI","2026-05-25","2026-05-25","559","FULL","246","6.0344827586206895","AVOID","-","passive","FALSE","","SMART SNIPER","2026-04-17","Discount Only","38d","38","DOWNTREND","BEARISH","BEARISH","BEARISH","STRUCTURE + DISCOUNT","NORMAL DOWNTREND","42.91","TRUE","FALSE","FALSE","LAGGING","LAGGARD (Passive)","0.33","0.33","DRY / QUIET","70","30","34.9","17.03","17.55","27.21","282.36","306.94","332.75","152200","465955","924","Supertrend bearish | RSI 34.9 lemah | Volume 0.33x | Lolos anti-crash ADX | RISEN NORMAL DOWNTREND","Full Grid (1-2-3-4)","100000000","364","308","294","276","0.1","0.2","0.3","0.4","274","649","1020","1449","3392","99943200","56800","294.64","294.66","246","540","720","720","32.42","16.51","97.8","144.36","3.02","8.74"
"CITA","2026-05-25","2026-05-25","559","FULL","3360","-11.345646437994723","AVOID","-","passive","FALSE","","SMART SNIPER","2026-04-17","Discount Only","38d","38","DOWNTREND","BEARISH","BEARISH","BEARISH","STRUCTURE + DISCOUNT","NORMAL DOWNTREND","17.5","TRUE","FALSE","FALSE","WEAKENING","WEAKENING (Passive)","1.2","1.2","EXPANSION","58.33","41.67","33.77","31.58","14.2","37.63","3760.46","3984.09","4134.8","943100","783965","924","Supertrend bearish | RSI 33.8 lemah | Volume valid 1.2x | Crash filter aktif | RISEN NORMAL DOWNTREND","Full Grid (1-2-3-4)","100000000","4400","4230","4190","4130","0.1","0.2","0.3","0.4","22","47","71","96","236","98958000","1042000","4193.14","4193.58","4040","4940","5475","5475","8.18","3.65","24.43","30.57","2.99","8.37"
"PSAT","2026-05-25","2026-05-25","212","IPO / SHORT","805","3.870967741935484","AVOID","-","passive","FALSE","","SMART SNIPER","2026-04-17","Structure + Discount","38d","38","DOWNTREND","BEARISH","BEARISH","BEARISH","STRUCTURE + DISCOUNT","NORMAL DOWNTREND","25.66","TRUE","FALSE","FALSE","LAGGING","LAGGARD (Passive)","0.7","0.7","DRY / QUIET","77.78","22.22","35.47","26.31","11.74","26.47","874.97","928.04","1119.14","215300","308555","924","Supertrend bearish | RSI 35.5 lemah | Volume 0.7x | Lolos anti-crash ADX | RISEN NORMAL DOWNTREND","Full Grid (1-2-3-4)","100000000","1000","920","900","870","0.1","0.2","0.3","0.4","100","217","333","459","1109","99867000","133000","900.51","900.5","825","1265","1355","1355","17.5","8.39","35.5","50.47","2.03","6.02"
"SOUL","2026-05-25","2026-05-25","559","FULL","40","0","AVOID","-","passive","FALSE","","SMART SNIPER","2026-04-17","Structure + Discount","38d","38","DOWNTREND","BEARISH","BEARISH","BEARISH","STRUCTURE + DISCOUNT","NORMAL DOWNTREND","58.13","TRUE","FALSE","FALSE","LAGGING","LAGGARD (Passive)","0.24","0.24","DRY / QUIET","66.67","33.33","22.42","31.26","6.61","23.34","47.5","53.74","62.12","484900","1992120","924","Supertrend bearish | RSI 22.4 lemah | Volume 0.24x | Crash filter aktif | RISEN NORMAL DOWNTREND","Full Grid (1-2-3-4)","100000000","62","55","53","51","0.1","0.2","0.3","0.4","1612","3636","5660","7843","18751","99989700","10300","53.32","53.33","47","85","107","107","24.19","11.86","72.58","100.66","3","8.49"
"AYLS","2026-05-25","2026-05-25","559","FULL","138","-0.7194244604316548","AVOID","-","passive","FALSE","","SMART GAMMA","2026-04-16","","39d","39","DOWNTREND","BEARISH","BEARISH","BEARISH","STRUCTURE + DISCOUNT","NORMAL DOWNTREND","58.98","TRUE","FALSE","FALSE","LAGGING","LAGGARD (Passive)","0.07","0.07","DRY / QUIET","44.44","55.56","31.01","23.56","17.33","31.62","172.54","190.33","189.07","203600","2876470","922","Supertrend bearish | RSI 31.0 lemah | Volume 0.07x | Lolos anti-crash ADX | RISEN NORMAL DOWNTREND","Full Grid (1-2-3-4)","100000000","228","192","183","171","0.1","0.2","0.3","0.4","438","1041","1639","2339","5457","99964200","35800","183.19","183.19","150","346","462","462","34.21","18.12","102.63","152.2","3","8.4"
"BFIN","2026-05-25","2026-05-25","559","FULL","720","0.6993006993006993","AVOID","-","passive","FALSE","","SMART GAMMA","2026-04-16","","39d","39","DOWNTREND","BEARISH","BEARISH","BEARISH","STRUCTURE + DISCOUNT","NORMAL DOWNTREND","23.22","TRUE","FALSE","FALSE","WEAKENING","WEAKENING (Passive)","1.26","1.26","EXPANSION","75","25","42.08","22.97","15.68","22.01","765.21","760.1","770.34","49931900","39569630","922","Supertrend bearish | RSI 42.1 lemah | Volume valid 1.26x | Lolos anti-crash ADX | RISEN NORMAL DOWNTREND","Full Grid (1-2-3-4)","100000000","905","780","745","705","0.1","0.2","0.3","0.4","110","256","402","567","1335","99845500","154500","747.91","747.96","645","1295","1685","1685","28.73","13.76","86.19","125.3","3","9.11"
"BMTR","2026-05-25","2026-05-25","559","FULL","128","-1.5384615384615385","AVOID","-","passive","FALSE","","G ACC","2026-04-16","","39d","39","DOWNTREND","BEARISH","BEARISH","BEARISH","STRUCTURE + DISCOUNT","NORMAL DOWNTREND","25","TRUE","FALSE","FALSE","LAGGING","LAGGARD (Passive)","0.61","0.61","DRY / QUIET","0","100","30.18","34.17","13.21","30.71","146.6","149.4","149.56","40761000","66779510","922","Supertrend bearish | RSI 30.2 lemah | Volume 0.61x | Crash filter aktif | RISEN NORMAL DOWNTREND","Full Grid (1-2-3-4)","100000000","186","154","146","135","0.1","0.2","0.3","0.4","537","1298","2054","2962","6851","99952800","47200","145.9","145.9","119","286","388","388","36.02","18.43","108.6","165.94","3.01","9"
"IBST","2026-05-25","2026-05-25","559","FULL","8475","0","HOLD","-","passive","FALSE","","G ACC","2026-04-16","","39d","39","UPTREND","BULLISH","BULLISH","BULLISH","UPTREND PREMIUM","SIDEWAYS","0","FALSE","FALSE","FALSE","WEAKENING","WEAKENING (Passive)","0","0","NO VOLUME","50","50","90.42","72.75","77.39","8.24","8161.23","7205.37","5900.79","0","0","922","Supertrend bullish | RSI 90.4 > 50 | Volume NaNx | Lolos anti-crash ADX | RISEN SIDEWAYS","Full Grid (1-2-3-4)","100000000","7025","5625","5275","4810","0.1","0.2","0.3","0.4","14","35","56","83","188","98985500","1014500","5265.19","5268.08","4160","11325","15625","15625","40.78","20.99","122.42","196.76","3","9.37"
"IMAS","2026-05-25","2026-05-25","559","FULL","945","3.8461538461538463","AVOID","-","passive","FALSE","","BETA BREAKOUT","2026-04-16","","39d","39","DOWNTREND","BEARISH","BEARISH","BEARISH","STRUCTURE + DISCOUNT","NORMAL DOWNTREND","36.95","TRUE","FALSE","FALSE","LAGGING","LAGGARD (Passive)","0.18","0.18","DRY / QUIET","83.33","16.67","39.9","23.16","16.33","22.5","1006.53","1040.16","1077.32","54500","297120","922","Supertrend bearish | RSI 39.9 lemah | Volume 0.18x | Lolos anti-crash ADX | RISEN NORMAL DOWNTREND","Full Grid (1-2-3-4)","100000000","1240","1085","1045","990","0.1","0.2","0.3","0.4","80","184","287","404","955","99871500","128500","1045.77","1045.92","910","1735","2230","2230","26.61","12.98","79.84","113.24","3","8.72"
"IMJS","2026-05-25","2026-05-25","559","FULL","156","4","AVOID","-","passive","FALSE","","SMART GAMMA","2026-04-16","","39d","39","DOWNTREND","BEARISH","BEARISH","BEARISH","STRUCTURE + DISCOUNT","SIDEWAYS","25","TRUE","FALSE","FALSE","LAGGING","LAGGARD (Passive)","0.18","0.18","DRY / QUIET","83.33","16.67","35.14","31.74","17.41","29.92","177.22","185.77","213.5","2706600","14815185","922","Supertrend bearish | RSI 35.1 lemah | Volume 0.18x | Crash filter aktif | RISEN SIDEWAYS","Full Grid (1-2-3-4)","100000000","226","190","182","169","0.1","0.2","0.3","0.4","442","1052","1648","2366","5508","99956200","43800","181.47","181.48","152","338","448","448","32.74","16.24","98.23","146.87","3","9.04"
"IPTV","2026-05-25","2026-05-25","559","FULL","38","8.571428571428571","HOLD","-","passive","FALSE","","SMART SNIPER","2026-04-16","Structure + Discount","39d","39","UPTREND","BEARISH","BEARISH","BEARISH","STRUCTURE + DISCOUNT","SIDEWAYS","25","TRUE","FALSE","FALSE","LAGGING","LAGGARD (Passive)","0.81","0.81","NORMAL","100","0","40.56","19.13","27.72","41.26","40.9","42.28","41.07","5107700","6305670","922","Supertrend bullish | RSI 40.6 lemah | Volume 0.81x | Lolos anti-crash ADX | RISEN SIDEWAYS","Full Grid (1-2-3-4)","100000000","43","41","40","39","0.1","0.2","0.3","0.4","2325","4878","7500","10256","24959","99995700","4300","40.06","40.06","38","51","71","71","11.63","5.15","65.12","77.22","5.6","14.99"
"KAQI","2026-05-25","2026-05-25","282","FULL","99","3.125","AVOID","-","passive","FALSE","","SMART GAMMA","2026-04-16","","39d","39","DOWNTREND","BEARISH","BEARISH","BULLISH","DEMAND STRUCTURE","NORMAL UPTREND","28.14","TRUE","TRUE","FALSE","LAGGING","LAGGARD (Passive)","0.56","0.56","DRY / QUIET","63.64","36.36","44.07","18.58","18.75","20.79","107.86","104.53","87.33","102030600","181769760","922","Supertrend bearish | RSI 44.1 lemah | Volume 0.56x | Lolos anti-crash ADX | RISEN NORMAL UPTREND","Full Grid (1-2-3-4)","100000000","125","102","96","88","0.1","0.2","0.3","0.4","800","1960","3125","4545","10430","99988000","12000","95.87","95.87","76","199","272","272","39.2","20.72","117.6","183.73","3","8.87"
"LABA","2026-05-25","2026-05-25","559","FULL","98","-1.0101010101010102","AVOID","-","passive","FALSE","","SMART SNIPER","2026-04-16","Discount Only","39d","39","DOWNTREND","BEARISH","BEARISH","BEARISH","STRUCTURE + DISCOUNT","NORMAL DOWNTREND","25","TRUE","FALSE","FALSE","LAGGING","LAGGARD (Passive)","0.43","0.43","DRY / QUIET","22.22","77.78","36.13","25.12","21.13","19.02","114.41","122.6","180.27","16843900","38901485","922","Supertrend bearish | RSI 36.1 lemah | Volume 0.43x | Lolos anti-crash ADX | RISEN NORMAL DOWNTREND","Full Grid (1-2-3-4)","100000000","157","129","122","112","0.1","0.2","0.3","0.4","636","1550","2459","3571","8216","99975200","24800","121.68","121.69","98","246","334","334","37.58","19.46","112.74","174.48","3","8.96"
"LPLI","2026-05-25","2026-05-25","559","FULL","250","-0.7936507936507936","AVOID","-","passive","FALSE","","SMART SNIPER","2026-04-16","Structure + Discount","39d","39","DOWNTREND","BEARISH","BEARISH","BEARISH","STRUCTURE + DISCOUNT","NORMAL DOWNTREND","41.91","TRUE","FALSE","FALSE","LAGGING","LAGGARD (Passive)","0.23","0.23","DRY / QUIET","14.29","85.71","34.59","19.85","16.25","15.93","277.69","298.41","355.03","139000","595765","922","Supertrend bearish | RSI 34.6 lemah | Volume 0.23x | Lolos anti-crash ADX | RISEN NORMAL DOWNTREND","Full Grid (1-2-3-4)","100000000","332","304","296","286","0.1","0.2","0.3","0.4","301","657","1013","1398","3369","99933600","66400","296.63","296.63","270","426","520","520","18.67","8.98","56.63","75.3","3.03","8.39"
"MSIE","2026-05-25","2026-05-25","559","FULL","148","0","HOLD","-","passive","FALSE","","SMART GAMMA","2026-04-16","","39d","39","UPTREND","BULLISH","BULLISH","BULLISH","UPTREND PREMIUM","NORMAL UPTREND","65","TRUE","TRUE","FALSE","WEAKENING","WEAKENING (Passive)","0","0","NO VOLUME","50","50","90.13","72.59","68.55","4.96","126.39","96.59","61.14","0","7959230","922","Supertrend bullish | RSI 90.1 > 50 | Volume 0x | Lolos anti-crash ADX | RISEN NORMAL UPTREND","Full Grid (1-2-3-4)","100000000","55","47","45","42","0.1","0.2","0.3","0.4","1818","4255","6666","9523","22262","99991100","8900","44.92","44.92","38","81","106","106","30.91","15.4","92.73","136","3","8.83"
"SMKM","2026-05-25","2026-05-25","559","FULL","86","0","AVOID","-","passive","FALSE","","SMART SNIPER","2026-04-16","Discount Only","39d","39","DOWNTREND","BEARISH","BEARISH","BEARISH","STRUCTURE + DISCOUNT","SIDEWAYS","88.68","TRUE","FALSE","FALSE","LAGGING","LAGGARD (Passive)","1.13","1.13","NORMAL","37.5","62.5","39.32","10.69","16","21.39","91.25","99.75","116.48","4637000","4116235","922","Supertrend bearish | RSI 39.3 lemah | Volume 1.13x | Lolos anti-crash ADX | RISEN SIDEWAYS","Full Grid (1-2-3-4)","100000000","107","91","87","81","0.1","0.2","0.3","0.4","934","2197","3448","4938","11517","99981900","18100","86.81","86.81","72","160","238","238","32.71","17.06","122.43","174.15","3.74","10.21"
"SOTS","2026-05-25","2026-05-25","559","FULL","780","2.631578947368421","AVOID","-","passive","FALSE","","SMART SNIPER","2026-04-16","Discount Only","39d","39","DOWNTREND","BEARISH","BEARISH","BEARISH","STRUCTURE + DISCOUNT","SIDEWAYS","70.69","TRUE","FALSE","TRUE","LAGGING","LAGGARD (Passive)","1.67","1.67","EXPANSION","13.51","86.49","39.1","11.36","21.15","21.71","917.22","1128.27","1139.43","1967200","1177085","922","Supertrend bearish | RSI 39.1 lemah | Volume valid 1.67x | Lolos anti-crash ADX | RISEN SIDEWAYS","Full Grid (1-2-3-4)","100000000","1215","935","870","775","0.1","0.2","0.3","0.4","82","213","344","516","1155","99796500","203500","864.04","864.18","620","2110","3000","3000","48.97","28.24","146.91","247.21","3","8.75"
"SSTM","2026-05-25","2026-05-25","559","FULL","520","6.995884773662551","AVOID","-","passive","FALSE","","SMART SNIPER","2026-04-16","Discount Only","39d","39","DOWNTREND","BEARISH","BEARISH","BEARISH","STRUCTURE + DISCOUNT","NORMAL DOWNTREND","78.89","TRUE","FALSE","FALSE","LAGGING","LAGGARD (Passive)","0.2","0.2","DRY / QUIET","42.86","57.14","35.5","11.64","23.38","20.81","596.02","767.72","933.98","73000","357455","922","Supertrend bearish | RSI 35.5 lemah | Volume 0.2x | Lolos anti-crash ADX | RISEN NORMAL DOWNTREND","Full Grid (1-2-3-4)","100000000","805","635","595","535","0.1","0.2","0.3","0.4","124","314","504","747","1689","99873500","126500","591.32","591.35","438","1355","1905","1905","45.59","25.93","136.65","222.16","3","8.57"
"WMPP","2026-05-25","2026-05-25","559","FULL","33","10","AVOID","-","passive","FALSE","","SMART GAMMA","2026-04-16","","39d","39","DOWNTREND","BEARISH","BEARISH","BULLISH","DOWNTREND PREMIUM","NORMAL UPTREND","25","TRUE","TRUE","FALSE","LAGGING","LAGGARD (Passive)","0.61","0.61","DRY / QUIET","50","50","40.33","30.92","26.98","49.39","38.04","34.63","21.88","19690900","32518275","922","Supertrend bearish | RSI 40.3 lemah | Volume 0.61x | Crash filter aktif | RISEN NORMAL UPTREND","Full Grid (1-2-3-4)","100000000","48","29","25","18","0.1","0.2","0.3","0.4","2083","6896","12000","22222","43201","99996400","3600","23.15","23.15","10","105","162","162","79.17","56.8","237.5","599.88","3","10.56"
"ANJT","2026-05-25","2026-05-25","559","FULL","1620","1.25","AVOID","-","passive","FALSE","","SMART SNIPER","2026-04-15","Structure + Discount","40d","40","DOWNTREND","BEARISH","BEARISH","BEARISH","STRUCTURE + DISCOUNT","NORMAL DOWNTREND","52.64","TRUE","FALSE","FALSE","WEAKENING","WEAKENING (Passive)","0.11","0.11","DRY / QUIET","16.67","83.33","34.31","31.9","11.27","27.22","1708.66","1702.38","1703.72","19500","181705","920","Supertrend bearish | RSI 34.3 lemah | Volume 0.11x | Crash filter aktif | RISEN NORMAL DOWNTREND","Full Grid (1-2-3-4)","100000000","1740","1580","1540","1485","0.1","0.2","0.3","0.4","57","126","194","269","646","99648500","351500","1542.55","1542.69","1400","2250","2760","2760","19.54","9.24","58.62","78.92","3","8.54"
"ASLC","2026-05-25","2026-05-25","559","FULL","69","2.9850746268656714","AVOID","-","passive","FALSE","","SMART SNIPER","2026-04-15","Structure + Discount","40d","40","DOWNTREND","BEARISH","BEARISH","BEARISH","STRUCTURE + DISCOUNT","NORMAL DOWNTREND","44.41","TRUE","FALSE","FALSE","LAGGING","LAGGARD (Passive)","0.5","0.5","DRY / QUIET","50","50","37.33","11.94","12.99","21.37","73.48","76.38","81.21","7062200","14064905","920","Supertrend bearish | RSI 37.3 lemah | Volume 0.5x | Lolos anti-crash ADX | RISEN NORMAL DOWNTREND","Full Grid (1-2-3-4)","100000000","82","76","75","73","0.1","0.2","0.3","0.4","1219","2631","4000","5479","13329","99988100","11900","75.02","75.02","69","102","121","121","15.85","8.02","47.56","61.3","3","7.64"
"DSFI","2026-05-25","2026-05-25","559","FULL","80","2.564102564102564","AVOID","-","passive","FALSE","","SMART GAMMA","2026-04-15","","40d","40","DOWNTREND","BEARISH","BEARISH","BEARISH","STRUCTURE + DISCOUNT","NORMAL DOWNTREND","20.64","TRUE","FALSE","FALSE","LAGGING","LAGGARD (Passive)","0.36","0.36","DRY / QUIET","71.43","28.57","32.32","23.18","16.54","31.9","91.2","95.21","90.05","2572500","7070550","920","Supertrend bearish | RSI 32.3 lemah | Volume 0.36x | Lolos anti-crash ADX | RISEN NORMAL DOWNTREND","Full Grid (1-2-3-4)","100000000","103","93","90","86","0.1","0.2","0.3","0.4","970","2150","3333","4651","11104","99981600","18400","90.04","90.04","81","136","169","169","21.36","10.04","64.08","87.69","3","8.73"
"INCF","2026-05-25","2026-05-25","559","FULL","50","0","AVOID","-","passive","FALSE","","BETA BREAKOUT","2026-04-15","","40d","40","DOWNTREND","BEARISH","BEARISH","BEARISH","DOWNTREND DISCOUNT","NORMAL UPTREND","78.75","TRUE","TRUE","FALSE","LAGGING","LAGGARD (Passive)","0.08","0.08","DRY / QUIET","50","50","35.48","17.8","17.95","20.96","55.16","57.97","53.27","2290200","28908330","920","Supertrend bearish | RSI 35.5 lemah | Volume 0.08x | Lolos anti-crash ADX | RISEN NORMAL UPTREND","Full Grid (1-2-3-4)","100000000","64","58","56","54","0.1","0.2","0.3","0.4","1562","3448","5357","7407","17774","99992200","7800","56.26","56.26","50","85","106","106","21.88","11.12","65.63","88.42","3","7.95"
"KRYA","2026-05-25","2026-05-25","559","FULL","65","6.557377049180328","AVOID","-","passive","FALSE","","SMART SNIPER","2026-04-15","Structure + Discount","40d","40","DOWNTREND","BEARISH","BEARISH","BEARISH","STRUCTURE + DISCOUNT","SIDEWAYS","25","TRUE","FALSE","FALSE","LAGGING","LAGGARD (Passive)","0.44","0.44","DRY / QUIET","50","50","43.68","27.58","24.57","18","70.29","76.36","116.42","104141300","234752905","920","Supertrend bearish | RSI 43.7 lemah | Volume 0.44x | Lolos anti-crash ADX | RISEN SIDEWAYS","Full Grid (1-2-3-4)","100000000","67","61","60","58","0.1","0.2","0.3","0.4","1492","3278","5000","6896","16666","99989000","11000","60","60","54","87","106","106","19.4","9.99","58.21","76.68","3","7.67"
"LPPS","2026-05-25","2026-05-25","559","FULL","72","0","AVOID","-","passive","FALSE","","SMART SNIPER","2026-04-15","Structure + Discount","40d","40","DOWNTREND","BEARISH","BEARISH","BEARISH","STRUCTURE + DISCOUNT","NORMAL DOWNTREND","25","TRUE","FALSE","FALSE","LAGGING","LAGGARD (Passive)","0.17","0.17","DRY / QUIET","40","60","30.55","19.27","18.76","18.7","81.28","85.58","92.52","512600","2954780","920","Supertrend bearish | RSI 30.6 lemah | Volume 0.17x | Lolos anti-crash ADX | RISEN NORMAL DOWNTREND","Full Grid (1-2-3-4)","100000000","93","83","81","77","0.1","0.2","0.3","0.4","1075","2409","3703","5194","12381","99980300","19700","80.75","80.75","72","125","156","156","22.58","10.84","67.74","93.18","3","8.6"
"MPXL","2026-05-25","2026-05-25","559","FULL","153","2","AVOID","-","passive","FALSE","","SMART SNIPER","2026-04-15","Discount Only","40d","40","DOWNTREND","BEARISH","BEARISH","BEARISH","STRUCTURE + DISCOUNT","SIDEWAYS","25","TRUE","FALSE","FALSE","LAGGING","LAGGARD (Passive)","0.06","0.06","DRY / QUIET","50","50","42.24","19.54","22.4","26.2","165.44","165.56","167.59","313600","5391550","920","Supertrend bearish | RSI 42.2 lemah | Volume 0.06x | Lolos anti-crash ADX | RISEN SIDEWAYS","Full Grid (1-2-3-4)","100000000","168","150","145","139","0.1","0.2","0.3","0.4","595","1333","2068","2877","6873","99967300","32700","145.45","145.45","129","226","286","286","23.21","11.31","70.24","96.63","3.03","8.54"
"NELY","2026-05-25","2026-05-25","559","FULL","258","4.032258064516129","AVOID","-","passive","FALSE","","EARLY SWEEP","2026-04-15","","40d","40","DOWNTREND","BEARISH","BEARISH","BEARISH","STRUCTURE + DISCOUNT","NORMAL DOWNTREND","49.21","TRUE","FALSE","FALSE","LAGGING","LAGGARD (Passive)","0.44","0.44","DRY / QUIET","100","0","27.15","41.67","8.89","36.87","294.12","326.36","369.12","246600","563535","920","Supertrend bearish | RSI 27.1 lemah | Volume 0.44x | Crash filter aktif | RISEN NORMAL DOWNTREND","Full Grid (1-2-3-4)","100000000","428","392","384","372","0.1","0.2","0.3","0.4","233","510","781","1075","2599","99944800","55200","384.55","384.56","354","540","650","650","17.29","7.94","51.87","69.03","3","8.69"
"NSSS","2026-05-25","2026-05-25","559","FULL","490","3.8135593220338984","AVOID","-","passive","FALSE","","SMART SNIPER","2026-04-15","Structure + Discount","40d","40","DOWNTREND","BEARISH","BEARISH","BEARISH","STRUCTURE + DISCOUNT","NORMAL DOWNTREND","55.35","TRUE","FALSE","FALSE","LAGGING","LAGGARD (Passive)","0.49","0.49","DRY / QUIET","65.52","34.48","22.19","27.66","12.75","36.94","707.25","814.99","749.48","8818100","17941760","920","Supertrend bearish | RSI 22.2 lemah | Volume 0.49x | Lolos anti-crash ADX | RISEN NORMAL DOWNTREND","Full Grid (1-2-3-4)","100000000","900","860","850","835","0.1","0.2","0.3","0.4","111","232","352","479","1174","99858500","141500","850.58","850.59","800","1050","1285","1285","11.11","5.95","42.78","51.07","3.85","8.59"
"NTBK","2026-05-25","2026-05-25","559","FULL","80","-5.88235294117647","AVOID","-","passive","FALSE","","SMART SNIPER","2026-04-15","Discount Only","40d","40","DOWNTREND","BEARISH","BEARISH","BEARISH","STRUCTURE + DISCOUNT","SIDEWAYS","36.4","TRUE","TRUE","FALSE","LAGGING","LAGGARD (Passive)","0.32","0.32","DRY / QUIET","0","100","42.48","40.78","24.98","18.44","88.92","87.3","88.2","35632300","109682500","920","Supertrend bearish | RSI 42.5 lemah | Volume 0.32x | Lolos anti-crash ADX | RISEN SIDEWAYS","Full Grid (1-2-3-4)","100000000","85","72","68","64","0.1","0.2","0.3","0.4","1176","2777","4411","6250","14614","99985200","14800","68.42","68.42","57","127","137","137","32.94","16.69","61.18","100.24","1.86","6.01"
"POLY","2026-05-25","2026-05-25","559","FULL","32","0","AVOID","-","passive","FALSE","","G ACC","2026-02-24","","90d","90","DOWNTREND","BEARISH","BEARISH","BULLISH","DOWNTREND DISCOUNT","SIDEWAYS","0","FALSE","FALSE","FALSE","LEADING","LEADING (Passive)","0","0","NO VOLUME","50","50","42.01","16.18","27.74","38.62","32.22","33.41","31.02","0","0","920","Supertrend bearish | RSI 42.0 lemah | Volume NaNx | Lolos anti-crash ADX | RISEN SIDEWAYS","Full Grid (1-2-3-4)","100000000","56","42","39","34","0.1","0.2","0.3","0.4","1785","4761","7692","11764","26002","99988600","11400","38.45","38.45","27","100","143","143","51.79","29.79","155.36","271.87","3","9.13"
"SPRE","2026-05-25","2026-05-25","451","FULL","72","-1.36986301369863","AVOID","-","passive","FALSE","","SMART SNIPER","2026-04-15","Discount Only","40d","40","DOWNTREND","BEARISH","BEARISH","BEARISH","STRUCTURE + DISCOUNT","NORMAL DOWNTREND","77.66","TRUE","FALSE","FALSE","LAGGING","LAGGARD (Passive)","0.47","0.47","DRY / QUIET","20","80","30.46","32.73","10.64","25.7","83.94","100.56","134.59","1784000","3791610","920","Supertrend bearish | RSI 30.5 lemah | Volume 0.47x | Crash filter aktif | RISEN NORMAL DOWNTREND","Full Grid (1-2-3-4)","100000000","103","90","87","83","0.1","0.2","0.3","0.4","970","2222","3448","4819","11459","99984300","15700","87.25","87.26","75","145","187","187","27.18","14.04","81.55","114.32","3","8.14"
"TAXI","2026-05-25","2026-05-25","559","FULL","15","7.142857142857142","AVOID","-","passive","FALSE","","SMART SNIPER","2026-04-15","Discount Only","40d","40","DOWNTREND","BEARISH","BEARISH","BEARISH","STRUCTURE + DISCOUNT","SIDEWAYS","41.06","TRUE","FALSE","FALSE","LAGGING","LAGGARD (Passive)","1.03","1.03","NORMAL","50","50","41.39","16.15","24.82","36.52","16.17","16.91","16.77","32056300","31019590","920","Supertrend bearish | RSI 41.4 lemah | Volume 1.03x | Lolos anti-crash ADX | RISEN SIDEWAYS","Full Grid (1-2-3-4)","100000000","17","15","14","13","0.1","0.2","0.3","0.4","5882","13333","21428","30769","71412","99997800","2200","14","14","12","25","32","32","29.41","14.3","88.24","128.52","3","8.99"
"VICI","2026-05-25","2026-05-25","559","FULL","540","-1.8181818181818181","AVOID","-","passive","FALSE","","SMART SNIPER","2026-04-15","Structure + Discount","40d","40","DOWNTREND","BEARISH","BEARISH","BEARISH","STRUCTURE + DISCOUNT","SIDEWAYS","83.92","TRUE","FALSE","FALSE","WEAKENING","WEAKENING (Passive)","0.81","0.81","NORMAL","14.29","85.71","36.66","13.61","22.78","18.5","574.41","586.32","621.67","1180800","1451820","920","Supertrend bearish | RSI 36.7 lemah | Volume 0.81x | Lolos anti-crash ADX | RISEN SIDEWAYS","Full Grid (1-2-3-4)","100000000","630","565","550","530","0.1","0.2","0.3","0.4","158","353","545","754","1810","99835500","164500","551.58","551.61","492","835","1045","1045","21.9","10.8","65.87","89.46","3.01","8.28"
"ALDO","2026-05-25","2026-05-25","559","FULL","690","0","HOLD","-","passive","FALSE","","SMART GAMMA","2026-04-14","","41d","41","UPTREND","BULLISH","BULLISH","BULLISH","UPTREND PREMIUM","NORMAL UPTREND","58.7","TRUE","TRUE","FALSE","LAGGING","LAGGARD (Passive)","0.13","0.13","DRY / QUIET","80","20","62.92","27.67","17.11","14.13","650.09","617.08","576.97","29800","231660","918","Supertrend bullish | RSI 62.9 > 50 | Volume 0.13x | Lolos anti-crash ADX | RISEN NORMAL UPTREND","Full Grid (1-2-3-4)","100000000","595","560","550","535","0.1","0.2","0.3","0.4","168","357","545","747","1817","99927500","72500","549.96","549.96","515","715","835","835","13.45","6.36","40.34","51.83","3","8.15"
"BOAT","2026-05-25","2026-05-25","358","FULL","114","2.7027027027027026","AVOID","-","passive","FALSE","","SMART SNIPER","2026-04-14","Discount Only","41d","41","DOWNTREND","BEARISH","BEARISH","BEARISH","STRUCTURE + DISCOUNT","NORMAL DOWNTREND","58.01","TRUE","FALSE","FALSE","LAGGING","LAGGARD (Passive)","0.39","0.39","DRY / QUIET","28.57","71.43","30.83","16.93","9.68","24.98","132.42","143.17","150.04","1246200","3173300","918","Supertrend bearish | RSI 30.8 lemah | Volume 0.39x | Lolos anti-crash ADX | RISEN NORMAL DOWNTREND","Full Grid (1-2-3-4)","100000000","158","141","136","130","0.1","0.2","0.3","0.4","632","1418","2205","3076","7331","99955400","44600","136.35","136.35","121","214","220","220","23.42","11.26","39.24","61.35","1.68","5.45"
"CASH","2026-05-25","2026-05-25","559","FULL","210","3.9603960396039604","AVOID","-","passive","FALSE","","BETA BREAKOUT","2026-04-14","","41d","41","DOWNTREND","BEARISH","BULLISH","BULLISH","DEMAND STRUCTURE","NORMAL UPTREND","27.53","TRUE","TRUE","FALSE","WEAKENING","WEAKENING (Passive)","0.43","0.43","DRY / QUIET","55.56","44.44","48.71","32.6","23.74","20.18","216.73","201.51","146.72","3087600","7114720","918","Supertrend bearish | RSI 48.7 lemah | Volume 0.43x | Lolos anti-crash ADX | RISEN NORMAL UPTREND","Full Grid (1-2-3-4)","100000000","190","170","165","159","0.1","0.2","0.3","0.4","526","1176","1818","2515","6035","99971500","28500","165.65","165.65","147","254","320","320","22.63","11.26","68.42","93.18","3.02","8.27"
"ELTY","2026-05-25","2026-05-25","559","FULL","34","6.25","AVOID","-","passive","FALSE","","EARLY SWEEP","2026-04-14","","41d","41","DOWNTREND","BEARISH","BEARISH","BEARISH","STRUCTURE + DISCOUNT","NORMAL DOWNTREND","60.24","TRUE","FALSE","FALSE","LAGGING","LAGGARD (Passive)","0.89","0.89","NORMAL","100","0","36.61","15.42","28.43","46.9","38.34","40.92","35.56","149445300","168672330","918","Supertrend bearish | RSI 36.6 lemah | Volume 0.89x | Lolos anti-crash ADX | RISEN NORMAL DOWNTREND","Full Grid (1-2-3-4)","100000000","69","46","40","32","0.1","0.2","0.3","0.4","1449","4347","7500","12500","25796","99994300","5700","38.76","38.76","21","141","214","214","69.57","45.83","210.14","452.07","3.02","9.86"
"FITT","2026-05-25","2026-05-25","559","FULL","374","8.720930232558139","AVOID","-","passive","FALSE","","SMART SNIPER","2026-04-14","Discount Only","41d","41","DOWNTREND","BEARISH","BEARISH","BEARISH","STRUCTURE + DISCOUNT","NORMAL DOWNTREND","71.18","TRUE","FALSE","FALSE","LAGGING","LAGGARD (Passive)","0.29","0.29","DRY / QUIET","100","0","44.23","16.31","29.63","21.54","400.06","442.65","511.31","629300","2172810","918","Supertrend bearish | RSI 44.2 lemah | Volume 0.29x | Lolos anti-crash ADX | RISEN NORMAL DOWNTREND","Full Grid (1-2-3-4)","100000000","464","346","316","276","0.1","0.2","0.3","0.4","215","578","949","1449","3191","99955600","44400","313.24","313.26","212","840","1220","1220","54.31","32.32","162.93","289.47","3","8.96"
"FPNI","2026-05-25","2026-05-25","559","FULL","368","10.843373493975903","AVOID","-","passive","FALSE","","SMART GAMMA","2026-04-14","","41d","41","DOWNTREND","BEARISH","BEARISH","BEARISH","STRUCTURE + DISCOUNT","SIDEWAYS","45.86","TRUE","FALSE","FALSE","LAGGING","LAGGARD (Passive)","1","1","NORMAL","65.22","34.78","37.07","27.03","25.23","29.91","425.66","471.43","481.46","6289600","6307390","918","Supertrend bearish | RSI 37.1 lemah | Volume 1x | Lolos anti-crash ADX | RISEN SIDEWAYS","Full Grid (1-2-3-4)","100000000","575","458","430","390","0.1","0.2","0.3","0.4","173","436","697","1025","2331","99862300","137700","428.41","428.47","330","945","1310","1310","42.61","22.97","127.83","205.78","3","8.96"
"GIAA","2026-05-25","2026-05-25","559","FULL","59","3.508771929824561","AVOID","-","passive","FALSE","","EARLY SWEEP","2026-04-14","","41d","41","DOWNTREND","BEARISH","BEARISH","BEARISH","STRUCTURE + DISCOUNT","NORMAL DOWNTREND","46.91","TRUE","FALSE","FALSE","LAGGING","LAGGARD (Passive)","0.69","0.69","DRY / QUIET","50","50","32.35","20.54","18.55","29.26","63.93","69.98","78.36","59171100","85597900","918","Supertrend bearish | RSI 32.4 lemah | Volume 0.69x | Lolos anti-crash ADX | RISEN NORMAL DOWNTREND","Full Grid (1-2-3-4)","100000000","116","91","85","77","0.1","0.2","0.3","0.4","862","2197","3529","5194","11782","99982200","17800","84.86","84.86","65","193","270","270","43.97","23.4","132.76","218.17","3.02","9.32"
"INET","2026-05-25","2026-05-25","559","FULL","224","-2.608695652173913","AVOID","-","passive","FALSE","","SMART SNIPER","2026-04-14","Discount Only","41d","41","DOWNTREND","BEARISH","BEARISH","BEARISH","STRUCTURE + DISCOUNT","NORMAL DOWNTREND","48.87","TRUE","FALSE","FALSE","LAGGING","LAGGARD (Passive)","0.46","0.46","DRY / QUIET","11.11","88.89","31","22.27","15.61","34.35","275.79","307.93","342.5","95925000","208790295","918","Supertrend bearish | RSI 31.0 lemah | Volume 0.46x | Lolos anti-crash ADX | RISEN NORMAL DOWNTREND","Full Grid (1-2-3-4)","100000000","338","288","276","260","0.1","0.2","0.3","0.4","295","694","1086","1538","3613","99919800","80200","276.56","276.57","232","498","655","655","31.36","16.11","93.79","136.84","2.99","8.49"
"MGLV","2026-05-25","2026-05-25","559","FULL","7025","3.308823529411765","AVOID","-","passive","FALSE","","SMART GAMMA","2026-04-14","","41d","41","DOWNTREND","BEARISH","BULLISH","BULLISH","DEMAND STRUCTURE","NORMAL UPTREND","25","TRUE","TRUE","FALSE","WEAKENING","WEAKENING (Passive)","0.38","0.38","DRY / QUIET","67.74","32.26","48.15","25.49","21.24","24.98","7299.55","6310.29","3386.71","121100","317905","918","Supertrend bearish | RSI 48.1 lemah | Volume 0.38x | Lolos anti-crash ADX | RISEN NORMAL UPTREND","Full Grid (1-2-3-4)","100000000","6500","4870","4480","3930","0.1","0.2","0.3","0.4","15","41","66","101","223","98978000","1022000","4438.48","4440.54","3170","11500","16500","16500","51.23","28.58","153.85","271.75","3","9.51"
"PICO","2026-05-25","2026-05-25","559","FULL","137","0.7352941176470588","AVOID","-","passive","FALSE","","SMART SNIPER","2026-04-14","Structure + Discount","41d","41","DOWNTREND","BEARISH","BEARISH","BEARISH","STRUCTURE + DISCOUNT","SIDEWAYS","32.72","TRUE","FALSE","FALSE","LAGGING","LAGGARD (Passive)","0.23","0.23","DRY / QUIET","16.67","83.33","28.86","19.69","19.64","27.22","151.04","156.74","174.16","100100","436790","918","Supertrend bearish | RSI 28.9 lemah | Volume 0.23x | Lolos anti-crash ADX | RISEN SIDEWAYS","Full Grid (1-2-3-4)","100000000","169","148","143","136","0.1","0.2","0.3","0.4","591","1351","2097","2941","6980","99967400","32600","143.22","143.22","125","236","302","302","26.04","12.72","78.7","110.86","3.02","8.71"
"PURI","2026-05-25","2026-05-25","559","FULL","138","0.7299270072992701","AVOID","-","passive","FALSE","","SMART SNIPER","2026-04-14","Structure + Discount","41d","41","DOWNTREND","BEARISH","BEARISH","BEARISH","STRUCTURE + DISCOUNT","NORMAL DOWNTREND","43.17","TRUE","FALSE","FALSE","LAGGING","LAGGARD (Passive)","0.14","0.14","DRY / QUIET","66.67","33.33","34.05","21.77","22.8","19.96","153.81","168.72","225.51","277500","1960250","918","Supertrend bearish | RSI 34.0 lemah | Volume 0.14x | Lolos anti-crash ADX | RISEN NORMAL DOWNTREND","Full Grid (1-2-3-4)","100000000","190","158","150","139","0.1","0.2","0.3","0.4","526","1265","2000","2877","6668","99971300","28700","149.93","149.93","122","292","394","394","35.79","18.63","107.37","162.79","3","8.74"
"REAL","2026-05-25","2026-05-25","559","FULL","50","0","AVOID","-","passive","FALSE","","SMART SNIPER","2026-04-14","Structure + Discount","41d","41","DOWNTREND","BEARISH","BEARISH","BEARISH","STRUCTURE + DISCOUNT","SIDEWAYS","73.51","TRUE","FALSE","FALSE","LAGGING","LAGGARD (Passive)","0.33","0.33","DRY / QUIET","0","100","36.29","24.74","19.8","14.15","52.86","55.09","56.31","20034000","60664170","918","Supertrend bearish | RSI 36.3 lemah | Volume 0.33x | Lolos anti-crash ADX | RISEN SIDEWAYS","Full Grid (1-2-3-4)","100000000","55","53","52","51","0.1","0.2","0.3","0.4","1818","3773","5769","7843","19203","99994000","6000","52.07","52.07","49","74","85","85","10.91","5.9","54.55","63.24","5","10.72"
"TOBA","2026-05-25","2026-05-25","559","FULL","446","-0.4464285714285714","AVOID","-","passive","FALSE","","SMART SNIPER","2026-04-14","Discount Only","41d","41","DOWNTREND","BEARISH","BEARISH","BEARISH","STRUCTURE + DISCOUNT","NORMAL DOWNTREND","41.39","TRUE","FALSE","FALSE","LAGGING","LAGGARD (Passive)","0.48","0.48","DRY / QUIET","40","60","30.2","25.3","12.73","38.37","537.81","594.61","718.64","6121800","12743355","918","Supertrend bearish | RSI 30.2 lemah | Volume 0.48x | Lolos anti-crash ADX | RISEN NORMAL DOWNTREND","Full Grid (1-2-3-4)","100000000","660","580","560","535","0.1","0.2","0.3","0.4","151","344","535","747","1777","99842500","157500","561.86","561.89","492","910","1165","1165","25.45","12.43","76.52","107.35","3.01","8.63"
"ARNA","2026-05-25","2026-05-25","559","FULL","454","0.4424778761061947","AVOID","-","passive","FALSE","","BETA BREAKOUT","2026-04-13","","42d","42","DOWNTREND","BEARISH","BEARISH","BEARISH","STRUCTURE + DISCOUNT","NORMAL DOWNTREND","49.42","TRUE","FALSE","FALSE","LAGGING","LAGGARD (Passive)","1.32","1.32","EXPANSION","16.67","83.33","20.99","42.79","12.8","33.12","481.11","499.7","538.4","6747200","5111535","916","Supertrend bearish | RSI 21.0 lemah | Volume valid 1.32x | Crash filter aktif | RISEN NORMAL DOWNTREND","Full Grid (1-2-3-4)","100000000","545","525","515","510","0.1","0.2","0.3","0.4","183","380","582","784","1929","99880500","119500","517.78","517.79","498","615","685","685","8.62","3.82","25.69","32.29","2.98","8.45"
"BEER","2026-05-25","2026-05-25","559","FULL","82","-6.8181818181818175","AVOID","-","passive","FALSE","","SMART SNIPER","2026-04-13","Demand Structure","42d","42","DOWNTREND","BEARISH","BEARISH","BEARISH","DOWNTREND DISCOUNT","NORMAL DOWNTREND","40.95","TRUE","FALSE","FALSE","LAGGING","LAGGARD (Passive)","0.58","0.58","DRY / QUIET","20","80","23.29","22.53","18.62","24.9","113.78","132.12","146.74","2064700","3542930","916","Supertrend bearish | RSI 23.3 lemah | Volume 0.58x | Lolos anti-crash ADX | RISEN NORMAL DOWNTREND","Full Grid (1-2-3-4)","100000000","171","144","137","128","0.1","0.2","0.3","0.4","584","1388","2189","3125","7286","99962900","37100","137.2","137.2","112","260","348","348","34.5","18.37","103.51","153.65","3","8.37"
"BKSL","2026-05-25","2026-05-25","559","FULL","78","-1.2658227848101267","AVOID","-","passive","FALSE","","SMART SNIPER","2026-04-13","Discount Only","42d","42","DOWNTREND","BEARISH","BEARISH","BEARISH","STRUCTURE + DISCOUNT","NORMAL DOWNTREND","27.44","TRUE","FALSE","FALSE","LAGGING","LAGGARD (Passive)","0.58","0.58","DRY / QUIET","16.67","83.33","28.34","26.1","11.32","33.73","96.28","107.79","119.61","191933400","330571270","916","Supertrend bearish | RSI 28.3 lemah | Volume 0.58x | Lolos anti-crash ADX | RISEN NORMAL DOWNTREND","Full Grid (1-2-3-4)","100000000","121","110","107","103","0.1","0.2","0.3","0.4","826","1818","2803","3883","9330","99979600","20400","107.16","107.16","96","159","196","196","20.66","10.41","61.98","82.91","3","7.96"
"LSIP","2026-05-25","2026-05-25","559","FULL","1285","-2.2813688212927756","AVOID","-","passive","FALSE","","SMART GAMMA","2026-04-13","","42d","42","DOWNTREND","BEARISH","BEARISH","BEARISH","STRUCTURE + DISCOUNT","NORMAL UPTREND","17.5","TRUE","TRUE","FALSE","LAGGING","LAGGARD (Passive)","0.83","0.83","NORMAL","33.33","66.67","31.29","36.97","10.43","30.4","1475.53","1462.66","1334.52","14951800","18040975","916","Supertrend bearish | RSI 31.3 lemah | Volume 0.83x | Crash filter aktif | RISEN NORMAL UPTREND","Full Grid (1-2-3-4)","100000000","1550","1290","1230","1140","0.1","0.2","0.3","0.4","64","155","243","350","812","99704000","296000","1227.88","1228","1020","2350","3140","3140","34.19","16.93","102.58","155.72","3","9.2"
"PGUN","2026-05-25","2026-05-25","559","FULL","7500","1.3513513513513513","AVOID","-","passive","FALSE","","SMART SNIPER","2026-04-13","Discount Only","42d","42","DOWNTREND","BEARISH","BEARISH","BEARISH","STRUCTURE + DISCOUNT","NORMAL DOWNTREND","53.23","TRUE","FALSE","FALSE","LAGGING","LAGGARD (Passive)","0.83","0.83","NORMAL","45.16","54.84","37.07","25.41","8.39","27.47","8375.22","8826.02","8462.88","13000","15740","916","Supertrend bearish | RSI 37.1 lemah | Volume 0.83x | Lolos anti-crash ADX | RISEN NORMAL DOWNTREND","Full Grid (1-2-3-4)","100000000","9775","8475","8150","7700","0.1","0.2","0.3","0.4","10","23","36","51","120","97877500","2122500","8156.46","8157.48","7000","13950","16000","16000","28.39","14.18","63.68","96.16","2.24","6.78"
"SIMP","2026-05-25","2026-05-25","559","FULL","565","0.8928571428571428","AVOID","-","passive","FALSE","","G ACC","2026-04-13","","42d","42","DOWNTREND","BEARISH","BEARISH","BEARISH","STRUCTURE + DISCOUNT","SIDEWAYS","25","TRUE","FALSE","FALSE","LAGGING","LAGGARD (Passive)","0.55","0.55","DRY / QUIET","60","40","32.03","33.81","13.32","32.5","656.59","671.78","610.67","21373900","39095585","916","Supertrend bearish | RSI 32.0 lemah | Volume 0.55x | Crash filter aktif | RISEN SIDEWAYS","Full Grid (1-2-3-4)","100000000","785","675","645","610","0.1","0.2","0.3","0.4","127","296","465","655","1543","99897000","103000","647.42","647.44","555","1130","1475","1475","29.3","14.28","87.9","127.83","3","8.95"
"VKTR","2026-05-25","2026-05-25","559","FULL","720","-3.3557046979865772","AVOID","-","passive","FALSE","","SMART GAMMA","2026-04-13","","42d","42","DOWNTREND","BEARISH","BEARISH","BULLISH","DOWNTREND","NORMAL DOWNTREND","30.69","TRUE","FALSE","FALSE","LAGGING","LAGGARD (Passive)","0.54","0.54","DRY / QUIET","15.38","84.62","37.2","26.34","10.1","25.68","836.11","856.72","648.5","32232300","59445775","916","Supertrend bearish | RSI 37.2 lemah | Volume 0.54x | Lolos anti-crash ADX | RISEN NORMAL DOWNTREND","Full Grid (1-2-3-4)","100000000","1030","820","770","700","0.1","0.2","0.3","0.4","97","243","389","571","1300","99840000","160000","768","768.03","595","1685","2340","2340","42.23","22.53","127.18","204.69","3.01","9.09"
"JAST","2026-05-25","2026-05-25","559","FULL","90","9.75609756097561","HOLD","-","passive","FALSE","","BETA BREAKOUT","2026-02-20","","94d","94","UPTREND","BEARISH","BEARISH","BEARISH","STRUCTURE + DISCOUNT","NORMAL DOWNTREND","34.57","TRUE","FALSE","FALSE","LEADING","LEADING (Passive)","0.9","0.9","NORMAL","88.89","11.11","42.38","27.46","18.77","29.67","94.05","97.69","94","5968500","6660460","912","Supertrend bullish | RSI 42.4 lemah | Volume 0.9x | Lolos anti-crash ADX | RISEN NORMAL DOWNTREND","Full Grid (1-2-3-4)","100000000","124","109","105","100","0.1","0.2","0.3","0.4","806","1834","2857","4000","9497","99983500","16500","105.28","105.28","92","188","220","220","25.81","12.61","77.42","108.97","3","8.64"
"NOBU","2026-05-25","2026-05-25","559","FULL","476","2.1459227467811157","AVOID","-","passive","FALSE","","SMART GAMMA","2026-02-20","","94d","94","DOWNTREND","BEARISH","BEARISH","BEARISH","STRUCTURE + DISCOUNT","NORMAL DOWNTREND","57.5","TRUE","FALSE","FALSE","LEADING","LEADING (Passive)","0.8","0.8","NORMAL","55.56","44.44","32.99","19.91","17.05","28.49","506.59","529.85","553.02","2742300","3406680","912","Supertrend bearish | RSI 33.0 lemah | Volume 0.8x | Lolos anti-crash ADX | RISEN NORMAL DOWNTREND","Full Grid (1-2-3-4)","100000000","680","565","540","500","0.1","0.2","0.3","0.4","147","353","555","800","1855","99910500","89500","538.6","538.62","448","1030","1375","1375","34.12","16.82","102.21","155.29","3","9.23"
"TIRT","2026-05-25","2026-05-25","559","FULL","404","5.7591623036649215","AVOID","-","passive","FALSE","","BETA BREAKOUT","2026-03-17","","69d","69","DOWNTREND","BEARISH","BEARISH","BULLISH","STRUCTURE + DISCOUNT","NORMAL UPTREND","53.92","TRUE","TRUE","FALSE","IMPROVING","IMPROVING (Passive)","0.34","0.34","DRY / QUIET","75","25","32.98","19.26","29.18","43.37","471.45","535.1","366.42","126800","376115","912","Supertrend bearish | RSI 33.0 lemah | Volume 0.34x | Lolos anti-crash ADX | RISEN NORMAL UPTREND","Full Grid (1-2-3-4)","100000000","890","850","840","825","0.1","0.2","0.3","0.4","112","235","357","484","1188","99861000","139000","840.58","840.59","800","1025","1160","1160","10.11","4.83","30.34","38","3","7.87"
"ANDI","2026-05-25","2026-05-25","559","FULL","18","5.88235294117647","AVOID","-","passive","FALSE","","EARLY SWEEP","2026-04-10","","45d","45","DOWNTREND","BEARISH","BEARISH","BEARISH","STRUCTURE + DISCOUNT","NORMAL DOWNTREND","39.16","TRUE","FALSE","FALSE","LAGGING","LAGGARD (Passive)","0.42","0.42","DRY / QUIET","50","50","26.69","27.92","16.12","45.17","22.2","24.28","24.66","3772900","8882720","910","Supertrend bearish | RSI 26.7 lemah | Volume 0.42x | Lolos anti-crash ADX | RISEN NORMAL DOWNTREND","Full Grid (1-2-3-4)","100000000","30","29","28","28","0.1","0.2","0.3","0.4","3333","6896","10714","14285","35228","99994600","5400","28.38","28.38","27","38","40","40","10","4.88","33.33","40.92","3.33","8.39"
"OPMS","2026-05-25","2026-05-25","559","FULL","114","5.555555555555555","AVOID","-","passive","FALSE","","SMART SNIPER","2026-04-10","Discount Only","45d","45","DOWNTREND","BEARISH","BEARISH","BEARISH","STRUCTURE + DISCOUNT","NORMAL DOWNTREND","53.11","TRUE","FALSE","FALSE","LAGGING","LAGGARD (Passive)","0.17","0.17","DRY / QUIET","85.71","14.29","40.6","30.48","20.05","23.41","123.53","128","119.1","2526000","14682015","910","Supertrend bearish | RSI 40.6 lemah | Volume 0.17x | Crash filter aktif | RISEN NORMAL DOWNTREND","Full Grid (1-2-3-4)","100000000","164","131","123","111","0.1","0.2","0.3","0.4","609","1526","2439","3603","8177","99971200","28800","122.26","122.26","94","270","374","374","42.68","23.11","128.05","205.91","3","8.91"
"PACK","2026-05-25","2026-05-25","559","FULL","310","9.929078014184398","AVOID","-","passive","FALSE","","V-SHAPE","2026-04-10","","45d","45","DOWNTREND","BULLISH","BEARISH","BEARISH","DOWNTREND DISCOUNT","SIDEWAYS","9.94","TRUE","FALSE","FALSE","WEAKENING","WEAKENING (Passive)","1.65","1.65","EXPANSION","100","0","56.38","25.36","28.96","20.67","281.94","329.35","1154.76","643275400","390019465","910","Supertrend bearish | RSI 56.4 > 50 | Volume valid 1.65x | Lolos anti-crash ADX | RISEN SIDEWAYS","Full Grid (1-2-3-4)","100000000","189","166","161","153","0.1","0.2","0.3","0.4","529","1204","1863","2614","6210","99973000","27000","160.99","160.99","138","266","680","680","26.98","14.28","259.79","322.39","9.63","22.58"
"PTIS","2026-05-25","2026-05-25","559","FULL","280","-2.7777777777777777","AVOID","-","passive","FALSE","","EARLY SWEEP","2026-04-10","","45d","45","DOWNTREND","BEARISH","BEARISH","BEARISH","DOWNTREND DISCOUNT","NORMAL DOWNTREND","0","FALSE","FALSE","FALSE","WEAKENING","WEAKENING (Passive)","1.05","1.05","NORMAL","42.86","57.14","31.23","19.59","10.72","23.74","300.2","304.24","328.01","52400","49775","910","Supertrend bearish | RSI 31.2 lemah | Volume 1.05x | Lolos anti-crash ADX | RISEN NORMAL DOWNTREND","Full Grid (1-2-3-4)","100000000","424","406","402","396","0.1","0.2","0.3","0.4","235","492","746","1010","2483","99924400","75600","402.43","402.44","384","484","545","545","9.43","4.58","28.54","35.43","3.03","7.73"
"SMGR","2026-05-25","2026-05-25","559","FULL","1760","-0.28328611898017","AVOID","-","passive","FALSE","","V-SHAPE","2026-04-10","","45d","45","DOWNTREND","BEARISH","BEARISH","BEARISH","STRUCTURE + DISCOUNT","NORMAL DOWNTREND","57.46","TRUE","FALSE","FALSE","LAGGING","LAGGARD (Passive)","1.07","1.07","NORMAL","8.33","91.67","25.1","35.37","12.22","37.16","2027.12","2241.55","2593.34","14755600","13728725","910","Supertrend bearish | RSI 25.1 lemah | Volume 1.07x | Crash filter aktif | RISEN NORMAL DOWNTREND","Full Grid (1-2-3-4)","100000000","2410","2390","2380","2370","0.1","0.2","0.3","0.4","41","83","126","168","418","99522000","478000","2380.91","2380.94","2340","2670","2700","2700","2.9","1.72","12.03","13.4","4.14","7.8"
"ALII","2026-05-25","2026-05-25","535","FULL","840","5","AVOID","-","passive","FALSE","","SMART SNIPER","2026-04-09","Structure + Discount","46d","46","DOWNTREND","BEARISH","BEARISH","BULLISH","STRUCTURE + DISCOUNT","SIDEWAYS","36.64","TRUE","FALSE","FALSE","LAGGING","LAGGARD (Passive)","0.33","0.33","DRY / QUIET","58.33","41.67","46.6","20.1","19.23","20.21","871.86","864.43","763.72","1653300","5020330","908","Supertrend bearish | RSI 46.6 lemah | Volume 0.33x | Lolos anti-crash ADX | RISEN SIDEWAYS","Full Grid (1-2-3-4)","100000000","840","735","705","670","0.1","0.2","0.3","0.4","119","272","425","597","1413","99949500","50500","707.36","707.36","610","1185","1530","1530","27.38","13.76","82.14","116.3","3","8.45"
"LIVE","2026-05-25","2026-05-25","534","FULL","218","-0.9090909090909091","HOLD","-","passive","FALSE","","BETA BREAKOUT","2026-02-18","","96d","96","UPTREND","BEARISH","BEARISH","BULLISH","STRUCTURE + DISCOUNT","SIDEWAYS","81.44","TRUE","FALSE","FALSE","LEADING","LEADING (Passive)","0.14","0.14","DRY / QUIET","50","50","47.47","29.4","23.11","12.1","220.98","223.09","217.08","113400","805445","908","Supertrend bullish | RSI 47.5 lemah | Volume 0.14x | Lolos anti-crash ADX | RISEN SIDEWAYS","Full Grid (1-2-3-4)","100000000","274","230","220","204","0.1","0.2","0.3","0.4","364","869","1363","1960","4556","99930600","69400","219.34","219.35","179","416","560","560","34.67","18.39","104.38","155.31","3.01","8.45"
"MSIN","2026-05-25","2026-05-25","559","FULL","494","-8.518518518518519","AVOID","-","passive","FALSE","","G ACC","2026-04-09","","46d","46","DOWNTREND","BEARISH","BEARISH","BEARISH","DOWNTREND DISCOUNT","NORMAL UPTREND","0","FALSE","TRUE","FALSE","LAGGING","LAGGARD (Passive)","1.4","1.4","EXPANSION","18.67","81.33","27.66","23.77","15.7","34.38","691.37","704.01","681","29741000","21198030","908","Supertrend bearish | RSI 27.7 lemah | Volume valid 1.4x | Lolos anti-crash ADX | RISEN NORMAL UPTREND","Full Grid (1-2-3-4)","100000000","1185","735","630","478","0.1","0.2","0.3","0.4","84","272","476","836","1668","99894800","105200","598.89","598.98","268","2800","3020","3020","77.38","55.25","154.85","404.27","2","7.32"
"MSKY","2026-05-25","2026-05-25","559","FULL","61","1.6666666666666667","AVOID","-","passive","FALSE","","SMART GAMMA","2026-04-09","","46d","46","DOWNTREND","BEARISH","BEARISH","BEARISH","STRUCTURE + DISCOUNT","NORMAL DOWNTREND","45.39","TRUE","FALSE","FALSE","LAGGING","LAGGARD (Passive)","0.67","0.67","DRY / QUIET","16.67","83.33","25.46","24.34","15.56","30.03","76.45","80.5","80.52","10484000","15732075","908","Supertrend bearish | RSI 25.5 lemah | Volume 0.67x | Lolos anti-crash ADX | RISEN NORMAL DOWNTREND","Full Grid (1-2-3-4)","100000000","97","80","76","70","0.1","0.2","0.3","0.4","1030","2500","3947","5714","13191","99986200","13800","75.8","75.8","61","151","206","206","37.11","19.52","112.37","171.77","3.03","8.8"
"PEGE","2026-05-25","2026-05-25","559","FULL","116","0.8695652173913043","AVOID","-","passive","FALSE","","SMART SNIPER","2026-04-09","Discount Only","46d","46","DOWNTREND","BEARISH","BEARISH","BEARISH","STRUCTURE + DISCOUNT","NORMAL DOWNTREND","62.88","TRUE","FALSE","FALSE","LAGGING","LAGGARD (Passive)","0.45","0.45","DRY / QUIET","40","60","32.84","14.44","21.23","27.22","134.41","150.73","160.52","1832000","4082685","908","Supertrend bearish | RSI 32.8 lemah | Volume 0.45x | Lolos anti-crash ADX | RISEN NORMAL DOWNTREND","Full Grid (1-2-3-4)","100000000","163","134","127","117","0.1","0.2","0.3","0.4","613","1492","2362","3418","7885","99972700","27300","126.79","126.79","100","258","352","352","38.65","21.13","115.95","177.63","3","8.41"
"AGRS","2026-05-25","2026-05-25","559","FULL","63","1.6129032258064515","AVOID","-","passive","FALSE","","V-SHAPE","2026-04-08","","47d","47","DOWNTREND","BEARISH","BEARISH","BEARISH","STRUCTURE + DISCOUNT","NORMAL DOWNTREND","25","TRUE","FALSE","FALSE","LAGGING","LAGGARD (Passive)","0.39","0.39","DRY / QUIET","25","75","30.57","21.98","16.26","23.91","66.82","69.33","72.05","2280600","5824470","906","Supertrend bearish | RSI 30.6 lemah | Volume 0.39x | Lolos anti-crash ADX | RISEN NORMAL DOWNTREND","Full Grid (1-2-3-4)","100000000","70","68","68","67","0.1","0.2","0.3","0.4","1428","2941","4411","5970","14750","99988600","11400","67.79","67.79","65","78","86","86","7.14","4.11","22.86","26.86","3.2","6.53"
"AIMS","2026-05-25","2026-05-25","559","FULL","396","3.125","AVOID","-","passive","FALSE","","V-SHAPE","2026-04-08","","47d","47","DOWNTREND","BEARISH","BEARISH","BEARISH","STRUCTURE + DISCOUNT","NORMAL DOWNTREND","69.67","TRUE","FALSE","FALSE","LAGGING","LAGGARD (Passive)","0.5","0.5","DRY / QUIET","81.82","18.18","38.9","16.87","19.35","27.76","419.56","431.28","420.86","326500","646980","906","Supertrend bearish | RSI 38.9 lemah | Volume 0.5x | Lolos anti-crash ADX | RISEN NORMAL DOWNTREND","Full Grid (1-2-3-4)","100000000","428","402","396","388","0.1","0.2","0.3","0.4","233","497","757","1030","2517","99893000","107000","396.87","396.88","366","520","615","615","14.49","7.78","43.69","54.96","3.02","7.07"
"FMII","2026-05-25","2026-05-25","559","FULL","222","-2.631578947368421","AVOID","-","passive","FALSE","","EARLY SWEEP","2026-04-08","","47d","47","DOWNTREND","BEARISH","BEARISH","BEARISH","STRUCTURE + DISCOUNT","NORMAL DOWNTREND","57.95","TRUE","FALSE","FALSE","WEAKENING","WEAKENING (Passive)","0.49","0.49","DRY / QUIET","8.33","91.67","42.32","17.82","25.29","14.5","240.59","245.31","291.85","66600","136915","906","Supertrend bearish | RSI 42.3 lemah | Volume 0.49x | Lolos anti-crash ADX | RISEN NORMAL DOWNTREND","Full Grid (1-2-3-4)","100000000","434","374","360","340","0.1","0.2","0.3","0.4","230","534","833","1176","2773","99925600","74400","360.35","360.36","308","625","810","810","29.03","14.53","86.64","124.78","2.98","8.59"
"KUAS","2026-05-25","2026-05-25","559","FULL","97","3.1914893617021276","AVOID","-","passive","FALSE","","SMART GAMMA","2026-04-08","","47d","47","DOWNTREND","BEARISH","BEARISH","BULLISH","STRUCTURE + DISCOUNT","NORMAL DOWNTREND","58.95","TRUE","FALSE","FALSE","LAGGING","LAGGARD (Passive)","0.8","0.8","NORMAL","41.67","58.33","43.04","25.2","23.98","18.65","105.68","104.85","85.72","38406600","47852025","906","Supertrend bearish | RSI 43.0 lemah | Volume 0.8x | Lolos anti-crash ADX | RISEN NORMAL DOWNTREND","Full Grid (1-2-3-4)","100000000","147","108","98","85","0.1","0.2","0.3","0.4","680","1851","3061","4705","10297","99977100","22900","97.09","97.09","65","270","394","394","55.78","33.05","168.03","305.79","3.01","9.25"
"LPCK","2026-05-25","2026-05-25","559","FULL","525","-0.9433962264150944","AVOID","-","passive","FALSE","","V-SHAPE","2026-04-08","","47d","47","DOWNTREND","BEARISH","BEARISH","BEARISH","DOWNTREND DISCOUNT","NORMAL DOWNTREND","56.37","TRUE","FALSE","FALSE","LAGGING","LAGGARD (Passive)","1.84","1.84","EXPANSION","50","50","24.99","28.25","11.3","24.66","591.56","632.26","634.79","845200","459540","906","Supertrend bearish | RSI 25.0 lemah | Volume valid 1.84x | Lolos anti-crash ADX | RISEN NORMAL DOWNTREND","Full Grid (1-2-3-4)","100000000","640","605","595","585","0.1","0.2","0.3","0.4","156","330","504","683","1673","99892500","107500","597.09","597.09","560","760","880","880","12.5","6.21","37.5","47.38","3","7.63"
"MHKI","2026-05-25","2026-05-25","498","FULL","141","1.4388489208633095","AVOID","-","passive","FALSE","","SMART SNIPER","2026-04-08","Structure + Discount","47d","47","DOWNTREND","BEARISH","BEARISH","BEARISH","STRUCTURE + DISCOUNT","NORMAL DOWNTREND","53.94","TRUE","FALSE","FALSE","LAGGING","LAGGARD (Passive)","0.17","0.17","DRY / QUIET","40","60","31.71","20.73","15.1","32.91","167.77","182.69","190.58","1667300","9884650","906","Supertrend bearish | RSI 31.7 lemah | Volume 0.17x | Lolos anti-crash ADX | RISEN NORMAL DOWNTREND","Full Grid (1-2-3-4)","100000000","202","177","170","162","0.1","0.2","0.3","0.4","495","1129","1764","2469","5857","99968100","31900","170.68","170.68","148","284","364","364","26.73","13.29","80.2","113.26","3","8.52"
"NICK","2026-05-25","2026-05-25","559","FULL","1105","0","AVOID","-","passive","FALSE","","SMART SNIPER","2026-04-08","Demand Structure","47d","47","DOWNTREND","BEARISH","BEARISH","BEARISH","DOWNTREND DISCOUNT","SIDEWAYS","67.26","TRUE","FALSE","FALSE","LAGGING","LAGGARD (Passive)","0.2","0.2","DRY / QUIET","50","50","36.1","19.72","28.92","18.71","1174.31","1202.59","1176.77","1400","7070","906","Supertrend bearish | RSI 36.1 lemah | Volume 0.2x | Lolos anti-crash ADX | RISEN SIDEWAYS","Full Grid (1-2-3-4)","100000000","1300","1180","1150","1105","0.1","0.2","0.3","0.4","76","169","260","361","866","99612500","387500","1150.26","1150.38","1035","1700","2100","2100","20.38","10.02","61.54","82.57","3.02","8.24"
"PSSI","2026-05-25","2026-05-25","559","FULL","300","3.4482758620689653","AVOID","-","passive","FALSE","","V-SHAPE","2026-04-08","","47d","47","DOWNTREND","BEARISH","BEARISH","BEARISH","STRUCTURE + DISCOUNT","NORMAL DOWNTREND","31.24","TRUE","FALSE","FALSE","LAGGING","LAGGARD (Passive)","0.33","0.33","DRY / QUIET","33.33","66.67","31.21","24.14","17.01","38.73","324.79","337.25","353.31","71900","218880","906","Supertrend bearish | RSI 31.2 lemah | Volume 0.33x | Lolos anti-crash ADX | RISEN NORMAL DOWNTREND","Full Grid (1-2-3-4)","100000000","344","338","336","334","0.1","0.2","0.3","0.4","290","591","892","1197","2970","99902800","97200","336.37","336.37","330","366","402","402","4.07","1.89","16.86","19.51","4.14","10.3"
"RMKO","2026-05-25","2026-05-25","559","FULL","336","-2.8901734104046244","AVOID","-","passive","FALSE","","V-SHAPE","2026-04-08","","47d","47","DOWNTREND","BEARISH","BEARISH","BEARISH","STRUCTURE + DISCOUNT","NORMAL DOWNTREND","65","TRUE","FALSE","FALSE","LAGGING","LAGGARD (Passive)","0.42","0.42","DRY / QUIET","53.33","46.67","27.48","24.91","10.15","33.4","444.26","505.6","433.51","3533500","8391810","906","Supertrend bearish | RSI 27.5 lemah | Volume 0.42x | Lolos anti-crash ADX | RISEN NORMAL DOWNTREND","Full Grid (1-2-3-4)","100000000","535","476","462","442","0.1","0.2","0.3","0.4","186","420","649","904","2159","99883600","116400","462.64","462.66","400","1180","2140","2140","25.23","13.54","300","362.56","11.89","26.78"
"ROTI","2026-05-25","2026-05-25","559","FULL","520","1.9607843137254901","AVOID","-","passive","FALSE","","BETA BREAKOUT","2026-04-08","","47d","47","DOWNTREND","BEARISH","BEARISH","BEARISH","STRUCTURE + DISCOUNT","NORMAL DOWNTREND","25","TRUE","FALSE","FALSE","LAGGING","LAGGARD (Passive)","0.6","0.6","DRY / QUIET","100","0","18.98","56.92","7.5","48.26","605.56","667.72","763.29","1418300","2364645","906","Supertrend bearish | RSI 19.0 lemah | Volume 0.6x | Crash filter aktif | RISEN NORMAL DOWNTREND","Full Grid (1-2-3-4)","100000000","805","770","760","745","0.1","0.2","0.3","0.4","124","259","394","536","1313","99801000","199000","760.1","760.1","725","925","1045","1045","9.94","4.62","29.81","37.48","3","8.12"
"SMGA","2026-05-25","2026-05-25","539","FULL","73","2.8169014084507045","AVOID","-","passive","FALSE","","V-SHAPE","2026-04-08","","47d","47","DOWNTREND","BEARISH","BEARISH","BEARISH","STRUCTURE + DISCOUNT","NORMAL DOWNTREND","25.01","TRUE","FALSE","FALSE","LAGGING","LAGGARD (Passive)","0.5","0.5","DRY / QUIET","80","20","34.84","24.45","14.35","37.91","83.84","90.27","96.86","8408900","16938935","906","Supertrend bearish | RSI 34.8 lemah | Volume 0.5x | Lolos anti-crash ADX | RISEN NORMAL DOWNTREND","Full Grid (1-2-3-4)","100000000","89","83","81","79","0.1","0.2","0.3","0.4","1123","2409","3703","5063","12298","99981400","18600","81.3","81.3","75","110","131","131","15.73","7.75","47.19","61.13","3","7.89"
"TRIM","2026-05-25","2026-05-25","559","FULL","492","-0.8064516129032258","AVOID","-","passive","FALSE","","SMART SNIPER","2026-04-08","Demand Structure","47d","47","DOWNTREND","BEARISH","BEARISH","BEARISH","STRUCTURE + DISCOUNT","NORMAL DOWNTREND","53.76","TRUE","FALSE","FALSE","LAGGING","LAGGARD (Passive)","0.21","0.21","DRY / QUIET","62.5","37.5","35.55","20.28","11.46","22.35","534.61","552.86","536.13","69600","324395","906","Supertrend bearish | RSI 35.5 lemah | Volume 0.21x | Lolos anti-crash ADX | RISEN NORMAL DOWNTREND","Full Grid (1-2-3-4)","100000000","555","505","492","474","0.1","0.2","0.3","0.4","180","396","609","843","2028","99909000","91000","492.65","492.65","446","720","880","880","19.64","9.47","58.56","78.63","2.98","8.3"
"YELO","2026-05-25","2026-05-25","559","FULL","79","-1.25","AVOID","-","passive","FALSE","","BETA BREAKOUT","2026-04-08","","47d","47","DOWNTREND","BEARISH","BEARISH","BEARISH","STRUCTURE + DISCOUNT","NORMAL DOWNTREND","69.61","TRUE","FALSE","FALSE","LAGGING","LAGGARD (Passive)","0.47","0.47","DRY / QUIET","16.67","83.33","32.82","16.1","15.33","26.28","93.59","98.96","87.03","27275200","57737065","906","Supertrend bearish | RSI 32.8 lemah | Volume 0.47x | Lolos anti-crash ADX | RISEN NORMAL DOWNTREND","Full Grid (1-2-3-4)","100000000","114","99","95","90","0.1","0.2","0.3","0.4","877","2020","3157","4444","10498","99983300","16700","95.24","95.24","82","162","164","164","28.07","13.9","43.86","72.2","1.56","5.19"
"ESTI","2026-05-25","2026-05-25","559","FULL","136","-0.7299270072992701","AVOID","-","passive","FALSE","","SMART SNIPER","2026-04-07","Demand Structure","48d","48","DOWNTREND","BEARISH","BEARISH","BEARISH","STRUCTURE + DISCOUNT","NORMAL DOWNTREND","76.31","TRUE","FALSE","FALSE","LAGGING","LAGGARD (Passive)","0.2","0.2","DRY / QUIET","33.33","66.67","32.26","14.8","19.65","21.85","155.28","165.28","138.73","1463400","7182945","904","Supertrend bearish | RSI 32.3 lemah | Volume 0.2x | Lolos anti-crash ADX | RISEN NORMAL DOWNTREND","Full Grid (1-2-3-4)","100000000","181","146","137","125","0.1","0.2","0.3","0.4","552","1369","2189","3200","7310","99967900","32100","136.75","136.76","104","296","412","412","42.54","23.95","127.62","201.27","3","8.4"
"GSMF","2026-05-25","2026-05-25","559","FULL","104","5.05050505050505","AVOID","-","passive","FALSE","","SMART GAMMA","2026-04-07","","48d","48","DOWNTREND","BEARISH","BEARISH","BULLISH","STRUCTURE + DISCOUNT","SIDEWAYS","25","TRUE","FALSE","FALSE","LAGGING","LAGGARD (Passive)","0.38","0.38","DRY / QUIET","37.5","62.5","44.32","39.52","30.31","22.11","116.95","113.03","100.23","34468500","91713685","904","Supertrend bearish | RSI 44.3 lemah | Volume 0.38x | Lolos anti-crash ADX | RISEN SIDEWAYS","Full Grid (1-2-3-4)","100000000","144","112","104","94","0.1","0.2","0.3","0.4","694","1785","2884","4255","9618","99976200","23800","103.95","103.95","77","244","346","346","46.53","25.92","140.28","232.86","3.01","8.98"
"NPGF","2026-05-25","2026-05-25","559","FULL","62","-7.462686567164178","AVOID","-","passive","FALSE","","BETA BREAKOUT","2026-04-07","","48d","48","DOWNTREND","BEARISH","BEARISH","BULLISH","STRUCTURE + DISCOUNT","NORMAL DOWNTREND","49.34","TRUE","FALSE","FALSE","LAGGING","LAGGARD (Passive)","0.7","0.7","DRY / QUIET","0","100","33.79","25.8","13.72","17.96","70.1","69.82","61.84","39704800","57124660","904","Supertrend bearish | RSI 33.8 lemah | Volume 0.7x | Lolos anti-crash ADX | RISEN NORMAL DOWNTREND","Full Grid (1-2-3-4)","100000000","72","65","63","61","0.1","0.2","0.3","0.4","1388","3076","4761","6557","15782","99979600","20400","63.35","63.35","57","95","117","117","20.83","10.02","62.5","84.69","3","8.45"
"RAAM","2026-05-25","2026-05-25","559","FULL","191","-4.5","AVOID","-","passive","FALSE","","SMART SNIPER","2026-04-07","Discount Only","48d","48","DOWNTREND","BEARISH","BEARISH","BEARISH","STRUCTURE + DISCOUNT","NORMAL DOWNTREND","35.25","TRUE","FALSE","FALSE","LAGGING","LAGGARD (Passive)","0.29","0.29","DRY / QUIET","5.56","94.44","38.62","15.05","22.61","18.58","207.6","213.99","246.88","312500","1078430","904","Supertrend bearish | RSI 38.6 lemah | Volume 0.29x | Lolos anti-crash ADX | RISEN NORMAL DOWNTREND","Full Grid (1-2-3-4)","100000000","238","196","185","171","0.1","0.2","0.3","0.4","420","1020","1621","2339","5400","99973400","26600","185.14","185.14","149","372","505","505","37.39","19.52","112.18","172.77","3","8.85"
"WAPO","2026-05-25","2026-05-25","559","FULL","123","2.5","AVOID","-","passive","FALSE","","V-SHAPE","2026-04-07","","48d","48","DOWNTREND","BEARISH","BEARISH","BEARISH","STRUCTURE + DISCOUNT","SIDEWAYS","81.67","TRUE","FALSE","FALSE","WEAKENING","WEAKENING (Passive)","0.38","0.38","DRY / QUIET","26.67","73.33","39","19.1","20.56","21.51","131.07","138.48","155.08","272900","723980","904","Supertrend bearish | RSI 39.0 lemah | Volume 0.38x | Lolos anti-crash ADX | RISEN SIDEWAYS","Full Grid (1-2-3-4)","100000000","122","116","115","113","0.1","0.2","0.3","0.4","819","1724","2608","3539","8690","99972900","27100","115.04","115.04","108","143","164","164","11.48","6.12","34.43","42.55","3","6.95"
"WIDI","2026-05-25","2026-05-25","559","FULL","28","7.6923076923076925","AVOID","-","passive","FALSE","","SMART SNIPER","2026-04-07","Structure + Discount","48d","48","DOWNTREND","BEARISH","BEARISH","BEARISH","STRUCTURE + DISCOUNT","NORMAL DOWNTREND","31.49","TRUE","FALSE","FALSE","LAGGING","LAGGARD (Passive)","0.82","0.82","NORMAL","100","0","39","26.81","13.18","26.43","30.25","31.92","32.98","4820700","5896590","904","Supertrend bearish | RSI 39.0 lemah | Volume 0.82x | Lolos anti-crash ADX | RISEN NORMAL DOWNTREND","Full Grid (1-2-3-4)","100000000","33","31","31","30","0.1","0.2","0.3","0.4","3030","6451","9677","13333","32491","99994800","5200","30.78","30.78","28","44","49","49","15.15","9.02","48.48","59.21","3.2","6.56"
"AYAM","2026-05-25","2026-05-25","559","FULL","308","0","AVOID","-","passive","FALSE","","V-SHAPE","2026-04-06","","49d","49","DOWNTREND","BEARISH","BEARISH","BULLISH","STRUCTURE + DISCOUNT","NORMAL DOWNTREND","90.1","TRUE","FALSE","FALSE","LAGGING","LAGGARD (Passive)","0.92","0.92","NORMAL","20","80","35.23","17.25","11.83","23.62","325.76","335.41","299.34","36936100","40029620","902","Supertrend bearish | RSI 35.2 lemah | Volume 0.92x | Lolos anti-crash ADX | RISEN NORMAL DOWNTREND","Full Grid (1-2-3-4)","100000000","312","296","292","286","0.1","0.2","0.3","0.4","320","675","1027","1398","3420","99935200","64800","292.21","292.21","276","366","378","378","11.54","5.55","21.15","29.36","1.83","5.29"
"FORE","2026-05-25","2026-05-25","264","FULL","815","-9.94475138121547","AVOID","-","passive","FALSE","","G ACC","2026-04-06","","49d","49","DOWNTREND","BEARISH","BEARISH","BULLISH","DOWNTREND PREMIUM","NORMAL UPTREND","0","FALSE","TRUE","FALSE","LAGGING","LAGGARD (Passive)","0.88","0.88","NORMAL","5","95","40.62","44.97","21.54","22.14","921.61","823.76","618.52","30443000","34606950","902","Supertrend bearish | RSI 40.6 lemah | Volume 0.88x | Crash filter aktif | RISEN NORMAL UPTREND","Full Grid (1-2-3-4)","100000000","805","595","545","472","0.1","0.2","0.3","0.4","124","336","550","847","1857","99927400","72600","538.11","538.13","374","1450","2100","2100","53.54","30.5","160.87","290.25","3","9.52"
"TRON","2026-05-25","2026-05-25","559","FULL","97","-2.0202020202020203","AVOID","-","passive","FALSE","","SMART SNIPER","2026-04-06","Discount Only","49d","49","DOWNTREND","BEARISH","BEARISH","BEARISH","STRUCTURE + DISCOUNT","SIDEWAYS","73.62","TRUE","FALSE","FALSE","LAGGING","LAGGARD (Passive)","0.51","0.51","DRY / QUIET","0","100","21.79","14.13","16.94","20.3","122.66","138.16","142.96","4657900","9147970","902","Supertrend bearish | RSI 21.8 lemah | Volume 0.51x | Lolos anti-crash ADX | RISEN SIDEWAYS","Full Grid (1-2-3-4)","100000000","162","128","120","109","0.1","0.2","0.3","0.4","617","1562","2500","3669","8348","99981100","18900","119.77","119.77","90","270","378","378","44.44","24.85","133.33","215.61","3","8.68"
"BPII","2026-05-25","2026-05-25","559","FULL","470","1.7316017316017316","AVOID","-","passive","FALSE","","BETA BREAKOUT","2026-02-12","","102d","102","DOWNTREND","BULLISH","BEARISH","BEARISH","STRUCTURE + DISCOUNT","SIDEWAYS","72.85","TRUE","FALSE","FALSE","LEADING","LEADING (Passive)","0.12","0.12","DRY / QUIET","27.78","72.22","50.51","45.69","37.66","9.74","467.82","473.69","586.56","16300","132230","896","Supertrend bearish | RSI 50.5 > 50 | Volume 0.12x | Lolos anti-crash ADX | RISEN SIDEWAYS","Full Grid (1-2-3-4)","100000000","555","476","458","432","0.1","0.2","0.3","0.4","180","420","655","925","2180","99941000","59000","458.44","458.44","388","805","1055","1055","30.09","15.37","90.09","130.13","2.99","8.47"
"BULL","2026-05-25","2026-05-25","559","FULL","408","-1.4492753623188406","AVOID","-","passive","FALSE","","BETA BREAKOUT","2026-04-01","","54d","54","DOWNTREND","BEARISH","BEARISH","BULLISH","DEMAND STRUCTURE","SIDEWAYS","25","TRUE","FALSE","FALSE","LAGGING","LAGGARD (Passive)","0.67","0.67","DRY / QUIET","37.5","62.5","41.63","23.11","14.67","26.15","449.85","453.84","361.54","226441300","336162465","892","Supertrend bearish | RSI 41.6 lemah | Volume 0.67x | Lolos anti-crash ADX | RISEN SIDEWAYS","Full Grid (1-2-3-4)","100000000","414","360","346","328","0.1","0.2","0.3","0.4","241","555","867","1219","2882","99938800","61200","346.77","346.78","296","590","770","770","28.5","14.64","85.99","122.05","3.02","8.34"
"CHEM","2026-05-25","2026-05-25","559","FULL","71","4.411764705882353","AVOID","-","passive","FALSE","","SMART GAMMA","2026-04-01","","54d","54","DOWNTREND","BEARISH","BEARISH","BEARISH","STRUCTURE + DISCOUNT","NORMAL DOWNTREND","62.25","TRUE","FALSE","FALSE","LAGGING","LAGGARD (Passive)","0.24","0.24","DRY / QUIET","75","25","34.48","21.61","14.37","26.7","83.47","90.48","91.89","7378000","30686240","892","Supertrend bearish | RSI 34.5 lemah | Volume 0.24x | Lolos anti-crash ADX | RISEN NORMAL DOWNTREND","Full Grid (1-2-3-4)","100000000","142","112","105","95","0.1","0.2","0.3","0.4","704","1785","2857","4210","9556","99982300","17700","104.63","104.63","80","236","328","328","43.66","23.54","130.99","213.49","3","9.07"
"WOWS","2026-05-25","2026-05-25","559","FULL","63","3.278688524590164","AVOID","-","passive","FALSE","","SMART SNIPER","2026-04-01","Discount Only","54d","54","DOWNTREND","BEARISH","BEARISH","BEARISH","STRUCTURE + DISCOUNT","NORMAL DOWNTREND","43.85","TRUE","FALSE","FALSE","LAGGING","LAGGARD (Passive)","0.64","0.64","DRY / QUIET","25","75","34.56","23.52","19.75","23.77","70.44","73.94","74.87","31249400","48823900","892","Supertrend bearish | RSI 34.6 lemah | Volume 0.64x | Lolos anti-crash ADX | RISEN NORMAL DOWNTREND","Full Grid (1-2-3-4)","100000000","78","66","63","59","0.1","0.2","0.3","0.4","1282","3030","4761","6779","15852","99988000","12000","63.08","63.08","52","117","156","156","33.33","17.56","100","147.32","3","8.39"
"BATA","2026-05-25","2026-05-25","559","FULL","61","0","AVOID","-","passive","FALSE","","EARLY SWEEP","2026-03-31","","55d","55","DOWNTREND","BEARISH","BEARISH","BEARISH","STRUCTURE + DISCOUNT","SIDEWAYS","80.76","TRUE","FALSE","FALSE","LAGGING","LAGGARD (Passive)","0.33","0.33","DRY / QUIET","0","100","43.88","25.19","18.19","34.32","63.02","63.76","62.85","26200","79140","890","Supertrend bearish | RSI 43.9 lemah | Volume 0.33x | Lolos anti-crash ADX | RISEN SIDEWAYS","Full Grid (1-2-3-4)","100000000","89","81","78","76","0.1","0.2","0.3","0.4","1123","2469","3846","5263","12701","99991200","8800","78.73","78.73","71","116","143","143","20.22","9.81","60.67","81.64","3","8.32"
"KBLM","2026-05-25","2026-05-25","559","FULL","296","0","AVOID","-","passive","FALSE","","SMART SNIPER","2026-03-31","Structure + Discount","55d","55","DOWNTREND","BEARISH","BEARISH","BEARISH","STRUCTURE + DISCOUNT","NORMAL DOWNTREND","26.94","TRUE","FALSE","FALSE","WEAKENING","WEAKENING (Passive)","0.27","0.27","DRY / QUIET","0","100","33.94","17.16","15.85","22.69","319.07","323.88","331.21","36300","132500","890","Supertrend bearish | RSI 33.9 lemah | Volume 0.27x | Lolos anti-crash ADX | RISEN NORMAL DOWNTREND","Full Grid (1-2-3-4)","100000000","340","324","318","314","0.1","0.2","0.3","0.4","294","617","943","1273","3127","99946400","53600","319.62","319.62","304","394","448","448","10.59","4.89","31.76","40.16","3","8.22"
"LINK","2026-05-25","2026-05-25","559","FULL","1170","-5.263157894736842","AVOID","-","passive","FALSE","","V-SHAPE","2026-03-31","","55d","55","DOWNTREND","BEARISH","BEARISH","BEARISH","STRUCTURE + DISCOUNT","NORMAL DOWNTREND","44.22","TRUE","FALSE","FALSE","LAGGING","LAGGARD (Passive)","0.28","0.28","DRY / QUIET","45.45","54.55","25.45","42.56","7.8","38.82","1534.33","1833.2","2349.26","19200","68185","890","Supertrend bearish | RSI 25.4 lemah | Volume 0.28x | Crash filter aktif | RISEN NORMAL DOWNTREND","Full Grid (1-2-3-4)","100000000","1855","1815","1800","1790","0.1","0.2","0.3","0.4","53","110","166","223","552","99593500","406500","1804.23","1804.3","1735","2040","2050","2050","6.47","3.84","10.51","13.62","1.63","3.55"
"MITI","2026-05-25","2026-05-25","559","FULL","195","11.428571428571429","AVOID","-","passive","FALSE","","EARLY SWEEP","2026-03-31","","55d","55","DOWNTREND","BEARISH","BEARISH","BEARISH","DOWNTREND DISCOUNT","NORMAL DOWNTREND","12.53","TRUE","FALSE","FALSE","LAGGING","LAGGARD (Passive)","1.89","1.89","EXPANSION","56.67","43.33","36.41","28.89","10.28","26.57","224.72","253.23","274.67","3289600","1744010","890","Supertrend bearish | RSI 36.4 lemah | Volume valid 1.89x | Lolos anti-crash ADX | RISEN NORMAL DOWNTREND","Full Grid (1-2-3-4)","100000000","434","344","322","290","0.1","0.2","0.3","0.4","230","581","931","1379","3121","99937600","62400","320.21","320.23","246","715","1000","1000","43.32","23.18","130.41","212.29","3.01","9.16"
"SHID","2026-05-25","2026-05-25","559","FULL","725","-0.684931506849315","AVOID","-","passive","FALSE","","EARLY SWEEP","2026-03-31","","55d","55","DOWNTREND","BEARISH","BEARISH","BEARISH","STRUCTURE + DISCOUNT","SIDEWAYS","92.31","TRUE","FALSE","FALSE","LAGGING","LAGGARD (Passive)","0.15","0.15","DRY / QUIET","90","10","41.12","27.25","15.17","17.32","744.07","766.29","833.48","1800","12410","890","Supertrend bearish | RSI 41.1 lemah | Volume 0.15x | Lolos anti-crash ADX | RISEN SIDEWAYS","Full Grid (1-2-3-4)","100000000","940","850","825","795","0.1","0.2","0.3","0.4","106","235","363","503","1207","99875000","125000","827.46","827.5","745","1235","1525","1525","20.74","9.97","62.23","84.3","3","8.46"
"SWID","2026-05-25","2026-05-25","559","FULL","95","3.260869565217391","AVOID","-","passive","FALSE","","V-SHAPE","2026-03-31","","55d","55","DOWNTREND","BEARISH","BEARISH","BEARISH","STRUCTURE + DISCOUNT","SIDEWAYS","26.75","TRUE","FALSE","FALSE","LAGGING","LAGGARD (Passive)","0.1","0.1","DRY / QUIET","40","60","39.12","19.09","23.39","22.48","104.22","107.04","103.4","1367400","13467500","890","Supertrend bearish | RSI 39.1 lemah | Volume 0.1x | Lolos anti-crash ADX | RISEN SIDEWAYS","Full Grid (1-2-3-4)","100000000","98","92","90","88","0.1","0.2","0.3","0.4","1020","2173","3333","4545","11071","99980600","19400","90.31","90.31","83","121","143","143","15.31","8.09","45.92","58.35","3","7.21"
"WEHA","2026-05-25","2026-05-25","559","FULL","119","2.586206896551724","AVOID","-","passive","FALSE","","BETA BREAKOUT","2026-03-31","","55d","55","DOWNTREND","BEARISH","BEARISH","BEARISH","STRUCTURE + DISCOUNT","SIDEWAYS","65","TRUE","FALSE","FALSE","LAGGING","LAGGARD (Passive)","0.11","0.11","DRY / QUIET","33.33","66.67","40.74","37.68","28.06","17.12","124.91","128.28","125.64","2248500","20903110","890","Supertrend bearish | RSI 40.7 lemah | Volume 0.11x | Lolos anti-crash ADX | RISEN SIDEWAYS","Full Grid (1-2-3-4)","100000000","155","134","129","122","0.1","0.2","0.3","0.4","645","1492","2325","3278","7740","99974400","25600","129.17","129.17","111","222","288","288","28.39","14.06","85.81","122.97","3.02","8.74"
"EURO","2026-05-25","2026-05-25","559","FULL","1935","0.78125","AVOID","-","passive","FALSE","","SMART GAMMA","2026-03-30","","56d","56","DOWNTREND","BEARISH","BEARISH","BULLISH","DOWNTREND","NORMAL UPTREND","17.5","TRUE","TRUE","FALSE","LAGGING","LAGGARD (Passive)","1.23","1.23","EXPANSION","40.38","59.62","35.43","35.59","22.25","40.59","2543.15","2335.9","1248.61","713000","580245","888","Supertrend bearish | RSI 35.4 lemah | Volume valid 1.23x | Crash filter aktif | RISEN NORMAL UPTREND","Full Grid (1-2-3-4)","100000000","2230","1405","1205","930","0.1","0.2","0.3","0.4","44","142","248","430","864","99637000","363000","1153.21","1154.39","540","4770","7300","7300","75.78","53.17","227.35","533.02","3","10.02"
"FLMC","2026-05-25","2026-05-25","559","FULL","145","-2.684563758389262","AVOID","-","passive","FALSE","","EARLY SWEEP","2026-03-30","","56d","56","DOWNTREND","BEARISH","BEARISH","NEUTRAL","STRUCTURE + DISCOUNT","SIDEWAYS","42.06","TRUE","FALSE","FALSE","LAGGING","LAGGARD (Passive)","0.48","0.48","DRY / QUIET","50","50","36.45","17.99","11.9","21.83","159.21","156.59","145.22","474300","980870","888","Supertrend bearish | RSI 36.5 lemah | Volume 0.48x | Lolos anti-crash ADX | RISEN SIDEWAYS","Full Grid (1-2-3-4)","100000000","182","159","153","145","0.1","0.2","0.3","0.4","549","1257","1960","2758","6524","99957100","42900","153.21","153.22","132","258","332","332","27.47","13.85","82.42","116.69","3","8.43"
"RGAS","2026-05-25","2026-05-25","559","FULL","97","-1.0204081632653061","HOLD","-","passive","FALSE","","BETA BREAKOUT","2026-03-30","","56d","56","UPTREND","BULLISH","BULLISH","BEARISH","DEMAND STRUCTURE","NORMAL DOWNTREND","60","TRUE","FALSE","FALSE","LAGGING","LAGGARD (Passive)","1.16","1.16","NORMAL","60","40","53.81","30.63","21.57","13.5","94.87","93.51","98.54","13075900","11305105","888","Supertrend bullish | RSI 53.8 > 50 | Volume 1.16x | Lolos anti-crash ADX | RISEN NORMAL DOWNTREND","Full Grid (1-2-3-4)","100000000","110","97","94","90","0.1","0.2","0.3","0.4","909","2061","3191","4444","10605","99982100","17900","94.28","94.28","83","151","191","191","24.55","11.96","73.64","102.59","3","8.58"
"DVLA","2026-05-25","2026-05-25","559","FULL","1595","0.3144654088050315","AVOID","-","passive","FALSE","","BETA BREAKOUT","2026-02-06","","108d","108","DOWNTREND","NEUTRAL","BEARISH","BEARISH","STRUCTURE + DISCOUNT","SIDEWAYS","62.57","TRUE","FALSE","FALSE","LEADING","LEADING (Passive)","0.91","0.91","NORMAL","60","40","46.71","47.45","9.54","26.71","1597.52","1607","1628.51","17400","19210","884","Supertrend bearish | RSI 46.7 lemah | Volume 0.91x | Crash filter aktif | RISEN SIDEWAYS","Full Grid (1-2-3-4)","100000000","1680","1640","1625","1615","0.1","0.2","0.3","0.4","59","121","184","247","611","99546500","453500","1629.24","1629.28","1590","1815","1995","1995","5.36","2.41","18.75","22.45","3.5","9.32"
"LION","2026-05-25","2026-05-25","559","FULL","392","3.1578947368421053","AVOID","-","passive","FALSE","","SMART GAMMA","2026-02-06","","108d","108","DOWNTREND","BEARISH","BEARISH","BEARISH","STRUCTURE + DISCOUNT","SIDEWAYS","65","TRUE","FALSE","FALSE","LEADING","LEADING (Passive)","0.46","0.46","DRY / QUIET","60","40","42.36","13.79","20.22","22.68","400.96","414.57","439.88","40700","88910","884","Supertrend bearish | RSI 42.4 lemah | Volume 0.46x | Lolos anti-crash ADX | RISEN SIDEWAYS","Full Grid (1-2-3-4)","100000000","605","494","468","432","0.1","0.2","0.3","0.4","165","404","641","925","2135","99898900","101100","467.91","467.92","378","945","1285","1285","37.52","19.22","112.4","174.63","3","9.09"
"APEX","2026-05-25","2026-05-25","559","FULL","148","4.225352112676056","AVOID","-","passive","FALSE","","V-SHAPE","2026-03-02","","84d","84","DOWNTREND","BEARISH","BEARISH","BEARISH","STRUCTURE + DISCOUNT","NORMAL DOWNTREND","62.27","TRUE","FALSE","FALSE","IMPROVING","IMPROVING (Passive)","0.19","0.19","DRY / QUIET","88.89","11.11","33.18","26.14","12.36","31.88","171.12","187.39","182.99","5642200","29405360","882","Supertrend bearish | RSI 33.2 lemah | Volume 0.19x | Lolos anti-crash ADX | RISEN NORMAL DOWNTREND","Full Grid (1-2-3-4)","100000000","258","228","220","210","0.1","0.2","0.3","0.4","387","877","1363","1904","4531","99950200","49800","220.59","220.6","193","356","454","454","25.19","12.51","75.97","105.81","3.02","8.46"
"CBPE","2026-05-25","2026-05-25","559","FULL","292","-1.3513513513513513","HOLD","-","passive","FALSE","","BETA BREAKOUT","2026-03-27","","59d","59","UPTREND","BEARISH","BEARISH","BULLISH","DEMAND STRUCTURE","SIDEWAYS","100","TRUE","FALSE","FALSE","LAGGING","LAGGARD (Passive)","0.2","0.2","DRY / QUIET","0","100","42.37","11.19","13.12","12.91","304.83","308.07","279.13","29700","150205","882","Supertrend bullish | RSI 42.4 lemah | Volume 0.2x | Lolos anti-crash ADX | RISEN SIDEWAYS","Full Grid (1-2-3-4)","100000000","354","312","302","288","0.1","0.2","0.3","0.4","282","641","993","1388","3304","99945000","55000","302.5","302.5","264","490","625","625","25.42","12.73","76.55","106.61","3.01","8.38"
"RUIS","2026-05-25","2026-05-25","559","FULL","186","3.3333333333333335","AVOID","-","passive","FALSE","","BETA BREAKOUT","2026-03-02","","84d","84","DOWNTREND","BEARISH","BEARISH","BEARISH","STRUCTURE + DISCOUNT","NORMAL DOWNTREND","65","TRUE","FALSE","FALSE","IMPROVING","IMPROVING (Passive)","0.11","0.11","DRY / QUIET","100","0","33.53","26.52","10.62","30.25","206.35","221.8","220.68","147600","1315120","882","Supertrend bearish | RSI 33.5 lemah | Volume 0.11x | Lolos anti-crash ADX | RISEN NORMAL DOWNTREND","Full Grid (1-2-3-4)","100000000","310","258","244","226","0.1","0.2","0.3","0.4","322","775","1229","1769","4095","99944000","56000","244.06","244.07","200","476","640","640","35.48","18.05","106.45","162.23","3","8.99"
"APLN","2026-05-25","2026-05-25","559","FULL","152","-2.564102564102564","AVOID","-","passive","FALSE","","SMART GAMMA","2026-03-26","","60d","60","DOWNTREND","BEARISH","BEARISH","BULLISH","DEMAND STRUCTURE","NORMAL DOWNTREND","25","TRUE","FALSE","FALSE","LAGGING","LAGGARD (Passive)","0.17","0.17","DRY / QUIET","18.18","81.82","37.43","17.04","18.28","20.68","171.1","167.14","136.83","20424300","122961235","880","Supertrend bearish | RSI 37.4 lemah | Volume 0.17x | Lolos anti-crash ADX | RISEN NORMAL DOWNTREND","Full Grid (1-2-3-4)","100000000","167","140","133","124","0.1","0.2","0.3","0.4","598","1428","2255","3225","7506","99960100","39900","133.17","133.18","109","254","342","342","34.73","18.15","104.79","156.81","3.02","8.64"
"DCII","2026-05-25","2026-05-25","559","FULL","193000","0","AVOID","-","passive","FALSE","","EARLY SWEEP","2026-03-26","","60d","60","DOWNTREND","BEARISH","BEARISH","BEARISH","STRUCTURE + DISCOUNT","SIDEWAYS","65","TRUE","FALSE","FALSE","LAGGING","LAGGARD (Passive)","0.45","0.45","DRY / QUIET","50","50","37.43","41.33","22.89","68.16","198543.9","203307.2","212738.11","500","1115","880","Supertrend bearish | RSI 37.4 lemah | Volume 0.45x | Crash filter aktif | RISEN SIDEWAYS","Full Grid (1-2-3-4)","100000000","220000","207275","204250","199975","0.1","0.2","0.3","0.4","0","0","1","2","3","60420000","39580000","201400","204562.34","193150","293875","347175","347175","12.2","4.1","57.81","72.38","4.74","17.67"
"MBTO","2026-05-25","2026-05-25","559","FULL","114","4.587155963302752","AVOID","-","passive","FALSE","","SMART SNIPER","2026-02-04","Demand Structure","110d","110","DOWNTREND","BEARISH","BEARISH","BEARISH","STRUCTURE + DISCOUNT","SIDEWAYS","43.61","TRUE","FALSE","FALSE","LEADING","LEADING (Passive)","0.57","0.57","DRY / QUIET","38.46","61.54","46.32","34.66","31.18","14.35","116.64","122.57","135.55","1574000","2765550","880","Supertrend bearish | RSI 46.3 lemah | Volume 0.57x | Lolos anti-crash ADX | RISEN SIDEWAYS","Full Grid (1-2-3-4)","100000000","191","160","152","141","0.1","0.2","0.3","0.4","523","1250","1973","2836","6582","99966500","33500","151.88","151.88","125","290","390","390","34.55","17.7","104.19","156.78","3.02","8.86"
"MTWI","2026-05-25","2026-05-25","559","FULL","270","-0.7352941176470588","AVOID","-","passive","FALSE","","SMART SNIPER","2026-03-26","Structure + Discount","60d","60","DOWNTREND","BEARISH","BEARISH","BEARISH","STRUCTURE + DISCOUNT","NORMAL DOWNTREND","37.31","TRUE","FALSE","FALSE","LAGGING","LAGGARD (Passive)","0.1","0.1","DRY / QUIET","100","0","26.21","24.55","7.62","20.62","302.43","321.41","321.46","18400","186075","880","Supertrend bearish | RSI 26.2 lemah | Volume 0.1x | Lolos anti-crash ADX | RISEN NORMAL DOWNTREND","Full Grid (1-2-3-4)","100000000","366","340","334","326","0.1","0.2","0.3","0.4","273","588","898","1226","2985","99944600","55400","334.82","334.82","310","450","535","535","15.3","7.41","46.17","59.79","3.02","8.06"
"ABMM","2026-05-25","2026-05-25","559","FULL","2450","3.375527426160337","AVOID","-","passive","FALSE","","BETA BREAKOUT","2026-03-25","","61d","61","DOWNTREND","BEARISH","BEARISH","BEARISH","STRUCTURE + DISCOUNT","NORMAL DOWNTREND","20.93","TRUE","FALSE","FALSE","LAGGING","LAGGARD (Passive)","0.54","0.54","DRY / QUIET","58.33","41.67","25.95","40.05","8.81","38.03","2744.24","2864.26","2962.29","916100","1694715","878","Supertrend bearish | RSI 25.9 lemah | Volume 0.54x | Crash filter aktif | RISEN NORMAL DOWNTREND","Full Grid (1-2-3-4)","100000000","3060","2920","2890","2840","0.1","0.2","0.3","0.4","32","68","103","140","343","99175000","825000","2891.4","2891.64","2760","3510","3960","3960","9.8","4.54","29.41","36.96","3","8.13"
"BRRC","2026-05-25","2026-05-25","321","FULL","61","3.389830508474576","AVOID","-","passive","FALSE","","EARLY SWEEP","2026-03-25","","61d","61","DOWNTREND","BEARISH","BEARISH","BEARISH","STRUCTURE + DISCOUNT","NORMAL DOWNTREND","63.37","TRUE","FALSE","FALSE","LAGGING","LAGGARD (Passive)","0.27","0.27","DRY / QUIET","50","50","33.51","22.75","16.76","28.43","71.42","79.57","98.17","6822700","25388065","878","Supertrend bearish | RSI 33.5 lemah | Volume 0.27x | Lolos anti-crash ADX | RISEN NORMAL DOWNTREND","Full Grid (1-2-3-4)","100000000","126","107","103","96","0.1","0.2","0.3","0.4","793","1869","2912","4166","9740","99977300","22700","102.65","102.65","86","186","246","246","31.75","16.22","95.24","139.66","3","8.61"
"ERTX","2026-05-25","2026-05-25","559","FULL","164","-0.6060606060606061","AVOID","-","passive","FALSE","","EARLY SWEEP","2026-03-25","","61d","61","DOWNTREND","BEARISH","BEARISH","BEARISH","STRUCTURE + DISCOUNT","NORMAL DOWNTREND","57.5","TRUE","FALSE","FALSE","LAGGING","LAGGARD (Passive)","0.28","0.28","DRY / QUIET","60","40","27.56","17.3","16.07","26.67","190.54","204.77","191.12","497000","1797365","878","Supertrend bearish | RSI 27.6 lemah | Volume 0.28x | Lolos anti-crash ADX | RISEN NORMAL DOWNTREND","Full Grid (1-2-3-4)","100000000","340","252","232","202","0.1","0.2","0.3","0.4","294","793","1293","1980","4360","99973200","26800","229.3","229.3","159","610","885","885","53.24","30.66","160.29","285.96","3.01","9.33"
"EDGE","2026-05-25","2026-05-25","559","FULL","4790","0","HOLD","-","passive","FALSE","","V-SHAPE","2026-02-02","","112d","112","UPTREND","NEUTRAL","BULLISH","BULLISH","UPTREND","SIDEWAYS","0","FALSE","FALSE","FALSE","LEADING","LEADING (Passive)","0","0","NO VOLUME","50","50","53.32","9.69","19.88","16.41","4789.89","4778.01","4601.63","0","0","876","Supertrend bullish | RSI 53.3 > 50 | Volume NaNx | Lolos anti-crash ADX | RISEN SIDEWAYS","Full Grid (1-2-3-4)","100000000","5200","4720","4600","4440","0.1","0.2","0.3","0.4","19","42","65","90","216","99564000","436000","4609.44","4610.18","4170","6750","8300","8300","19.81","9.53","59.62","80.07","3.01","8.4"
"AMOR","2026-05-25","2026-05-25","559","FULL","346","0.5813953488372093","AVOID","-","passive","FALSE","","EARLY SWEEP","2026-01-29","","116d","116","DOWNTREND","BEARISH","BEARISH","BEARISH","STRUCTURE + DISCOUNT","NORMAL DOWNTREND","38.94","TRUE","FALSE","FALSE","LEADING","LEADING (Passive)","0.04","0.04","DRY / QUIET","50","50","45.23","21.58","17.67","26.32","350.2","352.35","410.35","12600","303570","868","Supertrend bearish | RSI 45.2 lemah | Volume 0.04x | Lolos anti-crash ADX | RISEN NORMAL DOWNTREND","Full Grid (1-2-3-4)","100000000","386","384","382","382","0.1","0.2","0.3","0.4","259","520","785","1047","2611","99947800","52200","382.8","382.8","378","482","496","496","2.07","1.25","28.5","29.57","13.75","23.61"
"BBRI","2026-05-25","2026-05-25","559","FULL","3170","3.934426229508197","AVOID","-","passive","FALSE","","V-SHAPE","2026-01-29","","116d","116","DOWNTREND","BULLISH","BEARISH","BEARISH","STRUCTURE + DISCOUNT","NORMAL DOWNTREND","35.13","TRUE","FALSE","FALSE","LEADING","LEADING (Passive)","0.97","0.97","NORMAL","64.29","35.71","48.96","24.51","29.16","28.69","3153.29","3299.84","3662.81","242782900","249724205","868","Supertrend bearish | RSI 49.0 lemah | Volume 0.97x | Lolos anti-crash ADX | RISEN NORMAL DOWNTREND","Full Grid (1-2-3-4)","100000000","3780","3540","3480","3390","0.1","0.2","0.3","0.4","26","56","86","117","285","99243000","757000","3482.21","3482.46","3270","4550","5300","5300","13.49","6.09","40.21","52.2","2.98","8.57"
"EPMT","2026-05-25","2026-05-25","559","FULL","2300","-0.8620689655172413","AVOID","-","passive","FALSE","","BETA BREAKOUT","2026-01-19","","126d","126","DOWNTREND","BEARISH","BEARISH","BEARISH","DEMAND STRUCTURE","SIDEWAYS","2.61","TRUE","FALSE","TRUE","LEADING","LEADING (Passive)","5.27","5.27","VOLUME SURGE","54.55","45.45","42.54","25.97","22.3","21.19","2342.99","2341.65","2326","675300","128080","868","Supertrend bearish | RSI 42.5 lemah | Volume valid 5.27x | Lolos anti-crash ADX | RISEN SIDEWAYS","Full Grid (1-2-3-4)","100000000","2350","2310","2290","2280","0.1","0.2","0.3","0.4","42","86","131","175","434","99635000","365000","2295.74","2295.81","2260","2490","2740","2740","3.83","1.56","16.6","19.35","4.33","12.43"
"ISSP","2026-05-25","2026-05-25","559","FULL","424","3.414634146341464","AVOID","-","passive","FALSE","","V-SHAPE","2026-01-29","","116d","116","DOWNTREND","BEARISH","BEARISH","BEARISH","STRUCTURE + DISCOUNT","SIDEWAYS","26.53","TRUE","FALSE","FALSE","LEADING","LEADING (Passive)","0.52","0.52","DRY / QUIET","75","25","41.08","44.4","11.71","29.98","434.2","452.56","429.96","894500","1726085","868","Supertrend bearish | RSI 41.1 lemah | Volume 0.52x | Crash filter aktif | RISEN SIDEWAYS","Full Grid (1-2-3-4)","100000000","462","430","422","412","0.1","0.2","0.3","0.4","216","465","710","970","2361","99900200","99800","423.13","423.13","394","565","665","665","14.72","6.88","43.94","57.16","2.99","8.3"
"KBLI","2026-05-25","2026-05-25","559","FULL","320","-0.6211180124223602","AVOID","-","passive","FALSE","","EARLY SWEEP","2026-01-29","","116d","116","DOWNTREND","BEARISH","BEARISH","BEARISH","STRUCTURE + DISCOUNT","SIDEWAYS","25","TRUE","FALSE","FALSE","LEADING","LEADING (Passive)","0.1","0.1","DRY / QUIET","50","50","42.96","17.91","14.85","17.27","322.74","324.63","338.74","102300","1025070","868","Supertrend bearish | RSI 43.0 lemah | Volume 0.1x | Lolos anti-crash ADX | RISEN SIDEWAYS","Full Grid (1-2-3-4)","100000000","324","310","306","302","0.1","0.2","0.3","0.4","308","645","980","1324","3257","99947000","53000","306.87","306.87","294","370","384","384","9.26","4.19","18.52","25.14","2","5.99"
"MGRO","2026-05-25","2026-05-25","559","FULL","660","-1.4925373134328357","AVOID","-","passive","FALSE","","EARLY SWEEP","2026-01-29","","116d","116","DOWNTREND","BEARISH","BEARISH","BEARISH","STRUCTURE + DISCOUNT","NORMAL DOWNTREND","60","TRUE","FALSE","FALSE","LEADING","LEADING (Passive)","0.86","0.86","NORMAL","66.67","33.33","40.75","42.75","9.83","21.44","678.91","697.31","718.21","2623800","3037685","868","Supertrend bearish | RSI 40.8 lemah | Volume 0.86x | Crash filter aktif | RISEN NORMAL DOWNTREND","Full Grid (1-2-3-4)","100000000","765","750","745","740","0.1","0.2","0.3","0.4","130","266","402","540","1338","99804000","196000","745.92","745.93","730","820","900","900","4.58","2.13","17.65","20.66","3.86","9.68"
"MLBI","2026-05-25","2026-05-25","559","FULL","6050","-1.6260162601626018","AVOID","-","passive","FALSE","","EARLY SWEEP","2026-01-29","","116d","116","DOWNTREND","BULLISH","BULLISH","BULLISH","DOWNTREND PREMIUM","NORMAL UPTREND","25","TRUE","TRUE","FALSE","LEADING","LEADING (Passive)","0.04","0.04","DRY / QUIET","33.33","66.67","57.82","44.19","27.7","8.46","5935.73","5810.39","5792.81","17300","463720","868","Supertrend bearish | RSI 57.8 > 50 | Volume 0.04x | Lolos anti-crash ADX | RISEN NORMAL UPTREND","Full Grid (1-2-3-4)","100000000","6475","6050","5925","5775","0.1","0.2","0.3","0.4","15","33","50","69","167","99150000","850000","5937.13","5938.28","5575","7825","9175","9175","13.9","6.1","41.7","54.54","3","8.94"
"SILO","2026-05-25","2026-05-25","559","FULL","2280","-4.602510460251046","AVOID","-","passive","FALSE","","G ACC","2026-01-29","","116d","116","DOWNTREND","BEARISH","BEARISH","BEARISH","DEMAND STRUCTURE","NORMAL DOWNTREND","47.35","TRUE","FALSE","FALSE","LEADING","LEADING (Passive)","1.27","1.27","EXPANSION","17.65","82.35","33.41","35.72","10.96","29.95","2423.04","2518.48","2494.49","563400","443605","868","Supertrend bearish | RSI 33.4 lemah | Volume valid 1.27x | Crash filter aktif | RISEN NORMAL DOWNTREND","Full Grid (1-2-3-4)","100000000","2800","2610","2560","2490","0.1","0.2","0.3","0.4","35","76","117","160","388","99428000","572000","2562.58","2562.97","2390","3420","4030","4030","14.64","6.73","43.93","57.26","3","8.5"
"SSIA","2026-05-25","2026-05-25","559","FULL","1700","6.25","AVOID","-","passive","FALSE","","V-SHAPE","2026-01-29","","116d","116","DOWNTREND","BULLISH","BULLISH","BULLISH","DEMAND STRUCTURE","SIDEWAYS","53.38","TRUE","FALSE","FALSE","LEADING","LEADING (Passive)","0.77","0.77","DRY / QUIET","88.46","11.54","54.39","20.55","18.12","19.53","1652.74","1584.28","1580.93","23711200","30794120","868","Supertrend bearish | RSI 54.4 > 50 | Volume 0.77x | Lolos anti-crash ADX | RISEN SIDEWAYS","Full Grid (1-2-3-4)","100000000","1600","1440","1400","1345","0.1","0.2","0.3","0.4","62","138","214","297","711","99698500","301500","1402.23","1402.38","1255","2120","2640","2640","21.56","10.5","65","88.27","3.01","8.41"
"UCID","2026-05-25","2026-05-25","559","FULL","386","2.6595744680851063","AVOID","-","passive","FALSE","","EARLY SWEEP","2026-01-29","","116d","116","DOWNTREND","BEARISH","BEARISH","BEARISH","STRUCTURE + DISCOUNT","NORMAL DOWNTREND","33.02","TRUE","FALSE","FALSE","LEADING","LEADING (Passive)","0.24","0.24","DRY / QUIET","75","25","40.82","35.88","11.44","24.85","393.84","404.07","458.41","369000","1513865","868","Supertrend bearish | RSI 40.8 lemah | Volume 0.24x | Crash filter aktif | RISEN NORMAL DOWNTREND","Full Grid (1-2-3-4)","100000000","700","690","690","685","0.1","0.2","0.3","0.4","142","289","434","583","1448","99762500","237500","688.97","688.97","675","855","875","875","3.57","2.03","25","27","7","13.32"
"APII","2026-05-25","2026-05-25","559","FULL","188","2.73224043715847","AVOID","-","passive","FALSE","","V-SHAPE","2026-01-27","","118d","118","DOWNTREND","BEARISH","BEARISH","BEARISH","STRUCTURE + DISCOUNT","SIDEWAYS","53.55","TRUE","FALSE","FALSE","LEADING","LEADING (Passive)","0.09","0.09","DRY / QUIET","66.67","33.33","47.35","28.17","18.09","11.82","189.35","190.73","189.07","12900","150145","864","Supertrend bearish | RSI 47.4 lemah | Volume 0.09x | Lolos anti-crash ADX | RISEN SIDEWAYS","Full Grid (1-2-3-4)","100000000","212","202","200","196","0.1","0.2","0.3","0.4","471","990","1500","2040","5001","99967200","32800","199.89","199.9","190","246","278","278","10.38","4.95","31.13","39.07","3","7.89"
"SUNI","2026-05-25","2026-05-25","559","FULL","660","0","HOLD","-","passive","FALSE","","V-SHAPE","2026-01-27","","118d","118","UPTREND","BULLISH","BEARISH","BEARISH","UPTREND DISCOUNT","NORMAL DOWNTREND","47.67","TRUE","FALSE","FALSE","LEADING","LEADING (Passive)","0.44","0.44","DRY / QUIET","100","0","52.86","60.3","15.46","21.43","644.32","687.12","756.36","327500","743455","864","Supertrend bullish | RSI 52.9 > 50 | Volume 0.44x | Crash filter aktif | RISEN NORMAL DOWNTREND","Full Grid (1-2-3-4)","100000000","830","800","790","780","0.1","0.2","0.3","0.4","120","250","379","512","1261","99837000","163000","791.73","791.73","760","935","1040","1040","8.43","4.01","25.3","31.36","3","7.82"
"DGIK","2026-05-25","2026-05-25","559","FULL","135","5.46875","AVOID","-","passive","FALSE","","V-SHAPE","2026-01-26","","119d","119","DOWNTREND","BULLISH","BULLISH","BULLISH","DEMAND STRUCTURE","SIDEWAYS","60","TRUE","FALSE","FALSE","LEADING","LEADING (Passive)","0.59","0.59","DRY / QUIET","100","0","51.3","25.01","15.08","20.48","134.05","133.65","121.86","2280400","3840645","862","Supertrend bearish | RSI 51.3 > 50 | Volume 0.59x | Lolos anti-crash ADX | RISEN SIDEWAYS","Full Grid (1-2-3-4)","100000000","151","144","142","140","0.1","0.2","0.3","0.4","662","1388","2112","2857","7019","99971800","28200","142.43","142.43","134","184","206","206","11.26","5.92","36.42","44.63","3.24","7.54"
"ESTA","2026-05-25","2026-05-25","559","FULL","202","1","HOLD","-","passive","FALSE","","EARLY SWEEP","2026-03-17","","69d","69","UPTREND","BEARISH","BEARISH","BULLISH","UPTREND DISCOUNT","SIDEWAYS","100","TRUE","FALSE","FALSE","LAGGING","LAGGARD (Passive)","0.72","0.72","DRY / QUIET","12.5","87.5","47.53","38.23","27.9","10.18","205.37","208.27","197.02","1737300","2421535","862","Supertrend bullish | RSI 47.5 lemah | Volume 0.72x | Lolos anti-crash ADX | RISEN SIDEWAYS","Full Grid (1-2-3-4)","100000000","192","177","173","168","0.1","0.2","0.3","0.4","520","1129","1734","2380","5763","99949500","50500","173.43","173.44","156","246","270","270","18.75","10.05","40.63","55.68","2.17","5.54"
"FOOD","2026-05-25","2026-05-25","559","FULL","165","-2.366863905325444","AVOID","-","passive","FALSE","","EARLY SWEEP","2026-03-17","","69d","69","DOWNTREND","BEARISH","BEARISH","BEARISH","STRUCTURE + DISCOUNT","NORMAL DOWNTREND","71.2","TRUE","FALSE","FALSE","LAGGING","LAGGARD (Passive)","0.04","0.04","DRY / QUIET","50","50","39.42","33.07","18","50.29","181.1","204.33","225.06","1600","39720","862","Supertrend bearish | RSI 39.4 lemah | Volume 0.04x | Crash filter aktif | RISEN NORMAL DOWNTREND","Full Grid (1-2-3-4)","100000000","282","250","242","230","0.1","0.2","0.3","0.4","354","800","1239","1739","4132","99963600","36400","241.93","241.93","212","388","492","492","24.82","12.37","74.47","103.37","3","8.36"
"SMLE","2026-05-25","2026-05-25","553","FULL","102","0","AVOID","-","passive","FALSE","","V-SHAPE","2026-03-17","","69d","69","DOWNTREND","BEARISH","BEARISH","BEARISH","STRUCTURE + DISCOUNT","NORMAL DOWNTREND","65","TRUE","FALSE","FALSE","LAGGING","LAGGARD (Passive)","0.99","0.99","NORMAL","33.33","66.67","22.84","39.51","6.03","32.26","119.54","132.73","168.15","644600","653260","862","Supertrend bearish | RSI 22.8 lemah | Volume 0.99x | Crash filter aktif | RISEN NORMAL DOWNTREND","Full Grid (1-2-3-4)","100000000","114","103","100","97","0.1","0.2","0.3","0.4","877","1941","3000","4123","9941","99983200","16800","100.58","100.58","89","152","189","189","21.93","11.51","65.79","87.92","3","7.64"
"TBMS","2026-05-25","2026-05-25","559","FULL","1340","4.6875","AVOID","-","passive","FALSE","","V-SHAPE","2026-01-26","","119d","119","DOWNTREND","BULLISH","BULLISH","BULLISH","STRUCTURE + DISCOUNT","SIDEWAYS","54.84","TRUE","FALSE","FALSE","LEADING","LEADING (Passive)","0.43","0.43","DRY / QUIET","83.33","16.67","52.12","14.32","30.15","18.42","1321.76","1334.73","1284.17","18900","44060","862","Supertrend bearish | RSI 52.1 > 50 | Volume 0.43x | Lolos anti-crash ADX | RISEN SIDEWAYS","Full Grid (1-2-3-4)","100000000","1510","1450","1435","1410","0.1","0.2","0.3","0.4","66","137","209","283","695","99725500","274500","1434.9","1434.92","1370","1720","1930","1930","9.27","4.52","27.81","34.5","3","7.63"
"AHAP","2026-05-25","2026-05-25","559","FULL","88","1.1494252873563218","AVOID","-","passive","FALSE","","EARLY SWEEP","2026-03-16","","70d","70","DOWNTREND","BEARISH","BEARISH","BEARISH","STRUCTURE + DISCOUNT","NORMAL DOWNTREND","59.22","TRUE","FALSE","FALSE","LAGGING","LAGGARD (Passive)","0.25","0.25","DRY / QUIET","37.5","62.5","34.3","20.16","13.32","30.37","102.05","111.05","108.26","6284300","24817195","860","Supertrend bearish | RSI 34.3 lemah | Volume 0.25x | Lolos anti-crash ADX | RISEN NORMAL DOWNTREND","Full Grid (1-2-3-4)","100000000","136","124","121","117","0.1","0.2","0.3","0.4","735","1612","2479","3418","8244","99971300","28700","121.27","121.27","109","177","218","218","19.85","10.11","60.29","79.77","3.04","7.89"
"BEKS","2026-05-25","2026-05-25","559","FULL","22","0","AVOID","-","passive","FALSE","","EARLY SWEEP","2026-03-16","","70d","70","DOWNTREND","BEARISH","BEARISH","BEARISH","STRUCTURE + DISCOUNT","NORMAL DOWNTREND","12.87","TRUE","FALSE","FALSE","LAGGING","LAGGARD (Passive)","1.48","1.48","EXPANSION","0","100","20.09","69.59","10.09","48.67","25.19","26.82","28.17","36355600","24495120","860","Supertrend bearish | RSI 20.1 lemah | Volume valid 1.48x | Crash filter aktif | RISEN NORMAL DOWNTREND","Full Grid (1-2-3-4)","100000000","33","30","29","28","0.1","0.2","0.3","0.4","3030","6666","10344","14285","34325","99992600","7400","29.13","29.13","27","42","51","51","18.18","7.32","54.55","75.07","3","10.26"
"HRUM","2026-05-25","2026-05-25","559","FULL","790","0","AVOID","-","passive","FALSE","","BETA BREAKOUT","2026-02-19","","95d","95","DOWNTREND","BEARISH","BEARISH","BEARISH","STRUCTURE + DISCOUNT","NORMAL DOWNTREND","17.5","TRUE","FALSE","FALSE","IMPROVING","IMPROVING (Passive)","0.53","0.53","DRY / QUIET","50","50","33.13","37.6","11.44","38.73","885.24","962.35","1018.91","8846600","16740895","860","Supertrend bearish | RSI 33.1 lemah | Volume 0.53x | Crash filter aktif | RISEN NORMAL DOWNTREND","Full Grid (1-2-3-4)","100000000","1240","1095","1060","1010","0.1","0.2","0.3","0.4","80","182","283","396","941","99843000","157000","1061.03","1061.17","930","1705","2170","2170","25","12.35","75","104.52","3","8.46"
"KDTN","2026-05-25","2026-05-25","559","FULL","835","7.051282051282051","AVOID","-","passive","FALSE","","EARLY SWEEP","2026-03-16","","70d","70","DOWNTREND","BEARISH","BEARISH","BULLISH","DEMAND STRUCTURE","NORMAL DOWNTREND","25","TRUE","FALSE","FALSE","LAGGING","LAGGARD (Passive)","0.51","0.51","DRY / QUIET","73.33","26.67","38.42","30.97","24.74","22.42","915.3","944.93","699.78","1487500","2894860","860","Supertrend bearish | RSI 38.4 lemah | Volume 0.51x | Lolos anti-crash ADX | RISEN NORMAL DOWNTREND","Full Grid (1-2-3-4)","100000000","1575","840","665","420","0.1","0.2","0.3","0.4","63","238","451","952","1704","99890000","110000","586.21","586.48","77","3820","6075","6075","95.11","86.86","285.71","936.32","3","10.78"
"MYOH","2026-05-25","2026-05-25","559","FULL","1155","0","AVOID","-","passive","FALSE","","SMART SNIPER","2026-03-16","Structure + Discount","70d","70","DOWNTREND","BEARISH","BEARISH","BEARISH","STRUCTURE + DISCOUNT","NORMAL DOWNTREND","32.13","TRUE","FALSE","FALSE","WEAKENING","WEAKENING (Passive)","0.86","0.86","NORMAL","10","90","26.21","20.23","24.88","28.47","1229.18","1280.81","1450.08","23000","26630","860","Supertrend bearish | RSI 26.2 lemah | Volume 0.86x | Lolos anti-crash ADX | RISEN NORMAL DOWNTREND","Full Grid (1-2-3-4)","100000000","1425","1370","1355","1335","0.1","0.2","0.3","0.4","70","145","221","299","735","99702000","298000","1356.49","1356.51","1300","1615","1800","1800","8.77","4.16","26.32","32.7","3","7.85"
"CLAY","2026-05-25","2026-05-25","559","FULL","2910","-0.3424657534246575","AVOID","-","passive","FALSE","","BETA BREAKOUT","2026-01-22","","123d","123","DOWNTREND","BULLISH","BULLISH","BULLISH","DEMAND STRUCTURE","SIDEWAYS","100","TRUE","FALSE","FALSE","LEADING","LEADING (Passive)","0.31","0.31","DRY / QUIET","0","100","62.09","9.4","16.4","15.99","2861.63","2812.55","2393.69","14600","47465","854","Supertrend bearish | RSI 62.1 > 50 | Volume 0.31x | Lolos anti-crash ADX | RISEN SIDEWAYS","Full Grid (1-2-3-4)","100000000","2680","2340","2260","2150","0.1","0.2","0.3","0.4","37","85","132","186","440","99628000","372000","2264.27","2264.63","1960","3760","4840","4840","26.87","13.44","80.6","113.76","3","8.47"
"SDRA","2026-05-25","2026-05-25","559","FULL","244","2.5210084033613445","AVOID","-","passive","FALSE","","SMART SNIPER","2026-01-22","Structure + Discount","123d","123","DOWNTREND","BEARISH","BEARISH","BEARISH","STRUCTURE + DISCOUNT","NORMAL DOWNTREND","25","TRUE","FALSE","FALSE","LEADING","LEADING (Passive)","0.84","0.84","NORMAL","100","0","45.57","27.4","22.78","16.38","250.95","256.26","285.04","1129100","1340330","854","Supertrend bearish | RSI 45.6 lemah | Volume 0.84x | Lolos anti-crash ADX | RISEN NORMAL DOWNTREND","Full Grid (1-2-3-4)","100000000","288","284","282","280","0.1","0.2","0.3","0.4","347","704","1063","1428","3542","99947800","52200","282.18","282.18","276","306","336","336","4.17","2.19","16.67","19.07","4","8.71"
"TGKA","2026-05-25","2026-05-25","559","FULL","4920","-1.6","HOLD","-","passive","FALSE","","SMART SNIPER","2026-03-13","Demand Structure","73d","73","UPTREND","BEARISH","BEARISH","BEARISH","STRUCTURE + DISCOUNT","SIDEWAYS","10.09","TRUE","FALSE","FALSE","LAGGING","LAGGARD (Passive)","1.93","1.93","EXPANSION","91.43","8.57","47.91","26.43","34.93","30.5","4968.72","4951.43","5244.01","21000","10875","854","Supertrend bullish | RSI 47.9 lemah | Volume valid 1.93x | Lolos anti-crash ADX | RISEN SIDEWAYS","Full Grid (1-2-3-4)","100000000","5500","5100","5025","4890","0.1","0.2","0.3","0.4","18","39","59","81","197","99046500","953500","5027.74","5027.69","4690","6725","7925","7925","14.73","6.72","44.09","57.63","2.99","8.58"
"TRIN","2026-05-25","2026-05-25","559","FULL","472","-5.220883534136546","AVOID","-","passive","FALSE","","V-SHAPE","2026-03-13","","73d","73","DOWNTREND","BEARISH","BEARISH","BEARISH","STRUCTURE + DISCOUNT","NORMAL DOWNTREND","62.93","TRUE","FALSE","FALSE","LAGGING","LAGGARD (Passive)","0.54","0.54","DRY / QUIET","36.36","63.64","20.98","35.58","5.88","25.62","622.42","730.87","667.08","2599000","4817775","854","Supertrend bearish | RSI 21.0 lemah | Volume 0.54x | Crash filter aktif | RISEN NORMAL DOWNTREND","Full Grid (1-2-3-4)","100000000","615","565","550","530","0.1","0.2","0.3","0.4","162","353","545","754","1814","99844500","155500","550.41","550.43","488","805","1225","1225","20.65","11.34","99.19","122.56","4.8","10.81"
"KSIX","2026-05-25","2026-05-25","322","FULL","328","1.8633540372670807","AVOID","-","passive","FALSE","","BETA BREAKOUT","2026-03-12","","74d","74","DOWNTREND","BEARISH","BEARISH","BEARISH","DEMAND STRUCTURE","SIDEWAYS","25","TRUE","FALSE","FALSE","LAGGING","LAGGARD (Passive)","0.74","0.74","DRY / QUIET","90","10","48.51","31.67","21.29","14.55","331.42","335.34","333.86","78300","106245","852","Supertrend bearish | RSI 48.5 lemah | Volume 0.74x | Lolos anti-crash ADX | RISEN SIDEWAYS","Full Grid (1-2-3-4)","100000000","358","324","316","304","0.1","0.2","0.3","0.4","279","617","949","1315","3160","99943400","56600","316.28","316.28","284","470","580","580","20.67","10.21","62.01","83.38","3","8.17"
"AMFG","2026-05-25","2026-05-25","559","FULL","3130","0","AVOID","-","passive","FALSE","","BETA BREAKOUT","2026-03-11","","75d","75","DOWNTREND","BEARISH","BEARISH","BEARISH","STRUCTURE + DISCOUNT","SIDEWAYS","17.5","TRUE","FALSE","FALSE","LAGGING","LAGGARD (Passive)","0.21","0.21","DRY / QUIET","90.91","9.09","39.87","40.78","34.25","15.47","3201.73","3259.48","3439.8","2800","13455","850","Supertrend bearish | RSI 39.9 lemah | Volume 0.21x | Lolos anti-crash ADX | RISEN SIDEWAYS","Full Grid (1-2-3-4)","100000000","3490","3330","3290","3230","0.1","0.2","0.3","0.4","28","60","91","123","302","99420000","580000","3292.05","3292.31","3140","4020","4540","4540","10.03","4.62","30.09","37.91","3","8.21"
"CARE","2026-05-25","2026-05-25","559","FULL","410","0","AVOID","-","passive","FALSE","","BETA BREAKOUT","2026-01-20","","125d","125","DOWNTREND","BEARISH","BEARISH","NEUTRAL","STRUCTURE + DISCOUNT","SIDEWAYS","65","TRUE","FALSE","FALSE","LEADING","LEADING (Passive)","0.35","0.35","DRY / QUIET","50","50","42.39","32.32","28.94","10.26","412.67","428.55","410.39","571100","1618930","850","Supertrend bearish | RSI 42.4 lemah | Volume 0.35x | Lolos anti-crash ADX | RISEN SIDEWAYS","Full Grid (1-2-3-4)","100000000","825","700","665","625","0.1","0.2","0.3","0.4","121","285","451","640","1497","99924000","76000","667.49","667.53","560","1225","1620","1620","32.12","16.1","96.36","142.7","3","8.86"
"KEEN","2026-05-25","2026-05-25","559","FULL","890","1.1363636363636365","AVOID","-","passive","FALSE","","BETA BREAKOUT","2026-01-20","","125d","125","DOWNTREND","BEARISH","BEARISH","BEARISH","STRUCTURE + DISCOUNT","NORMAL DOWNTREND","56.19","TRUE","FALSE","FALSE","LEADING","LEADING (Passive)","0.6","0.6","DRY / QUIET","50","50","48.48","20.09","21.09","17.38","895.21","917.82","933.27","6323700","10607485","850","Supertrend bearish | RSI 48.5 lemah | Volume 0.6x | Lolos anti-crash ADX | RISEN NORMAL DOWNTREND","Full Grid (1-2-3-4)","100000000","1285","1140","1105","1055","0.1","0.2","0.3","0.4","77","175","271","379","902","99774500","225500","1106.15","1106.32","980","1745","2200","2200","23.74","11.4","71.21","98.89","3","8.67"
"PORT","2026-05-25","2026-05-25","559","FULL","895","-2.717391304347826","HOLD","-","passive","FALSE","","EARLY SWEEP","2026-03-11","","75d","75","UPTREND","BEARISH","BEARISH","BEARISH","STRUCTURE + DISCOUNT","SIDEWAYS","55.41","TRUE","FALSE","FALSE","LAGGING","LAGGARD (Passive)","1.45","1.45","EXPANSION","16","84","47.56","55.73","43.27","7.78","907.19","919.45","976.42","39000","26830","850","Supertrend bullish | RSI 47.6 lemah | Volume valid 1.45x | Lolos anti-crash ADX | RISEN SIDEWAYS","Full Grid (1-2-3-4)","100000000","1260","1125","1095","1050","0.1","0.2","0.3","0.4","79","177","273","380","909","99660000","340000","1096.37","1096.41","970","1695","2130","2130","23.02","11.53","69.05","94.28","3","8.18"
"SEMA","2026-05-25","2026-05-25","559","FULL","103","-0.9615384615384616","AVOID","-","passive","FALSE","","V-SHAPE","2026-03-11","","75d","75","DOWNTREND","BEARISH","BEARISH","BEARISH","STRUCTURE + DISCOUNT","SIDEWAYS","91.02","TRUE","FALSE","FALSE","LAGGING","LAGGARD (Passive)","0.42","0.42","DRY / QUIET","25","75","36.57","23.61","19.46","17.11","108.4","110.91","108.79","456600","1088235","850","Supertrend bearish | RSI 36.6 lemah | Volume 0.42x | Lolos anti-crash ADX | RISEN SIDEWAYS","Full Grid (1-2-3-4)","100000000","107","100","98","96","0.1","0.2","0.3","0.4","934","2000","3061","4166","10161","99985200","14800","98.4","98.4","91","131","155","155","14.95","7.52","44.86","57.52","3","7.65"
"BLUE","2026-05-25","2026-05-25","559","FULL","3200","8.47457627118644","AVOID","-","passive","FALSE","","G ACC","2026-01-19","","126d","126","DOWNTREND","NEUTRAL","BEARISH","BULLISH","DEMAND STRUCTURE","SIDEWAYS","44.72","TRUE","FALSE","FALSE","LEADING","LEADING (Passive)","0.46","0.46","DRY / QUIET","75.61","24.39","48.84","17.84","24.49","17.83","3200.92","3477.02","2915.64","355400","773305","848","Supertrend bearish | RSI 48.8 lemah | Volume 0.46x | Lolos anti-crash ADX | RISEN SIDEWAYS","Full Grid (1-2-3-4)","100000000","5075","3920","3650","3260","0.1","0.2","0.3","0.4","19","51","82","122","274","99336500","663500","3625.42","3628.24","2680","8675","12250","12250","47.19","26.08","141.38","237.89","3","9.12"
"GTRA","2026-05-25","2026-05-25","559","FULL","202","8.02139037433155","AVOID","-","passive","FALSE","","EARLY SWEEP","2026-03-10","","76d","76","DOWNTREND","BEARISH","BEARISH","BEARISH","STRUCTURE + DISCOUNT","NORMAL DOWNTREND","43.58","TRUE","FALSE","FALSE","LAGGING","LAGGARD (Passive)","0.79","0.79","DRY / QUIET","61.54","38.46","34.61","18.42","18.83","21.85","229.54","248.51","250.23","626400","790665","848","Supertrend bearish | RSI 34.6 lemah | Volume 0.79x | Lolos anti-crash ADX | RISEN NORMAL DOWNTREND","Full Grid (1-2-3-4)","100000000","316","288","282","272","0.1","0.2","0.3","0.4","316","694","1063","1470","3543","99933400","66600","282.06","282.06","256","406","496","496","18.99","9.24","56.96","75.85","3","8.21"
"INPC","2026-05-25","2026-05-25","559","FULL","143","5.147058823529411","AVOID","-","passive","FALSE","","SMART SNIPER + V-SHAPE","2026-03-10","Structure + Discount","76d","76","DOWNTREND","BEARISH","BEARISH","BEARISH","STRUCTURE + DISCOUNT","NORMAL DOWNTREND","38.04","TRUE","FALSE","FALSE","LAGGING","LAGGARD (Passive)","0.71","0.71","DRY / QUIET","58.33","41.67","40.8","19.94","14.69","29.17","152.15","159.5","166.02","3035700","4287685","848","Supertrend bearish | RSI 40.8 lemah | Volume 0.71x | Lolos anti-crash ADX | RISEN NORMAL DOWNTREND","Full Grid (1-2-3-4)","100000000","199","175","169","160","0.1","0.2","0.3","0.4","502","1142","1775","2500","5919","99972300","27700","168.9","168.9","147","278","356","356","26.13","12.97","78.89","110.77","3.02","8.54"
"VERN","2026-05-25","2026-05-25","383","FULL","125","5.042016806722689","AVOID","-","passive","FALSE","","V-SHAPE","2026-03-10","","76d","76","DOWNTREND","BEARISH","BEARISH","NEUTRAL","DEMAND STRUCTURE","NORMAL DOWNTREND","32.71","TRUE","FALSE","FALSE","WEAKENING","WEAKENING (Passive)","0.07","0.07","DRY / QUIET","41.18","58.82","44.03","27.38","23.48","23.14","131.36","127.43","125.19","477000","6907655","848","Supertrend bearish | RSI 44.0 lemah | Volume 0.07x | Lolos anti-crash ADX | RISEN NORMAL DOWNTREND","Full Grid (1-2-3-4)","100000000","91","87","86","85","0.1","0.2","0.3","0.4","1098","2298","3488","4705","11589","99973700","26300","86.27","86.27","81","113","114","114","10.99","6.1","25.27","32.15","2.3","5.27"
"BSIM","2026-05-25","2026-05-25","559","FULL","795","0.6329113924050633","AVOID","-","passive","FALSE","","EARLY SWEEP","2026-03-09","","77d","77","DOWNTREND","BEARISH","BEARISH","BEARISH","STRUCTURE + DISCOUNT","NORMAL DOWNTREND","65","TRUE","FALSE","FALSE","LAGGING","LAGGARD (Passive)","0.2","0.2","DRY / QUIET","100","0","28.42","16.02","16.11","21.1","844.3","891.35","929.9","8100","39695","846","Supertrend bearish | RSI 28.4 lemah | Volume 0.2x | Lolos anti-crash ADX | RISEN NORMAL DOWNTREND","Full Grid (1-2-3-4)","100000000","1130","985","950","900","0.1","0.2","0.3","0.4","88","203","315","444","1050","99824500","175500","950.71","950.77","825","1590","2050","2050","26.99","13.22","81.42","115.63","3.02","8.74"
"CBUT","2026-05-25","2026-05-25","559","FULL","640","-1.5384615384615385","AVOID","-","passive","FALSE","","SMART SNIPER + V-SHAPE","2026-03-09","Structure + Discount","77d","77","DOWNTREND","BEARISH","BEARISH","BEARISH","STRUCTURE + DISCOUNT","NORMAL DOWNTREND","36.1","TRUE","FALSE","FALSE","LAGGING","LAGGARD (Passive)","0.59","0.59","DRY / QUIET","44.44","55.56","32.28","28.65","16.68","21.98","772.03","842.01","1053.27","53000","90110","846","Supertrend bearish | RSI 32.3 lemah | Volume 0.59x | Lolos anti-crash ADX | RISEN NORMAL DOWNTREND","Full Grid (1-2-3-4)","100000000","1025","945","925","895","0.1","0.2","0.3","0.4","97","211","324","446","1078","99769000","231000","925.5","925.54","850","1290","1550","1550","17.07","8.16","51.22","67.48","3","8.27"
"DGNS","2026-05-25","2026-05-25","559","FULL","228","1.7857142857142856","AVOID","-","passive","FALSE","","G ACC","2026-03-09","","77d","77","DOWNTREND","BEARISH","BEARISH","BEARISH","DOWNTREND DISCOUNT","NORMAL DOWNTREND","32.64","TRUE","FALSE","FALSE","LAGGING","LAGGARD (Passive)","0.16","0.16","DRY / QUIET","93.33","6.67","29.68","14.52","13.12","26.94","258.37","270.02","234.82","747000","4572125","846","Supertrend bearish | RSI 29.7 lemah | Volume 0.16x | Lolos anti-crash ADX | RISEN NORMAL DOWNTREND","Full Grid (1-2-3-4)","100000000","324","298","292","284","0.1","0.2","0.3","0.4","308","671","1027","1408","3414","99950600","49400","292.77","292.77","268","408","492","492","17.28","8.46","51.85","68.05","3","8.04"
"KKGI","2026-05-25","2026-05-25","559","FULL","282","3.6764705882352944","AVOID","-","passive","FALSE","","SMART GAMMA","2026-03-09","","77d","77","DOWNTREND","BEARISH","BEARISH","BEARISH","STRUCTURE + DISCOUNT","NORMAL DOWNTREND","39.64","TRUE","FALSE","FALSE","LAGGING","LAGGARD (Passive)","0.47","0.47","DRY / QUIET","80","20","31.41","42.01","8.51","35","303.57","317.29","343.45","1223800","2613275","846","Supertrend bearish | RSI 31.4 lemah | Volume 0.47x | Crash filter aktif | RISEN NORMAL DOWNTREND","Full Grid (1-2-3-4)","100000000","384","332","318","300","0.1","0.2","0.3","0.4","260","602","943","1333","3138","99947800","52200","318.51","318.52","276","545","710","710","28.13","13.35","84.9","122.91","3.02","9.21"
"BBNI","2026-05-25","2026-05-25","559","FULL","3890","2.91005291005291","UNSAFE DIP","-","risk","FALSE","","BETA BREAKOUT","2026-01-15","","130d","130","UPTREND","BULLISH","BEARISH","BEARISH","UPTREND DISCOUNT","NORMAL DOWNTREND","58.53","TRUE","FALSE","FALSE","LEADING","LEADING (Risk)","1.34","1.34","EXPANSION","69.23","30.77","52.97","15.61","22.6","19.05","3831.32","3919.63","4184.99","56968300","42578025","840","Supertrend bullish | RSI 53.0 > 50 | Volume valid 1.34x | Lolos anti-crash ADX | RISEN NORMAL DOWNTREND","Full Grid (1-2-3-4)","100000000","4540","4360","4320","4260","0.1","0.2","0.3","0.4","22","45","69","93","229","99034000","966000","4324.63","4324.53","4160","5100","5675","5675","8.37","3.81","25","31.23","2.99","8.2"
"BTEK","2026-05-25","2026-05-25","559","FULL","11","10","AVOID","-","passive","FALSE","","EARLY SWEEP","2026-02-09","","105d","105","DOWNTREND","BEARISH","BEARISH","BEARISH","DOWNTREND DISCOUNT","NORMAL DOWNTREND","52.19","TRUE","FALSE","FALSE","IMPROVING","IMPROVING (Passive)","0.7","0.7","DRY / QUIET","100","0","38.42","40.59","21.92","46.57","12.28","14.16","15.49","76657400","108735815","840","Supertrend bearish | RSI 38.4 lemah | Volume 0.7x | Crash filter aktif | RISEN NORMAL DOWNTREND","Full Grid (1-2-3-4)","100000000","18","15","14","12","0.1","0.2","0.3","0.4","5555","13333","21428","33333","73649","99997300","2700","13.58","13.58","11","29","39","39","38.89","18.98","116.67","187.24","3","9.86"
"BTPS","2026-05-25","2026-05-25","559","FULL","975","1.0362694300518136","AVOID","-","passive","FALSE","","V-SHAPE","2026-01-15","","130d","130","DOWNTREND","BEARISH","BEARISH","BEARISH","STRUCTURE + DISCOUNT","NORMAL DOWNTREND","78.81","TRUE","FALSE","FALSE","LEADING","LEADING (Passive)","0.68","0.68","DRY / QUIET","60","40","39.15","31.38","14.59","28.52","1003.64","1050.32","1176.51","4235500","6257250","840","Supertrend bearish | RSI 39.1 lemah | Volume 0.68x | Crash filter aktif | RISEN NORMAL DOWNTREND","Full Grid (1-2-3-4)","100000000","1210","1185","1175","1165","0.1","0.2","0.3","0.4","82","168","255","343","848","99752000","248000","1176.32","1176.35","1145","1310","1440","1440","5.37","2.66","19.01","22.42","3.54","8.42"
"TRUS","2026-05-25","2026-05-25","559","FULL","288","5.109489051094891","AVOID","-","passive","FALSE","","EARLY SWEEP","2026-03-06","","80d","80","DOWNTREND","BEARISH","BEARISH","BEARISH","STRUCTURE + DISCOUNT","NORMAL DOWNTREND","25","TRUE","FALSE","FALSE","LAGGING","LAGGARD (Passive)","0.47","0.47","DRY / QUIET","25","75","25.05","36.29","20.74","23.95","335.51","369.81","439.85","22700","48565","840","Supertrend bearish | RSI 25.1 lemah | Volume 0.47x | Crash filter aktif | RISEN NORMAL DOWNTREND","Full Grid (1-2-3-4)","100000000","620","510","484","448","0.1","0.2","0.3","0.4","161","392","619","892","2064","99895200","104800","483.99","483.99","394","960","1300","1300","36.45","18.59","109.68","168.6","3.01","9.07"
"AXIO","2026-05-25","2026-05-25","559","FULL","113","1.8018018018018018","AVOID","-","passive","FALSE","","V-SHAPE","2026-01-14","","131d","131","DOWNTREND","BEARISH","BEARISH","BEARISH","STRUCTURE + DISCOUNT","SIDEWAYS","99.47","TRUE","FALSE","FALSE","LEADING","LEADING (Passive)","0.9","0.9","NORMAL","66.67","33.33","43.14","22.6","16.69","11.48","114.61","116.25","122.76","526300","583660","838","Supertrend bearish | RSI 43.1 lemah | Volume 0.9x | Lolos anti-crash ADX | RISEN SIDEWAYS","Full Grid (1-2-3-4)","100000000","129","128","127","127","0.1","0.2","0.3","0.4","775","1562","2362","3149","7848","99980800","19200","127.4","127.4","125","135","149","149","3.1","1.88","15.5","16.96","5","9.01"
"BLTA","2026-05-25","2026-05-25","559","FULL","37","8.823529411764707","HOLD","-","passive","FALSE","","SMART GAMMA","2026-03-05","","81d","81","UPTREND","BEARISH","BEARISH","BEARISH","UPTREND DISCOUNT","NORMAL DOWNTREND","65","TRUE","FALSE","FALSE","LAGGING","LAGGARD (Passive)","0.5","0.5","DRY / QUIET","100","0","40.68","17.97","27.96","50.41","39.41","41.15","37.79","5162200","10343345","838","Supertrend bullish | RSI 40.7 lemah | Volume 0.5x | Lolos anti-crash ADX | RISEN NORMAL DOWNTREND","Full Grid (1-2-3-4)","100000000","49","44","43","41","0.1","0.2","0.3","0.4","2040","4545","6976","9756","23317","99990400","9600","42.88","42.88","38","70","82","82","22.45","11.39","67.35","91.22","3","8.01"
"WINR","2026-05-25","2026-05-25","559","FULL","26","8.333333333333332","AVOID","-","passive","FALSE","","EARLY SWEEP","2026-03-05","","81d","81","DOWNTREND","BEARISH","BEARISH","BEARISH","DOWNTREND DISCOUNT","NORMAL DOWNTREND","43.31","TRUE","FALSE","FALSE","LAGGING","LAGGARD (Passive)","1.87","1.87","EXPANSION","100","0","39.1","17.69","24.62","40.22","29.34","32.51","35.51","40926000","21885715","838","Supertrend bearish | RSI 39.1 lemah | Volume valid 1.87x | Lolos anti-crash ADX | RISEN NORMAL DOWNTREND","Full Grid (1-2-3-4)","100000000","75","58","54","48","0.1","0.2","0.3","0.4","1333","3448","5555","8333","18669","99991300","8700","53.56","53.56","40","128","180","180","46.67","25.32","140","236.07","3","9.32"
"ZINC","2026-05-25","2026-05-25","559","FULL","30","0","AVOID","-","passive","FALSE","","G ACC","2026-01-14","","131d","131","DOWNTREND","BEARISH","BEARISH","BEARISH","STRUCTURE + DISCOUNT","SIDEWAYS","0","FALSE","FALSE","FALSE","LEADING","LEADING (Passive)","0","0","NO VOLUME","50","50","42.01","23.64","25.95","42.43","30.1","31.27","30.33","0","0","838","Supertrend bearish | RSI 42.0 lemah | Volume NaNx | Lolos anti-crash ADX | RISEN SIDEWAYS","Full Grid (1-2-3-4)","100000000","46","38","36","33","0.1","0.2","0.3","0.4","2173","5263","8333","12121","27890","99993300","6700","35.85","35.85","30","70","94","94","34.78","16.32","104.35","162.18","3","9.94"
"SULI","2026-05-25","2026-05-25","559","FULL","87","2.3529411764705883","AVOID","-","passive","FALSE","","V-SHAPE","2026-03-04","","82d","82","DOWNTREND","BEARISH","BEARISH","BEARISH","STRUCTURE + DISCOUNT","NORMAL DOWNTREND","19.08","TRUE","FALSE","FALSE","LAGGING","LAGGARD (Passive)","0.25","0.25","DRY / QUIET","100","0","30.24","13","26","24.1","97.48","103.37","112.94","1568600","6243660","836","Supertrend bearish | RSI 30.2 lemah | Volume 0.25x | Lolos anti-crash ADX | RISEN NORMAL DOWNTREND","Full Grid (1-2-3-4)","100000000","117","112","110","108","0.1","0.2","0.3","0.4","854","1785","2727","3703","9069","99973200","26800","110.24","110.24","104","137","156","156","11.11","5.66","33.33","41.51","3","7.34"
"BUDI","2026-05-25","2026-05-25","559","FULL","208","0.9708737864077669","AVOID","-","passive","FALSE","","V-SHAPE","2026-01-02","","143d","143","DOWNTREND","BEARISH","BEARISH","BEARISH","STRUCTURE + DISCOUNT","SIDEWAYS","50.51","TRUE","FALSE","TRUE","LEADING","LEADING (Passive)","2.14","2.14","VOLUME SURGE","66.67","33.33","44.44","17.46","17.36","17.68","209.79","211.56","216.71","410100","191360","834","Supertrend bearish | RSI 44.4 lemah | Volume valid 2.14x | Lolos anti-crash ADX | RISEN SIDEWAYS","Full Grid (1-2-3-4)","100000000","216","214","214","212","0.1","0.2","0.3","0.4","462","934","1401","1886","4683","99931400","68600","213.39","213.39","210","226","248","248","2.78","1.59","14.81","16.22","5.33","10.2"
"GPSO","2026-05-25","2026-05-25","559","FULL","490","2.510460251046025","HOLD","-","passive","FALSE","","V-SHAPE","2026-03-03","","83d","83","UPTREND","BULLISH","BULLISH","NEUTRAL","UPTREND DISCOUNT","NORMAL UPTREND","50.06","TRUE","TRUE","FALSE","WEAKENING","WEAKENING (Passive)","1.48","1.48","EXPANSION","55.56","44.44","74.05","56.57","40.67","5.37","430.16","413.89","489.45","29294300","19776780","834","Supertrend bullish | RSI 74.0 > 50 | Volume valid 1.48x | Lolos anti-crash ADX | RISEN NORMAL UPTREND","Full Grid (1-2-3-4)","100000000","396","384","380","376","0.1","0.2","0.3","0.4","252","520","789","1063","2624","99898000","102000","380.71","380.71","362","448","498","498","8.59","4.91","25.76","30.81","3","6.27"
"RALS","2026-05-25","2026-05-25","559","FULL","392","-1.0101010101010102","AVOID","-","passive","FALSE","","SMART GAMMA","2026-03-03","","83d","83","DOWNTREND","BEARISH","BEARISH","BEARISH","DOWNTREND DISCOUNT","NORMAL DOWNTREND","28.83","TRUE","FALSE","FALSE","LAGGING","LAGGARD (Passive)","1.17","1.17","NORMAL","16.67","83.33","25.22","18.68","13.44","42.53","441.81","448.92","437.42","10740700","9170750","834","Supertrend bearish | RSI 25.2 lemah | Volume 1.17x | Lolos anti-crash ADX | RISEN NORMAL DOWNTREND","Full Grid (1-2-3-4)","100000000","530","470","456","436","0.1","0.2","0.3","0.4","188","425","657","917","2187","99879400","120600","456.7","456.72","406","715","900","900","23.4","11.1","69.81","97.07","2.98","8.74"
"SMAR","2026-05-25","2026-05-25","559","FULL","5225","2.450980392156863","AVOID","-","passive","FALSE","","V-SHAPE","2026-03-03","","83d","83","DOWNTREND","BEARISH","BEARISH","BULLISH","STRUCTURE + DISCOUNT","SIDEWAYS","25","TRUE","FALSE","FALSE","LAGGING","LAGGARD (Passive)","0.53","0.53","DRY / QUIET","70","30","40.85","27.15","17.39","29.85","5693.75","5649.46","5163.84","120700","226680","834","Supertrend bearish | RSI 40.9 lemah | Volume 0.53x | Lolos anti-crash ADX | RISEN SIDEWAYS","Full Grid (1-2-3-4)","100000000","5975","5650","5550","5450","0.1","0.2","0.3","0.4","16","35","54","73","178","99090000","910000","5566.85","5568.45","5225","7100","8225","8225","12.55","6.14","37.66","47.75","3","7.78"
"DOID","2026-05-25","2026-05-25","559","FULL","206","-1.9047619047619049","AVOID","-","passive","FALSE","","V-SHAPE","2026-03-02","","84d","84","DOWNTREND","BEARISH","BEARISH","BEARISH","STRUCTURE + DISCOUNT","NORMAL DOWNTREND","27.07","TRUE","FALSE","FALSE","LAGGING","LAGGARD (Passive)","0.25","0.25","DRY / QUIET","0","100","28.34","39.85","7.26","31.68","232.34","253.82","319.68","1348800","5346775","832","Supertrend bearish | RSI 28.3 lemah | Volume 0.25x | Crash filter aktif | RISEN NORMAL DOWNTREND","Full Grid (1-2-3-4)","100000000","318","300","294","288","0.1","0.2","0.3","0.4","314","666","1020","1388","3388","99927600","72400","294.95","294.95","276","382","444","444","13.21","6.42","39.62","50.54","3","7.87"
"ESSA","2026-05-25","2026-05-25","559","FULL","715","1.4184397163120568","AVOID","-","passive","FALSE","","BETA BREAKOUT","2026-03-02","","84d","84","DOWNTREND","BEARISH","BEARISH","BULLISH","STRUCTURE + DISCOUNT","NORMAL UPTREND","25","TRUE","TRUE","FALSE","LAGGING","LAGGARD (Passive)","0.21","0.21","DRY / QUIET","83.33","16.67","40.89","26.81","12.49","23.8","783.12","772.11","702.93","32624500","157625900","832","Supertrend bearish | RSI 40.9 lemah | Volume 0.21x | Lolos anti-crash ADX | RISEN NORMAL UPTREND","Full Grid (1-2-3-4)","100000000","725","665","650","625","0.1","0.2","0.3","0.4","137","300","461","640","1538","99847500","152500","649.2","649.26","590","930","1130","1130","18.62","9.12","55.86","74.06","3","8.12"
"ASRI","2026-05-25","2026-05-25","559","FULL","119","2.586206896551724","AVOID","-","passive","FALSE","","BETA BREAKOUT","2026-01-09","","136d","136","DOWNTREND","BEARISH","BEARISH","BEARISH","DOWNTREND DISCOUNT","NORMAL DOWNTREND","40.81","TRUE","FALSE","FALSE","LEADING","LEADING (Passive)","0.41","0.41","DRY / QUIET","60","40","37.81","21.58","17.66","32.86","125.92","134.05","149.39","9300600","22722145","828","Supertrend bearish | RSI 37.8 lemah | Volume 0.41x | Lolos anti-crash ADX | RISEN NORMAL DOWNTREND","Full Grid (1-2-3-4)","100000000","177","169","166","164","0.1","0.2","0.3","0.4","564","1183","1807","2439","5993","99971300","28700","166.81","166.82","159","204","232","232","10.17","4.68","31.07","39.08","3.06","8.34"
"MLIA","2026-05-25","2026-05-25","559","FULL","250","0","AVOID","-","passive","FALSE","","BETA BREAKOUT","2026-01-09","","136d","136","DOWNTREND","BEARISH","BEARISH","BEARISH","DOWNTREND DISCOUNT","NORMAL DOWNTREND","55.52","TRUE","FALSE","FALSE","LEADING","LEADING (Passive)","1.24","1.24","EXPANSION","100","0","16.9","74.58","4.27","44.89","261.52","276.79","308.36","171700","138195","828","Supertrend bearish | RSI 16.9 lemah | Volume valid 1.24x | Crash filter aktif | RISEN NORMAL DOWNTREND","Full Grid (1-2-3-4)","100000000","350","340","336","332","0.1","0.2","0.3","0.4","285","588","892","1204","2969","99911000","89000","336.51","336.52","326","386","424","424","6.86","3.12","21.14","26","3.08","8.32"
"DNAR","2026-05-25","2026-05-25","559","FULL","124","0","AVOID","-","passive","FALSE","","V-SHAPE","2026-02-27","","87d","87","DOWNTREND","BEARISH","BEARISH","BEARISH","DOWNTREND DISCOUNT","NORMAL DOWNTREND","58.75","TRUE","FALSE","FALSE","LAGGING","LAGGARD (Passive)","0.41","0.41","DRY / QUIET","40","60","31.52","23.86","17.47","27.64","134.2","139.48","140.96","896600","2164145","826","Supertrend bearish | RSI 31.5 lemah | Volume 0.41x | Lolos anti-crash ADX | RISEN NORMAL DOWNTREND","Full Grid (1-2-3-4)","100000000","160","149","146","143","0.1","0.2","0.3","0.4","625","1342","2054","2797","6818","99981300","18700","146.64","146.64","136","196","232","232","15","7.26","45","58.21","3","8.02"
"TAPG","2026-05-25","2026-05-25","559","FULL","1525","-5.864197530864197","AVOID","-","passive","FALSE","","SMART SNIPER","2026-02-27","Demand Structure","87d","87","DOWNTREND","BEARISH","BEARISH","BEARISH","STRUCTURE + DISCOUNT","SIDEWAYS","17.5","TRUE","TRUE","FALSE","LAGGING","LAGGARD (Passive)","0.78","0.78","DRY / QUIET","9.09","90.91","35.23","32.07","16.87","30.4","1784.64","1787.9","1583.42","30928900","39851830","826","Supertrend bearish | RSI 35.2 lemah | Volume 0.78x | Crash filter aktif | RISEN SIDEWAYS","Full Grid (1-2-3-4)","100000000","1625","1485","1450","1400","0.1","0.2","0.3","0.4","61","134","206","285","686","99581500","418500","1451.63","1451.74","1330","2070","2510","2510","18.15","8.38","54.46","72.91","3","8.7"
"DADA","2026-05-25","2026-05-25","559","FULL","50","0","AVOID","-","passive","FALSE","","SMART SNIPER","2026-01-07","Discount Only","138d","138","DOWNTREND","NEUTRAL","BEARISH","BULLISH","DOWNTREND DISCOUNT","SIDEWAYS","0","FALSE","FALSE","FALSE","LEADING","LEADING (Passive)","0.21","0.21","DRY / QUIET","50","50","43.12","84.07","65.97","1.55","50","50.19","47.06","304900","1446150","824","Supertrend bearish | RSI 43.1 lemah | Volume 0.21x | Lolos anti-crash ADX | RISEN SIDEWAYS","Full Grid (1-2-3-4)","100000000","60","34","27","18","0.1","0.2","0.3","0.4","1666","5882","11111","22222","40881","99994100","5900","24.46","24.46","7","163","240","240","88.33","71.38","300","881.2","3.4","12.34"
"STAR","2026-05-25","2026-05-25","559","FULL","446","1.82648401826484","AVOID","-","passive","FALSE","","BETA BREAKOUT","2026-02-26","","88d","88","DOWNTREND","BEARISH","BEARISH","BULLISH","DEMAND STRUCTURE","NORMAL DOWNTREND","25","TRUE","FALSE","FALSE","LAGGING","LAGGARD (Passive)","0.06","0.06","DRY / QUIET","74.07","25.93","26.37","48.96","18.22","24.28","556.31","583.66","410.78","21300","365885","824","Supertrend bearish | RSI 26.4 lemah | Volume 0.06x | Crash filter aktif | RISEN NORMAL DOWNTREND","Full Grid (1-2-3-4)","100000000","790","700","675","645","0.1","0.2","0.3","0.4","126","285","444","620","1475","99864000","136000","677.04","677.1","590","1090","1390","1390","25.32","12.86","75.95","105.3","3","8.19"
"TKIM","2026-05-25","2026-05-25","559","FULL","5575","-7.851239669421488","AVOID","-","passive","FALSE","","G ACC","2026-02-26","","88d","88","DOWNTREND","BEARISH","BEARISH","BEARISH","DOWNTREND DISCOUNT","NORMAL DOWNTREND","0","FALSE","FALSE","FALSE","LAGGING","LAGGARD (Passive)","1.91","1.91","EXPANSION","4.17","95.83","14.8","35.94","6.11","41.3","7669.96","8179.35","7676.14","7681600","4022800","824","Supertrend bearish | RSI 14.8 lemah | Volume valid 1.91x | Crash filter aktif | RISEN NORMAL DOWNTREND","Full Grid (1-2-3-4)","100000000","10975","8725","8175","7425","0.1","0.2","0.3","0.4","9","22","36","53","120","97855000","2145000","8154.58","8156.37","6350","17925","24850","24850","42.14","22.13","126.42","204.74","3","9.25"
"BGTG","2026-05-25","2026-05-25","559","FULL","117","0","AVOID","-","passive","FALSE","","BETA BREAKOUT","2026-01-06","","139d","139","DOWNTREND","BEARISH","BEARISH","BULLISH","DOWNTREND DISCOUNT","SIDEWAYS","93.33","TRUE","FALSE","FALSE","LEADING","LEADING (Passive)","0.37","0.37","DRY / QUIET","50","50","42.93","22.12","9.5","19.67","119.47","121.75","115.54","1900600","5184115","822","Supertrend bearish | RSI 42.9 lemah | Volume 0.37x | Lolos anti-crash ADX | RISEN SIDEWAYS","Full Grid (1-2-3-4)","100000000","144","126","122","116","0.1","0.2","0.3","0.4","694","1587","2459","3448","8188","99986400","13600","122.11","122.11","106","202","258","258","26.39","13.2","79.17","111.28","3","8.43"
"JAYA","2026-05-25","2026-05-25","559","FULL","132","3.125","HOLD","-","passive","FALSE","","BETA BREAKOUT","2026-02-25","","89d","89","UPTREND","BEARISH","BEARISH","BULLISH","STRUCTURE + DISCOUNT","SIDEWAYS","100","TRUE","FALSE","FALSE","LAGGING","LAGGARD (Passive)","0.14","0.14","DRY / QUIET","66.67","33.33","47.27","31.97","16.98","14.89","134.91","133.35","119.35","2417600","17169455","822","Supertrend bullish | RSI 47.3 lemah | Volume 0.14x | Lolos anti-crash ADX | RISEN SIDEWAYS","Full Grid (1-2-3-4)","100000000","162","132","124","114","0.1","0.2","0.3","0.4","617","1515","2419","3508","8059","99980200","19800","124.06","124.06","99","256","352","352","38.89","20.2","117.28","183.73","3.02","9.1"
"KLBF","2026-05-25","2026-05-25","559","FULL","810","1.25","AVOID","-","passive","FALSE","","V-SHAPE","2026-02-25","","89d","89","DOWNTREND","BEARISH","BEARISH","BEARISH","STRUCTURE + DISCOUNT","NORMAL DOWNTREND","33.13","TRUE","FALSE","FALSE","LAGGING","LAGGARD (Passive)","0.53","0.53","DRY / QUIET","50","50","31","31.98","13.72","28.92","866.11","930.35","1115.14","35730100","67565915","822","Supertrend bearish | RSI 31.0 lemah | Volume 0.53x | Crash filter aktif | RISEN NORMAL DOWNTREND","Full Grid (1-2-3-4)","100000000","1115","1095","1085","1080","0.1","0.2","0.3","0.4","89","182","276","370","917","99758500","241500","1087.88","1087.9","1065","1190","1230","1230","4.48","2.1","10.31","13.06","2.3","6.21"
"NINE","2026-05-25","2026-05-25","559","FULL","103","8.421052631578947","AVOID","-","passive","FALSE","","V-SHAPE","2026-02-25","","89d","89","DOWNTREND","BEARISH","BEARISH","BEARISH","STRUCTURE + DISCOUNT","NORMAL DOWNTREND","29.65","TRUE","FALSE","FALSE","LAGGING","LAGGARD (Passive)","0.61","0.61","DRY / QUIET","88.89","11.11","38.5","19.54","14.15","26.06","122.21","136.17","179.2","20620100","33725125","822","Supertrend bearish | RSI 38.5 lemah | Volume 0.61x | Lolos anti-crash ADX | RISEN NORMAL DOWNTREND","Full Grid (1-2-3-4)","100000000","150","126","120","112","0.1","0.2","0.3","0.4","666","1587","2500","3571","8324","99981400","18600","120.11","120.11","98","228","306","306","34.67","18.41","104","154.76","3","8.41"
"OMED","2026-05-25","2026-05-25","559","FULL","228","-5.785123966942149","AVOID","-","passive","FALSE","","BETA BREAKOUT","2026-02-25","","89d","89","DOWNTREND","BEARISH","BEARISH","BULLISH","DOWNTREND DISCOUNT","NORMAL UPTREND","25","TRUE","TRUE","FALSE","LAGGING","LAGGARD (Passive)","0.59","0.59","DRY / QUIET","0","100","31.27","25.64","13.65","21.92","259.91","260.23","226.58","19047200","32447315","822","Supertrend bearish | RSI 31.3 lemah | Volume 0.59x | Lolos anti-crash ADX | RISEN NORMAL UPTREND","Full Grid (1-2-3-4)","100000000","242","220","214","208","0.1","0.2","0.3","0.4","413","909","1401","1923","4646","99972400","27600","215.18","215.18","196","312","380","380","19.01","8.91","57.02","76.6","3","8.59"
"RAFI","2026-05-25","2026-05-25","559","FULL","36","0","AVOID","-","passive","FALSE","","BETA BREAKOUT","2026-01-06","","139d","139","DOWNTREND","NEUTRAL","BEARISH","BULLISH","DEMAND STRUCTURE","SIDEWAYS","0","FALSE","FALSE","FALSE","LEADING","LEADING (Passive)","0","0","NO VOLUME","50","50","40.45","37.19","20.15","44.11","36.01","36.3","33.31","0","0","822","Supertrend bearish | RSI 40.5 lemah | Volume NaNx | Crash filter aktif | RISEN SIDEWAYS","Full Grid (1-2-3-4)","100000000","38","34","33","32","0.1","0.2","0.3","0.4","2631","5882","9090","12500","30103","99993600","6400","33.22","33.22","30","50","62","62","21.05","9.69","63.16","86.65","3","8.95"
"SCNP","2026-05-25","2026-05-25","559","FULL","146","-3.9473684210526314","AVOID","-","passive","FALSE","","BETA BREAKOUT + V-SHAPE","2026-02-25","","89d","89","DOWNTREND","BEARISH","BEARISH","BEARISH","DOWNTREND DISCOUNT","NORMAL DOWNTREND","0","FALSE","FALSE","FALSE","LAGGING","LAGGARD (Passive)","0.53","0.53","DRY / QUIET","39.13","60.87","25.01","27.72","22.22","19.46","161.89","168.67","171.31","508600","968455","822","Supertrend bearish | RSI 25.0 lemah | Volume 0.53x | Lolos anti-crash ADX | RISEN NORMAL DOWNTREND","Full Grid (1-2-3-4)","100000000","224","195","188","178","0.1","0.2","0.3","0.4","446","1025","1595","2247","5313","99960500","39500","188.14","188.15","161","318","414","414","28.13","14.43","84.82","120.05","3.02","8.32"
"ASJT","2026-05-25","2026-05-25","559","FULL","177","0","AVOID","-","passive","FALSE","","G ACC","2026-01-05","","140d","140","DOWNTREND","BEARISH","BEARISH","BULLISH","STRUCTURE + DISCOUNT","NORMAL DOWNTREND","56","TRUE","FALSE","FALSE","LEADING","LEADING (Passive)","0.04","0.04","DRY / QUIET","100","0","38.34","29.55","7.02","27.41","182.73","185.5","163.54","13000","363340","820","Supertrend bearish | RSI 38.3 lemah | Volume 0.04x | Lolos anti-crash ADX | RISEN NORMAL DOWNTREND","Full Grid (1-2-3-4)","100000000","254","178","159","134","0.1","0.2","0.3","0.4","393","1123","1886","2985","6387","99958000","42000","156.5","156.52","97","490","725","725","61.81","38.02","185.43","363.25","3","9.55"
"ASRM","2026-05-25","2026-05-25","559","FULL","276","1.4705882352941175","AVOID","-","passive","FALSE","","SMART SNIPER","2026-01-05","Structure + Discount","140d","140","DOWNTREND","BEARISH","BEARISH","BEARISH","STRUCTURE + DISCOUNT","NORMAL DOWNTREND","74.56","TRUE","FALSE","FALSE","LEADING","LEADING (Passive)","0.62","0.62","DRY / QUIET","100","0","42","28.33","10.75","28.35","282","288.12","316.25","8500","13815","820","Supertrend bearish | RSI 42.0 lemah | Volume 0.62x | Lolos anti-crash ADX | RISEN NORMAL DOWNTREND","Full Grid (1-2-3-4)","100000000","354","334","328","320","0.1","0.2","0.3","0.4","282","598","914","1250","3044","99935200","64800","328.3","328.31","310","420","486","486","12.43","5.57","37.29","48.03","3","8.62"
"BCIC","2026-05-25","2026-05-25","559","FULL","118","2.608695652173913","AVOID","-","passive","FALSE","","SMART SNIPER","2026-01-05","Structure + Discount","140d","140","DOWNTREND","BEARISH","BEARISH","BEARISH","STRUCTURE + DISCOUNT","NORMAL DOWNTREND","25.46","TRUE","FALSE","FALSE","LEADING","LEADING (Passive)","0.28","0.28","DRY / QUIET","66.67","33.33","37.53","17.02","28.58","20.35","123.46","130.66","149.7","143200","508530","820","Supertrend bearish | RSI 37.5 lemah | Volume 0.28x | Lolos anti-crash ADX | RISEN NORMAL DOWNTREND","Full Grid (1-2-3-4)","100000000","168","154","151","146","0.1","0.2","0.3","0.4","595","1298","1986","2739","6618","99963200","36800","151.05","151.05","138","214","258","258","17.86","8.64","53.57","70.81","3","8.2"
"BVIC","2026-05-25","2026-05-25","559","FULL","99","-1","AVOID","-","passive","FALSE","","SMART GAMMA","2026-01-05","","140d","140","DOWNTREND","BEARISH","BEARISH","BEARISH","DOWNTREND DISCOUNT","SIDEWAYS","91.53","TRUE","FALSE","FALSE","LEADING","LEADING (Passive)","0.97","0.97","NORMAL","0","100","35.86","25.91","10.69","20.29","102.84","107","108.28","1822900","1870975","820","Supertrend bearish | RSI 35.9 lemah | Volume 0.97x | Lolos anti-crash ADX | RISEN SIDEWAYS","Full Grid (1-2-3-4)","100000000","139","123","119","113","0.1","0.2","0.3","0.4","719","1626","2521","3539","8405","99984500","15500","118.96","118.96","104","192","244","244","25.18","12.57","75.54","105.11","3","8.36"
"CNMA","2026-05-25","2026-05-25","559","FULL","96","2.127659574468085","AVOID","-","passive","FALSE","","SMART SNIPER","2026-01-05","Structure + Discount","140d","140","DOWNTREND","BEARISH","BEARISH","BEARISH","STRUCTURE + DISCOUNT","NORMAL DOWNTREND","20.45","TRUE","FALSE","FALSE","LEADING","LEADING (Passive)","0.74","0.74","DRY / QUIET","60","40","37.94","37.52","9.69","25.73","99.85","103.88","119.17","10169900","13723635","820","Supertrend bearish | RSI 37.9 lemah | Volume 0.74x | Crash filter aktif | RISEN NORMAL DOWNTREND","Full Grid (1-2-3-4)","100000000","128","121","119","117","0.1","0.2","0.3","0.4","781","1652","2521","3418","8372","99976500","23500","119.42","119.42","113","151","173","173","11.72","5.37","35.16","44.87","3","8.35"
"CPRO","2026-05-25","2026-05-25","559","FULL","53","3.9215686274509802","AVOID","-","passive","FALSE","","SMART GAMMA","2026-01-05","","140d","140","DOWNTREND","BEARISH","BEARISH","BEARISH","STRUCTURE + DISCOUNT","SIDEWAYS","43.39","TRUE","FALSE","FALSE","LEADING","LEADING (Passive)","0.49","0.49","DRY / QUIET","100","0","41.4","23.61","15.51","20.17","54.83","56.89","58.98","76275500","154912350","820","Supertrend bearish | RSI 41.4 lemah | Volume 0.49x | Lolos anti-crash ADX | RISEN SIDEWAYS","Full Grid (1-2-3-4)","100000000","86","73","70","66","0.1","0.2","0.3","0.4","1162","2739","4285","6060","14246","99978900","21100","70.18","70.18","59","127","167","167","31.4","15.93","94.19","137.96","3","8.66"
"INCI","2026-05-25","2026-05-25","559","FULL","690","0","AVOID","-","passive","FALSE","","G ACC","2026-02-24","","90d","90","DOWNTREND","BEARISH","BEARISH","BULLISH","STRUCTURE + DISCOUNT","NORMAL DOWNTREND","61.39","TRUE","FALSE","FALSE","LAGGING","LAGGARD (Passive)","1.83","1.83","EXPANSION","55.56","44.44","35.93","16.91","8.11","20.32","712.06","715.27","683.74","86300","47140","820","Supertrend bearish | RSI 35.9 lemah | Volume valid 1.83x | Lolos anti-crash ADX | RISEN NORMAL DOWNTREND","Full Grid (1-2-3-4)","100000000","885","760","730","690","0.1","0.2","0.3","0.4","112","263","410","579","1364","99781000","219000","731.53","731.62","625","1275","1665","1665","29.38","14.56","88.14","127.6","3","8.76"
"MNCN","2026-05-25","2026-05-25","559","FULL","208","0.9708737864077669","AVOID","-","passive","FALSE","","BETA BREAKOUT","2026-01-05","","140d","140","DOWNTREND","BEARISH","BEARISH","BEARISH","STRUCTURE + DISCOUNT","NORMAL DOWNTREND","33.56","TRUE","FALSE","FALSE","LEADING","LEADING (Passive)","0.74","0.74","DRY / QUIET","33.33","66.67","33.65","31.86","14.95","28.07","224.35","233.05","250.79","25982500","35323385","820","Supertrend bearish | RSI 33.6 lemah | Volume 0.74x | Crash filter aktif | RISEN NORMAL DOWNTREND","Full Grid (1-2-3-4)","100000000","280","268","266","262","0.1","0.2","0.3","0.4","357","746","1127","1526","3756","99948200","51800","266.1","266.1","254","320","358","358","9.29","4.55","27.86","34.53","3","7.59"
"PTPP","2026-05-25","2026-05-25","559","FULL","210","-1.8691588785046727","AVOID","-","passive","FALSE","","BETA BREAKOUT","2026-02-24","","90d","90","DOWNTREND","BEARISH","BEARISH","BEARISH","STRUCTURE + DISCOUNT","NORMAL DOWNTREND","51.69","TRUE","FALSE","FALSE","LAGGING","LAGGARD (Passive)","0.47","0.47","DRY / QUIET","0","100","24.72","26.19","15.04","31.18","239.25","267.73","332.78","4880700","10379080","820","Supertrend bearish | RSI 24.7 lemah | Volume 0.47x | Lolos anti-crash ADX | RISEN NORMAL DOWNTREND","Full Grid (1-2-3-4)","100000000","374","336","326","312","0.1","0.2","0.3","0.4","267","595","920","1282","3064","99968200","31800","326.27","326.27","292","498","620","620","21.93","10.5","65.78","90.03","3","8.57"
"BAYU","2026-05-25","2026-05-25","559","FULL","1170","0.8620689655172413","AVOID","-","passive","FALSE","","SMART GAMMA","2026-02-23","","91d","91","DOWNTREND","BEARISH","BEARISH","BEARISH","STRUCTURE + DISCOUNT","NORMAL DOWNTREND","17.5","TRUE","FALSE","FALSE","LAGGING","LAGGARD (Passive)","0.21","0.21","DRY / QUIET","40","60","25.08","38.67","9.81","35.54","1288.69","1328.32","1339.78","50200","237215","818","Supertrend bearish | RSI 25.1 lemah | Volume 0.21x | Crash filter aktif | RISEN NORMAL DOWNTREND","Full Grid (1-2-3-4)","100000000","1375","1290","1265","1235","0.1","0.2","0.3","0.4","72","155","237","323","787","99766000","234000","1267.67","1267.74","1195","1645","1915","1915","13.09","5.73","39.27","51.06","3","8.91"
"BBSS","2026-05-25","2026-05-25","559","FULL","130","0","AVOID","-","passive","FALSE","","V-SHAPE","2026-02-23","","91d","91","DOWNTREND","BEARISH","BEARISH","BEARISH","STRUCTURE + DISCOUNT","NORMAL DOWNTREND","80.24","TRUE","FALSE","FALSE","LAGGING","LAGGARD (Passive)","0.53","0.53","DRY / QUIET","0","100","24.15","21.79","10.25","26.39","157.9","186.92","261.89","298300","559545","818","Supertrend bearish | RSI 24.1 lemah | Volume 0.53x | Lolos anti-crash ADX | RISEN NORMAL DOWNTREND","Full Grid (1-2-3-4)","100000000","276","258","252","246","0.1","0.2","0.3","0.4","362","775","1190","1626","3953","99973800","26200","252.91","252.91","230","346","414","414","16.67","9.06","50","63.7","3","7.03"
"DRMA","2026-05-25","2026-05-25","559","FULL","970","-1.5228426395939088","AVOID","-","passive","FALSE","","BETA BREAKOUT","2026-02-23","","91d","91","DOWNTREND","BEARISH","BEARISH","BEARISH","STRUCTURE + DISCOUNT","SIDEWAYS","80.13","TRUE","FALSE","FALSE","LAGGING","LAGGARD (Passive)","0.59","0.59","DRY / QUIET","0","100","40.88","14.97","18.13","15.89","993.42","1001.6","1012.03","1660300","2820015","818","Supertrend bearish | RSI 40.9 lemah | Volume 0.59x | Lolos anti-crash ADX | RISEN SIDEWAYS","Full Grid (1-2-3-4)","100000000","1100","1010","990","960","0.1","0.2","0.3","0.4","90","198","303","416","1007","99831000","169000","991.37","991.45","915","1380","1655","1655","16.82","7.7","50.45","66.94","3","8.69"
"KMTR","2026-05-25","2026-05-25","559","FULL","224","0.9009009009009009","AVOID","-","passive","FALSE","","V-SHAPE","2026-02-23","","91d","91","DOWNTREND","BEARISH","BEARISH","BEARISH","STRUCTURE + DISCOUNT","NORMAL DOWNTREND","29.78","TRUE","FALSE","FALSE","LAGGING","LAGGARD (Passive)","0.84","0.84","NORMAL","8","92","29.26","32.53","17.97","19.88","245.07","255.49","272.56","157100","186220","818","Supertrend bearish | RSI 29.3 lemah | Volume 0.84x | Crash filter aktif | RISEN NORMAL DOWNTREND","Full Grid (1-2-3-4)","100000000","298","272","264","256","0.1","0.2","0.3","0.4","335","735","1136","1562","3768","99952600","47400","265.27","265.27","242","382","466","466","18.79","8.77","56.38","75.67","3","8.63"
"TRJA","2026-05-25","2026-05-25","559","FULL","124","0","AVOID","-","passive","FALSE","","V-SHAPE","2026-02-23","","91d","91","DOWNTREND","BEARISH","BEARISH","BEARISH","DOWNTREND DISCOUNT","NORMAL DOWNTREND","25","TRUE","FALSE","FALSE","LAGGING","LAGGARD (Passive)","0.16","0.16","DRY / QUIET","44.44","55.56","36.74","42.33","28.67","13.52","130.32","135.67","149.52","223900","1417325","818","Supertrend bearish | RSI 36.7 lemah | Volume 0.16x | Lolos anti-crash ADX | RISEN NORMAL DOWNTREND","Full Grid (1-2-3-4)","100000000","164","148","144","138","0.1","0.2","0.3","0.4","609","1351","2083","2898","6941","99970000","30000","144.03","144.03","129","216","270","270","21.34","10.43","64.63","87.46","3.03","8.38"
"UFOE","2026-05-25","2026-05-25","559","FULL","137","2.2388059701492535","AVOID","-","passive","FALSE","","SMART SNIPER","2026-02-23","Structure + Discount","91d","91","DOWNTREND","BEARISH","BEARISH","BEARISH","STRUCTURE + DISCOUNT","SIDEWAYS","25","TRUE","FALSE","FALSE","LAGGING","LAGGARD (Passive)","0.08","0.08","DRY / QUIET","100","0","35.41","17.14","22.86","21.05","145.9","152.04","174.19","167700","2100215","818","Supertrend bearish | RSI 35.4 lemah | Volume 0.08x | Lolos anti-crash ADX | RISEN SIDEWAYS","Full Grid (1-2-3-4)","100000000","200","172","165","156","0.1","0.2","0.3","0.4","500","1162","1818","2564","6044","99981800","18200","165.42","165.42","142","288","374","374","29","14.16","87","126.09","3","8.9"
"PBRX","2026-05-25","2026-05-25","559","FULL","28","7.6923076923076925","AVOID","-","passive","FALSE","","BETA BREAKOUT","2026-02-19","","95d","95","DOWNTREND","BEARISH","BEARISH","BEARISH","STRUCTURE + DISCOUNT","NORMAL DOWNTREND","45.54","TRUE","FALSE","FALSE","LAGGING","LAGGARD (Passive)","0.54","0.54","DRY / QUIET","100","0","31.89","38.24","23.02","59.1","33.7","37.4","37.19","8643000","16046770","810","Supertrend bearish | RSI 31.9 lemah | Volume 0.54x | Crash filter aktif | RISEN NORMAL DOWNTREND","Full Grid (1-2-3-4)","100000000","48","44","43","42","0.1","0.2","0.3","0.4","2083","4545","6976","9523","23127","99989800","10200","43.24","43.24","39","62","73","73","18.75","9.8","52.08","68.84","2.78","7.03"
"ASSA","2026-05-25","2026-05-25","559","FULL","670","0","AVOID","-","passive","FALSE","","BETA BREAKOUT","2026-02-18","","96d","96","DOWNTREND","BEARISH","BEARISH","BEARISH","STRUCTURE + DISCOUNT","NORMAL DOWNTREND","51.83","TRUE","FALSE","FALSE","LAGGING","LAGGARD (Passive)","1.07","1.07","NORMAL","77.78","22.22","24.67","47.64","9.17","38.61","762.48","858.95","942.65","10163900","9467030","808","Supertrend bearish | RSI 24.7 lemah | Volume 1.07x | Crash filter aktif | RISEN NORMAL DOWNTREND","Full Grid (1-2-3-4)","100000000","1225","1115","1085","1050","0.1","0.2","0.3","0.4","81","179","276","380","916","99727000","273000","1088.72","1088.79","990","1580","1930","1930","19.18","9.07","57.55","77.27","3","8.52"
"ATAP","2026-05-25","2026-05-25","559","FULL","426","-0.9302325581395349","HOLD","-","passive","FALSE","","BETA BREAKOUT","2026-02-18","","96d","96","UPTREND","BEARISH","BEARISH","BULLISH","DEMAND STRUCTURE","SIDEWAYS","73.87","TRUE","FALSE","FALSE","LAGGING","LAGGARD (Passive)","0.21","0.21","DRY / QUIET","30","70","32.47","12.99","14.82","23.09","474.29","526.11","409.27","312400","1490590","808","Supertrend bullish | RSI 32.5 lemah | Volume 0.21x | Lolos anti-crash ADX | RISEN SIDEWAYS","Full Grid (1-2-3-4)","100000000","850","730","700","660","0.1","0.2","0.3","0.4","117","273","428","606","1424","99830000","170000","701.05","701.14","595","1235","1615","1615","30","15.13","90","130.37","3","8.62"
"MDRN","2026-05-25","2026-05-25","559","FULL","30","0","AVOID","-","passive","FALSE","","SMART GAMMA","2026-02-18","","96d","96","DOWNTREND","BEARISH","BEARISH","BEARISH","DOWNTREND DISCOUNT","NORMAL DOWNTREND","38.44","TRUE","FALSE","FALSE","LAGGING","LAGGARD (Passive)","1.85","1.85","EXPANSION","100","0","19.35","31.79","10.91","58.34","42.93","49.56","45.09","8754400","4723000","808","Supertrend bearish | RSI 19.4 lemah | Volume valid 1.85x | Crash filter aktif | RISEN NORMAL DOWNTREND","Full Grid (1-2-3-4)","100000000","72","69","68","66","0.1","0.2","0.3","0.4","1388","2898","4411","6060","14757","99980600","19400","67.75","67.75","64","84","106","106","11.11","5.54","47.22","56.45","4.25","10.2"
"OASA","2026-05-25","2026-05-25","559","FULL","376","-3.5897435897435894","HOLD","-","passive","FALSE","","BETA BREAKOUT","2026-02-18","","96d","96","UPTREND","BEARISH","BULLISH","BULLISH","DEMAND STRUCTURE","NORMAL UPTREND","60","TRUE","TRUE","FALSE","WEAKENING","WEAKENING (Passive)","0.38","0.38","DRY / QUIET","0","100","49.49","22.53","19.13","16.35","384.5","364.6","301.08","39906200","105270355","808","Supertrend bullish | RSI 49.5 lemah | Volume 0.38x | Lolos anti-crash ADX | RISEN NORMAL UPTREND","Full Grid (1-2-3-4)","100000000","468","400","382","360","0.1","0.2","0.3","0.4","213","500","785","1111","2609","99951400","48600","383.1","383.12","320","690","910","910","31.62","16.47","94.44","137.53","2.99","8.35"
"BACA","2026-05-25","2026-05-25","559","FULL","126","1.6129032258064515","AVOID","-","passive","FALSE","","SMART GAMMA","2025-12-29","","147d","147","DOWNTREND","BEARISH","BEARISH","BEARISH","DOWNTREND DISCOUNT","NORMAL DOWNTREND","26.5","TRUE","FALSE","FALSE","LEADING","LEADING (Passive)","0.87","0.87","NORMAL","100","0","36.6","20.79","13.01","24.7","132.18","138.72","146.99","1530600","1762865","806","Supertrend bearish | RSI 36.6 lemah | Volume 0.87x | Lolos anti-crash ADX | RISEN NORMAL DOWNTREND","Full Grid (1-2-3-4)","100000000","252","195","181","162","0.1","0.2","0.3","0.4","396","1025","1657","2469","5547","99956200","43800","180.2","180.21","134","430","605","605","46.83","25.64","140.08","235.74","2.99","9.2"
"AADI","2026-05-25","2026-05-25","342","FULL","8250","0.303951367781155","AVOID","-","passive","FALSE","","SMART GAMMA","2026-01-22","","123d","123","DOWNTREND","BEARISH","BEARISH","BEARISH","STRUCTURE + DISCOUNT","NORMAL UPTREND","17.5","TRUE","TRUE","FALSE","IMPROVING","IMPROVING (Passive)","0.71","0.71","DRY / QUIET","50","50","33.13","36.46","12.11","32.86","9365.47","9702.03","8669.74","13949700","19527555","804","Supertrend bearish | RSI 33.1 lemah | Volume 0.71x | Crash filter aktif | RISEN NORMAL UPTREND","Full Grid (1-2-3-4)","100000000","7975","7475","7350","7175","0.1","0.2","0.3","0.4","12","26","40","55","133","97867500","2132500","7358.46","7360.49","6900","9600","11200","11200","13.48","6.23","40.44","52.21","3","8.38"
"FORU","2026-05-25","2026-05-25","559","FULL","1360","10.569105691056912","AVOID","-","passive","FALSE","","BETA BREAKOUT","2025-12-18","","158d","158","DOWNTREND","BULLISH","BULLISH","BEARISH","STRUCTURE + DISCOUNT","SIDEWAYS","7.14","TRUE","FALSE","TRUE","LEADING","LEADING (Passive)","2.53","2.53","VOLUME SURGE","47.06","52.94","53.51","22.03","23.79","16.86","1318.95","1332.71","1434.89","632300","249515","804","Supertrend bearish | RSI 53.5 > 50 | Volume valid 2.53x | Lolos anti-crash ADX | RISEN SIDEWAYS","Full Grid (1-2-3-4)","100000000","1585","1285","1215","1115","0.1","0.2","0.3","0.4","63","155","246","358","822","99709000","291000","1213","1213.02","960","2520","3460","3460","39.43","20.86","118.3","185.24","3","8.88"
"MIKA","2026-05-25","2026-05-25","559","FULL","1695","0","AVOID","-","passive","FALSE","","EARLY SWEEP","2026-01-21","","124d","124","DOWNTREND","BEARISH","BEARISH","BEARISH","STRUCTURE + DISCOUNT","NORMAL DOWNTREND","17.5","TRUE","FALSE","FALSE","IMPROVING","IMPROVING (Passive)","1.2","1.2","EXPANSION","33.33","66.67","27.18","44.57","7.91","33.86","1857.51","1999.06","2274.76","6481900","5397290","802","Supertrend bearish | RSI 27.2 lemah | Volume valid 1.2x | Crash filter aktif | RISEN NORMAL DOWNTREND","Full Grid (1-2-3-4)","100000000","2660","2390","2320","2230","0.1","0.2","0.3","0.4","37","83","129","179","428","99524000","476000","2325.33","2325.81","2090","3520","4370","4370","21.43","10.12","64.29","87.93","3","8.69"
"ACRO","2026-05-25","2026-05-25","552","FULL","65","4.838709677419355","AVOID","-","passive","FALSE","","BETA BREAKOUT","2026-02-13","","101d","101","DOWNTREND","BEARISH","BEARISH","BEARISH","STRUCTURE + DISCOUNT","NORMAL DOWNTREND","28.82","TRUE","FALSE","FALSE","LAGGING","LAGGARD (Passive)","0.22","0.22","DRY / QUIET","71.43","28.57","36.52","23.63","21","22.46","70.35","74.17","79.01","1215400","5592075","798","Supertrend bearish | RSI 36.5 lemah | Volume 0.22x | Lolos anti-crash ADX | RISEN NORMAL DOWNTREND","Full Grid (1-2-3-4)","100000000","95","83","80","75","0.1","0.2","0.3","0.4","1052","2409","3750","5333","12544","99986200","13800","79.71","79.71","68","136","176","176","28.42","14.69","85.26","120.8","3","8.22"
"BDKR","2026-05-25","2026-05-25","559","FULL","146","0.6896551724137931","AVOID","-","passive","FALSE","","BETA BREAKOUT","2026-02-13","","101d","101","DOWNTREND","BEARISH","BEARISH","BEARISH","STRUCTURE + DISCOUNT","SIDEWAYS","27.84","TRUE","FALSE","FALSE","WEAKENING","WEAKENING (Passive)","0.51","0.51","DRY / QUIET","66.67","33.33","35.87","23.06","12.71","21.31","155.67","158.43","177.85","11069300","21846770","798","Supertrend bearish | RSI 35.9 lemah | Volume 0.51x | Lolos anti-crash ADX | RISEN SIDEWAYS","Full Grid (1-2-3-4)","100000000","180","161","156","149","0.1","0.2","0.3","0.4","555","1242","1923","2684","6404","99976600","23400","156.12","156.12","139","242","304","304","22.78","10.96","68.89","94.73","3.02","8.64"
"PNLF","2026-05-25","2026-05-25","559","FULL","240","1.694915254237288","AVOID","-","passive","FALSE","","BETA BREAKOUT","2026-02-13","","101d","101","DOWNTREND","BEARISH","BEARISH","BEARISH","STRUCTURE + DISCOUNT","SIDEWAYS","23.28","TRUE","FALSE","FALSE","WEAKENING","WEAKENING (Passive)","0.8","0.8","NORMAL","40","60","42.61","21.8","22.84","21.44","250.72","252.4","267.4","57771700","71966440","798","Supertrend bearish | RSI 42.6 lemah | Volume 0.8x | Lolos anti-crash ADX | RISEN SIDEWAYS","Full Grid (1-2-3-4)","100000000","288","260","254","244","0.1","0.2","0.3","0.4","347","769","1181","1639","3936","99976600","23400","254.01","254.01","230","376","462","462","20.14","9.45","60.42","81.89","3","8.66"
"TYRE","2026-05-25","2026-05-25","559","FULL","110","1.8518518518518516","AVOID","-","passive","FALSE","","EARLY SWEEP","2026-02-12","","102d","102","DOWNTREND","BEARISH","BEARISH","BEARISH","STRUCTURE + DISCOUNT","NORMAL DOWNTREND","47.97","TRUE","FALSE","FALSE","LAGGING","LAGGARD (Passive)","0.18","0.18","DRY / QUIET","63.64","36.36","42.16","20.49","11.1","18.61","113.78","115.7","121.89","288400","1635835","796","Supertrend bearish | RSI 42.2 lemah | Volume 0.18x | Lolos anti-crash ADX | RISEN NORMAL DOWNTREND","Full Grid (1-2-3-4)","100000000","128","124","123","122","0.1","0.2","0.3","0.4","781","1612","2439","3278","8110","99976900","23100","123.28","123.28","119","142","156","156","7.03","3.47","21.88","26.55","3.11","7.65"
"CUAN","2026-05-25","2026-05-25","559","FULL","486","-5.631067961165048","AVOID","-","passive","FALSE","","SMART SNIPER","2026-02-11","Structure + Discount","103d","103","DOWNTREND","BEARISH","BEARISH","BEARISH","DOWNTREND DISCOUNT","NORMAL DOWNTREND","35.21","TRUE","FALSE","FALSE","LAGGING","LAGGARD (Passive)","1.24","1.24","EXPANSION","47.83","52.17","18.06","45.29","7","47.11","930","1186.37","2610.38","496509700","400009005","794","Supertrend bearish | RSI 18.1 lemah | Volume valid 1.24x | Crash filter aktif | RISEN NORMAL DOWNTREND","Full Grid (1-2-3-4)","100000000","1925","1630","1555","1455","0.1","0.2","0.3","0.4","51","122","192","274","639","99426500","573500","1555.97","1556.45","1295","2870","3820","3820","32.73","16.77","98.44","145.51","3.01","8.68"
"OKAS","2026-05-25","2026-05-25","559","FULL","106","6","AVOID","-","passive","FALSE","","SMART SNIPER","2026-02-10","Structure + Discount","104d","104","DOWNTREND","BEARISH","BEARISH","BEARISH","STRUCTURE + DISCOUNT","SIDEWAYS","51.85","TRUE","FALSE","FALSE","LAGGING","LAGGARD (Passive)","0.77","0.77","DRY / QUIET","100","0","37.65","22.28","15.28","31.15","114.74","119.42","138.62","2556900","3318480","792","Supertrend bearish | RSI 37.6 lemah | Volume 0.77x | Lolos anti-crash ADX | RISEN SIDEWAYS","Full Grid (1-2-3-4)","100000000","147","126","121","114","0.1","0.2","0.3","0.4","680","1587","2479","3508","8254","99979300","20700","121.13","121.13","103","214","280","280","29.93","14.97","90.48","131.16","3.02","8.76"
"VAST","2026-05-25","2026-05-25","559","FULL","121","2.5423728813559325","AVOID","-","passive","FALSE","","SMART SNIPER","2026-02-10","Demand Structure","104d","104","DOWNTREND","BEARISH","BEARISH","BEARISH","STRUCTURE + DISCOUNT","SIDEWAYS","78.21","TRUE","FALSE","FALSE","WEAKENING","WEAKENING (Passive)","0.25","0.25","DRY / QUIET","42.86","57.14","41.43","33.62","20.57","22.99","126.38","127.59","136.63","1652600","6620430","792","Supertrend bearish | RSI 41.4 lemah | Volume 0.25x | Crash filter aktif | RISEN SIDEWAYS","Full Grid (1-2-3-4)","100000000","171","145","138","129","0.1","0.2","0.3","0.4","584","1379","2173","3100","7236","99959300","40700","138.14","138.14","115","256","340","340","32.75","16.75","98.83","146.12","3.02","8.72"
"YULE","2026-05-25","2026-05-25","559","FULL","3250","-0.6116207951070336","AVOID","-","passive","FALSE","","BETA BREAKOUT","2025-12-22","","154d","154","DOWNTREND","BEARISH","BEARISH","BULLISH","DEMAND STRUCTURE","SIDEWAYS","75.31","TRUE","FALSE","FALSE","LEADING","LEADING (Passive)","0.26","0.26","DRY / QUIET","0","100","43.73","30.26","34.32","15.58","3295.19","3302.23","3067.58","3000","11400","792","Supertrend bearish | RSI 43.7 lemah | Volume 0.26x | Lolos anti-crash ADX | RISEN SIDEWAYS","Full Grid (1-2-3-4)","100000000","3200","2920","2850","2750","0.1","0.2","0.3","0.4","31","68","105","145","349","99576000","424000","2853.18","2853.39","2610","4090","4970","4970","18.44","8.52","55.31","74.19","3","8.7"
"MBMA","2026-05-25","2026-05-25","559","FULL","496","2.904564315352697","AVOID","-","passive","FALSE","","SMART GAMMA","2026-01-13","","132d","132","DOWNTREND","BEARISH","BEARISH","BEARISH","STRUCTURE + DISCOUNT","NORMAL DOWNTREND","14.75","TRUE","FALSE","FALSE","IMPROVING","IMPROVING (Passive)","1.48","1.48","EXPANSION","63.16","36.84","35.11","40.65","8.93","34.57","582.1","644.26","618.1","377112300","254543320","786","Supertrend bearish | RSI 35.1 lemah | Volume valid 1.48x | Crash filter aktif | RISEN NORMAL DOWNTREND","Full Grid (1-2-3-4)","100000000","775","655","625","585","0.1","0.2","0.3","0.4","129","305","480","683","1597","99930500","69500","625.74","625.73","525","1150","1525","1525","32.26","16.1","96.77","143.71","3","8.93"
"ADMG","2026-05-25","2026-05-25","559","FULL","200","5.263157894736842","AVOID","-","passive","FALSE","","V-SHAPE","2025-12-18","","158d","158","DOWNTREND","BEARISH","BEARISH","BULLISH","DEMAND STRUCTURE","SIDEWAYS","48.89","TRUE","FALSE","FALSE","LEADING","LEADING (Passive)","0.2","0.2","DRY / QUIET","100","0","47.97","13.59","15.44","19.24","200.79","203.69","181.37","94700","481275","784","Supertrend bearish | RSI 48.0 lemah | Volume 0.2x | Lolos anti-crash ADX | RISEN SIDEWAYS","Full Grid (1-2-3-4)","100000000","177","166","163","160","0.1","0.2","0.3","0.4","564","1204","1840","2500","6108","99961200","38800","163.66","163.66","153","214","250","250","13.56","6.51","41.24","52.76","3.04","8.1"
"SMKL","2026-05-25","2026-05-25","559","FULL","153","6.25","AVOID","-","passive","FALSE","","EARLY SWEEP","2026-02-06","","108d","108","DOWNTREND","BEARISH","BEARISH","BEARISH","STRUCTURE + DISCOUNT","SIDEWAYS","25","TRUE","FALSE","FALSE","WEAKENING","WEAKENING (Passive)","0.15","0.15","DRY / QUIET","66.67","33.33","43.41","32.92","23.74","13.1","161.59","164.5","167.6","308900","2065250","784","Supertrend bearish | RSI 43.4 lemah | Volume 0.15x | Lolos anti-crash ADX | RISEN SIDEWAYS","Full Grid (1-2-3-4)","100000000","171","167","165","164","0.1","0.2","0.3","0.4","584","1197","1818","2439","6038","99972900","27100","165.57","165.57","161","186","204","204","5.85","2.76","19.3","23.21","3.3","8.4"
"ERAA","2026-05-25","2026-05-25","559","FULL","372","0","AVOID","-","passive","FALSE","","SMART SNIPER","2026-02-05","Structure + Discount","109d","109","DOWNTREND","BEARISH","BEARISH","BEARISH","STRUCTURE + DISCOUNT","NORMAL DOWNTREND","33.3","TRUE","FALSE","FALSE","LAGGING","LAGGARD (Passive)","0.62","0.62","DRY / QUIET","50","50","36.29","25.57","10.36","29.18","388.34","394.55","414.42","26424100","42711755","782","Supertrend bearish | RSI 36.3 lemah | Volume 0.62x | Lolos anti-crash ADX | RISEN NORMAL DOWNTREND","Full Grid (1-2-3-4)","100000000","418","384","376","364","0.1","0.2","0.3","0.4","239","520","797","1098","2654","99892600","107400","376.39","376.39","346","525","635","635","17.22","8.07","51.91","68.71","3.01","8.51"
"SMIL","2026-05-25","2026-05-25","559","FULL","270","2.272727272727273","HOLD","-","passive","FALSE","","EARLY SWEEP","2026-02-05","","109d","109","UPTREND","BEARISH","BEARISH","BEARISH","STRUCTURE + DISCOUNT","NORMAL UPTREND","52.5","TRUE","TRUE","FALSE","WEAKENING","WEAKENING (Passive)","0.49","0.49","DRY / QUIET","70","30","47.54","16.39","16.35","21.2","277.06","278.53","329.75","6704600","13636550","782","Supertrend bullish | RSI 47.5 lemah | Volume 0.49x | Lolos anti-crash ADX | RISEN NORMAL UPTREND","Full Grid (1-2-3-4)","100000000","372","358","354","350","0.1","0.2","0.3","0.4","268","558","847","1142","2815","99899800","100200","354.88","354.89","342","418","462","462","8.06","3.63","24.19","30.18","3","8.31"
"DNET","2026-05-25","2026-05-25","559","FULL","9750","2.631578947368421","HOLD","-","passive","FALSE","","V-SHAPE","2025-12-16","","160d","160","UPTREND","BULLISH","BULLISH","BULLISH","UPTREND PREMIUM","NORMAL UPTREND","0","FALSE","TRUE","FALSE","LEADING","LEADING (Passive)","1.47","1.47","EXPANSION","100","0","69.99","20.67","15.42","10.73","9430.03","9295.07","9101.73","11600","7865","780","Supertrend bullish | RSI 70.0 > 50 | Volume valid 1.47x | Lolos anti-crash ADX | RISEN NORMAL UPTREND","Full Grid (1-2-3-4)","100000000","8975","8850","8800","8750","0.1","0.2","0.3","0.4","11","22","34","45","112","98637500","1362500","8806.92","8806.99","8675","9425","10375","10375","3.34","1.5","15.6","17.81","4.67","11.89"
"NASI","2026-05-25","2026-05-25","559","FULL","124","-0.8","AVOID","-","passive","FALSE","","SMART GAMMA","2026-02-04","","110d","110","DOWNTREND","BEARISH","BEARISH","BEARISH","DOWNTREND DISCOUNT","NORMAL DOWNTREND","60.6","TRUE","FALSE","FALSE","LAGGING","LAGGARD (Passive)","0.3","0.3","DRY / QUIET","40","60","27.98","20.63","17.06","20.52","139.6","146.01","129.14","1258300","4220410","780","Supertrend bearish | RSI 28.0 lemah | Volume 0.3x | Lolos anti-crash ADX | RISEN NORMAL DOWNTREND","Full Grid (1-2-3-4)","100000000","185","147","138","125","0.1","0.2","0.3","0.4","540","1360","2173","3200","7273","99969400","30600","137.45","137.46","106","304","422","422","42.7","22.88","128.11","207.01","3","9.05"
"DOSS","2026-05-25","2026-05-25","426","FULL","133","2.307692307692308","AVOID","-","passive","FALSE","","EARLY SWEEP","2026-02-03","","111d","111","DOWNTREND","BEARISH","BEARISH","BEARISH","STRUCTURE + DISCOUNT","NORMAL DOWNTREND","43.39","TRUE","FALSE","FALSE","LAGGING","LAGGARD (Passive)","0.08","0.08","DRY / QUIET","71.43","28.57","33.62","21.08","13.62","27.5","144.49","153.27","167.85","141000","1668395","778","Supertrend bearish | RSI 33.6 lemah | Volume 0.08x | Lolos anti-crash ADX | RISEN NORMAL DOWNTREND","Full Grid (1-2-3-4)","100000000","160","151","149","146","0.1","0.2","0.3","0.4","625","1324","2013","2739","6701","99975500","24500","149.19","149.19","140","190","220","220","12.5","6.16","37.5","47.46","3","7.7"
"INPS","2026-05-25","2026-05-25","559","FULL","675","5.46875","HOLD","-","passive","FALSE","","BETA BREAKOUT","2025-12-15","","161d","161","UPTREND","BULLISH","BULLISH","BULLISH","DEMAND STRUCTURE","NORMAL UPTREND","26.85","TRUE","TRUE","FALSE","LEADING","LEADING (Passive)","0.75","0.75","DRY / QUIET","94.44","5.56","55","14.09","27.73","34.59","639.28","603.57","403.93","471800","625720","778","Supertrend bullish | RSI 55.0 > 50 | Volume 0.75x | Lolos anti-crash ADX | RISEN NORMAL UPTREND","Full Grid (1-2-3-4)","100000000","214","163","150","133","0.1","0.2","0.3","0.4","467","1226","2000","3007","6700","99970700","29300","149.21","149.21","109","372","530","530","49.07","26.95","147.66","255.2","3.01","9.47"
"MERI","2026-05-25","2026-05-25","210","IPO / SHORT","121","5.217391304347826","AVOID","-","passive","FALSE","","EARLY SWEEP","2026-02-03","","111d","111","DOWNTREND","BEARISH","BEARISH","BEARISH","STRUCTURE + DISCOUNT","NORMAL DOWNTREND","61.63","TRUE","FALSE","FALSE","LAGGING","LAGGARD (Passive)","0.12","0.12","DRY / QUIET","70","30","36.7","29.18","24.26","24.04","133.86","142.43","173.42","2752200","22567220","778","Supertrend bearish | RSI 36.7 lemah | Volume 0.12x | Lolos anti-crash ADX | RISEN NORMAL DOWNTREND","Full Grid (1-2-3-4)","100000000","177","174","173","171","0.1","0.2","0.3","0.4","564","1149","1734","2339","5786","99970500","29500","172.78","172.78","168","206","230","230","5.08","2.77","29.94","33.12","5.89","11.97"
"TUGU","2026-05-25","2026-05-25","559","FULL","1175","0.8583690987124464","AVOID","-","passive","FALSE","","BETA BREAKOUT","2025-12-15","","161d","161","DOWNTREND","BEARISH","BEARISH","BULLISH","STRUCTURE + DISCOUNT","NORMAL DOWNTREND","69.41","TRUE","FALSE","FALSE","LEADING","LEADING (Passive)","0.2","0.2","DRY / QUIET","66.67","33.33","38.48","24.09","11.2","21.88","1214.15","1236.95","1165.26","633200","3167640","778","Supertrend bearish | RSI 38.5 lemah | Volume 0.2x | Lolos anti-crash ADX | RISEN NORMAL DOWNTREND","Full Grid (1-2-3-4)","100000000","1165","1110","1095","1080","0.1","0.2","0.3","0.4","85","180","273","370","908","99736000","264000","1098.41","1098.47","1050","1340","1510","1510","9.87","4.41","29.61","37.47","3","8.5"
"TSPC","2026-05-25","2026-05-25","559","FULL","2390","0.42016806722689076","AVOID","-","passive","FALSE","","V-SHAPE","2025-12-12","","164d","164","DOWNTREND","BEARISH","BEARISH","BEARISH","STRUCTURE + DISCOUNT","SIDEWAYS","29.47","TRUE","FALSE","FALSE","LEADING","LEADING (Passive)","0.3","0.3","DRY / QUIET","50","50","41.56","18.78","19.07","20.91","2430.77","2489.42","2559.65","436000","1432475","772","Supertrend bearish | RSI 41.6 lemah | Volume 0.3x | Lolos anti-crash ADX | RISEN SIDEWAYS","Full Grid (1-2-3-4)","100000000","2770","2720","2710","2690","0.1","0.2","0.3","0.4","36","73","110","148","367","99450000","550000","2709.81","2709.8","2660","2940","3230","3230","3.97","1.84","16.61","19.2","4.18","10.44"
"BIRD","2026-05-25","2026-05-25","559","FULL","1555","0.3225806451612903","AVOID","-","passive","FALSE","","EARLY SWEEP","2025-12-10","","166d","166","DOWNTREND","BEARISH","BEARISH","BEARISH","STRUCTURE + DISCOUNT","NORMAL DOWNTREND","27.82","TRUE","FALSE","FALSE","LEADING","LEADING (Passive)","0.6","0.6","DRY / QUIET","44.44","55.56","42.87","36.78","15.25","25.15","1576.18","1617.38","1701.05","1211800","2015765","768","Supertrend bearish | RSI 42.9 lemah | Volume 0.6x | Crash filter aktif | RISEN NORMAL DOWNTREND","Full Grid (1-2-3-4)","100000000","1815","1770","1755","1740","0.1","0.2","0.3","0.4","55","112","170","229","566","99487500","512500","1757.73","1757.73","1710","1975","2170","2170","5.79","2.72","19.56","23.45","3.38","8.64"
"CSAP","2026-05-25","2026-05-25","559","FULL","266","-0.7462686567164178","AVOID","-","passive","FALSE","","V-SHAPE","2026-01-29","","116d","116","DOWNTREND","BEARISH","BEARISH","BEARISH","DOWNTREND DISCOUNT","NORMAL DOWNTREND","0","FALSE","FALSE","FALSE","WEAKENING","WEAKENING (Passive)","0.16","0.16","DRY / QUIET","0","100","35.44","43.02","35.3","24.59","281.61","288.52","310.53","7500","48100","768","Supertrend bearish | RSI 35.4 lemah | Volume 0.16x | Lolos anti-crash ADX | RISEN NORMAL DOWNTREND","Full Grid (1-2-3-4)","100000000","332","316","310","306","0.1","0.2","0.3","0.4","301","632","967","1307","3207","99935600","64400","311.62","311.62","294","390","446","446","11.45","5.65","34.34","43.12","3","7.63"
"HELI","2026-05-25","2026-05-25","559","FULL","182","2.247191011235955","AVOID","-","passive","FALSE","","EARLY SWEEP","2026-01-29","","116d","116","DOWNTREND","BEARISH","BEARISH","BEARISH","STRUCTURE + DISCOUNT","NORMAL DOWNTREND","33.56","TRUE","FALSE","FALSE","LAGGING","LAGGARD (Passive)","0.05","0.05","DRY / QUIET","73.33","26.67","38.24","42.99","28.52","17.3","190.99","197.35","223.41","45300","989135","768","Supertrend bearish | RSI 38.2 lemah | Volume 0.05x | Lolos anti-crash ADX | RISEN NORMAL DOWNTREND","Full Grid (1-2-3-4)","100000000","238","234","232","230","0.1","0.2","0.3","0.4","420","854","1293","1739","4306","99974200","25800","232.17","232.17","226","256","260","260","5.04","2.66","9.24","11.98","1.83","4.51"
"MDIY","2026-05-25","2026-05-25","332","FULL","795","0.6329113924050633","AVOID","-","passive","FALSE","","V-SHAPE","2025-12-10","","166d","166","DOWNTREND","BEARISH","BEARISH","BEARISH","STRUCTURE + DISCOUNT","NORMAL DOWNTREND","40.48","TRUE","FALSE","FALSE","LEADING","LEADING (Passive)","0.16","0.16","DRY / QUIET","0","100","36.92","26.11","15.58","16.12","836.1","871.36","1034.31","140500","877890","768","Supertrend bearish | RSI 36.9 lemah | Volume 0.16x | Lolos anti-crash ADX | RISEN NORMAL DOWNTREND","Full Grid (1-2-3-4)","100000000","1060","1045","1040","1035","0.1","0.2","0.3","0.4","94","191","288","386","959","99826500","173500","1040.94","1040.95","1025","1130","1145","1145","3.3","1.53","8.02","10","2.43","6.53"
"PBID","2026-05-25","2026-05-25","559","FULL","488","3.829787234042553","AVOID","-","passive","FALSE","","EARLY SWEEP","2026-01-29","","116d","116","DOWNTREND","BEARISH","BEARISH","BEARISH","STRUCTURE + DISCOUNT","SIDEWAYS","17.5","TRUE","FALSE","FALSE","WEAKENING","WEAKENING (Passive)","0.62","0.62","DRY / QUIET","100","0","37.16","40.23","16.88","30.16","521.85","515.81","510.41","1708200","2752195","768","Supertrend bearish | RSI 37.2 lemah | Volume 0.62x | Crash filter aktif | RISEN SIDEWAYS","Full Grid (1-2-3-4)","100000000","488","478","474","470","0.1","0.2","0.3","0.4","204","418","632","851","2105","99889400","110600","474.53","474.54","464","525","540","540","4.92","2.22","10.66","13.8","2.17","6.21"
"TRUK","2026-05-25","2026-05-25","559","FULL","398","4.18848167539267","AVOID","-","passive","FALSE","","V-SHAPE","2026-01-29","","116d","116","DOWNTREND","BEARISH","BEARISH","BULLISH","DEMAND STRUCTURE","NORMAL DOWNTREND","25","TRUE","FALSE","FALSE","LAGGING","LAGGARD (Passive)","0.13","0.13","DRY / QUIET","36.36","63.64","40.24","26.52","23.22","30.21","464.74","450.23","381.49","143100","1093905","768","Supertrend bearish | RSI 40.2 lemah | Volume 0.13x | Lolos anti-crash ADX | RISEN NORMAL DOWNTREND","Full Grid (1-2-3-4)","100000000","535","474","460","440","0.1","0.2","0.3","0.4","186","421","652","909","2168","99894400","105600","460.77","460.8","404","730","930","930","24.49","12.32","73.83","101.84","3.02","8.27"
"GUNA","2026-05-25","2026-05-25","447","FULL","199","4.736842105263158","AVOID","-","passive","FALSE","","SMART GAMMA","2025-12-08","","168d","168","DOWNTREND","BEARISH","BEARISH","BEARISH","STRUCTURE + DISCOUNT","NORMAL DOWNTREND","31.46","TRUE","FALSE","FALSE","LEADING","LEADING (Passive)","0.42","0.42","DRY / QUIET","100","0","39.24","24.2","10.67","20.3","209.64","220.11","246.89","203900","485815","764","Supertrend bearish | RSI 39.2 lemah | Volume 0.42x | Lolos anti-crash ADX | RISEN NORMAL DOWNTREND","Full Grid (1-2-3-4)","100000000","290","282","280","278","0.1","0.2","0.3","0.4","344","709","1071","1438","3562","99934200","65800","280.56","280.56","272","318","350","350","6.21","3.05","20.69","24.75","3.33","8.12"
"BBRM","2026-05-25","2026-05-25","559","FULL","124","-1.5873015873015872","AVOID","-","passive","FALSE","","V-SHAPE","2026-01-26","","119d","119","DOWNTREND","BEARISH","BEARISH","BEARISH","STRUCTURE + DISCOUNT","SIDEWAYS","88.29","TRUE","FALSE","FALSE","LAGGING","LAGGARD (Passive)","0.2","0.2","DRY / QUIET","0","100","30.13","13.95","17.27","16.79","138.33","148.08","136.56","651100","3297865","762","Supertrend bearish | RSI 30.1 lemah | Volume 0.2x | Lolos anti-crash ADX | RISEN SIDEWAYS","Full Grid (1-2-3-4)","100000000","252","220","212","200","0.1","0.2","0.3","0.4","396","909","1415","2000","4720","99975200","24800","211.81","211.82","181","358","466","466","28.17","14.55","84.92","120.01","3.01","8.25"
"MLPL","2026-05-25","2026-05-25","559","FULL","87","1.1627906976744187","AVOID","-","passive","FALSE","","SMART SNIPER","2026-01-26","Discount Only","119d","119","DOWNTREND","BEARISH","BEARISH","BEARISH","STRUCTURE + DISCOUNT","NORMAL DOWNTREND","50.55","TRUE","FALSE","FALSE","LAGGING","LAGGARD (Passive)","0.48","0.48","DRY / QUIET","50","50","35.54","19.05","17.45","30.13","95","101.26","119.07","14938600","31046465","762","Supertrend bearish | RSI 35.5 lemah | Volume 0.48x | Lolos anti-crash ADX | RISEN NORMAL DOWNTREND","Full Grid (1-2-3-4)","100000000","157","145","142","138","0.1","0.2","0.3","0.4","636","1379","2112","2898","7025","99963500","36500","142.3","142.3","131","196","236","236","16.56","7.94","50.32","65.85","3.04","8.29"
"BSBK","2026-05-25","2026-05-25","559","FULL","53","0","AVOID","-","passive","FALSE","","BETA BREAKOUT + V-SHAPE","2025-12-04","","172d","172","DOWNTREND","BEARISH","BEARISH","BEARISH","STRUCTURE + DISCOUNT","NORMAL DOWNTREND","56.51","TRUE","FALSE","FALSE","LEADING","LEADING (Passive)","0.22","0.22","DRY / QUIET","0","100","34.63","20.54","15.46","19.44","56.96","59.54","63.39","8834200","40144350","756","Supertrend bearish | RSI 34.6 lemah | Volume 0.22x | Lolos anti-crash ADX | RISEN NORMAL DOWNTREND","Full Grid (1-2-3-4)","100000000","87","76","73","69","0.1","0.2","0.3","0.4","1149","2631","4109","5797","13686","99986900","13100","73.06","73.06","63","123","159","159","27.59","13.77","82.76","117.64","3","8.54"
"PJAA","2026-05-25","2026-05-25","559","FULL","476","0.847457627118644","AVOID","-","passive","FALSE","","SMART GAMMA","2025-12-04","","172d","172","DOWNTREND","BEARISH","BEARISH","BEARISH","STRUCTURE + DISCOUNT","NORMAL DOWNTREND","78.83","TRUE","FALSE","FALSE","LEADING","LEADING (Passive)","0.29","0.29","DRY / QUIET","75","25","30.92","28.34","13.55","32.9","493.78","513.83","537.29","72200","253115","756","Supertrend bearish | RSI 30.9 lemah | Volume 0.29x | Lolos anti-crash ADX | RISEN NORMAL DOWNTREND","Full Grid (1-2-3-4)","100000000","690","595","575","540","0.1","0.2","0.3","0.4","144","336","521","740","1741","99845500","154500","573.5","573.55","494","985","1280","1280","28.41","13.86","85.51","123.19","3.01","8.89"
"SMSM","2026-05-25","2026-05-25","559","FULL","1750","3.5502958579881656","AVOID","-","passive","FALSE","","SMART SNIPER","2026-01-23","Discount Only","122d","122","DOWNTREND","BEARISH","BEARISH","BEARISH","STRUCTURE + DISCOUNT","SIDEWAYS","25","TRUE","FALSE","FALSE","LAGGING","LAGGARD (Passive)","0.57","0.57","DRY / QUIET","61.54","38.46","42.8","24.34","20.02","31.51","1794.72","1794.67","1806.89","1305800","2274350","756","Supertrend bearish | RSI 42.8 lemah | Volume 0.57x | Lolos anti-crash ADX | RISEN SIDEWAYS","Full Grid (1-2-3-4)","100000000","1785","1720","1705","1685","0.1","0.2","0.3","0.4","56","116","175","237","584","99720000","280000","1707.53","1707.52","1650","1990","2190","2190","7.56","3.37","22.69","28.26","3","8.39"
"TBIG","2026-05-25","2026-05-25","559","FULL","1340","0.7518796992481203","AVOID","-","passive","FALSE","","G ACC","2025-12-29","","147d","147","DOWNTREND","BEARISH","BEARISH","BEARISH","STRUCTURE + DISCOUNT","NORMAL DOWNTREND","25","TRUE","FALSE","FALSE","IMPROVING","IMPROVING (Passive)","0.09","0.09","DRY / QUIET","66.67","33.33","23.11","47.75","8.55","37.83","1526.09","1637.7","1840.7","286900","3108225","756","Supertrend bearish | RSI 23.1 lemah | Volume 0.09x | Crash filter aktif | RISEN NORMAL DOWNTREND","Full Grid (1-2-3-4)","100000000","2810","2340","2230","2070","0.1","0.2","0.3","0.4","35","85","134","193","447","99558000","442000","2227.25","2228.05","1845","4260","5700","5700","34.34","17.16","102.85","155.92","2.99","9.09"
"BUKA","2026-05-25","2026-05-25","559","FULL","127","-1.550387596899225","AVOID","-","passive","FALSE","","V-SHAPE","2026-01-22","","123d","123","DOWNTREND","BEARISH","BEARISH","BEARISH","STRUCTURE + DISCOUNT","NORMAL DOWNTREND","25","TRUE","FALSE","FALSE","LAGGING","LAGGARD (Passive)","0.45","0.45","DRY / QUIET","20","80","29.44","29.63","9.96","31.12","140.87","145.72","150.82","48194500","107442455","754","Supertrend bearish | RSI 29.4 lemah | Volume 0.45x | Lolos anti-crash ADX | RISEN NORMAL DOWNTREND","Full Grid (1-2-3-4)","100000000","160","158","157","156","0.1","0.2","0.3","0.4","625","1265","1910","2564","6364","99972400","27600","157.09","157.09","154","169","172","172","3.75","1.97","7.5","9.49","2","4.82"
"GOLF","2026-05-25","2026-05-25","448","FULL","168","-1.1764705882352942","AVOID","-","passive","FALSE","","SMART GAMMA","2026-01-22","","123d","123","DOWNTREND","BEARISH","BEARISH","BEARISH","STRUCTURE + DISCOUNT","NORMAL DOWNTREND","82.59","TRUE","FALSE","FALSE","LAGGING","LAGGARD (Passive)","0.46","0.46","DRY / QUIET","33.33","66.67","31.29","17.3","13.49","23.83","183.52","193.29","211.62","2795400","6106670","754","Supertrend bearish | RSI 31.3 lemah | Volume 0.46x | Lolos anti-crash ADX | RISEN NORMAL DOWNTREND","Full Grid (1-2-3-4)","100000000","404","308","286","254","0.1","0.2","0.3","0.4","247","649","1048","1574","3518","99920400","79600","284.03","284.04","206","700","1000","1000","49.01","27.47","147.52","252.08","3.01","9.18"
"KBLV","2026-05-25","2026-05-25","559","FULL","91","2.247191011235955","AVOID","-","passive","FALSE","","EARLY SWEEP","2026-01-22","","123d","123","DOWNTREND","BEARISH","BEARISH","BEARISH","DOWNTREND DISCOUNT","NORMAL DOWNTREND","45.49","TRUE","FALSE","FALSE","LAGGING","LAGGARD (Passive)","0.38","0.38","DRY / QUIET","57.14","42.86","28.38","23.16","15.2","25.5","106.15","116.9","142.6","2841000","7411500","754","Supertrend bearish | RSI 28.4 lemah | Volume 0.38x | Lolos anti-crash ADX | RISEN NORMAL DOWNTREND","Full Grid (1-2-3-4)","100000000","181","174","172","170","0.1","0.2","0.3","0.4","552","1149","1744","2352","5797","99964600","35400","172.44","172.44","163","236","246","246","9.94","5.48","35.91","42.66","3.61","7.79"
"LPKR","2026-05-25","2026-05-25","559","FULL","70","-2.7777777777777777","AVOID","-","passive","FALSE","","G ACC","2026-01-22","","123d","123","DOWNTREND","BEARISH","BEARISH","BEARISH","STRUCTURE + DISCOUNT","NORMAL DOWNTREND","44.78","TRUE","FALSE","FALSE","LAGGING","LAGGARD (Passive)","1.13","1.13","NORMAL","16.67","83.33","31.14","22.44","12.22","28.1","79.02","83.11","88.74","66399000","58818280","754","Supertrend bearish | RSI 31.1 lemah | Volume 1.13x | Lolos anti-crash ADX | RISEN NORMAL DOWNTREND","Full Grid (1-2-3-4)","100000000","128","105","100","92","0.1","0.2","0.3","0.4","781","1904","3000","4347","10032","99981200","18800","99.66","99.66","81","199","270","270","36.72","18.73","110.94","170.91","3.02","9.13"
"MAHA","2026-05-25","2026-05-25","559","FULL","145","-0.684931506849315","HOLD","-","passive","FALSE","","BETA BREAKOUT","2026-01-22","","123d","123","UPTREND","BEARISH","BEARISH","BEARISH","STRUCTURE + DISCOUNT","NORMAL DOWNTREND","82.21","TRUE","FALSE","FALSE","LAGGING","LAGGARD (Passive)","0.46","0.46","DRY / QUIET","66.67","33.33","41.72","16.19","13.79","16.36","148.61","150.38","155.38","4768200","10404105","754","Supertrend bullish | RSI 41.7 lemah | Volume 0.46x | Lolos anti-crash ADX | RISEN NORMAL DOWNTREND","Full Grid (1-2-3-4)","100000000","214","190","184","175","0.1","0.2","0.3","0.4","467","1052","1630","2285","5434","99961300","38700","183.96","183.96","162","292","370","370","24.3","11.94","72.9","101.14","3","8.47"
"MANG","2026-05-25","2026-05-25","552","FULL","50","8.695652173913043","AVOID","-","passive","FALSE","","SMART GAMMA","2025-12-03","","173d","173","DOWNTREND","BULLISH","BEARISH","BEARISH","STRUCTURE + DISCOUNT","NORMAL UPTREND","34.75","TRUE","TRUE","FALSE","LEADING","LEADING (Passive)","1.18","1.18","NORMAL","100","0","50.55","23.66","21.93","20.25","49.59","50.65","56.18","14771700","12567210","754","Supertrend bearish | RSI 50.5 > 50 | Volume 1.18x | Lolos anti-crash ADX | RISEN NORMAL UPTREND","Full Grid (1-2-3-4)","100000000","79","65","61","56","0.1","0.2","0.3","0.4","1265","3076","4918","7142","16401","99982500","17500","60.96","60.96","49","124","169","169","37.97","19.62","113.92","177.23","3","9.03"
"PSKT","2026-05-25","2026-05-25","559","FULL","200","-0.9900990099009901","AVOID","-","passive","FALSE","","BETA BREAKOUT","2026-01-21","","124d","124","DOWNTREND","BEARISH","BEARISH","BEARISH","STRUCTURE + DISCOUNT","NORMAL DOWNTREND","61.7","TRUE","FALSE","FALSE","LAGGING","LAGGARD (Passive)","0.19","0.19","DRY / QUIET","28.57","71.43","34.25","14.63","14.86","27.27","237.47","252.2","211.4","6932900","36936795","752","Supertrend bearish | RSI 34.3 lemah | Volume 0.19x | Lolos anti-crash ADX | RISEN NORMAL DOWNTREND","Full Grid (1-2-3-4)","100000000","402","326","308","282","0.1","0.2","0.3","0.4","248","613","974","1418","3253","99940200","59800","307.22","307.25","242","640","880","880","39.8","21.23","118.91","186.44","2.99","8.78"
"BLES","2026-05-25","2026-05-25","448","FULL","147","-0.6756756756756757","AVOID","-","passive","FALSE","","SMART SNIPER","2026-01-19","Structure + Discount","126d","126","DOWNTREND","BEARISH","BEARISH","BEARISH","DEMAND STRUCTURE","NORMAL DOWNTREND","56.08","TRUE","FALSE","FALSE","WEAKENING","WEAKENING (Passive)","0.19","0.19","DRY / QUIET","40","60","36.84","24.44","17.35","21.19","155.13","154.45","163.33","473100","2533965","748","Supertrend bearish | RSI 36.8 lemah | Volume 0.19x | Lolos anti-crash ADX | RISEN NORMAL DOWNTREND","Full Grid (1-2-3-4)","100000000","172","165","163","160","0.1","0.2","0.3","0.4","581","1212","1840","2500","6133","99983200","16800","163.02","163.03","156","196","220","220","9.3","4.31","27.91","34.95","3","8.11"
"BWPT","2026-05-25","2026-05-25","559","FULL","89","2.2988505747126435","AVOID","-","passive","FALSE","","BETA BREAKOUT","2026-01-19","","126d","126","DOWNTREND","BEARISH","BEARISH","BEARISH","STRUCTURE + DISCOUNT","NORMAL DOWNTREND","17.5","TRUE","FALSE","FALSE","LAGGING","LAGGARD (Passive)","0.49","0.49","DRY / QUIET","55.56","44.44","24.41","35.1","9.73","36.26","112.48","122.29","124.33","52004700","107196765","748","Supertrend bearish | RSI 24.4 lemah | Volume 0.49x | Crash filter aktif | RISEN NORMAL DOWNTREND","Full Grid (1-2-3-4)","100000000","163","154","151","148","0.1","0.2","0.3","0.4","613","1298","1986","2702","6599","99959300","40700","151.48","151.48","142","195","226","226","12.88","6.26","38.65","49.2","3","7.86"
"NRCA","2026-05-25","2026-05-25","559","FULL","476","0","AVOID","-","passive","FALSE","","V-SHAPE","2026-01-19","","126d","126","DOWNTREND","BEARISH","BEARISH","BEARISH","STRUCTURE + DISCOUNT","NORMAL DOWNTREND","56.58","TRUE","FALSE","FALSE","LAGGING","LAGGARD (Passive)","0.4","0.4","DRY / QUIET","64.29","35.71","34.54","31.02","11.22","32.55","554.13","636.37","796.13","4351100","10816680","748","Supertrend bearish | RSI 34.5 lemah | Volume 0.4x | Crash filter aktif | RISEN NORMAL DOWNTREND","Full Grid (1-2-3-4)","100000000","1345","1225","1195","1150","0.1","0.2","0.3","0.4","74","163","251","347","835","99820000","180000","1195.45","1195.48","1070","1935","2160","2160","20.45","10.49","60.59","80.69","2.96","7.69"
"PTMP","2026-05-25","2026-05-25","559","FULL","65","1.5625","AVOID","-","passive","FALSE","","BETA BREAKOUT","2026-01-19","","126d","126","DOWNTREND","BEARISH","BEARISH","BEARISH","STRUCTURE + DISCOUNT","SIDEWAYS","43.99","TRUE","FALSE","FALSE","WEAKENING","WEAKENING (Passive)","0.05","0.05","DRY / QUIET","50","50","44.92","44.54","24.04","18.72","68.4","69.34","77.39","4619800","96361715","748","Supertrend bearish | RSI 44.9 lemah | Volume 0.05x | Lolos anti-crash ADX | RISEN SIDEWAYS","Full Grid (1-2-3-4)","100000000","93","87","86","84","0.1","0.2","0.3","0.4","1075","2298","3488","4761","11622","99979300","20700","86.03","86.03","80","113","132","132","13.98","7","41.94","53.44","3","7.63"
"PTPS","2026-05-25","2026-05-25","559","FULL","140","2.18978102189781","AVOID","-","passive","FALSE","","BETA BREAKOUT","2026-01-19","","126d","126","DOWNTREND","BEARISH","BEARISH","BEARISH","STRUCTURE + DISCOUNT","NORMAL DOWNTREND","25","TRUE","FALSE","FALSE","LAGGING","LAGGARD (Passive)","0.34","0.34","DRY / QUIET","66.67","33.33","21.05","46.02","11.32","38.19","159.02","172.57","171.19","2108400","6240065","748","Supertrend bearish | RSI 21.1 lemah | Volume 0.34x | Crash filter aktif | RISEN NORMAL DOWNTREND","Full Grid (1-2-3-4)","100000000","204","193","190","187","0.1","0.2","0.3","0.4","490","1036","1578","2139","5243","99972100","27900","190.68","190.68","181","238","274","274","11.27","5.08","34.31","43.7","3.04","8.61"
"AISA","2026-05-25","2026-05-25","559","FULL","108","1.8867924528301887","AVOID","-","passive","FALSE","","BETA BREAKOUT","2026-01-15","","130d","130","DOWNTREND","BEARISH","BEARISH","BEARISH","STRUCTURE + DISCOUNT","NORMAL DOWNTREND","27","TRUE","FALSE","FALSE","LAGGING","LAGGARD (Passive)","0.19","0.19","DRY / QUIET","100","0","33.7","24.87","13.76","31.21","118.15","123.78","131.17","730800","3877890","740","Supertrend bearish | RSI 33.7 lemah | Volume 0.19x | Lolos anti-crash ADX | RISEN NORMAL DOWNTREND","Full Grid (1-2-3-4)","100000000","153","141","138","133","0.1","0.2","0.3","0.4","653","1418","2173","3007","7251","99965200","34800","137.86","137.87","127","192","232","232","16.99","7.88","51.63","68.28","3.04","8.66"
"INRU","2026-05-25","2026-05-25","559","FULL","590","0","AVOID","-","passive","FALSE","","V-SHAPE","2025-11-26","","180d","180","DOWNTREND","NEUTRAL","BEARISH","BEARISH","DOWNTREND DISCOUNT","NORMAL DOWNTREND","0","FALSE","FALSE","FALSE","LEADING","LEADING (Passive)","0","0","NO VOLUME","50","50","30.67","22.65","13.3","21.1","590.01","592.26","626.04","0","0","740","Supertrend bearish | RSI 30.7 lemah | Volume NaNx | Lolos anti-crash ADX | RISEN NORMAL DOWNTREND","Full Grid (1-2-3-4)","100000000","740","710","705","695","0.1","0.2","0.3","0.4","135","281","425","575","1416","99866000","134000","705.27","705.27","670","845","950","950","9.46","5","28.38","34.7","3","6.94"
"SBMA","2026-05-25","2026-05-25","559","FULL","111","-0.8928571428571428","AVOID","-","passive","FALSE","","BETA BREAKOUT","2026-01-15","","130d","130","DOWNTREND","BEARISH","BEARISH","BEARISH","STRUCTURE + DISCOUNT","NORMAL DOWNTREND","40.08","TRUE","FALSE","FALSE","LAGGING","LAGGARD (Passive)","0.37","0.37","DRY / QUIET","0","100","30.4","25.76","15.18","23.46","116.41","120.05","126.05","334300","910970","740","Supertrend bearish | RSI 30.4 lemah | Volume 0.37x | Lolos anti-crash ADX | RISEN NORMAL DOWNTREND","Full Grid (1-2-3-4)","100000000","137","132","131","129","0.1","0.2","0.3","0.4","729","1515","2290","3100","7634","99974300","25700","130.96","130.96","126","154","170","170","8.03","3.79","24.09","29.81","3","7.87"
"HAIS","2026-05-25","2026-05-25","559","FULL","179","1.7045454545454544","AVOID","-","passive","FALSE","","BETA BREAKOUT","2025-11-25","","181d","181","DOWNTREND","BEARISH","BEARISH","BEARISH","STRUCTURE + DISCOUNT","NORMAL DOWNTREND","59.68","TRUE","FALSE","FALSE","LEADING","LEADING (Passive)","0.17","0.17","DRY / QUIET","100","0","31.6","54.94","5.6","28.1","186.56","196.37","208.08","259000","1544380","738","Supertrend bearish | RSI 31.6 lemah | Volume 0.17x | Crash filter aktif | RISEN NORMAL DOWNTREND","Full Grid (1-2-3-4)","100000000","244","222","216","210","0.1","0.2","0.3","0.4","409","900","1388","1904","4601","99924400","75600","217.18","217.18","197","314","386","386","19.26","9.29","58.2","77.73","3.02","8.37"
"MPRO","2026-05-25","2026-05-25","559","FULL","9000","0","AVOID","-","passive","FALSE","","BETA BREAKOUT","2025-11-25","","181d","181","DOWNTREND","BEARISH","BEARISH","BULLISH","DEMAND STRUCTURE","SIDEWAYS","95.58","TRUE","FALSE","FALSE","LEADING","LEADING (Passive)","0","0","NO VOLUME","50","50","7.2","83.69","3.51","93.32","9226.44","9553.84","8294.4","0","50","738","Supertrend bearish | RSI 7.2 lemah | Volume 0x | Crash filter aktif | RISEN SIDEWAYS","Full Grid (1-2-3-4)","100000000","9650","5875","4990","3720","0.1","0.2","0.3","0.4","10","34","60","107","211","99369000","631000","4709.43","4715.82","1965","21175","32700","32700","79.64","58.28","238.86","594.35","3","10.2"
"TAMU","2026-05-25","2026-05-25","559","FULL","20","5.263157894736842","AVOID","-","passive","FALSE","","SMART GAMMA","2026-01-14","","131d","131","DOWNTREND","BEARISH","BEARISH","BEARISH","STRUCTURE + DISCOUNT","NORMAL DOWNTREND","57.17","TRUE","FALSE","FALSE","LAGGING","LAGGARD (Passive)","1.31","1.31","EXPANSION","50","50","28.12","24.62","20.78","54.72","26.15","29.42","30.12","10144500","7719225","738","Supertrend bearish | RSI 28.1 lemah | Volume valid 1.31x | Lolos anti-crash ADX | RISEN NORMAL DOWNTREND","Full Grid (1-2-3-4)","100000000","69","48","42","35","0.1","0.2","0.3","0.4","1449","4166","7142","11428","24185","99989300","10700","41.34","41.34","25","135","202","202","63.77","39.53","192.75","388.59","3.02","9.83"
"WINE","2026-05-25","2026-05-25","559","FULL","160","-1.2345679012345678","AVOID","-","passive","FALSE","","V-SHAPE","2026-01-14","","131d","131","DOWNTREND","BEARISH","BEARISH","BEARISH","DOWNTREND DISCOUNT","NORMAL DOWNTREND","39.99","TRUE","FALSE","FALSE","LAGGING","LAGGARD (Passive)","1","1","NORMAL","33.33","66.67","18.95","36.96","3.56","26.95","175.81","182.26","205.48","1392600","1386185","738","Supertrend bearish | RSI 18.9 lemah | Volume 1x | Crash filter aktif | RISEN NORMAL DOWNTREND","Full Grid (1-2-3-4)","100000000","208","200","198","195","0.1","0.2","0.3","0.4","480","1000","1515","2051","5046","99975500","24500","198.13","198.13","191","234","260","260","8.17","3.6","25","31.23","3.06","8.68"
"INDF","2026-05-25","2026-05-25","559","FULL","6950","3.3457249070631967","AVOID","-","passive","FALSE","","SMART SNIPER","2025-11-24","Structure + Discount","182d","182","DOWNTREND","BULLISH","BULLISH","BEARISH","DEMAND STRUCTURE","SIDEWAYS","42.47","TRUE","FALSE","FALSE","LEADING","LEADING (Passive)","0.96","0.96","NORMAL","90.91","9.09","56.47","22.03","22.02","21.57","6815.17","6747.09","6965.62","8238700","8574450","736","Supertrend bearish | RSI 56.5 > 50 | Volume 0.96x | Lolos anti-crash ADX | RISEN SIDEWAYS","Full Grid (1-2-3-4)","100000000","7450","7150","7075","6975","0.1","0.2","0.3","0.4","13","27","42","57","139","98462500","1537500","7083.63","7084.9","6825","8400","9325","9325","8.39","3.65","25.17","31.64","3","8.67"
"KDSI","2026-05-25","2026-05-25","559","FULL","448","0","HOLD","-","passive","FALSE","","V-SHAPE","2025-11-24","","182d","182","UPTREND","BEARISH","BEARISH","BEARISH","STRUCTURE + DISCOUNT","SIDEWAYS","60","TRUE","FALSE","FALSE","LEADING","LEADING (Passive)","0.13","0.13","DRY / QUIET","80","20","48.31","18.49","8.53","13.81","449.42","449.54","486.67","5800","44365","736","Supertrend bullish | RSI 48.3 lemah | Volume 0.13x | Lolos anti-crash ADX | RISEN SIDEWAYS","Full Grid (1-2-3-4)","100000000","462","454","452","450","0.1","0.2","0.3","0.4","216","440","663","888","2207","99882800","117200","452.57","452.57","442","492","540","540","4.33","2.34","16.88","19.32","3.9","8.27"
"PALM","2026-05-25","2026-05-25","559","FULL","342","3.0120481927710845","AVOID","-","passive","FALSE","","BETA BREAKOUT + V-SHAPE","2026-01-13","","132d","132","DOWNTREND","BEARISH","BEARISH","BEARISH","STRUCTURE + DISCOUNT","NORMAL DOWNTREND","47.34","TRUE","FALSE","FALSE","WEAKENING","WEAKENING (Passive)","0.18","0.18","DRY / QUIET","83.33","16.67","38.08","18.13","12.66","30.64","357.75","364.88","378.78","191800","1079565","736","Supertrend bearish | RSI 38.1 lemah | Volume 0.18x | Lolos anti-crash ADX | RISEN NORMAL DOWNTREND","Full Grid (1-2-3-4)","100000000","408","388","384","376","0.1","0.2","0.3","0.4","245","515","781","1063","2604","99937200","62800","383.78","383.78","366","472","535","535","10.29","4.63","31.13","39.4","3.02","8.5"
"SNLK","2026-05-25","2026-05-25","559","FULL","248","2.479338842975207","AVOID","-","passive","FALSE","","SMART SNIPER","2025-11-24","Structure + Discount","182d","182","DOWNTREND","BULLISH","BEARISH","BEARISH","STRUCTURE + DISCOUNT","SIDEWAYS","58.38","TRUE","FALSE","FALSE","LEADING","LEADING (Passive)","1.11","1.11","NORMAL","55.56","44.44","51.39","18.13","14.01","13.19","243.35","260.21","367.19","16136100","14544215","736","Supertrend bearish | RSI 51.4 > 50 | Volume 1.11x | Lolos anti-crash ADX | RISEN SIDEWAYS","Full Grid (1-2-3-4)","100000000","414","408","406","404","0.1","0.2","0.3","0.4","241","490","738","990","2459","99928200","71800","406.38","406.38","400","448","555","555","3.38","1.57","34.06","36.57","10.07","23.3"
"DKHH","2026-05-25","2026-05-25","248","FULL","66","1.5384615384615385","AVOID","-","passive","FALSE","","SMART GAMMA","2026-01-12","","133d","133","DOWNTREND","BEARISH","BEARISH","BEARISH","STRUCTURE + DISCOUNT","SIDEWAYS","26.79","TRUE","FALSE","FALSE","LAGGING","LAGGARD (Passive)","0.11","0.11","DRY / QUIET","20","80","41.75","27.8","23.76","17.35","72.98","73.4","87.7","12137700","108535825","734","Supertrend bearish | RSI 41.8 lemah | Volume 0.11x | Lolos anti-crash ADX | RISEN SIDEWAYS","Full Grid (1-2-3-4)","100000000","116","99","95","89","0.1","0.2","0.3","0.4","862","2020","3157","4494","10533","99985300","14700","94.93","94.93","81","169","222","222","30.17","14.67","91.38","133.87","3.03","9.13"
"KRAS","2026-05-25","2026-05-25","559","FULL","230","-0.8620689655172413","AVOID","-","passive","FALSE","","BETA BREAKOUT","2026-01-09","","136d","136","DOWNTREND","BEARISH","BEARISH","BEARISH","STRUCTURE + DISCOUNT","NORMAL DOWNTREND","28.4","TRUE","FALSE","FALSE","LAGGING","LAGGARD (Passive)","0.41","0.41","DRY / QUIET","0","100","28.17","31.1","15.78","37.39","263.6","287.07","295.55","3499700","8606490","728","Supertrend bearish | RSI 28.2 lemah | Volume 0.41x | Crash filter aktif | RISEN NORMAL DOWNTREND","Full Grid (1-2-3-4)","100000000","380","368","364","360","0.1","0.2","0.3","0.4","263","543","824","1111","2741","99966000","34000","364.71","364.71","350","426","470","470","7.89","4.03","23.68","28.87","3","7.16"
"BLTZ","2026-05-25","2026-05-25","559","FULL","2650","0","AVOID","-","passive","FALSE","","G ACC","2025-11-19","","187d","187","DOWNTREND","NEUTRAL","BEARISH","BULLISH","DEMAND STRUCTURE","NORMAL DOWNTREND","17.5","TRUE","FALSE","FALSE","LEADING","LEADING (Passive)","0","0","NO VOLUME","50","50","49.84","21.79","40.13","40.29","2647.81","2670.05","2560.61","0","175","726","Supertrend bearish | RSI 49.8 lemah | Volume 0x | Lolos anti-crash ADX | RISEN NORMAL DOWNTREND","Full Grid (1-2-3-4)","100000000","2910","2540","2450","2320","0.1","0.2","0.3","0.4","34","78","122","172","406","99500000","500000","2450.74","2451.18","2140","4070","5225","5225","26.46","12.68","79.55","113.2","3.01","8.93"
"GWSA","2026-05-25","2026-05-25","559","FULL","131","1.550387596899225","AVOID","-","passive","FALSE","","G ACC","2026-01-07","","138d","138","DOWNTREND","BEARISH","BEARISH","BEARISH","DOWNTREND DISCOUNT","NORMAL DOWNTREND","65","TRUE","FALSE","FALSE","LAGGING","LAGGARD (Passive)","0.92","0.92","NORMAL","66.67","33.33","31.5","17.14","17.69","26.15","142.84","150.94","154.98","1658800","1795420","724","Supertrend bearish | RSI 31.5 lemah | Volume 0.92x | Lolos anti-crash ADX | RISEN NORMAL DOWNTREND","Full Grid (1-2-3-4)","100000000","166","156","154","150","0.1","0.2","0.3","0.4","602","1282","1948","2666","6498","99981600","18400","153.87","153.87","145","198","230","230","12.65","5.76","38.55","49.48","3.05","8.59"
"POWR","2026-05-25","2026-05-25","559","FULL","710","1.4285714285714286","AVOID","-","passive","FALSE","","SMART GAMMA","2026-01-07","","138d","138","DOWNTREND","BEARISH","BEARISH","BEARISH","STRUCTURE + DISCOUNT","NORMAL DOWNTREND","17.5","TRUE","FALSE","FALSE","WEAKENING","WEAKENING (Passive)","0.9","0.9","NORMAL","50","50","38.3","26.8","16.83","21.25","738.49","734.02","715.27","5202400","5762170","724","Supertrend bearish | RSI 38.3 lemah | Volume 0.9x | Lolos anti-crash ADX | RISEN NORMAL DOWNTREND","Full Grid (1-2-3-4)","100000000","715","700","695","685","0.1","0.2","0.3","0.4","139","285","431","583","1438","99778500","221500","693.87","693.88","680","770","845","845","4.9","2","18.18","21.78","3.71","10.9"
"SDPC","2026-05-25","2026-05-25","559","FULL","180","-2.1739130434782608","AVOID","-","passive","FALSE","","BETA BREAKOUT","2026-01-07","","138d","138","DOWNTREND","BEARISH","BEARISH","BULLISH","DEMAND STRUCTURE","NORMAL DOWNTREND","56.89","TRUE","FALSE","FALSE","LAGGING","LAGGARD (Passive)","0.45","0.45","DRY / QUIET","22.22","77.78","39.26","20.82","15.11","21.94","187.61","188.68","169.29","140100","313615","724","Supertrend bearish | RSI 39.3 lemah | Volume 0.45x | Lolos anti-crash ADX | RISEN NORMAL DOWNTREND","Full Grid (1-2-3-4)","100000000","188","169","164","157","0.1","0.2","0.3","0.4","531","1183","1829","2547","6090","99959000","41000","164.14","164.14","147","250","312","312","21.81","10.44","65.96","90.09","3.02","8.63"
"GDST","2026-05-25","2026-05-25","559","FULL","91","4.597701149425287","AVOID","-","passive","FALSE","","BETA BREAKOUT","2026-01-06","","139d","139","DOWNTREND","BEARISH","BEARISH","BEARISH","STRUCTURE + DISCOUNT","NORMAL DOWNTREND","25","TRUE","FALSE","FALSE","LAGGING","LAGGARD (Passive)","0.08","0.08","DRY / QUIET","71.43","28.57","37.4","24.85","24.16","22.81","97.23","101.94","108.1","1611800","21066500","722","Supertrend bearish | RSI 37.4 lemah | Volume 0.08x | Lolos anti-crash ADX | RISEN NORMAL DOWNTREND","Full Grid (1-2-3-4)","100000000","134","125","122","119","0.1","0.2","0.3","0.4","746","1600","2459","3361","8166","99992100","7900","122.45","122.45","114","164","194","194","14.93","6.9","44.78","58.43","3","8.47"
"NICE","2026-05-25","2026-05-25","554","FULL","276","-1.4285714285714286","AVOID","-","passive","FALSE","","SMART SNIPER","2026-01-06","Demand Structure","139d","139","DOWNTREND","BEARISH","BEARISH","BEARISH","STRUCTURE + DISCOUNT","NORMAL DOWNTREND","36.46","TRUE","FALSE","FALSE","WEAKENING","WEAKENING (Passive)","0.32","0.32","DRY / QUIET","23.08","76.92","34.02","22.3","17.37","24.47","297.82","312.73","364.23","224000","710680","722","Supertrend bearish | RSI 34.0 lemah | Volume 0.32x | Lolos anti-crash ADX | RISEN NORMAL DOWNTREND","Full Grid (1-2-3-4)","100000000","442","408","398","386","0.1","0.2","0.3","0.4","226","490","753","1036","2505","99940200","59800","398.96","398.97","370","550","660","660","16.29","7.26","49.32","65.43","3.03","9.01"
"NICL","2026-05-25","2026-05-25","559","FULL","555","-3.4782608695652173","AVOID","-","passive","FALSE","","G ACC","2026-01-06","","139d","139","DOWNTREND","BEARISH","BEARISH","BEARISH","STRUCTURE + DISCOUNT","NORMAL DOWNTREND","46.63","TRUE","FALSE","FALSE","LAGGING","LAGGARD (Passive)","0.38","0.38","DRY / QUIET","20","80","22.36","36.78","7.65","37.85","746.72","864.32","966.08","6353100","16736890","722","Supertrend bearish | RSI 22.4 lemah | Volume 0.38x | Crash filter aktif | RISEN NORMAL DOWNTREND","Full Grid (1-2-3-4)","100000000","1840","1410","1305","1160","0.1","0.2","0.3","0.4","54","141","229","344","768","99605500","394500","1296.95","1297.18","955","3170","4500","4500","48.1","26.37","144.57","246.97","3.01","9.37"
"VICO","2026-05-25","2026-05-25","559","FULL","145","5.072463768115942","AVOID","-","passive","FALSE","","V-SHAPE","2026-01-06","","139d","139","DOWNTREND","BEARISH","BEARISH","BEARISH","STRUCTURE + DISCOUNT","NORMAL DOWNTREND","20.78","TRUE","FALSE","FALSE","LAGGING","LAGGARD (Passive)","0.02","0.02","DRY / QUIET","85.71","14.29","37.2","35.03","24.32","17.63","155.72","162.18","173.39","25300","1022940","722","Supertrend bearish | RSI 37.2 lemah | Volume 0.02x | Lolos anti-crash ADX | RISEN NORMAL DOWNTREND","Full Grid (1-2-3-4)","100000000","212","204","202","200","0.1","0.2","0.3","0.4","471","980","1485","2000","4936","99974200","25800","202.54","202.54","194","240","266","266","8.49","4.22","25.47","31.33","3","7.43"
"HILL","2026-05-25","2026-05-25","559","FULL","15","7.142857142857142","AVOID","-","passive","FALSE","","EARLY SWEEP","2026-01-02","","143d","143","DOWNTREND","BEARISH","BEARISH","BEARISH","DOWNTREND DISCOUNT","NORMAL DOWNTREND","63.11","TRUE","FALSE","FALSE","LAGGING","LAGGARD (Passive)","1.05","1.05","NORMAL","100","0","26.09","39.95","13.42","50.43","18.71","32.11","237.09","64728400","61778805","714","Supertrend bearish | RSI 26.1 lemah | Volume 1.05x | Crash filter aktif | RISEN NORMAL DOWNTREND","Full Grid (1-2-3-4)","100000000","182","161","156","149","0.1","0.2","0.3","0.4","549","1242","1923","2684","6398","99978400","21600","156.27","156.27","138","248","314","314","24.18","11.69","72.53","100.94","3","8.64"
"MMLP","2026-05-25","2026-05-25","559","FULL","320","2.564102564102564","AVOID","-","passive","FALSE","","V-SHAPE","2026-01-02","","143d","143","DOWNTREND","BEARISH","BEARISH","BEARISH","STRUCTURE + DISCOUNT","NORMAL DOWNTREND","67.48","TRUE","FALSE","FALSE","WEAKENING","WEAKENING (Passive)","0.86","0.86","NORMAL","71.43","28.57","37.45","15.53","15.73","25.43","336.03","360.27","450.4","902500","1050435","714","Supertrend bearish | RSI 37.5 lemah | Volume 0.86x | Lolos anti-crash ADX | RISEN NORMAL DOWNTREND","Full Grid (1-2-3-4)","100000000","555","520","510","500","0.1","0.2","0.3","0.4","180","384","588","800","1952","99946000","54000","512.02","512.02","478","670","785","785","13.87","6.64","41.44","53.31","2.99","8.02"
"TEBE","2026-05-25","2026-05-25","559","FULL","1070","5.41871921182266","AVOID","-","passive","FALSE","","SMART SNIPER + V-SHAPE","2025-12-08","Demand Structure","168d","168","DOWNTREND","BEARISH","BEARISH","BEARISH","STRUCTURE + DISCOUNT","NORMAL DOWNTREND","54.78","TRUE","FALSE","FALSE","IMPROVING","IMPROVING (Passive)","0.71","0.71","DRY / QUIET","52.94","47.06","38.15","30.89","13.27","35.88","1170.49","1316.15","1566.41","1099800","1559425","714","Supertrend bearish | RSI 38.1 lemah | Volume 0.71x | Crash filter aktif | RISEN NORMAL DOWNTREND","Full Grid (1-2-3-4)","100000000","2500","2230","2170","2080","0.1","0.2","0.3","0.4","40","89","138","192","459","99729000","271000","2172.75","2172.77","1925","3360","4230","4230","23","11.4","69.2","94.68","3.01","8.3"
"CMNP","2026-05-25","2026-05-25","559","FULL","1430","0.3508771929824561","AVOID","-","passive","FALSE","","G ACC","2025-12-30","","146d","146","DOWNTREND","BEARISH","BEARISH","BEARISH","STRUCTURE + DISCOUNT","SIDEWAYS","56.41","TRUE","FALSE","FALSE","LAGGING","LAGGARD (Passive)","0.16","0.16","DRY / QUIET","50","50","41.92","19.49","20.85","20.53","1488.17","1485.01","1467.16","162100","1002425","708","Supertrend bearish | RSI 41.9 lemah | Volume 0.16x | Lolos anti-crash ADX | RISEN SIDEWAYS","Full Grid (1-2-3-4)","100000000","1765","1535","1480","1400","0.1","0.2","0.3","0.4","56","130","202","285","673","99635000","365000","1480.46","1480.68","1285","2490","3500","3500","27.2","13.2","98.3","136.41","3.61","10.33"
"BPTR","2026-05-25","2026-05-25","559","FULL","72","1.4084507042253522","AVOID","-","passive","FALSE","","V-SHAPE","2025-12-29","","147d","147","DOWNTREND","BEARISH","BEARISH","BEARISH","DOWNTREND DISCOUNT","NORMAL DOWNTREND","25","TRUE","FALSE","FALSE","LAGGING","LAGGARD (Passive)","0.15","0.15","DRY / QUIET","75","25","39.49","34.32","29.18","21.65","81.45","83.03","86.29","2451700","16236565","706","Supertrend bearish | RSI 39.5 lemah | Volume 0.15x | Lolos anti-crash ADX | RISEN NORMAL DOWNTREND","Full Grid (1-2-3-4)","100000000","91","88","87","86","0.1","0.2","0.3","0.4","1098","2272","3448","4651","11469","99981600","18400","87.18","87.18","84","102","112","112","7.69","3.64","23.08","28.48","3","7.82"
"COCO","2026-05-25","2026-05-25","559","FULL","252","0","AVOID","-","passive","FALSE","","EARLY SWEEP","2025-12-29","","147d","147","DOWNTREND","BEARISH","BEARISH","BEARISH","STRUCTURE + DISCOUNT","NORMAL DOWNTREND","28.18","TRUE","FALSE","FALSE","LAGGING","LAGGARD (Passive)","0.16","0.16","DRY / QUIET","47.62","52.38","37.58","20.11","19.14","29.22","313.18","334.73","329.75","15888600","99196625","706","Supertrend bearish | RSI 37.6 lemah | Volume 0.16x | Lolos anti-crash ADX | RISEN NORMAL DOWNTREND","Full Grid (1-2-3-4)","100000000","444","328","300","260","0.1","0.2","0.3","0.4","225","609","1000","1538","3372","99953200","46800","296.42","296.43","194","820","1195","1195","56.31","34.55","169.14","303.14","3","8.77"
"GZCO","2026-05-25","2026-05-25","559","FULL","153","-1.9230769230769231","AVOID","-","passive","FALSE","","EARLY SWEEP","2025-12-29","","147d","147","DOWNTREND","BEARISH","BEARISH","BEARISH","STRUCTURE + DISCOUNT","NORMAL DOWNTREND","25","TRUE","FALSE","FALSE","LAGGING","LAGGARD (Passive)","0.32","0.32","DRY / QUIET","23.53","76.47","32.09","33.54","11.81","33.16","188.5","202.16","205.49","10313700","32591950","706","Supertrend bearish | RSI 32.1 lemah | Volume 0.32x | Crash filter aktif | RISEN NORMAL DOWNTREND","Full Grid (1-2-3-4)","100000000","394","238","202","149","0.1","0.2","0.3","0.4","253","840","1485","2684","5262","99948800","51200","189.94","189.97","75","875","1350","1350","80.96","60.51","242.64","610.73","3","10.09"
"PMUI","2026-05-25","2026-05-25","210","IPO / SHORT","80","3.896103896103896","AVOID","-","passive","FALSE","","BETA BREAKOUT","2025-12-29","","147d","147","DOWNTREND","BEARISH","BEARISH","BEARISH","STRUCTURE + DISCOUNT","NORMAL DOWNTREND","24.03","TRUE","FALSE","FALSE","LAGGING","LAGGARD (Passive)","0.9","0.9","NORMAL","50","50","26.8","30.54","14.33","33.27","96.75","103.97","125.41","2212500","2454820","706","Supertrend bearish | RSI 26.8 lemah | Volume 0.9x | Crash filter aktif | RISEN NORMAL DOWNTREND","Full Grid (1-2-3-4)","100000000","155","139","135","129","0.1","0.2","0.3","0.4","645","1438","2222","3100","7405","99972700","27300","135.01","135.01","120","208","260","260","22.58","11.12","67.74","92.58","3","8.33"
"PLAN","2026-05-25","2026-05-25","559","FULL","41","7.894736842105263","AVOID","-","passive","FALSE","","EARLY SWEEP","2025-12-24","","152d","152","DOWNTREND","BEARISH","BEARISH","BEARISH","STRUCTURE + DISCOUNT","NORMAL DOWNTREND","47.02","TRUE","FALSE","FALSE","LAGGING","LAGGARD (Passive)","0.85","0.85","NORMAL","100","0","39.61","14.87","20.64","26.86","46.89","50.78","51.8","4825500","5698575","696","Supertrend bearish | RSI 39.6 lemah | Volume 0.85x | Lolos anti-crash ADX | RISEN NORMAL DOWNTREND","Full Grid (1-2-3-4)","100000000","53","49","47","46","0.1","0.2","0.3","0.4","1886","4081","6382","8695","21044","99985100","14900","47.51","47.51","43","68","83","83","18.87","9.5","56.6","74.69","3","7.86"
"ASDM","2026-05-25","2026-05-25","559","FULL","505","0","AVOID","-","passive","FALSE","","SMART GAMMA","2025-11-03","","203d","203","DOWNTREND","BEARISH","BEARISH","BEARISH","STRUCTURE + DISCOUNT","NORMAL DOWNTREND","41.22","TRUE","FALSE","FALSE","LEADING","LEADING (Passive)","0.24","0.24","DRY / QUIET","0","100","32.18","46.59","13.66","26.28","534.99","571.66","583.04","22800","93870","694","Supertrend bearish | RSI 32.2 lemah | Volume 0.24x | Crash filter aktif | RISEN NORMAL DOWNTREND","Full Grid (1-2-3-4)","100000000","600","555","545","530","0.1","0.2","0.3","0.4","166","360","550","754","1830","99877000","123000","545.78","545.79","505","745","885","885","15.83","7.47","47.5","62.15","3","8.32"
"BSML","2026-05-25","2026-05-25","559","FULL","408","0","HOLD","-","passive","FALSE","","V-SHAPE","2025-12-22","","154d","154","UPTREND","BULLISH","BULLISH","BULLISH","UPTREND PREMIUM","NORMAL UPTREND","62.15","TRUE","TRUE","FALSE","WEAKENING","WEAKENING (Passive)","1.03","1.03","NORMAL","50","50","54.52","31.27","25.15","18.93","406.7","379.24","270.19","17833500","17233100","692","Supertrend bullish | RSI 54.5 > 50 | Volume 1.03x | Lolos anti-crash ADX | RISEN NORMAL UPTREND","Full Grid (1-2-3-4)","100000000","254","230","224","214","0.1","0.2","0.3","0.4","393","869","1339","1869","4470","99959400","40600","223.62","223.63","202","332","410","410","20.47","9.67","61.42","83.34","3","8.62"
"KPIG","2026-05-25","2026-05-25","559","FULL","96","6.666666666666667","AVOID","-","passive","FALSE","","V-SHAPE","2025-11-24","","182d","182","DOWNTREND","BEARISH","BEARISH","BEARISH","STRUCTURE + DISCOUNT","NORMAL DOWNTREND","47.18","TRUE","FALSE","FALSE","IMPROVING","IMPROVING (Passive)","1.2","1.2","NORMAL","75","25","39.66","19.69","18.38","25.8","104.1","115.61","141.66","92272000","76896255","686","Supertrend bearish | RSI 39.7 lemah | Volume 1.2x | Lolos anti-crash ADX | RISEN NORMAL DOWNTREND","Full Grid (1-2-3-4)","100000000","140","137","136","134","0.1","0.2","0.3","0.4","714","1459","2205","2985","7363","99971300","28700","135.78","135.78","132","152","167","167","5.71","2.78","19.29","23","3.38","8.27"
"MMIX","2026-05-25","2026-05-25","559","FULL","374","3.314917127071823","HOLD","-","passive","FALSE","","EARLY SWEEP","2025-12-19","","157d","157","UPTREND","BULLISH","BULLISH","BULLISH","UPTREND PREMIUM","NORMAL UPTREND","40.49","TRUE","TRUE","FALSE","WEAKENING","WEAKENING (Passive)","1.17","1.17","NORMAL","85.71","14.29","65.7","55.22","29.84","13.64","339.75","298.57","252.7","5963300","5084710","686","Supertrend bullish | RSI 65.7 > 50 | Volume 1.17x | Lolos anti-crash ADX | RISEN NORMAL UPTREND","Full Grid (1-2-3-4)","100000000","244","232","230","226","0.1","0.2","0.3","0.4","409","862","1304","1769","4344","99949400","50600","230.09","230.09","216","286","288","288","11.48","6.12","18.03","25.17","1.57","4.11"
"UNTR","2026-05-25","2026-05-25","559","FULL","24575","2.182952182952183","AVOID","-","passive","FALSE","","BETA BREAKOUT","2025-12-19","","157d","157","DOWNTREND","BEARISH","BEARISH","BEARISH","STRUCTURE + DISCOUNT","NORMAL DOWNTREND","22.68","TRUE","FALSE","FALSE","LAGGING","LAGGARD (Passive)","1.21","1.21","EXPANSION","58.97","41.03","26.04","38.6","13.27","41.4","27360.26","28684.79","27903.13","4283500","3542830","686","Supertrend bearish | RSI 26.0 lemah | Volume valid 1.21x | Crash filter aktif | RISEN NORMAL DOWNTREND","Full Grid (1-2-3-4)","100000000","29800","28825","28600","28275","0.1","0.2","0.3","0.4","3","6","10","14","33","94420000","5580000","28612.12","28628.35","27700","32950","36250","36250","7.05","3.19","21.64","26.69","3.07","8.37"
"WINS","2026-05-25","2026-05-25","559","FULL","525","3.9603960396039604","AVOID","-","passive","FALSE","","G ACC","2025-12-18","","158d","158","DOWNTREND","BEARISH","BEARISH","BULLISH","DEMAND STRUCTURE","SIDEWAYS","72.22","TRUE","FALSE","FALSE","LAGGING","LAGGARD (Passive)","0.46","0.46","DRY / QUIET","84.38","15.63","47.32","20.02","20.09","23.68","532.6","527.57","486.22","1292100","2786845","684","Supertrend bearish | RSI 47.3 lemah | Volume 0.46x | Lolos anti-crash ADX | RISEN SIDEWAYS","Full Grid (1-2-3-4)","100000000","515","462","448","430","0.1","0.2","0.3","0.4","194","432","669","930","2225","99910600","89400","449.04","449.04","404","680","850","850","21.55","10.03","65.05","89.29","3.02","8.9"
"AGRO","2026-05-25","2026-05-25","559","FULL","167","4.375","AVOID","-","passive","FALSE","","SMART GAMMA","2025-12-15","","161d","161","DOWNTREND","BEARISH","BEARISH","BEARISH","STRUCTURE + DISCOUNT","NORMAL DOWNTREND","25","TRUE","FALSE","FALSE","LAGGING","LAGGARD (Passive)","0.78","0.78","DRY / QUIET","75","25","41.39","25.13","21.42","26.8","176.19","184.83","208.28","9468700","12155900","678","Supertrend bearish | RSI 41.4 lemah | Volume 0.78x | Lolos anti-crash ADX | RISEN NORMAL DOWNTREND","Full Grid (1-2-3-4)","100000000","248","228","224","216","0.1","0.2","0.3","0.4","403","877","1339","1851","4470","99965200","34800","223.64","223.64","206","312","374","374","16.94","7.89","50.81","67.24","3","8.53"
"CSIS","2026-05-25","2026-05-25","559","FULL","147","8.088235294117647","AVOID","-","passive","FALSE","","BETA BREAKOUT","2025-12-15","","161d","161","DOWNTREND","BEARISH","BEARISH","BEARISH","STRUCTURE + DISCOUNT","NORMAL DOWNTREND","35.57","TRUE","FALSE","FALSE","LAGGING","LAGGARD (Passive)","0.49","0.49","DRY / QUIET","66.67","33.33","39.05","23.91","16.04","27.17","164.33","182.69","204.58","2539400","5177735","678","Supertrend bearish | RSI 39.0 lemah | Volume 0.49x | Lolos anti-crash ADX | RISEN NORMAL DOWNTREND","Full Grid (1-2-3-4)","100000000","550","464","442","414","0.1","0.2","0.3","0.4","181","431","678","966","2256","99913400","86600","442.88","442.92","368","825","1095","1095","33.09","16.91","99.09","147.25","2.99","8.71"
"DART","2026-05-25","2026-05-25","559","FULL","117","-0.847457627118644","AVOID","-","passive","FALSE","","BETA BREAKOUT + V-SHAPE","2025-12-15","","161d","161","DOWNTREND","BEARISH","BEARISH","BEARISH","DOWNTREND DISCOUNT","NORMAL DOWNTREND","25","TRUE","FALSE","FALSE","LAGGING","LAGGARD (Passive)","0.13","0.13","DRY / QUIET","40","60","25.45","27.31","23.77","24.46","142.05","149.95","160.84","392700","3114780","678","Supertrend bearish | RSI 25.4 lemah | Volume 0.13x | Lolos anti-crash ADX | RISEN NORMAL DOWNTREND","Full Grid (1-2-3-4)","100000000","214","194","189","183","0.1","0.2","0.3","0.4","467","1030","1587","2185","5269","99955600","44400","189.71","189.71","171","278","344","344","20.09","9.86","60.75","81.33","3.02","8.25"
"MINE","2026-05-25","2026-05-25","282","FULL","268","3.076923076923077","AVOID","-","passive","FALSE","","EARLY SWEEP","2025-12-15","","161d","161","DOWNTREND","BEARISH","BEARISH","BEARISH","STRUCTURE + DISCOUNT","NORMAL DOWNTREND","33.59","TRUE","FALSE","FALSE","LAGGING","LAGGARD (Passive)","0.32","0.32","DRY / QUIET","50","50","27.16","24.77","14.18","29.63","310.24","344.46","414.15","223300","705675","678","Supertrend bearish | RSI 27.2 lemah | Volume 0.32x | Lolos anti-crash ADX | RISEN NORMAL DOWNTREND","Full Grid (1-2-3-4)","100000000","484","480","478","476","0.1","0.2","0.3","0.4","206","416","627","840","2089","99893000","107000","478.19","478.19","472","530","535","535","2.48","1.29","10.54","11.88","4.25","9.18"
"SGRO","2026-05-25","2026-05-25","559","FULL","2860","0.3508771929824561","AVOID","-","passive","FALSE","","SMART GAMMA","2025-11-19","","187d","187","DOWNTREND","BEARISH","BEARISH","BEARISH","STRUCTURE + DISCOUNT","NORMAL DOWNTREND","57.96","TRUE","FALSE","FALSE","IMPROVING","IMPROVING (Passive)","0.49","0.49","DRY / QUIET","8.33","91.67","21.45","53.43","11.41","43.24","3793.34","4726.7","5215.15","98700","202865","676","Supertrend bearish | RSI 21.4 lemah | Volume 0.49x | Crash filter aktif | RISEN NORMAL DOWNTREND","Full Grid (1-2-3-4)","100000000","7225","5900","5600","5150","0.1","0.2","0.3","0.4","13","33","53","77","176","98197500","1802500","5579.4","5587.2","4510","11300","15375","15375","37.58","19.17","112.8","175.57","3","9.16"
"LPGI","2026-05-25","2026-05-25","559","FULL","695","0","HOLD","-","passive","FALSE","","SMART GAMMA","2025-10-22","","215d","215","UPTREND","NEUTRAL","BULLISH","BULLISH","DEMAND STRUCTURE","SIDEWAYS","54.85","TRUE","FALSE","FALSE","LEADING","LEADING (Passive)","0.02","0.02","DRY / QUIET","100","0","51.14","23.33","11.91","14.58","694.69","682.91","684.01","2200","101540","670","Supertrend bullish | RSI 51.1 > 50 | Volume 0.02x | Lolos anti-crash ADX | RISEN SIDEWAYS","Full Grid (1-2-3-4)","100000000","770","595","555","496","0.1","0.2","0.3","0.4","129","336","540","806","1811","99872600","127400","551.48","551.57","406","3500","3550","3550","47.27","26.38","361.04","543.73","7.64","20.61"
"EMTK","2026-05-25","2026-05-25","559","FULL","650","-1.5151515151515151","AVOID","-","passive","FALSE","","G ACC","2025-12-10","","166d","166","DOWNTREND","BEARISH","BEARISH","BEARISH","STRUCTURE + DISCOUNT","NORMAL DOWNTREND","39.68","TRUE","FALSE","FALSE","LAGGING","LAGGARD (Passive)","0.69","0.69","DRY / QUIET","16.67","83.33","25.47","27.7","15.12","36.72","750.96","810.62","905.65","20493300","29616785","668","Supertrend bearish | RSI 25.5 lemah | Volume 0.69x | Lolos anti-crash ADX | RISEN NORMAL DOWNTREND","Full Grid (1-2-3-4)","100000000","1420","1290","1255","1210","0.1","0.2","0.3","0.4","70","155","239","330","794","99859500","140500","1257.68","1257.73","1140","1840","2260","2260","19.72","9.36","59.15","79.7","3","8.52"
"IMPC","2026-05-25","2026-05-25","559","FULL","1815","1.1142061281337048","AVOID","-","passive","FALSE","","G ACC","2025-12-05","","171d","171","DOWNTREND","BEARISH","BEARISH","BEARISH","STRUCTURE + DISCOUNT","NORMAL DOWNTREND","35.69","TRUE","FALSE","FALSE","LAGGING","LAGGARD (Passive)","0.78","0.78","DRY / QUIET","46.15","53.85","36.51","22.06","17.84","24.3","2032.68","2167.94","2094.74","21228900","27304930","658","Supertrend bearish | RSI 36.5 lemah | Volume 0.78x | Lolos anti-crash ADX | RISEN NORMAL DOWNTREND","Full Grid (1-2-3-4)","100000000","3790","2040","1625","1040","0.1","0.2","0.3","0.4","26","98","184","384","692","99682000","318000","1440.49","1441.64","244","9100","14425","14425","93.56","83.06","280.61","901.39","3","10.85"
"LUCY","2026-05-25","2026-05-25","559","FULL","1080","0.9345794392523363","AVOID","-","passive","FALSE","","G ACC","2025-12-01","","175d","175","DOWNTREND","BEARISH","BEARISH","BULLISH","DEMAND STRUCTURE","NORMAL UPTREND","21.49","TRUE","TRUE","FALSE","LAGGING","LAGGARD (Passive)","0.37","0.37","DRY / QUIET","10.53","89.47","35.3","20.82","21.06","35.82","1383.03","1427.53","924.05","169400","457435","650","Supertrend bearish | RSI 35.3 lemah | Volume 0.37x | Lolos anti-crash ADX | RISEN NORMAL UPTREND","Full Grid (1-2-3-4)","100000000","194","145","133","117","0.1","0.2","0.3","0.4","515","1379","2255","3418","7567","99968600","31400","132.11","132.11","94","344","494","494","51.55","28.85","154.64","273.93","3","9.5"
"JKON","2026-05-25","2026-05-25","559","FULL","71","0","AVOID","-","passive","FALSE","","V-SHAPE","2025-11-28","","178d","178","DOWNTREND","BEARISH","BEARISH","BEARISH","STRUCTURE + DISCOUNT","SIDEWAYS","44.86","TRUE","FALSE","FALSE","LAGGING","LAGGARD (Passive)","0.12","0.12","DRY / QUIET","50","50","36.41","28.4","15.95","12.37","74.13","75.43","80.01","2447000","20244460","644","Supertrend bearish | RSI 36.4 lemah | Volume 0.12x | Lolos anti-crash ADX | RISEN SIDEWAYS","Full Grid (1-2-3-4)","100000000","87","84","83","82","0.1","0.2","0.3","0.4","1149","2380","3614","4878","12021","99984100","15900","83.17","83.17","80","98","108","108","8.05","3.82","24.14","29.85","3","7.82"
"CHIP","2026-05-25","2026-05-25","559","FULL","975","0.5154639175257731","AVOID","-","passive","FALSE","","SMART GAMMA","2025-10-08","","229d","229","DOWNTREND","BEARISH","BEARISH","BEARISH","STRUCTURE + DISCOUNT","NORMAL DOWNTREND","61.34","TRUE","FALSE","FALSE","LEADING","LEADING (Passive)","0.94","0.94","NORMAL","60","40","24.09","70.7","4.59","32.31","1015.47","1071.39","1240.11","106000","113100","642","Supertrend bearish | RSI 24.1 lemah | Volume 0.94x | Crash filter aktif | RISEN NORMAL DOWNTREND","Full Grid (1-2-3-4)","100000000","1595","1475","1445","1405","0.1","0.2","0.3","0.4","62","135","207","284","688","99615000","385000","1447.89","1448.02","1345","1970","2210","2210","15.67","7.11","38.56","52.64","2.46","7.41"
"MENN","2026-05-25","2026-05-25","559","FULL","53","0","AVOID","-","passive","FALSE","","V-SHAPE","2025-10-08","","229d","229","DOWNTREND","NEUTRAL","NEUTRAL","BULLISH","STRUCTURE + DISCOUNT","NORMAL UPTREND","0","FALSE","TRUE","FALSE","LEADING","LEADING (Passive)","0","0","NO VOLUME","50","50","46.21","23.53","21.84","13.52","53","53.01","51.1","0","0","642","Supertrend bearish | RSI 46.2 lemah | Volume NaNx | Lolos anti-crash ADX | RISEN NORMAL UPTREND","Full Grid (1-2-3-4)","100000000","55","50","49","47","0.1","0.2","0.3","0.4","1818","4000","6122","8510","20450","99993800","6200","48.9","48.9","44","72","88","88","20","10.01","60","79.97","3","7.99"
"SAPX","2026-05-25","2026-05-25","559","FULL","208","1.9607843137254901","AVOID","-","passive","FALSE","","BETA BREAKOUT","2025-11-27","","179d","179","DOWNTREND","BEARISH","BEARISH","BEARISH","DOWNTREND DISCOUNT","NORMAL DOWNTREND","23","TRUE","FALSE","FALSE","LAGGING","LAGGARD (Passive)","0.58","0.58","DRY / QUIET","50","50","23.58","48.01","6.62","23.72","233.82","248.85","366.01","73300","125620","642","Supertrend bearish | RSI 23.6 lemah | Volume 0.58x | Crash filter aktif | RISEN NORMAL DOWNTREND","Full Grid (1-2-3-4)","100000000","352","318","310","298","0.1","0.2","0.3","0.4","284","628","967","1342","3221","99935800","64200","310.26","310.27","280","460","570","570","20.45","9.75","61.93","83.71","3.03","8.58"
"AMAR","2026-05-25","2026-05-25","559","FULL","195","0","AVOID","-","passive","FALSE","","BETA BREAKOUT","2025-10-07","","230d","230","DOWNTREND","BEARISH","BEARISH","BEARISH","STRUCTURE + DISCOUNT","SIDEWAYS","61.35","TRUE","FALSE","FALSE","LEADING","LEADING (Passive)","1.16","1.16","NORMAL","16.67","83.33","45.93","15.66","18.69","25.41","196.41","199.55","206.65","727200","627420","640","Supertrend bearish | RSI 45.9 lemah | Volume 1.16x | Lolos anti-crash ADX | RISEN SIDEWAYS","Full Grid (1-2-3-4)","100000000","230","214","210","204","0.1","0.2","0.3","0.4","434","934","1428","1960","4756","99941600","58400","210.14","210.14","195","282","336","336","15.22","7.2","46.09","59.89","3.03","8.31"
"YUPI","2026-05-25","2026-05-25","271","FULL","1425","0","AVOID","-","passive","FALSE","","V-SHAPE","2025-11-26","","180d","180","DOWNTREND","BEARISH","BEARISH","BEARISH","STRUCTURE + DISCOUNT","NORMAL DOWNTREND","32.94","TRUE","FALSE","FALSE","WEAKENING","WEAKENING (Passive)","0.27","0.27","DRY / QUIET","100","0","33.76","29.71","10.15","25.46","1499.36","1519.89","1652.94","6400","23465","640","Supertrend bearish | RSI 33.8 lemah | Volume 0.27x | Lolos anti-crash ADX | RISEN NORMAL DOWNTREND","Full Grid (1-2-3-4)","100000000","1675","1645","1640","1630","0.1","0.2","0.3","0.4","59","121","182","245","607","99570000","430000","1640.36","1640.4","1605","1790","1985","1985","4.18","2.16","18.51","21.01","4.43","9.75"
"MTPS","2026-05-25","2026-05-25","559","FULL","81","0","HOLD","-","passive","FALSE","","SMART GAMMA","2025-10-06","","231d","231","UPTREND","NEUTRAL","NEUTRAL","BULLISH","UPTREND PREMIUM","SIDEWAYS","0","FALSE","FALSE","FALSE","LEADING","LEADING (Passive)","0","0","NO VOLUME","50","50","62.02","33.1","46.47","23.36","81","80.88","69.17","0","0","638","Supertrend bullish | RSI 62.0 > 50 | Volume NaNx | Lolos anti-crash ADX | RISEN SIDEWAYS","Full Grid (1-2-3-4)","100000000","55","48","46","43","0.1","0.2","0.3","0.4","1818","4166","6521","9302","21807","99991000","9000","45.85","45.85","39","79","103","103","29.09","14.95","87.27","124.63","3","8.34"
"SKLT","2026-05-25","2026-05-25","559","FULL","192","2.6737967914438503","AVOID","-","passive","FALSE","","BETA BREAKOUT","2025-11-20","","186d","186","DOWNTREND","BEARISH","BEARISH","BEARISH","STRUCTURE + DISCOUNT","NORMAL DOWNTREND","77.71","TRUE","FALSE","FALSE","LAGGING","LAGGARD (Passive)","0.3","0.3","DRY / QUIET","60","40","32.52","24.74","11.87","23.16","208.43","220.9","222.34","76600","258700","628","Supertrend bearish | RSI 32.5 lemah | Volume 0.3x | Lolos anti-crash ADX | RISEN NORMAL DOWNTREND","Full Grid (1-2-3-4)","100000000","270","214","200","182","0.1","0.2","0.3","0.4","370","934","1500","2197","5001","99963000","37000","199.89","199.89","155","442","615","615","42.59","22.46","127.78","207.68","3","9.25"
"SLIS","2026-05-25","2026-05-25","559","FULL","73","2.8169014084507045","AVOID","-","passive","FALSE","","V-SHAPE","2025-11-20","","186d","186","DOWNTREND","BEARISH","BEARISH","BEARISH","STRUCTURE + DISCOUNT","NORMAL DOWNTREND","30.54","TRUE","FALSE","FALSE","LAGGING","LAGGARD (Passive)","0.16","0.16","DRY / QUIET","40","60","37.47","19.33","22.75","24.54","81.17","84.3","81.84","5442400","35098660","628","Supertrend bearish | RSI 37.5 lemah | Volume 0.16x | Lolos anti-crash ADX | RISEN NORMAL DOWNTREND","Full Grid (1-2-3-4)","100000000","83","76","74","71","0.1","0.2","0.3","0.4","1204","2631","4054","5633","13522","99982700","17300","73.94","73.94","67","107","131","131","19.28","9.39","57.83","77.17","3","8.22"
"BIMA","2026-05-25","2026-05-25","559","FULL","82","0","HOLD","-","passive","FALSE","","BETA BREAKOUT","2025-09-29","","238d","238","UPTREND","NEUTRAL","NEUTRAL","BULLISH","UPTREND PREMIUM","SIDEWAYS","0","FALSE","FALSE","FALSE","LEADING","LEADING (Passive)","0","0","NO VOLUME","50","50","60.95","12.02","28.25","35.97","82","81.93","77.98","0","0","624","Supertrend bullish | RSI 61.0 > 50 | Volume NaNx | Lolos anti-crash ADX | RISEN SIDEWAYS","Full Grid (1-2-3-4)","100000000","87","64","58","50","0.1","0.2","0.3","0.4","1149","3125","5172","8000","17446","99993900","6100","57.32","57.32","39","159","232","232","55.17","31.96","166.67","304.77","3.02","9.54"
"BREN","2026-05-25","2026-05-25","559","FULL","2380","-2.857142857142857","AVOID","-","passive","FALSE","","BETA BREAKOUT","2025-11-05","","201d","201","DOWNTREND","BEARISH","BEARISH","BEARISH","DOWNTREND DISCOUNT","NORMAL DOWNTREND","0","FALSE","FALSE","FALSE","LAGGING","LAGGARD (Passive)","2.24","2.24","VOLUME SURGE","34.78","65.22","18.46","49.71","8.2","40.96","3831.16","5080.51","7163.61","98632800","44013540","618","Supertrend bearish | RSI 18.5 lemah | Volume valid 2.24x | Crash filter aktif | RISEN NORMAL DOWNTREND","Full Grid (1-2-3-4)","100000000","9750","8775","8550","8225","0.1","0.2","0.3","0.4","10","22","35","48","115","98460000","1540000","8561.74","8563.96","7700","12825","15900","15900","21.03","10.07","63.08","85.71","3","8.52"
"CCSI","2026-05-25","2026-05-25","559","FULL","258","-1.5267175572519083","HOLD","-","passive","FALSE","","V-SHAPE","2025-11-14","","192d","192","UPTREND","BEARISH","BEARISH","BEARISH","STRUCTURE + DISCOUNT","NORMAL DOWNTREND","25","TRUE","FALSE","FALSE","WEAKENING","WEAKENING (Passive)","0.27","0.27","DRY / QUIET","60","40","47.47","30.13","30.87","12.58","264.04","269.13","306.61","388700","1422815","616","Supertrend bullish | RSI 47.5 lemah | Volume 0.27x | Lolos anti-crash ADX | RISEN NORMAL DOWNTREND","Full Grid (1-2-3-4)","100000000","350","346","344","342","0.1","0.2","0.3","0.4","285","578","872","1169","2904","99950400","49600","344.18","344.18","336","372","410","410","4","2.38","17.14","19.12","4.29","8.04"
"MARI","2026-05-25","2026-05-25","559","FULL","27","3.8461538461538463","HOLD","-","passive","FALSE","","SMART GAMMA","2025-09-22","","245d","245","UPTREND","BEARISH","BEARISH","BEARISH","STRUCTURE + DISCOUNT","NORMAL DOWNTREND","25","TRUE","FALSE","FALSE","LEADING","LEADING (Passive)","0.26","0.26","DRY / QUIET","50","50","41.82","24.43","25.8","43.75","28.15","29.59","33.69","822400","3121920","610","Supertrend bullish | RSI 41.8 lemah | Volume 0.26x | Lolos anti-crash ADX | RISEN NORMAL DOWNTREND","Full Grid (1-2-3-4)","100000000","48","36","33","29","0.1","0.2","0.3","0.4","2083","5555","9090","13793","30521","99993100","6900","32.76","32.76","24","84","120","120","50","26.74","150","266.28","3","9.96"
"GLVA","2026-05-25","2026-05-25","559","FULL","330","1.8518518518518516","AVOID","-","passive","FALSE","","SMART GAMMA","2025-11-10","","196d","196","DOWNTREND","BEARISH","BEARISH","BEARISH","STRUCTURE + DISCOUNT","NORMAL DOWNTREND","80.82","TRUE","FALSE","FALSE","WEAKENING","WEAKENING (Passive)","0.06","0.06","DRY / QUIET","83.33","16.67","43.71","18.05","9.02","17.28","339.67","344.86","356.91","2600","42795","608","Supertrend bearish | RSI 43.7 lemah | Volume 0.06x | Lolos anti-crash ADX | RISEN NORMAL DOWNTREND","Full Grid (1-2-3-4)","100000000","462","388","370","344","0.1","0.2","0.3","0.4","216","515","810","1162","2703","99904000","96000","369.6","369.62","308","695","925","925","33.33","16.67","100.22","150.27","3.01","9.02"
"AVIA","2026-05-25","2026-05-25","559","FULL","340","2.4096385542168677","AVOID","-","passive","FALSE","","BETA BREAKOUT","2025-11-05","","201d","201","DOWNTREND","BEARISH","BEARISH","BEARISH","STRUCTURE + DISCOUNT","NORMAL DOWNTREND","32.99","TRUE","FALSE","FALSE","LAGGING","LAGGARD (Passive)","0.85","0.85","NORMAL","85.71","14.29","30.34","32.54","11.02","31.27","364.38","383.91","420.75","15618900","18407265","598","Supertrend bearish | RSI 30.3 lemah | Volume 0.85x | Crash filter aktif | RISEN NORMAL DOWNTREND","Full Grid (1-2-3-4)","100000000","458","436","430","424","0.1","0.2","0.3","0.4","218","458","697","943","2316","99907400","92600","431.38","431.38","412","525","595","595","10.04","4.49","29.91","37.93","2.98","8.44"
"GLOB","2026-05-25","2026-05-25","559","FULL","155","0","HOLD","-","passive","FALSE","","SMART SNIPER","2025-09-15","Structure + Discount","252d","252","UPTREND","NEUTRAL","NEUTRAL","BULLISH","UPTREND PREMIUM","NORMAL UPTREND","0","FALSE","TRUE","FALSE","LEADING","LEADING (Passive)","0","0","NO VOLUME","50","50","77.8","43.39","61.93","24.45","155","154.72","134.06","0","0","596","Supertrend bullish | RSI 77.8 > 50 | Volume NaNx | Lolos anti-crash ADX | RISEN NORMAL UPTREND","Full Grid (1-2-3-4)","100000000","57","54","53","52","0.1","0.2","0.3","0.4","1754","3703","5660","7692","18809","99990400","9600","53.16","53.16","51","66","104","104","10.53","4.06","82.46","95.63","7.83","23.53"
"ITIC","2026-05-25","2026-05-25","559","FULL","222","-0.8928571428571428","AVOID","-","passive","FALSE","","BETA BREAKOUT","2025-10-30","","207d","207","DOWNTREND","BEARISH","BEARISH","BEARISH","DOWNTREND DISCOUNT","NORMAL DOWNTREND","50.46","TRUE","FALSE","FALSE","LAGGING","LAGGARD (Passive)","0.36","0.36","DRY / QUIET","28.57","71.43","33.01","19.12","19.66","17.59","245.62","264.19","301.26","492400","1373215","586","Supertrend bearish | RSI 33.0 lemah | Volume 0.36x | Lolos anti-crash ADX | RISEN NORMAL DOWNTREND","Full Grid (1-2-3-4)","100000000","474","404","386","362","0.1","0.2","0.3","0.4","210","495","777","1104","2586","99909000","91000","386.35","386.37","324","700","925","925","31.65","16.14","95.15","139.42","3.01","8.64"
"DPNS","2026-05-25","2026-05-25","559","FULL","310","0","AVOID","-","passive","FALSE","","BETA BREAKOUT","2025-09-09","","258d","258","DOWNTREND","NEUTRAL","NEUTRAL","BULLISH","DOWNTREND PREMIUM","SIDEWAYS","0","FALSE","FALSE","FALSE","LEADING","LEADING (Passive)","0","0","NO VOLUME","50","50","54.26","31.12","24.39","12.81","310","309.92","302.1","0","0","584","Supertrend bearish | RSI 54.3 > 50 | Volume NaNx | Lolos anti-crash ADX | RISEN SIDEWAYS","Full Grid (1-2-3-4)","100000000","302","270","262","252","0.1","0.2","0.3","0.4","331","740","1145","1587","3803","99967600","32400","262.87","262.87","234","404","505","505","22.52","10.98","67.22","92.11","2.99","8.39"
"SPTO","2026-05-25","2026-05-25","559","FULL","555","0","AVOID","-","passive","FALSE","","BETA BREAKOUT","2025-08-25","","273d","273","DOWNTREND","BEARISH","BEARISH","BEARISH","STRUCTURE + DISCOUNT","NORMAL DOWNTREND","14.63","TRUE","FALSE","FALSE","LEADING","LEADING (Passive)","1.92","1.92","EXPANSION","100","0","17.77","63.07","2.04","45.3","592.17","617.35","639.16","4181100","2173840","554","Supertrend bearish | RSI 17.8 lemah | Volume valid 1.92x | Crash filter aktif | RISEN NORMAL DOWNTREND","Full Grid (1-2-3-4)","100000000","685","660","655","645","0.1","0.2","0.3","0.4","145","303","458","620","1526","99919500","80500","654.78","654.8","630","770","850","850","8.03","3.78","24.09","29.81","3","7.88"
"PPRI","2026-05-25","2026-05-25","559","FULL","146","2.8169014084507045","AVOID","-","passive","FALSE","","SMART GAMMA","2025-10-10","","227d","227","DOWNTREND","BEARISH","BEARISH","BEARISH","STRUCTURE + DISCOUNT","NORMAL DOWNTREND","57.08","TRUE","FALSE","FALSE","LAGGING","LAGGARD (Passive)","0.42","0.42","DRY / QUIET","33.33","66.67","31.9","18.16","16.44","27.27","171.32","193.19","241.69","1057700","2545455","546","Supertrend bearish | RSI 31.9 lemah | Volume 0.42x | Lolos anti-crash ADX | RISEN NORMAL DOWNTREND","Full Grid (1-2-3-4)","100000000","510","320","276","212","0.1","0.2","0.3","0.4","196","625","1086","1886","3793","99952800","47200","263.52","263.52","121","1095","1675","1675","76.27","54.08","228.43","535.63","2.99","9.9"
"MCAS","2026-05-25","2026-05-25","559","FULL","264","0.7633587786259541","AVOID","-","passive","FALSE","","SMART SNIPER","2025-10-02","Structure + Discount","235d","235","DOWNTREND","BEARISH","BEARISH","BEARISH","STRUCTURE + DISCOUNT","NORMAL DOWNTREND","48.81","TRUE","FALSE","FALSE","LAGGING","LAGGARD (Passive)","0.13","0.13","DRY / QUIET","16.67","83.33","17.95","18.65","19.99","28.21","313.08","368.42","653.92","53900","421025","530","Supertrend bearish | RSI 17.9 lemah | Volume 0.13x | Lolos anti-crash ADX | RISEN NORMAL DOWNTREND","Full Grid (1-2-3-4)","100000000","990","870","840","800","0.1","0.2","0.3","0.4","101","229","357","500","1187","99910000","90000","841.7","841.72","735","1375","1755","1755","25.76","12.68","77.27","108.51","3","8.56"
"MTFN","2026-05-25","2026-05-25","559","FULL","15","7.142857142857142","AVOID","-","passive","FALSE","","SMART GAMMA","2025-09-29","","238d","238","DOWNTREND","BEARISH","BEARISH","BEARISH","DOWNTREND DISCOUNT","NORMAL DOWNTREND","61.15","TRUE","FALSE","FALSE","LAGGING","LAGGARD (Passive)","1.04","1.04","NORMAL","100","0","28.67","34.96","13.43","53.02","19.5","22.1","20.67","69256300","66377495","524","Supertrend bearish | RSI 28.7 lemah | Volume 1.04x | Crash filter aktif | RISEN NORMAL DOWNTREND","Full Grid (1-2-3-4)","100000000","24","18","17","15","0.1","0.2","0.3","0.4","4166","11111","17647","26666","59590","99997100","2900","16.78","16.78","12","42","60","60","50","28.49","150","257.55","3","9.04"
"MKPI","2026-05-25","2026-05-25","559","FULL","21900","0.1142857142857143","AVOID","-","passive","FALSE","","BETA BREAKOUT","2025-08-05","","293d","293","DOWNTREND","BEARISH","BEARISH","BEARISH","DOWNTREND DISCOUNT","NORMAL DOWNTREND","45.35","TRUE","FALSE","FALSE","LEADING","LEADING (Passive)","0.97","0.97","NORMAL","100","0","40.62","72.12","7.22","36.99","22087.51","22582.34","23664.85","40800","41910","514","Supertrend bearish | RSI 40.6 lemah | Volume 0.97x | Crash filter aktif | RISEN NORMAL DOWNTREND","Full Grid (1-2-3-4)","100000000","24500","23150","22825","22350","0.1","0.2","0.3","0.4","4","8","13","17","42","95987500","4012500","22854.17","22851.13","21625","28825","33125","33125","11.73","5.38","35.2","44.94","3","8.36"
"TRGU","2026-05-25","2026-05-25","559","FULL","177","-0.5617977528089888","AVOID","-","passive","FALSE","","BETA BREAKOUT","2025-09-24","","243d","243","DOWNTREND","BEARISH","BEARISH","BEARISH","STRUCTURE + DISCOUNT","SIDEWAYS","36.75","TRUE","FALSE","FALSE","LAGGING","LAGGARD (Passive)","1.83","1.83","EXPANSION","87.5","12.5","40.6","45.32","5.51","26.26","182.32","185.02","187.71","305700","167480","514","Supertrend bearish | RSI 40.6 lemah | Volume valid 1.83x | Crash filter aktif | RISEN SIDEWAYS","Full Grid (1-2-3-4)","100000000","188","177","174","171","0.1","0.2","0.3","0.4","531","1129","1724","2339","5723","99960600","39400","174.66","174.67","165","222","258","258","12.23","5.53","37.23","47.71","3.04","8.62"
"SURI","2026-05-25","2026-05-25","559","FULL","70","0","AVOID","-","passive","FALSE","","BETA BREAKOUT","2025-09-15","","252d","252","DOWNTREND","BEARISH","BEARISH","BEARISH","STRUCTURE + DISCOUNT","NORMAL DOWNTREND","28.65","TRUE","FALSE","FALSE","LAGGING","LAGGARD (Passive)","0.1","0.1","DRY / QUIET","20","80","43.42","45.42","28.53","16.33","75.69","75.69","85.88","5368500","54225150","496","Supertrend bearish | RSI 43.4 lemah | Volume 0.1x | Lolos anti-crash ADX | RISEN NORMAL DOWNTREND","Full Grid (1-2-3-4)","100000000","151","124","117","108","0.1","0.2","0.3","0.4","662","1612","2564","3703","8541","99976200","23800","117.05","117.06","93","238","326","326","38.41","20.55","115.89","178.5","3.02","8.69"
"MKTR","2026-05-25","2026-05-25","559","FULL","125","0","AVOID","-","passive","FALSE","","BETA BREAKOUT","2025-09-02","","265d","265","DOWNTREND","BEARISH","BEARISH","BEARISH","STRUCTURE + DISCOUNT","SIDEWAYS","96.34","TRUE","FALSE","FALSE","LAGGING","LAGGARD (Passive)","0.61","0.61","DRY / QUIET","100","0","41.17","18.76","11.24","14.97","128.82","131.17","133.46","375600","614745","470","Supertrend bearish | RSI 41.2 lemah | Volume 0.61x | Lolos anti-crash ADX | RISEN SIDEWAYS","Full Grid (1-2-3-4)","100000000","145","117","110","101","0.1","0.2","0.3","0.4","689","1709","2727","3960","9085","99978800","21200","110.05","110.05","88","230","316","316","39.31","20.04","117.93","187.15","3","9.34"
"PNSE","2026-05-25","2026-05-25","559","FULL","540","1.8867924528301887","AVOID","-","passive","FALSE","","BETA BREAKOUT","2025-09-02","","265d","265","DOWNTREND","BEARISH","BEARISH","BEARISH","DOWNTREND DISCOUNT","NORMAL DOWNTREND","49.33","TRUE","FALSE","FALSE","LAGGING","LAGGARD (Passive)","0.79","0.79","DRY / QUIET","27.59","72.41","36.08","21.54","19.42","12.3","604.96","637.83","681.87","36100","45595","470","Supertrend bearish | RSI 36.1 lemah | Volume 0.79x | Lolos anti-crash ADX | RISEN NORMAL DOWNTREND","Full Grid (1-2-3-4)","100000000","885","765","735","690","0.1","0.2","0.3","0.4","112","261","408","579","1360","99817500","182500","733.95","734.05","625","1275","1665","1665","29.38","14.84","88.14","126.85","3","8.55"
"PTSN","2026-05-25","2026-05-25","559","FULL","270","0","AVOID","-","passive","FALSE","","G ACC","2025-09-02","","265d","265","DOWNTREND","BEARISH","BEARISH","BEARISH","STRUCTURE + DISCOUNT","NORMAL DOWNTREND","52.13","TRUE","FALSE","FALSE","LAGGING","LAGGARD (Passive)","0.28","0.28","DRY / QUIET","0","100","26.43","19.47","14.31","27.49","295.02","315.05","331.61","210000","745200","470","Supertrend bearish | RSI 26.4 lemah | Volume 0.28x | Lolos anti-crash ADX | RISEN NORMAL DOWNTREND","Full Grid (1-2-3-4)","100000000","442","322","292","252","0.1","0.2","0.3","0.4","226","621","1027","1587","3461","99966200","33800","288.84","288.85","193","815","1190","1190","56.33","33.18","169.23","312","3","9.4"
"WMUU","2026-05-25","2026-05-25","559","FULL","57","-1.7241379310344827","AVOID","-","passive","FALSE","","SMART GAMMA","2025-08-22","","276d","276","DOWNTREND","BEARISH","BEARISH","BULLISH","DEMAND STRUCTURE","NORMAL UPTREND","51.92","TRUE","TRUE","FALSE","LAGGING","LAGGARD (Passive)","0.69","0.69","DRY / QUIET","0","100","38.29","18.39","17.41","22.95","65.39","67.44","52.42","236126300","342449170","448","Supertrend bearish | RSI 38.3 lemah | Volume 0.69x | Lolos anti-crash ADX | RISEN NORMAL UPTREND","Full Grid (1-2-3-4)","100000000","15","12","11","9","0.1","0.2","0.3","0.4","6666","16666","27272","44444","95048","99997000","3000","10.52","10.52","8","26","36","36","46.67","23.96","140","242.18","3","10.11"
"KIAS","2026-05-25","2026-05-25","559","FULL","21","0","HOLD","-","passive","FALSE","","V-SHAPE","2025-07-02","","327d","327","UPTREND","NEUTRAL","NEUTRAL","BULLISH","UPTREND PREMIUM","SIDEWAYS","0","FALSE","FALSE","FALSE","LEADING","LEADING (Passive)","0","0","NO VOLUME","50","50","56.2","14.65","22.46","16.72","21","21","20.76","0","0","446","Supertrend bullish | RSI 56.2 > 50 | Volume NaNx | Lolos anti-crash ADX | RISEN SIDEWAYS","Full Grid (1-2-3-4)","100000000","19","18","18","17","0.1","0.2","0.3","0.4","5263","11111","16666","23529","56569","99997600","2400","17.68","17.68","17","22","25","25","10.53","3.83","31.58","41.43","3","10.82"
"PRIM","2026-05-25","2026-05-25","559","FULL","86","0","HOLD","-","passive","FALSE","","SMART GAMMA","2025-08-21","","277d","277","UPTREND","BULLISH","BULLISH","BULLISH","UPTREND","SIDEWAYS","25","TRUE","FALSE","FALSE","WEAKENING","WEAKENING (Passive)","0.1","0.1","DRY / QUIET","0","100","52.89","43.28","33.16","13.68","84.91","81.56","78.18","10181200","101809185","446","Supertrend bullish | RSI 52.9 > 50 | Volume 0.1x | Lolos anti-crash ADX | RISEN SIDEWAYS","Full Grid (1-2-3-4)","100000000","90","73","68","62","0.1","0.2","0.3","0.4","1111","2739","4411","6451","14712","99984700","15300","67.96","67.96","54","144","198","198","40","20.54","120","191.34","3","9.31"
"SWAT","2026-05-25","2026-05-25","559","FULL","16","0","AVOID","-","passive","FALSE","","EARLY SWEEP","2025-06-10","","349d","349","DOWNTREND","NEUTRAL","NEUTRAL","BEARISH","DOWNTREND PREMIUM","SIDEWAYS","0","FALSE","FALSE","FALSE","LEADING","LEADING (Passive)","0","0","NO VOLUME","50","50","32.31","40.29","22.79","53.54","16","16","17.02","0","0","402","Supertrend bearish | RSI 32.3 lemah | Volume NaNx | Crash filter aktif | RISEN SIDEWAYS","Full Grid (1-2-3-4)","100000000","28","24","22","21","0.1","0.2","0.3","0.4","3571","8333","13636","19047","44587","99995900","4100","22.43","22.43","19","42","55","55","32.14","15.28","96.43","145.24","3","9.5"
"MTMH","2026-05-25","2026-05-25","559","FULL","990","-6.60377358490566","HOLD","-","passive","FALSE","","EARLY SWEEP","2025-06-03","","356d","356","UPTREND","BEARISH","BEARISH","BEARISH","STRUCTURE + DISCOUNT","NORMAL DOWNTREND","53.73","TRUE","FALSE","FALSE","LEADING","LEADING (Passive)","0.18","0.18","DRY / QUIET","60","40","49.2","27.64","28.03","10.62","997.28","1008.39","1055.27","5700","31320","388","Supertrend bullish | RSI 49.2 lemah | Volume 0.18x | Lolos anti-crash ADX | RISEN NORMAL DOWNTREND","Full Grid (1-2-3-4)","100000000","875","855","845","840","0.1","0.2","0.3","0.4","114","233","355","476","1178","99878000","122000","847.86","847.87","825","970","1005","1005","5.71","2.7","14.86","18.53","2.6","6.87"
"NFCX","2026-05-25","2026-05-25","559","FULL","1700","0","AVOID","-","passive","FALSE","","BETA BREAKOUT","2025-07-21","","308d","308","DOWNTREND","BEARISH","BEARISH","BEARISH","DEMAND STRUCTURE","NORMAL DOWNTREND","66.58","TRUE","FALSE","FALSE","LAGGING","LAGGARD (Passive)","0.32","0.32","DRY / QUIET","100","0","35.31","33.43","7.63","36.8","1750.02","1751.57","1719.46","11500","36375","384","Supertrend bearish | RSI 35.3 lemah | Volume 0.32x | Crash filter aktif | RISEN NORMAL DOWNTREND","Full Grid (1-2-3-4)","100000000","1950","1825","1795","1755","0.1","0.2","0.3","0.4","51","109","167","227","554","99652500","347500","1798.78","1798.81","1680","2360","2760","2760","13.85","6.6","41.54","53.44","3","8.09"
"TGRA","2026-05-25","2026-05-25","559","FULL","27","0","AVOID","-","passive","FALSE","","V-SHAPE","2025-05-27","","363d","363","DOWNTREND","NEUTRAL","NEUTRAL","BEARISH","DOWNTREND PREMIUM","SIDEWAYS","0","FALSE","FALSE","FALSE","LEADING","LEADING (Passive)","0","0","NO VOLUME","50","50","28.01","49.1","20.59","60.31","27","27","27.67","0","0","374","Supertrend bearish | RSI 28.0 lemah | Volume NaNx | Crash filter aktif | RISEN SIDEWAYS","Full Grid (1-2-3-4)","100000000","36","34","33","32","0.1","0.2","0.3","0.4","2777","5882","9090","12500","30249","99993000","7000","33.06","33.06","31","50","51","51","13.89","6.22","41.67","54.28","3","8.72"
"TGUK","2026-05-25","2026-05-25","559","FULL","137","0","HOLD","-","passive","FALSE","","G ACC","2025-05-23","","367d","367","UPTREND","NEUTRAL","NEUTRAL","BULLISH","UPTREND PREMIUM","NORMAL UPTREND","0","FALSE","TRUE","FALSE","LEADING","LEADING (Passive)","0","0","NO VOLUME","50","50","81.24","67.69","41.46","7.99","137","137","129.98","0","0","366","Supertrend bullish | RSI 81.2 > 50 | Volume NaNx | Lolos anti-crash ADX | RISEN NORMAL UPTREND","Full Grid (1-2-3-4)","100000000","137","94","83","69","0.1","0.2","0.3","0.4","729","2127","3614","5797","12267","99976600","23400","81.5","81.51","48","270","404","404","64.96","41.1","194.89","395.7","3","9.63"
"PMMP","2026-05-25","2026-05-25","559","FULL","50","0","AVOID","-","passive","FALSE","","SMART SNIPER","2025-05-06","Structure + Discount","384d","384","DOWNTREND","NEUTRAL","NEUTRAL","BEARISH","DEMAND STRUCTURE","SIDEWAYS","0","FALSE","FALSE","FALSE","LEADING","LEADING (Passive)","0","0","NO VOLUME","50","50","31.32","17.15","14.16","20.03","50","50","55.58","0","0","332","Supertrend bearish | RSI 31.3 lemah | Volume NaNx | Lolos anti-crash ADX | RISEN SIDEWAYS","Full Grid (1-2-3-4)","100000000","59","55","53","52","0.1","0.2","0.3","0.4","1694","3636","5660","7692","18682","99989000","11000","53.52","53.52","49","74","89","89","16.95","8.45","50.85","66.29","3","7.85"
"SICO","2026-05-25","2026-05-25","559","FULL","110","0.9174311926605505","AVOID","-","passive","FALSE","","G ACC","2025-06-23","","336d","336","DOWNTREND","BEARISH","BEARISH","BEARISH","DOWNTREND DISCOUNT","NORMAL DOWNTREND","65","TRUE","FALSE","FALSE","LAGGING","LAGGARD (Passive)","0.25","0.25","DRY / QUIET","66.67","33.33","31.56","24.8","19.79","24.83","119.26","124.25","124.23","1785600","7208630","328","Supertrend bearish | RSI 31.6 lemah | Volume 0.25x | Lolos anti-crash ADX | RISEN NORMAL DOWNTREND","Full Grid (1-2-3-4)","100000000","135","112","107","99","0.1","0.2","0.3","0.4","740","1785","2803","4040","9368","99970100","29900","106.71","106.72","88","206","276","276","34.81","17.54","104.44","158.63","3","9.05"
"ALTO","2026-05-25","2026-05-25","559","FULL","18","0","AVOID","-","passive","FALSE","","EARLY SWEEP","2025-04-15","","405d","405","DOWNTREND","NEUTRAL","NEUTRAL","NEUTRAL","DOWNTREND PREMIUM","SIDEWAYS","0","FALSE","FALSE","FALSE","LEADING","LEADING (Passive)","0","0","NO VOLUME","50","50","49.07","10.4","36.3","44.72","18","18","18.02","0","0","290","Supertrend bearish | RSI 49.1 lemah | Volume NaNx | Lolos anti-crash ADX | RISEN SIDEWAYS","Full Grid (1-2-3-4)","100000000","22","19","18","17","0.1","0.2","0.3","0.4","4545","10526","16666","23529","55266","99996500","3500","18.09","18.09","16","31","40","40","27.27","11.57","81.82","121.07","3","10.46"
"PTMR","2026-05-25","2026-05-25","383","FULL","374","0","HOLD","-","passive","FALSE","","SMART SNIPER","2025-04-15","Structure + Discount","405d","405","UPTREND","NEUTRAL","NEUTRAL","BULLISH","UPTREND PREMIUM","NORMAL UPTREND","0","FALSE","TRUE","FALSE","LEADING","LEADING (Passive)","0","0","NO VOLUME","50","50","97.28","97.14","74.14","1.07","374","373.97","348.03","0","0","290","Supertrend bullish | RSI 97.3 > 50 | Volume NaNx | Lolos anti-crash ADX | RISEN NORMAL UPTREND","Full Grid (1-2-3-4)","100000000","132","127","125","123","0.1","0.2","0.3","0.4","757","1574","2400","3252","7983","99981800","18200","125.24","125.24","120","150","168","168","9.09","4.19","27.27","34.14","3","8.15"
"HITS","2026-05-25","2026-05-25","559","FULL","116","0","AVOID","-","passive","FALSE","","SMART SNIPER + V-SHAPE","2025-02-28","Demand Structure","451d","451","DOWNTREND","NEUTRAL","NEUTRAL","BEARISH","DOWNTREND PREMIUM","SIDEWAYS","0","FALSE","FALSE","FALSE","LEADING","LEADING (Passive)","0","0","NO VOLUME","50","50","15.01","55.29","11.87","41.21","116","116","130.78","0","0","198","Supertrend bearish | RSI 15.0 lemah | Volume NaNx | Crash filter aktif | RISEN SIDEWAYS","Full Grid (1-2-3-4)","100000000","364","322","312","298","0.1","0.2","0.3","0.4","274","621","961","1342","3198","99944600","55400","312.52","312.53","276","496","630","630","24.18","11.69","73.08","101.59","3.02","8.69"
"WIKA","2026-05-25","2026-05-25","559","FULL","204","0","AVOID","-","passive","FALSE","","EARLY SWEEP","2025-02-12","","467d","467","DOWNTREND","NEUTRAL","NEUTRAL","BEARISH","DOWNTREND PREMIUM","NORMAL DOWNTREND","0","FALSE","FALSE","FALSE","LEADING","LEADING (Passive)","0","0","NO VOLUME","50","50","39.98","14.93","17.98","24.3","204","204","207.41","0","0","166","Supertrend bearish | RSI 40.0 lemah | Volume NaNx | Lolos anti-crash ADX | RISEN NORMAL DOWNTREND","Full Grid (1-2-3-4)","100000000","250","234","228","224","0.1","0.2","0.3","0.4","400","854","1315","1785","4354","99949600","50400","229.56","229.56","212","380","426","426","15.2","7.65","70.4","85.57","4.63","11.19"
"ZBRA","2026-05-25","2026-05-25","559","FULL","50","0","AVOID","-","passive","FALSE","","EARLY SWEEP","2025-01-31","","479d","479","DOWNTREND","NEUTRAL","NEUTRAL","BEARISH","DOWNTREND PREMIUM","SIDEWAYS","0","FALSE","FALSE","FALSE","LEADING","LEADING (Passive)","0","0","NO VOLUME","50","50","36.27","32.76","27.84","14.1","50","50","56.9","0","0","142","Supertrend bearish | RSI 36.3 lemah | Volume NaNx | Lolos anti-crash ADX | RISEN SIDEWAYS","Full Grid (1-2-3-4)","100000000","71","67","66","65","0.1","0.2","0.3","0.4","1408","2985","4545","6153","15091","99987800","12200","66.26","66.26","61","116","128","128","14.08","7.93","80.28","93.19","5.7","11.75"
"ARMY","2026-05-25","2026-05-25","559","FULL","50","0","HOLD","-","passive","FALSE","","-","","","-","","UPTREND","NEUTRAL","NEUTRAL","NEUTRAL","UPTREND PREMIUM","N/A","0","FALSE","FALSE","FALSE","LEADING","LEADING (Passive)","0","0","NO VOLUME","50","50","100","0","0","0","50","50","50","0","0","100","Supertrend bullish | RSI 100.0 > 50 | Volume NaNx | Lolos anti-crash ADX | RISEN N/A","","","","","","","","","","","","","","","","","","","","","","","","","","","","",""
"BIKA","2026-05-25","2026-05-25","559","FULL","55","0","AVOID","-","passive","FALSE","","-","","","-","","DOWNTREND","NEUTRAL","NEUTRAL","NEUTRAL","DOWNTREND PREMIUM","SIDEWAYS","0","FALSE","FALSE","FALSE","LEADING","LEADING (Passive)","0","0","NO VOLUME","50","50","52.09","7.21","43.08","37.28","55","55","54.98","0","0","100","Supertrend bearish | RSI 52.1 > 50 | Volume NaNx | Lolos anti-crash ADX | RISEN SIDEWAYS","","","","","","","","","","","","","","","","","","","","","","","","","","","","",""
"BOSS","2026-05-25","2026-05-25","559","FULL","50","0","HOLD","-","passive","FALSE","","-","","","-","","UPTREND","NEUTRAL","NEUTRAL","NEUTRAL","UPTREND PREMIUM","N/A","0","FALSE","FALSE","FALSE","LEADING","LEADING (Passive)","0","0","NO VOLUME","50","50","100","0","0","0","50","50","50","0","0","100","Supertrend bullish | RSI 100.0 > 50 | Volume NaNx | Lolos anti-crash ADX | RISEN N/A","","","","","","","","","","","","","","","","","","","","","","","","","","","","",""
"BTEL","2026-05-25","2026-05-25","559","FULL","50","0","HOLD","-","passive","FALSE","","-","","","-","","UPTREND","NEUTRAL","NEUTRAL","NEUTRAL","UPTREND PREMIUM","N/A","0","FALSE","FALSE","FALSE","LEADING","LEADING (Passive)","0","0","NO VOLUME","50","50","100","0","0","0","50","50","50","0","0","100","Supertrend bullish | RSI 100.0 > 50 | Volume NaNx | Lolos anti-crash ADX | RISEN N/A","","","","","","","","","","","","","","","","","","","","","","","","","","","","",""
"CBMF","2026-05-25","2026-05-25","559","FULL","50","0","HOLD","-","passive","FALSE","","-","","","-","","UPTREND","NEUTRAL","NEUTRAL","NEUTRAL","UPTREND PREMIUM","N/A","0","FALSE","FALSE","FALSE","LEADING","LEADING (Passive)","0","0","NO VOLUME","50","50","100","0","0","0","50","50","50","0","0","100","Supertrend bullish | RSI 100.0 > 50 | Volume NaNx | Lolos anti-crash ADX | RISEN N/A","","","","","","","","","","","","","","","","","","","","","","","","","","","","",""
"CNTB","2026-05-25","2026-05-25","559","FULL","250","0","HOLD","-","passive","FALSE","","-","","","-","","UPTREND","NEUTRAL","NEUTRAL","NEUTRAL","UPTREND PREMIUM","N/A","0","FALSE","FALSE","FALSE","LEADING","LEADING (Passive)","0","0","NO VOLUME","50","50","100","0","0","0","250","250","250","0","0","100","Supertrend bullish | RSI 100.0 > 50 | Volume NaNx | Lolos anti-crash ADX | RISEN N/A","","","","","","","","","","","","","","","","","","","","","","","","","","","","",""
"CNTX","2026-05-25","2026-05-25","559","FULL","142","0","HOLD","-","passive","FALSE","","-","","","-","","UPTREND","NEUTRAL","NEUTRAL","NEUTRAL","UPTREND PREMIUM","SIDEWAYS","0","FALSE","FALSE","FALSE","LEADING","LEADING (Passive)","0","0","NO VOLUME","50","50","100","100","100","0","142","142","141.88","0","0","100","Supertrend bullish | RSI 100.0 > 50 | Volume NaNx | Lolos anti-crash ADX | RISEN SIDEWAYS","","","","","","","","","","","","","","","","","","","","","","","","","","","","",""
"COWL","2026-05-25","2026-05-25","559","FULL","50","0","HOLD","-","passive","FALSE","","-","","","-","","UPTREND","NEUTRAL","NEUTRAL","NEUTRAL","UPTREND PREMIUM","N/A","0","FALSE","FALSE","FALSE","LEADING","LEADING (Passive)","0","0","NO VOLUME","50","50","100","0","0","0","50","50","50","0","0","100","Supertrend bullish | RSI 100.0 > 50 | Volume NaNx | Lolos anti-crash ADX | RISEN N/A","","","","","","","","","","","","","","","","","","","","","","","","","","","","",""
"CPRI","2026-05-25","2026-05-25","559","FULL","50","0","HOLD","-","passive","FALSE","","-","","","-","","UPTREND","NEUTRAL","NEUTRAL","NEUTRAL","UPTREND PREMIUM","N/A","0","FALSE","FALSE","FALSE","LEADING","LEADING (Passive)","0","0","NO VOLUME","50","50","100","0","0","0","50","50","50","0","0","100","Supertrend bullish | RSI 100.0 > 50 | Volume NaNx | Lolos anti-crash ADX | RISEN N/A","","","","","","","","","","","","","","","","","","","","","","","","","","","","",""
"DEAL","2026-05-25","2026-05-25","559","FULL","6","0","HOLD","-","passive","FALSE","","-","","","-","","UPTREND","NEUTRAL","NEUTRAL","NEUTRAL","UPTREND PREMIUM","SIDEWAYS","0","FALSE","FALSE","FALSE","LEADING","LEADING (Passive)","0","0","NO VOLUME","50","50","42.75","16.23","31.35","43.5","6","6","6.01","0","0","100","Supertrend bullish | RSI 42.8 lemah | Volume NaNx | Lolos anti-crash ADX | RISEN SIDEWAYS","","","","","","","","","","","","","","","","","","","","","","","","","","","","",""
"DUCK","2026-05-25","2026-05-25","559","FULL","176","0","HOLD","-","passive","FALSE","","-","","","-","","UPTREND","NEUTRAL","NEUTRAL","NEUTRAL","UPTREND PREMIUM","N/A","0","FALSE","FALSE","FALSE","LEADING","LEADING (Passive)","0","0","NO VOLUME","50","50","100","0","0","0","176","176","176","0","0","100","Supertrend bullish | RSI 100.0 > 50 | Volume NaNx | Lolos anti-crash ADX | RISEN N/A","","","","","","","","","","","","","","","","","","","","","","","","","","","","",""
"ENVY","2026-05-25","2026-05-25","559","FULL","50","0","HOLD","-","passive","FALSE","","-","","","-","","UPTREND","NEUTRAL","NEUTRAL","NEUTRAL","UPTREND PREMIUM","N/A","0","FALSE","FALSE","FALSE","LEADING","LEADING (Passive)","0","0","NO VOLUME","50","50","100","0","0","0","50","50","50","0","0","100","Supertrend bullish | RSI 100.0 > 50 | Volume NaNx | Lolos anti-crash ADX | RISEN N/A","","","","","","","","","","","","","","","","","","","","","","","","","","","","",""
"ETWA","2026-05-25","2026-05-25","559","FULL","70","0","AVOID","-","passive","FALSE","","-","","","-","","DOWNTREND","NEUTRAL","NEUTRAL","NEUTRAL","DOWNTREND PREMIUM","SIDEWAYS","0","FALSE","FALSE","FALSE","LEADING","LEADING (Passive)","0","0","NO VOLUME","50","50","24.91","72.6","8.26","52","70","70","70.12","0","0","100","Supertrend bearish | RSI 24.9 lemah | Volume NaNx | Crash filter aktif | RISEN SIDEWAYS","","","","","","","","","","","","","","","","","","","","","","","","","","","","",""
"FASW","2026-05-25","2026-05-25","559","FULL","5275","0","AVOID","-","passive","FALSE","","-","","","-","","DOWNTREND","NEUTRAL","NEUTRAL","BEARISH","DOWNTREND PREMIUM","SIDEWAYS","0","FALSE","FALSE","FALSE","LEADING","LEADING (Passive)","0","0","NO VOLUME","50","50","0.83","97.73","1.13","98.75","5275","5275.02","5294.21","0","0","100","Supertrend bearish | RSI 0.8 lemah | Volume NaNx | Crash filter aktif | RISEN SIDEWAYS","","","","","","","","","","","","","","","","","","","","","","","","","","","","",""
"GAMA","2026-05-25","2026-05-25","559","FULL","18","0","HOLD","-","passive","FALSE","","-","","","-","","UPTREND","NEUTRAL","NEUTRAL","NEUTRAL","UPTREND PREMIUM","N/A","0","FALSE","FALSE","FALSE","LEADING","LEADING (Passive)","0","0","NO VOLUME","50","50","100","0","0","0","18","18","18","0","0","100","Supertrend bullish | RSI 100.0 > 50 | Volume NaNx | Lolos anti-crash ADX | RISEN N/A","","","","","","","","","","","","","","","","","","","","","","","","","","","","",""
"GOLL","2026-05-25","2026-05-25","559","FULL","50","0","HOLD","-","passive","FALSE","","-","","","-","","UPTREND","NEUTRAL","NEUTRAL","NEUTRAL","UPTREND PREMIUM","N/A","0","FALSE","FALSE","FALSE","LEADING","LEADING (Passive)","0","0","NO VOLUME","50","50","100","0","0","0","50","50","50","0","0","100","Supertrend bullish | RSI 100.0 > 50 | Volume NaNx | Lolos anti-crash ADX | RISEN N/A","","","","","","","","","","","","","","","","","","","","","","","","","","","","",""
"GOTOM","2026-05-25","2026-05-25","357","FULL","68","0","HOLD","-","passive","FALSE","","-","","","-","","UPTREND","NEUTRAL","NEUTRAL","NEUTRAL","UPTREND PREMIUM","N/A","0","FALSE","FALSE","FALSE","LEADING","LEADING (Passive)","0","0","NO VOLUME","50","50","100","0","0","0","68","68","68","0","0","100","Supertrend bullish | RSI 100.0 > 50 | Volume NaNx | Lolos anti-crash ADX | RISEN N/A","","","","","","","","","","","","","","","","","","","","","","","","","","","","",""
"HKMU","2026-05-25","2026-05-25","559","FULL","50","0","HOLD","-","passive","FALSE","","-","","","-","","UPTREND","NEUTRAL","NEUTRAL","NEUTRAL","UPTREND PREMIUM","N/A","0","FALSE","FALSE","FALSE","LEADING","LEADING (Passive)","0","0","NO VOLUME","50","50","100","0","0","0","50","50","50","0","0","100","Supertrend bullish | RSI 100.0 > 50 | Volume NaNx | Lolos anti-crash ADX | RISEN N/A","","","","","","","","","","","","","","","","","","","","","","","","","","","","",""
"HOME","2026-05-25","2026-05-25","559","FULL","50","0","HOLD","-","passive","FALSE","","-","","","-","","UPTREND","NEUTRAL","NEUTRAL","NEUTRAL","UPTREND PREMIUM","N/A","0","FALSE","FALSE","FALSE","LEADING","LEADING (Passive)","0","0","NO VOLUME","50","50","100","0","0","0","50","50","50","0","0","100","Supertrend bullish | RSI 100.0 > 50 | Volume NaNx | Lolos anti-crash ADX | RISEN N/A","","","","","","","","","","","","","","","","","","","","","","","","","","","","",""
"HOTL","2026-05-25","2026-05-25","559","FULL","50","0","HOLD","-","passive","FALSE","","-","","","-","","UPTREND","NEUTRAL","NEUTRAL","NEUTRAL","UPTREND PREMIUM","N/A","0","FALSE","FALSE","FALSE","LEADING","LEADING (Passive)","0","0","NO VOLUME","50","50","100","0","0","0","50","50","50","0","0","100","Supertrend bullish | RSI 100.0 > 50 | Volume NaNx | Lolos anti-crash ADX | RISEN N/A","","","","","","","","","","","","","","","","","","","","","","","","","","","","",""
"IIKP","2026-05-25","2026-05-25","559","FULL","50","0","HOLD","-","passive","FALSE","","-","","","-","","UPTREND","NEUTRAL","NEUTRAL","NEUTRAL","UPTREND PREMIUM","N/A","0","FALSE","FALSE","FALSE","LEADING","LEADING (Passive)","0","0","NO VOLUME","50","50","100","0","0","0","50","50","50","0","0","100","Supertrend bullish | RSI 100.0 > 50 | Volume NaNx | Lolos anti-crash ADX | RISEN N/A","","","","","","","","","","","","","","","","","","","","","","","","","","","","",""
"JSKY","2026-05-25","2026-05-25","559","FULL","52","0","HOLD","-","passive","FALSE","","-","","","-","","UPTREND","NEUTRAL","NEUTRAL","NEUTRAL","UPTREND PREMIUM","N/A","0","FALSE","FALSE","FALSE","LEADING","LEADING (Passive)","0","0","NO VOLUME","50","50","100","0","0","0","52","52","52","0","0","100","Supertrend bullish | RSI 100.0 > 50 | Volume NaNx | Lolos anti-crash ADX | RISEN N/A","","","","","","","","","","","","","","","","","","","","","","","","","","","","",""
"KAYU","2026-05-25","2026-05-25","559","FULL","18","0","AVOID","-","passive","FALSE","","-","","","-","","DOWNTREND","NEUTRAL","NEUTRAL","BEARISH","DOWNTREND PREMIUM","NORMAL DOWNTREND","0","FALSE","FALSE","FALSE","LEADING","LEADING (Passive)","0","0","NO VOLUME","50","50","0","100","0","100","18","18","18.32","0","0","100","Supertrend bearish | RSI 0.0 lemah | Volume NaNx | Crash filter aktif | RISEN NORMAL DOWNTREND","","","","","","","","","","","","","","","","","","","","","","","","","","","","",""
"KBRI","2026-05-25","2026-05-25","559","FULL","50","0","HOLD","-","passive","FALSE","","-","","","-","","UPTREND","NEUTRAL","NEUTRAL","NEUTRAL","UPTREND PREMIUM","N/A","0","FALSE","FALSE","FALSE","LEADING","LEADING (Passive)","0","0","NO VOLUME","50","50","100","0","0","0","50","50","50","0","0","100","Supertrend bullish | RSI 100.0 > 50 | Volume NaNx | Lolos anti-crash ADX | RISEN N/A","","","","","","","","","","","","","","","","","","","","","","","","","","","","",""
"LCGP","2026-05-25","2026-05-25","559","FULL","114","0","HOLD","-","passive","FALSE","","-","","","-","","UPTREND","NEUTRAL","NEUTRAL","NEUTRAL","UPTREND PREMIUM","N/A","0","FALSE","FALSE","FALSE","LEADING","LEADING (Passive)","0","0","NO VOLUME","50","50","100","0","0","0","114","114","114","0","0","100","Supertrend bullish | RSI 100.0 > 50 | Volume NaNx | Lolos anti-crash ADX | RISEN N/A","","","","","","","","","","","","","","","","","","","","","","","","","","","","",""
"LMAS","2026-05-25","2026-05-25","559","FULL","50","0","HOLD","-","passive","FALSE","","-","","","-","","UPTREND","NEUTRAL","NEUTRAL","NEUTRAL","UPTREND PREMIUM","N/A","0","FALSE","FALSE","FALSE","LEADING","LEADING (Passive)","0","0","NO VOLUME","50","50","100","0","0","0","50","50","50","0","0","100","Supertrend bullish | RSI 100.0 > 50 | Volume NaNx | Lolos anti-crash ADX | RISEN N/A","","","","","","","","","","","","","","","","","","","","","","","","","","","","",""
"MABA","2026-05-25","2026-05-25","559","FULL","50","0","HOLD","-","passive","FALSE","","-","","","-","","UPTREND","NEUTRAL","NEUTRAL","NEUTRAL","UPTREND PREMIUM","N/A","0","FALSE","FALSE","FALSE","LEADING","LEADING (Passive)","0","0","NO VOLUME","50","50","100","0","0","0","50","50","50","0","0","100","Supertrend bullish | RSI 100.0 > 50 | Volume NaNx | Lolos anti-crash ADX | RISEN N/A","","","","","","","","","","","","","","","","","","","","","","","","","","","","",""
"MAGP","2026-05-25","2026-05-25","559","FULL","50","0","HOLD","-","passive","FALSE","","-","","","-","","UPTREND","NEUTRAL","NEUTRAL","NEUTRAL","UPTREND PREMIUM","N/A","0","FALSE","FALSE","FALSE","LEADING","LEADING (Passive)","0","0","NO VOLUME","50","50","100","0","0","0","50","50","50","0","0","100","Supertrend bullish | RSI 100.0 > 50 | Volume NaNx | Lolos anti-crash ADX | RISEN N/A","","","","","","","","","","","","","","","","","","","","","","","","","","","","",""
"META","2026-05-25","2026-05-25","559","FULL","238","0","HOLD","-","passive","FALSE","","-","","","-","","UPTREND","NEUTRAL","NEUTRAL","NEUTRAL","UPTREND PREMIUM","N/A","0","FALSE","FALSE","FALSE","LEADING","LEADING (Passive)","0","0","NO VOLUME","50","50","100","0","0","0","238","238","238","0","0","100","Supertrend bullish | RSI 100.0 > 50 | Volume NaNx | Lolos anti-crash ADX | RISEN N/A","","","","","","","","","","","","","","","","","","","","","","","","","","","","",""
"MKNT","2026-05-25","2026-05-25","559","FULL","1","0","AVOID","-","passive","FALSE","","-","","","-","","DOWNTREND","NEUTRAL","NEUTRAL","BEARISH","DOWNTREND PREMIUM","SIDEWAYS","0","FALSE","FALSE","FALSE","LEADING","LEADING (Passive)","0","0","NO VOLUME","50","50","44.11","54.76","3.84","13.13","1","1","1.01","0","0","100","Supertrend bearish | RSI 44.1 lemah | Volume NaNx | Crash filter aktif | RISEN SIDEWAYS","","","","","","","","","","","","","","","","","","","","","","","","","","","","",""
"MTRA","2026-05-25","2026-05-25","559","FULL","244","0","HOLD","-","passive","FALSE","","-","","","-","","UPTREND","NEUTRAL","NEUTRAL","NEUTRAL","UPTREND PREMIUM","N/A","0","FALSE","FALSE","FALSE","LEADING","LEADING (Passive)","0","0","NO VOLUME","50","50","100","0","0","0","244","244","244","0","0","100","Supertrend bullish | RSI 100.0 > 50 | Volume NaNx | Lolos anti-crash ADX | RISEN N/A","","","","","","","","","","","","","","","","","","","","","","","","","","","","",""
"NUSA","2026-05-25","2026-05-25","559","FULL","50","0","HOLD","-","passive","FALSE","","-","","","-","","UPTREND","NEUTRAL","NEUTRAL","NEUTRAL","UPTREND PREMIUM","N/A","0","FALSE","FALSE","FALSE","LEADING","LEADING (Passive)","0","0","NO VOLUME","50","50","100","0","0","0","50","50","50","0","0","100","Supertrend bullish | RSI 100.0 > 50 | Volume NaNx | Lolos anti-crash ADX | RISEN N/A","","","","","","","","","","","","","","","","","","","","","","","","","","","","",""
"OCAP","2026-05-25","2026-05-25","559","FULL","159","0","HOLD","-","passive","FALSE","","-","","","-","","UPTREND","NEUTRAL","NEUTRAL","NEUTRAL","UPTREND PREMIUM","N/A","0","FALSE","FALSE","FALSE","LEADING","LEADING (Passive)","0","0","NO VOLUME","50","50","100","0","0","0","159","159","159","0","0","100","Supertrend bullish | RSI 100.0 > 50 | Volume NaNx | Lolos anti-crash ADX | RISEN N/A","","","","","","","","","","","","","","","","","","","","","","","","","","","","",""
"PLAS","2026-05-25","2026-05-25","559","FULL","50","0","HOLD","-","passive","FALSE","","-","","","-","","UPTREND","NEUTRAL","NEUTRAL","NEUTRAL","UPTREND PREMIUM","N/A","0","FALSE","FALSE","FALSE","LEADING","LEADING (Passive)","0","0","NO VOLUME","50","50","100","0","0","0","50","50","50","0","0","100","Supertrend bullish | RSI 100.0 > 50 | Volume NaNx | Lolos anti-crash ADX | RISEN N/A","","","","","","","","","","","","","","","","","","","","","","","","","","","","",""
"PLIN","2026-05-25","2026-05-25","559","FULL","2510","0","AVOID","-","passive","FALSE","","EARLY SWEEP","2025-01-10","","500d","500","DOWNTREND","NEUTRAL","NEUTRAL","NEUTRAL","DEMAND STRUCTURE","SIDEWAYS","0","FALSE","FALSE","FALSE","LEADING","LEADING (Passive)","0","0","NO VOLUME","50","50","47.41","3.51","47.01","50.43","2510","2510","2513.18","0","0","100","Supertrend bearish | RSI 47.4 lemah | Volume NaNx | Lolos anti-crash ADX | RISEN SIDEWAYS","Full Grid (1-2-3-4)","100000000","2850","2680","2630","2570","0.1","0.2","0.3","0.4","35","74","114","155","378","99624000","376000","2635.56","2635.57","2490","3390","3930","3930","12.63","5.52","37.89","49.11","3","8.89"
"POOL","2026-05-25","2026-05-25","559","FULL","50","0","HOLD","-","passive","FALSE","","-","","","-","","UPTREND","NEUTRAL","NEUTRAL","NEUTRAL","UPTREND PREMIUM","N/A","0","FALSE","FALSE","FALSE","LEADING","LEADING (Passive)","0","0","NO VOLUME","50","50","100","0","0","0","50","50","50","0","0","100","Supertrend bullish | RSI 100.0 > 50 | Volume NaNx | Lolos anti-crash ADX | RISEN N/A","","","","","","","","","","","","","","","","","","","","","","","","","","","","",""
"POSA","2026-05-25","2026-05-25","559","FULL","50","0","HOLD","-","passive","FALSE","","-","","","-","","UPTREND","NEUTRAL","NEUTRAL","NEUTRAL","UPTREND PREMIUM","N/A","0","FALSE","FALSE","FALSE","LEADING","LEADING (Passive)","0","0","NO VOLUME","50","50","100","0","0","0","50","50","50","0","0","100","Supertrend bullish | RSI 100.0 > 50 | Volume NaNx | Lolos anti-crash ADX | RISEN N/A","","","","","","","","","","","","","","","","","","","","","","","","","","","","",""
"PURE","2026-05-25","2026-05-25","559","FULL","51","0","HOLD","-","passive","FALSE","","-","","","-","","UPTREND","NEUTRAL","NEUTRAL","NEUTRAL","UPTREND PREMIUM","N/A","0","FALSE","FALSE","FALSE","LEADING","LEADING (Passive)","0","0","NO VOLUME","50","50","100","0","0","0","51","51","51","0","0","100","Supertrend bullish | RSI 100.0 > 50 | Volume NaNx | Lolos anti-crash ADX | RISEN N/A","","","","","","","","","","","","","","","","","","","","","","","","","","","","",""
"RIMO","2026-05-25","2026-05-25","559","FULL","50","0","HOLD","-","passive","FALSE","","-","","","-","","UPTREND","NEUTRAL","NEUTRAL","NEUTRAL","UPTREND PREMIUM","N/A","0","FALSE","FALSE","FALSE","LEADING","LEADING (Passive)","0","0","NO VOLUME","50","50","100","0","0","0","50","50","50","0","0","100","Supertrend bullish | RSI 100.0 > 50 | Volume NaNx | Lolos anti-crash ADX | RISEN N/A","","","","","","","","","","","","","","","","","","","","","","","","","","","","",""
"SBAT","2026-05-25","2026-05-25","559","FULL","1","0","AVOID","-","passive","FALSE","","-","","","-","","DOWNTREND","NEUTRAL","NEUTRAL","BEARISH","DOWNTREND PREMIUM","SIDEWAYS","0","FALSE","FALSE","FALSE","LEADING","LEADING (Passive)","0","0","NO VOLUME","50","50","45.46","99.66","0.03","20.53","1","1","1.03","0","0","100","Supertrend bearish | RSI 45.5 lemah | Volume NaNx | Crash filter aktif | RISEN SIDEWAYS","","","","","","","","","","","","","","","","","","","","","","","","","","","","",""
"SCPI","2026-05-25","2026-05-25","559","FULL","29000","0","HOLD","-","passive","FALSE","","-","","","-","","UPTREND","NEUTRAL","NEUTRAL","NEUTRAL","UPTREND PREMIUM","N/A","0","FALSE","FALSE","FALSE","LEADING","LEADING (Passive)","0","0","NO VOLUME","50","50","100","0","0","0","29000","29000","29000","0","0","100","Supertrend bullish | RSI 100.0 > 50 | Volume NaNx | Lolos anti-crash ADX | RISEN N/A","","","","","","","","","","","","","","","","","","","","","","","","","","","","",""
"SIMA","2026-05-25","2026-05-25","559","FULL","50","0","HOLD","-","passive","FALSE","","-","","","-","","UPTREND","NEUTRAL","NEUTRAL","NEUTRAL","UPTREND PREMIUM","N/A","0","FALSE","FALSE","FALSE","LEADING","LEADING (Passive)","0","0","NO VOLUME","50","50","100","0","0","0","50","50","50","0","0","100","Supertrend bullish | RSI 100.0 > 50 | Volume NaNx | Lolos anti-crash ADX | RISEN N/A","","","","","","","","","","","","","","","","","","","","","","","","","","","","",""
"SKYB","2026-05-25","2026-05-25","559","FULL","51","0","HOLD","-","passive","FALSE","","-","","","-","","UPTREND","NEUTRAL","NEUTRAL","NEUTRAL","UPTREND PREMIUM","N/A","0","FALSE","FALSE","FALSE","LEADING","LEADING (Passive)","0","0","NO VOLUME","50","50","100","0","0","0","51","51","51","0","0","100","Supertrend bullish | RSI 100.0 > 50 | Volume NaNx | Lolos anti-crash ADX | RISEN N/A","","","","","","","","","","","","","","","","","","","","","","","","","","","","",""
"SMRU","2026-05-25","2026-05-25","559","FULL","50","0","HOLD","-","passive","FALSE","","-","","","-","","UPTREND","NEUTRAL","NEUTRAL","NEUTRAL","UPTREND PREMIUM","N/A","0","FALSE","FALSE","FALSE","LEADING","LEADING (Passive)","0","0","NO VOLUME","50","50","100","0","0","0","50","50","50","0","0","100","Supertrend bullish | RSI 100.0 > 50 | Volume NaNx | Lolos anti-crash ADX | RISEN N/A","","","","","","","","","","","","","","","","","","","","","","","","","","","","",""
"SRIL","2026-05-25","2026-05-25","559","FULL","146","0","HOLD","-","passive","FALSE","","-","","","-","","UPTREND","NEUTRAL","NEUTRAL","NEUTRAL","UPTREND PREMIUM","N/A","0","FALSE","FALSE","FALSE","LEADING","LEADING (Passive)","0","0","NO VOLUME","50","50","100","0","0","0","146","146","146","0","0","100","Supertrend bullish | RSI 100.0 > 50 | Volume NaNx | Lolos anti-crash ADX | RISEN N/A","","","","","","","","","","","","","","","","","","","","","","","","","","","","",""
"SUGI","2026-05-25","2026-05-25","559","FULL","50","0","HOLD","-","passive","FALSE","","-","","","-","","UPTREND","NEUTRAL","NEUTRAL","NEUTRAL","UPTREND PREMIUM","N/A","0","FALSE","FALSE","FALSE","LEADING","LEADING (Passive)","0","0","NO VOLUME","50","50","100","0","0","0","50","50","50","0","0","100","Supertrend bullish | RSI 100.0 > 50 | Volume NaNx | Lolos anti-crash ADX | RISEN N/A","","","","","","","","","","","","","","","","","","","","","","","","","","","","",""
"SUPA","2026-05-25","2026-05-25","98","IPO / SHORT","855","1.7857142857142856","AVOID","-","passive","FALSE","","-","","","-","","DOWNTREND","BEARISH","BEARISH","BEARISH","STRUCTURE + DISCOUNT","SIDEWAYS","88.24","TRUE","FALSE","FALSE","LEADING","LEADING (Passive)","0.41","0.41","DRY / QUIET","50","50","48.32","8.86","20.31","16.02","856.85","877.36","870.33","15277100","36979405","100","Supertrend bearish | RSI 48.3 lemah | Volume 0.41x | Lolos anti-crash ADX | RISEN SIDEWAYS","","","","","","","","","","","","","","","","","","","","","","","","","","","","",""
"SUPR","2026-05-25","2026-05-25","559","FULL","43850","0","AVOID","-","passive","FALSE","","-","","","-","","DOWNTREND","NEUTRAL","NEUTRAL","NEUTRAL","DOWNTREND PREMIUM","NORMAL UPTREND","0","FALSE","TRUE","FALSE","LEADING","LEADING (Passive)","0","0","NO VOLUME","50","50","0.19","99.61","0.19","99.8","43850","43850","43793.38","0","0","100","Supertrend bearish | RSI 0.2 lemah | Volume NaNx | Crash filter aktif | RISEN NORMAL UPTREND","","","","","","","","","","","","","","","","","","","","","","","","","","","","",""
"TDPM","2026-05-25","2026-05-25","559","FULL","119","0","HOLD","-","passive","FALSE","","-","","","-","","UPTREND","NEUTRAL","NEUTRAL","NEUTRAL","UPTREND PREMIUM","N/A","0","FALSE","FALSE","FALSE","LEADING","LEADING (Passive)","0","0","NO VOLUME","50","50","100","0","0","0","119","119","119","0","0","100","Supertrend bullish | RSI 100.0 > 50 | Volume NaNx | Lolos anti-crash ADX | RISEN N/A","","","","","","","","","","","","","","","","","","","","","","","","","","","","",""
"TECH","2026-05-25","2026-05-25","559","FULL","50","0","HOLD","-","passive","FALSE","","-","","","-","","UPTREND","NEUTRAL","NEUTRAL","NEUTRAL","UPTREND PREMIUM","N/A","0","FALSE","FALSE","FALSE","LEADING","LEADING (Passive)","0","0","NO VOLUME","50","50","100","0","0","0","50","50","50","0","0","100","Supertrend bullish | RSI 100.0 > 50 | Volume NaNx | Lolos anti-crash ADX | RISEN N/A","","","","","","","","","","","","","","","","","","","","","","","","","","","","",""
"TELE","2026-05-25","2026-05-25","559","FULL","9","0","HOLD","-","passive","FALSE","","-","","","-","","UPTREND","NEUTRAL","NEUTRAL","BEARISH","UPTREND PREMIUM","SIDEWAYS","0","FALSE","FALSE","FALSE","LEADING","LEADING (Passive)","0","0","NO VOLUME","50","50","39.56","3.05","30.29","32.2","9","9","9.27","0","0","100","Supertrend bullish | RSI 39.6 lemah | Volume NaNx | Lolos anti-crash ADX | RISEN SIDEWAYS","","","","","","","","","","","","","","","","","","","","","","","","","","","","",""
"TOPS","2026-05-25","2026-05-25","559","FULL","1","0","AVOID","-","passive","FALSE","","-","","","-","","DOWNTREND","NEUTRAL","NEUTRAL","BEARISH","DOWNTREND PREMIUM","SIDEWAYS","0","FALSE","FALSE","FALSE","LEADING","LEADING (Passive)","0","0","NO VOLUME","50","50","42.95","21.92","11.24","7.2","1","1","1.04","0","0","100","Supertrend bearish | RSI 43.0 lemah | Volume NaNx | Lolos anti-crash ADX | RISEN SIDEWAYS","","","","","","","","","","","","","","","","","","","","","","","","","","","","",""
"TOYS","2026-05-25","2026-05-25","559","FULL","8","0","HOLD","-","passive","FALSE","","-","","","-","","UPTREND","NEUTRAL","NEUTRAL","BEARISH","UPTREND PREMIUM","SIDEWAYS","0","FALSE","FALSE","FALSE","LEADING","LEADING (Passive)","0","0","NO VOLUME","50","50","27.99","55.8","20.78","73.25","8","8","8.35","0","0","100","Supertrend bullish | RSI 28.0 lemah | Volume NaNx | Crash filter aktif | RISEN SIDEWAYS","","","","","","","","","","","","","","","","","","","","","","","","","","","","",""
"TRAM","2026-05-25","2026-05-25","559","FULL","50","0","HOLD","-","passive","FALSE","","-","","","-","","UPTREND","NEUTRAL","NEUTRAL","NEUTRAL","UPTREND PREMIUM","N/A","0","FALSE","FALSE","FALSE","LEADING","LEADING (Passive)","0","0","NO VOLUME","50","50","100","0","0","0","50","50","50","0","0","100","Supertrend bullish | RSI 100.0 > 50 | Volume NaNx | Lolos anti-crash ADX | RISEN N/A","","","","","","","","","","","","","","","","","","","","","","","","","","","","",""
"TRIL","2026-05-25","2026-05-25","559","FULL","50","0","HOLD","-","passive","FALSE","","-","","","-","","UPTREND","NEUTRAL","NEUTRAL","NEUTRAL","UPTREND PREMIUM","N/A","0","FALSE","FALSE","FALSE","LEADING","LEADING (Passive)","0","0","NO VOLUME","50","50","100","0","0","0","50","50","50","0","0","100","Supertrend bullish | RSI 100.0 > 50 | Volume NaNx | Lolos anti-crash ADX | RISEN N/A","","","","","","","","","","","","","","","","","","","","","","","","","","","","",""
"TRIO","2026-05-25","2026-05-25","559","FULL","426","0","HOLD","-","passive","FALSE","","-","","","-","","UPTREND","NEUTRAL","NEUTRAL","NEUTRAL","UPTREND PREMIUM","N/A","0","FALSE","FALSE","FALSE","LEADING","LEADING (Passive)","0","0","NO VOLUME","50","50","100","0","0","0","426","426","426","0","0","100","Supertrend bullish | RSI 100.0 > 50 | Volume NaNx | Lolos anti-crash ADX | RISEN N/A","","","","","","","","","","","","","","","","","","","","","","","","","","","","",""
"UNIT","2026-05-25","2026-05-25","559","FULL","316","0","HOLD","-","passive","FALSE","","-","","","-","","UPTREND","NEUTRAL","NEUTRAL","NEUTRAL","UPTREND PREMIUM","N/A","0","FALSE","FALSE","FALSE","LEADING","LEADING (Passive)","0","0","NO VOLUME","50","50","100","0","0","0","316","316","316","0","0","100","Supertrend bullish | RSI 100.0 > 50 | Volume NaNx | Lolos anti-crash ADX | RISEN N/A","","","","","","","","","","","","","","","","","","","","","","","","","","","","",""
"WICO","2026-05-25","2026-05-25","559","FULL","123","0","AVOID","-","passive","FALSE","","-","","","-","","DOWNTREND","NEUTRAL","NEUTRAL","NEUTRAL","DOWNTREND PREMIUM","NORMAL UPTREND","0","FALSE","TRUE","FALSE","LEADING","LEADING (Passive)","0","0","NO VOLUME","50","50","31.93","36.15","31.93","68.07","123","123","122.99","0","0","100","Supertrend bearish | RSI 31.9 lemah | Volume NaNx | Crash filter aktif | RISEN NORMAL UPTREND","","","","","","","","","","","","","","","","","","","","","","","","","","","","",""
"WSKT","2026-05-25","2026-05-25","559","FULL","202","0","HOLD","-","passive","FALSE","","-","","","-","","UPTREND","NEUTRAL","NEUTRAL","NEUTRAL","UPTREND PREMIUM","N/A","0","FALSE","FALSE","FALSE","LEADING","LEADING (Passive)","0","0","NO VOLUME","50","50","100","0","0","0","202","202","202","0","0","100","Supertrend bullish | RSI 100.0 > 50 | Volume NaNx | Lolos anti-crash ADX | RISEN N/A","","","","","","","","","","","","","","","","","","","","","","","","","","","","",""
"BEBS","2026-05-25","2026-05-25","559","FULL","5","0","AVOID","-","passive","FALSE","","SMART SNIPER","2025-01-09","Structure + Discount","501d","501","DOWNTREND","NEUTRAL","NEUTRAL","BEARISH","DEMAND STRUCTURE","SIDEWAYS","0","FALSE","FALSE","FALSE","LEADING","LEADING (Passive)","0","0","NO VOLUME","50","50","44.12","25.79","12.05","20.43","5","5","5.47","0","0","98","Supertrend bearish | RSI 44.1 lemah | Volume NaNx | Lolos anti-crash ADX | RISEN SIDEWAYS","Full Grid (1-2-3-4)","100000000","6","5","5","4","0.1","0.2","0.3","0.4","16666","40000","60000","100000","216666","99999600","400","4.62","4.62","4","9","10","10","33.33","13.33","66.67","116.67","2","8.75"
"FIMP","2026-05-25","2026-05-25","559","FULL","69","0","AVOID","-","passive","FALSE","","SMART SNIPER","2024-12-27","Demand Structure","514d","514","DOWNTREND","NEUTRAL","NEUTRAL","BEARISH","DEMAND STRUCTURE","NORMAL DOWNTREND","0","FALSE","FALSE","FALSE","LEADING","LEADING (Passive)","0","0","NO VOLUME","50","50","37.98","31.81","32.39","62.62","69","69.01","71.36","0","0","72","Supertrend bearish | RSI 38.0 lemah | Volume NaNx | Crash filter aktif | RISEN NORMAL DOWNTREND","Full Grid (1-2-3-4)","100000000","45","43","43","42","0.1","0.2","0.3","0.4","2222","4651","6976","9523","23372","99991700","8300","42.78","42.78","41","51","55","55","8.89","4.17","22.22","28.56","2.5","6.85"
"LMSH","2026-05-25","2026-05-25","559","FULL","256","0","AVOID","-","passive","FALSE","","EARLY SWEEP","2024-12-11","","530d","530","DOWNTREND","NEUTRAL","NEUTRAL","BEARISH","DOWNTREND PREMIUM","SIDEWAYS","0","FALSE","FALSE","FALSE","LEADING","LEADING (Passive)","0","0","NO VOLUME","50","50","16.1","77.46","7.69","60.56","256","256","262.13","0","0","40","Supertrend bearish | RSI 16.1 lemah | Volume NaNx | Crash filter aktif | RISEN SIDEWAYS","Full Grid (1-2-3-4)","100000000","400","380","374","366","0.1","0.2","0.3","0.4","250","526","802","1092","2670","99950000","50000","374.34","374.34","358","464","525","525","10.5","4.37","31.25","40.25","2.98","9.22"
"MTSM","2026-05-25","2026-05-25","559","FULL","500","0","HOLD","-","passive","FALSE","","BETA BREAKOUT","2024-12-11","","530d","530","UPTREND","NEUTRAL","NEUTRAL","BULLISH","UPTREND PREMIUM","SIDEWAYS","0","FALSE","FALSE","FALSE","LEADING","LEADING (Passive)","0","0","NO VOLUME","50","50","49.97","22.32","29.77","46.88","500","500","490.67","0","0","40","Supertrend bullish | RSI 50.0 lemah | Volume NaNx | Lolos anti-crash ADX | RISEN SIDEWAYS","Full Grid (1-2-3-4)","100000000","715","398","324","218","0.1","0.2","0.3","0.4","139","502","925","1834","3400","99869300","130700","293.73","293.84","71","1680","2650","2650","90.07","75.83","270.63","802.18","3","10.58"
"CHEK","2026-05-25","2026-05-25","210","IPO / SHORT","123","3.361344537815126","AVOID","-","passive","FALSE","","-","","","-","","DOWNTREND","BEARISH","BEARISH","BEARISH","STRUCTURE + DISCOUNT","NORMAL DOWNTREND","25","TRUE","FALSE","FALSE","LAGGING","LAGGARD (Passive)","0.1","0.1","DRY / QUIET","83.33","16.67","36.79","28.43","38.26","19.15","132.34","137.8","157.28","1415100","14530440","0","Supertrend bearish | RSI 36.8 lemah | Volume 0.1x | Lolos anti-crash ADX | RISEN NORMAL DOWNTREND","","","","","","","","","","","","","","","","","","","","","","","","","","","","",""
"PJHB","2026-05-25","2026-05-25","127","IPO / SHORT","199","5.851063829787234","AVOID","-","passive","FALSE","","-","","","-","","DOWNTREND","BEARISH","BEARISH","BEARISH","STRUCTURE + DISCOUNT","NORMAL DOWNTREND","44.46","TRUE","FALSE","FALSE","LAGGING","LAGGARD (Passive)","0.98","0.98","NORMAL","78.57","21.43","39.86","14.41","21.35","27.27","214.42","233.37","331.02","4009000","4110055","0","Supertrend bearish | RSI 39.9 lemah | Volume 0.98x | Lolos anti-crash ADX | RISEN NORMAL DOWNTREND","","","","","","","","","","","","","","","","","","","","","","","","","","","","",""
"RLCO","2026-05-25","2026-05-25","105","IPO / SHORT","2870","-3.040540540540541","AVOID","-","passive","FALSE","","-","","","-","","DOWNTREND","BEARISH","BEARISH","BEARISH","STRUCTURE + DISCOUNT","SIDEWAYS","49.21","TRUE","FALSE","FALSE","LAGGING","LAGGARD (Passive)","0.42","0.42","DRY / QUIET","31.11","68.89","26.58","37.22","9.98","43.48","4305","4955.28","3479.3","622600","1491010","0","Supertrend bearish | RSI 26.6 lemah | Volume 0.42x | Crash filter aktif | RISEN SIDEWAYS","","","","","","","","","","","","","","","","","","","","","","","","","","","","",""
"MYTX","2026-05-25","2026-05-25","559","FULL","42","2.4390243902439024","AVOID","-","passive","FALSE","","BETA BREAKOUT","2025-01-07","","503d","503","DOWNTREND","BEARISH","BEARISH","BEARISH","DOWNTREND DISCOUNT","NORMAL UPTREND","27.39","TRUE","TRUE","FALSE","LAGGING","LAGGARD (Passive)","0.7","0.7","DRY / QUIET","100","0","38.63","20.3","29.8","36.26","52.5","52.4","45.41","204200","290950","-6","Supertrend bearish | RSI 38.6 lemah | Volume 0.7x | Lolos anti-crash ADX | RISEN NORMAL UPTREND","Full Grid (1-2-3-4)","100000000","37","29","26","24","0.1","0.2","0.3","0.4","2702","6896","11538","16666","37802","99993000","7000","26.45","26.45","20","63","88","88","45.95","24.39","137.84","232.68","3","9.54"
"MFMI","2026-05-25","2026-05-25","559","FULL","1300","0","HOLD","-","passive","FALSE","","BETA BREAKOUT","2024-10-25","","577d","577","UPTREND","NEUTRAL","NEUTRAL","BULLISH","UPTREND PREMIUM","SIDEWAYS","0","FALSE","FALSE","FALSE","LEADING","LEADING (Passive)","0","0","NO VOLUME","50","50","85.45","70.31","75.58","13.18","1300","1300","1283.91","0","0","-54","Supertrend bullish | RSI 85.5 > 50 | Volume NaNx | Lolos anti-crash ADX | RISEN SIDEWAYS","Full Grid (1-2-3-4)","100000000","1100","990","965","925","0.1","0.2","0.3","0.4","90","202","310","432","1034","99773000","227000","964.92","965.03","870","1445","1790","1790","20.91","9.84","62.73","85.51","3","8.69"
"ALMI","2026-05-25","2026-05-25","559","FULL","74","0","AVOID","-","passive","FALSE","","SMART SNIPER","2024-10-18","Discount Only","584d","584","DOWNTREND","NEUTRAL","NEUTRAL","BEARISH","DOWNTREND PREMIUM","SIDEWAYS","0","FALSE","FALSE","FALSE","LEADING","LEADING (Passive)","0","0","NO VOLUME","50","50","52.05","13.85","47.25","35.75","74","74","74.55","0","0","-68","Supertrend bearish | RSI 52.0 > 50 | Volume NaNx | Lolos anti-crash ADX | RISEN SIDEWAYS","Full Grid (1-2-3-4)","100000000","75","69","68","66","0.1","0.2","0.3","0.4","1333","2898","4411","6060","14702","99984500","15500","68.01","68.01","62","100","194","194","17.33","8.83","158.67","185.26","9.15","20.97"
"PTDU","2026-05-25","2026-05-25","559","FULL","70","0","AVOID","-","passive","FALSE","","SMART SNIPER","2024-10-18","Discount Only","584d","584","DOWNTREND","NEUTRAL","BEARISH","BULLISH","DOWNTREND DISCOUNT","SIDEWAYS","0","FALSE","FALSE","FALSE","LEADING","LEADING (Passive)","0","0","NO VOLUME","50","50","38.23","26.99","28.49","49.29","70.04","71.47","59.75","0","0","-68","Supertrend bearish | RSI 38.2 lemah | Volume NaNx | Lolos anti-crash ADX | RISEN SIDEWAYS","Full Grid (1-2-3-4)","100000000","22","16","15","13","0.1","0.2","0.3","0.4","4545","12500","20000","30769","67814","99998700","1300","14.75","14.75","10","40","58","58","54.55","32.19","163.64","293.33","3","9.11"
"SMCB","2026-05-25","2026-05-25","559","FULL","775","0","HOLD","-","passive","FALSE","","EARLY SWEEP","2024-10-10","","592d","592","UPTREND","NEUTRAL","NEUTRAL","BEARISH","UPTREND PREMIUM","SIDEWAYS","0","FALSE","FALSE","FALSE","LEADING","LEADING (Passive)","0","0","NO VOLUME","50","50","64.76","30.17","51.18","27.45","775","775","779.71","0","0","-84","Supertrend bullish | RSI 64.8 > 50 | Volume NaNx | Lolos anti-crash ADX | RISEN SIDEWAYS","Full Grid (1-2-3-4)","100000000","1400","1345","1330","1310","0.1","0.2","0.3","0.4","71","148","225","305","749","99726000","274000","1331.46","1331.5","1280","1580","1760","1760","8.57","3.86","25.71","32.19","3","8.33"
"SFAN","2026-05-25","2026-05-25","559","FULL","1955","0","AVOID","-","passive","FALSE","","V-SHAPE","2024-09-04","","628d","628","DOWNTREND","NEUTRAL","BULLISH","BULLISH","DEMAND STRUCTURE","SIDEWAYS","42.61","TRUE","FALSE","FALSE","LEADING","LEADING (Passive)","0.98","0.98","NORMAL","100","0","55.62","27.24","19.61","28.76","1951.47","1941.92","1926.23","51400","52285","-156","Supertrend bearish | RSI 55.6 > 50 | Volume 0.98x | Lolos anti-crash ADX | RISEN SIDEWAYS","Full Grid (1-2-3-4)","100000000","1820","1810","1805","1800","0.1","0.2","0.3","0.4","54","110","166","222","552","99661000","339000","1805.45","1805.48","1795","1860","2050","2050","1.37","0.58","12.64","13.54","9.2","23.4"
"PPRO","2026-05-25","2026-05-25","559","FULL","15","0","AVOID","-","passive","FALSE","","EARLY SWEEP","2024-10-09","","593d","593","DOWNTREND","BEARISH","BEARISH","BEARISH","DOWNTREND DISCOUNT","NORMAL UPTREND","63.57","TRUE","TRUE","FALSE","LAGGING","LAGGARD (Passive)","0.94","0.94","NORMAL","50","50","21.59","49.66","7.45","44.75","19.56","22.62","23.02","42679700","45542895","-186","Supertrend bearish | RSI 21.6 lemah | Volume 0.94x | Crash filter aktif | RISEN NORMAL UPTREND","Full Grid (1-2-3-4)","100000000","12","10","9","8","0.1","0.2","0.3","0.4","8333","20000","33333","50000","111666","99999300","700","8.96","8.96","7","20","27","27","41.67","21.83","125","201.5","3","9.23"
"IPPE","2026-05-25","2026-05-25","559","FULL","14","0","HOLD","-","passive","FALSE","","SMART SNIPER","2024-08-09","Discount Only","654d","654","UPTREND","NEUTRAL","NEUTRAL","BEARISH","UPTREND PREMIUM","SIDEWAYS","0","FALSE","FALSE","FALSE","LEADING","LEADING (Passive)","0","0","NO VOLUME","50","50","59.01","24.17","28.35","17.31","14","14","14.22","0","0","-208","Supertrend bullish | RSI 59.0 > 50 | Volume NaNx | Lolos anti-crash ADX | RISEN SIDEWAYS","Full Grid (1-2-3-4)","100000000","12","11","11","10","0.1","0.2","0.3","0.4","8333","18181","27272","40000","93786","99997900","2100","10.66","10.66","10","15","18","18","16.67","6.21","50","68.82","3","11.08"
"INAF","2026-05-25","2026-05-25","559","FULL","126","0","AVOID","-","passive","FALSE","","EARLY SWEEP","2024-05-22","","733d","733","DOWNTREND","NEUTRAL","NEUTRAL","BEARISH","DOWNTREND PREMIUM","SIDEWAYS","0","FALSE","FALSE","FALSE","LEADING","LEADING (Passive)","0","0","NO VOLUME","50","50","25.91","42.37","27.88","68.88","126","126","128.59","0","0","-366","Supertrend bearish | RSI 25.9 lemah | Volume NaNx | Crash filter aktif | RISEN SIDEWAYS","Full Grid (1-2-3-4)","100000000","436","408","402","392","0.1","0.2","0.3","0.4","229","490","746","1020","2485","99949600","50400","402.21","402.22","376","525","615","615","13.76","6.52","41.06","52.9","2.98","8.12"
"POLL","2026-05-25","2026-05-25","559","FULL","112","0","AVOID","-","passive","FALSE","","EARLY SWEEP","2024-04-19","","766d","766","DOWNTREND","NEUTRAL","NEUTRAL","BEARISH","DEMAND STRUCTURE","SIDEWAYS","0","FALSE","FALSE","FALSE","LEADING","LEADING (Passive)","0","0","NO VOLUME","50","50","41.32","10.98","15.43","19.24","112","112","112.29","0","0","-432","Supertrend bearish | RSI 41.3 lemah | Volume NaNx | Lolos anti-crash ADX | RISEN SIDEWAYS","Full Grid (1-2-3-4)","100000000","148","145","144","143","0.1","0.2","0.3","0.4","675","1379","2083","2797","6934","99977800","22200","144.18","144.19","140","162","178","178","5.41","2.9","20.27","23.45","3.75","8.08"
"ARTI","2026-05-25","2026-05-25","559","FULL","2","0","AVOID","-","passive","FALSE","","EARLY SWEEP","2024-03-13","","803d","803","DOWNTREND","NEUTRAL","NEUTRAL","BEARISH","DEMAND STRUCTURE","SIDEWAYS","0","FALSE","FALSE","FALSE","LEADING","LEADING (Passive)","0","0","NO VOLUME","50","50","39.83","94.97","1.35","52.41","2","2","2.02","0","0","-506","Supertrend bearish | RSI 39.8 lemah | Volume NaNx | Crash filter aktif | RISEN SIDEWAYS","Full Grid (1-2-3-4)","100000000","5","5","4","4","0.1","0.2","0.3","0.4","20000","40000","75000","100000","235000","100000000","0","4.26","4.26","4","7","8","8","20","6","60","88","3","14.67"